Hour,Date,True_Price,Forecast_Price,PSO_Action,PSO_SOC,PSO_Instant_Profit,PSO_Cumulative_Profit,PPO_Action,PPO_SOC,PPO_Instant_Profit,PPO_Cumulative_Profit
0,2024-01-01,107.09,108.74634021123656,-2.0,0.09999999999999998,162.7768,162.7768,-2.0,0.09999999999999998,162.7768,162.7768
1,2024-01-01,104.0,111.42430138172853,-1.0866504151875467,0.09999999999999998,-0.0,162.7768,-2.0,0.09999999999999998,-0.0,162.7768
2,2024-01-01,100.0,101.82960750597059,-2.0,0.09999999999999998,-0.0,162.7768,-1.6,0.09999999999999998,-0.0,162.7768
3,2024-01-01,85.66,89.16704938463432,-1.0397097562622533,0.09999999999999998,-0.0,162.7768,1.6,0.48,-137.056,25.720799999999997
4,2024-01-01,85.0,86.41031891136143,2.0,0.575,-170.0,-7.223199999999991,1.2000000000000002,0.765,-102.00000000000001,-76.27920000000002
5,2024-01-01,85.53,85.31809596909967,2.0,0.9,-117.04105263157896,-124.26425263157896,1.2000000000000002,0.9,-48.61705263157896,-124.89625263157897
6,2024-01-01,95.07,91.65790999727855,2.0,0.9,-0.0,-124.26425263157896,1.2000000000000002,0.9,-0.0,-124.89625263157897
7,2024-01-01,104.07,111.17143188763471,2.0,0.9,-0.0,-124.26425263157896,1.2000000000000002,0.9,-0.0,-124.89625263157897
8,2024-01-01,106.95,113.75724568455237,-2.0,0.37368421052631584,213.9,89.63574736842105,-2.0,0.37368421052631584,213.9,89.00374736842103
9,2024-01-01,107.08,114.09325777993487,-2.0,0.09999999999999998,111.36320000000002,200.99894736842106,-2.0,0.09999999999999998,111.36320000000002,200.36694736842105
10,2024-01-01,104.0,96.00944881437816,2.0,0.575,-208.0,-7.001052631578943,-2.0,0.09999999999999998,-0.0,200.36694736842105
11,2024-01-01,98.13,102.26116999764815,-0.007239282322218651,0.575,-0.0,-7.001052631578943,-1.6,0.09999999999999998,-0.0,200.36694736842105
12,2024-01-01,101.55,93.77927371096048,2.0,0.9,-138.96315789473687,-145.9642105263158,-1.6,0.09999999999999998,-0.0,200.36694736842105
13,2024-01-01,98.16,98.29933362903814,2.0,0.9,-0.0,-145.9642105263158,-1.6,0.09999999999999998,-0.0,200.36694736842105
14,2024-01-01,98.17,92.13653416041566,1.2006849920612868,0.9,-0.0,-145.9642105263158,1.6,0.48,-157.072,43.29494736842105
15,2024-01-01,105.54,98.50532214265932,0.5923513805975039,0.9,-0.0,-145.9642105263158,1.2000000000000002,0.765,-126.64800000000002,-83.35305263157898
16,2024-01-01,110.0,114.42750224712366,2.0,0.9,-0.0,-145.9642105263158,1.2000000000000002,0.9,-62.52631578947369,-145.87936842105267
17,2024-01-01,120.04,125.8436409189109,2.0,0.9,-0.0,-145.9642105263158,1.2000000000000002,0.9,-0.0,-145.87936842105267
18,2024-01-01,131.5,123.08217627375353,-1.200000008618079,0.5842105240478739,157.8000011332774,11.83579060696158,-2.0,0.37368421052631584,263.0,117.12063157894733
19,2024-01-01,132.0,134.1437617133323,-2.0,0.09999999999999998,242.87999886241354,254.71578946937512,-2.0,0.09999999999999998,137.28000000000003,254.40063157894735
20,2024-01-01,127.75,131.5061667639164,-1.9999993298736032,0.09999999999999998,-0.0,254.71578946937512,-2.0,0.09999999999999998,-0.0,254.40063157894735
21,2024-01-01,113.48,106.16938210108599,2.0,0.575,-226.96,27.755789469375117,-2.0,0.09999999999999998,-0.0,254.40063157894735
22,2024-01-01,109.18,102.21113822816886,-2.0,0.09999999999999992,197.06990000000002,224.82568946937513,-2.0,0.09999999999999998,-0.0,254.40063157894735
23,2024-01-01,107.2,115.3644813303272,-1.4730050446740794,0.09999999999999992,-0.0,224.82568946937513,-2.0,0.09999999999999998,-0.0,254.40063157894735
24,2024-01-02,105.49,112.39824667458561,-0.9846919446580864,0.09999999999999992,-0.0,224.82568946937513,-2.0,0.09999999999999998,-0.0,254.40063157894735
25,2024-01-02,90.09,90.98457196168977,-2.0,0.09999999999999992,-0.0,224.82568946937513,-1.6,0.09999999999999998,-0.0,254.40063157894735
26,2024-01-02,84.27,80.57978391320903,2.0,0.575,-168.54,56.28568946937514,1.6,0.48,-134.832,119.56863157894736
27,2024-01-02,84.27,90.7890285094151,-0.5999999285411143,0.4171052819628646,50.5619939781597,106.84768344753485,1.2000000000000002,0.765,-101.12400000000001,18.44463157894735
28,2024-01-02,84.27,88.64740751892522,2.0,0.8921052819628645,-168.54,-61.692316552465144,1.2000000000000002,0.9,-47.900842105263166,-29.456210526315814
29,2024-01-02,100.0,99.84609456950871,2.0,0.9,-3.3240918051096773,-65.01640835757482,1.2000000000000002,0.9,-0.0,-29.456210526315814
30,2024-01-02,108.28,109.68021282457896,2.0,0.9,-0.0,-65.01640835757482,1.2000000000000002,0.9,-0.0,-29.456210526315814
31,2024-01-02,113.85,112.45435886039597,1.688202679324864,0.9,-0.0,-65.01640835757482,1.2000000000000002,0.9,-0.0,-29.456210526315814
32,2024-01-02,126.9,121.49649379622713,-2.0,0.37368421052631584,253.8,188.7835916424252,-2.0,0.37368421052631584,253.8,224.34378947368418
33,2024-01-02,119.5,115.37255749779379,-1.3861096414226115,0.09999999999999998,124.28000000000003,313.0635916424252,-2.0,0.09999999999999998,124.28000000000003,348.6237894736842
34,2024-01-02,110.6,116.1038889802561,-2.0,0.09999999999999998,-0.0,313.0635916424252,-2.0,0.09999999999999998,-0.0,348.6237894736842
35,2024-01-02,108.28,99.66506538295555,2.0,0.575,-216.56,96.50359164242519,-2.0,0.09999999999999998,-0.0,348.6237894736842
36,2024-01-02,105.88,98.84588637284651,2.0,0.9,-144.8884210526316,-48.38482941020641,-1.6,0.09999999999999998,-0.0,348.6237894736842
37,2024-01-02,100.15,93.65528550623318,2.0,0.9,-0.0,-48.38482941020641,-1.6,0.09999999999999998,-0.0,348.6237894736842
38,2024-01-02,108.28,104.63901831286378,0.016600924017017814,0.9,-0.0,-48.38482941020641,-1.6,0.09999999999999998,-0.0,348.6237894736842
39,2024-01-02,110.0,110.13965854338326,2.0,0.9,-0.0,-48.38482941020641,-1.6,0.09999999999999998,-0.0,348.6237894736842
40,2024-01-02,112.8,118.5792645708132,2.0,0.9,-0.0,-48.38482941020641,-1.6,0.09999999999999998,-0.0,348.6237894736842
41,2024-01-02,129.99,124.20494005121003,-2.0,0.37368421052631584,259.98,211.5951705897936,-2.0,0.09999999999999998,-0.0,348.6237894736842
42,2024-01-02,130.0,140.00228586158332,-2.0,0.09999999999999998,135.20000000000005,346.79517058979366,-1.6,0.09999999999999998,-0.0,348.6237894736842
43,2024-01-02,124.29,122.24429809404018,-2.0,0.09999999999999998,-0.0,346.79517058979366,-1.6,0.09999999999999998,-0.0,348.6237894736842
44,2024-01-02,111.26,117.00005597319911,-1.7381884350867152,0.09999999999999998,-0.0,346.79517058979366,-2.0,0.09999999999999998,-0.0,348.6237894736842
45,2024-01-02,108.28,108.56566294081625,-1.4994638523536665,0.09999999999999998,-0.0,346.79517058979366,-2.0,0.09999999999999998,-0.0,348.6237894736842
46,2024-01-02,106.0,101.69228974968536,-1.4334075168253235,0.09999999999999998,-0.0,346.79517058979366,-2.0,0.09999999999999998,-0.0,348.6237894736842
47,2024-01-02,92.41,92.03800955043775,-0.17315597946744404,0.09999999999999998,-0.0,346.79517058979366,-2.0,0.09999999999999998,-0.0,348.6237894736842
48,2024-01-03,82.5,86.73035799064667,-2.0,0.09999999999999998,-0.0,346.79517058979366,-2.0,0.09999999999999998,-0.0,348.6237894736842
49,2024-01-03,70.1,71.84525159623286,-0.9135104432672556,0.09999999999999998,-0.0,346.79517058979366,-2.0,0.09999999999999998,-0.0,348.6237894736842
50,2024-01-03,50.21346,49.827696810788964,-2.0,0.09999999999999998,-0.0,346.79517058979366,1.2000000000000002,0.385,-60.25615200000001,288.3676374736842
51,2024-01-03,40.0,37.73930003017362,2.0,0.575,-80.0,266.79517058979366,1.2000000000000002,0.67,-48.00000000000001,240.36763747368423
52,2024-01-03,50.0,51.74873084434417,2.0,0.9,-68.42105263157896,198.3741179582147,1.2000000000000002,0.9,-48.421052631578945,191.94658484210527
53,2024-01-03,75.0,71.1729342556573,2.0,0.9,-0.0,198.3741179582147,1.2000000000000002,0.9,-0.0,191.94658484210527
54,2024-01-03,95.46,99.61938187930447,2.0,0.9,-0.0,198.3741179582147,1.2000000000000002,0.9,-0.0,191.94658484210527
55,2024-01-03,108.28,100.05817445596149,2.0,0.9,-0.0,198.3741179582147,1.2000000000000002,0.9,-0.0,191.94658484210527
56,2024-01-03,114.99561,117.08440600424971,-1.2001525590080158,0.584170379208417,138.01227561618776,336.38639357440246,-2.0,0.37368421052631584,229.99122,421.93780484210527
57,2024-01-03,113.34489,105.67401812866323,-1.833574635427265,0.10165073830650506,207.82631535929346,544.2127089336959,-2.0,0.09999999999999998,117.87868560000004,539.8164904421053
58,2024-01-03,107.85233,112.20163228548029,-2.0,0.10165073830650506,-0.0,544.2127089336959,-2.0,0.09999999999999998,-0.0,539.8164904421053
59,2024-01-03,105.0,102.7646244493597,-2.0,0.10165073830650506,-0.0,544.2127089336959,-1.6,0.09999999999999998,-0.0,539.8164904421053
60,2024-01-03,92.04644,95.32653137012501,1.3614705762038548,0.42500000015492057,-125.31851970431356,418.8941892293824,-1.6,0.09999999999999998,-0.0,539.8164904421053
61,2024-01-03,91.59366,91.72129905014599,2.0,0.9,-183.18731994025373,235.70686928912866,-1.6,0.09999999999999998,-0.0,539.8164904421053
62,2024-01-03,97.50897,95.47107198546883,2.0,0.9,-0.0,235.70686928912866,-1.6,0.09999999999999998,-0.0,539.8164904421053
63,2024-01-03,106.02775,100.58972139632267,1.9834643309349236,0.9,-0.0,235.70686928912866,-1.6,0.09999999999999998,-0.0,539.8164904421053
64,2024-01-03,109.7411,117.59565081756445,-2.0,0.37368421052631584,219.4822,455.18906928912867,-1.6,0.09999999999999998,-0.0,539.8164904421053
65,2024-01-03,115.81,124.42426799163913,-2.0,0.09999999999999998,120.44240000000003,575.6314692891287,-1.6,0.09999999999999998,-0.0,539.8164904421053
66,2024-01-03,115.81,124.22530258926078,-2.0,0.09999999999999998,-0.0,575.6314692891287,-1.6,0.09999999999999998,-0.0,539.8164904421053
67,2024-01-03,115.81,116.09414524447445,-0.9008303223008001,0.09999999999999998,-0.0,575.6314692891287,-2.0,0.09999999999999998,-0.0,539.8164904421053
68,2024-01-03,109.0,107.78381861586843,-2.0,0.09999999999999998,-0.0,575.6314692891287,-2.0,0.09999999999999998,-0.0,539.8164904421053
69,2024-01-03,106.0,109.45418795909195,-1.9995312573111872,0.09999999999999998,-0.0,575.6314692891287,-2.0,0.09999999999999998,-0.0,539.8164904421053
70,2024-01-03,101.46,98.06426501975874,-2.0,0.09999999999999998,-0.0,575.6314692891287,-2.0,0.09999999999999998,-0.0,539.8164904421053
71,2024-01-03,82.59,76.63026718105722,-2.0,0.09999999999999998,-0.0,575.6314692891287,-2.0,0.09999999999999998,-0.0,539.8164904421053
72,2024-01-04,74.19,71.41175351247264,-0.9837045726315408,0.09999999999999998,-0.0,575.6314692891287,-2.0,0.09999999999999998,-0.0,539.8164904421053
73,2024-01-04,65.0,62.383796511593616,-2.0,0.09999999999999998,-0.0,575.6314692891287,-1.6,0.09999999999999998,-0.0,539.8164904421053
74,2024-01-04,40.0,41.83130640305839,1.368421054045827,0.42500000033588387,-54.73684216183308,520.8946271272956,1.2000000000000002,0.385,-48.00000000000001,491.8164904421053
75,2024-01-04,35.19694,37.960733053494884,2.0,0.9,-70.39387995022281,450.5007471770728,1.2000000000000002,0.67,-42.236328,449.5801624421053
76,2024-01-04,49.39,47.15704972913798,1.499916228639518,0.9,-0.0,450.5007471770728,1.2000000000000002,0.9,-47.83031578947369,401.7498466526316
77,2024-01-04,70.1,64.8942637003459,2.0,0.9,-0.0,450.5007471770728,1.2000000000000002,0.9,-0.0,401.7498466526316
78,2024-01-04,97.61,102.6530035588316,1.8538773146738319,0.9,-0.0,450.5007471770728,1.2000000000000002,0.9,-0.0,401.7498466526316
79,2024-01-04,106.51,104.26372060410411,2.0,0.9,-0.0,450.5007471770728,-2.0,0.37368421052631584,213.02,614.7698466526316
80,2024-01-04,109.49416,109.01159139036801,-2.0,0.37368421052631584,218.98832,669.4890671770728,-2.0,0.09999999999999998,113.87392640000002,728.6437730526316
81,2024-01-04,107.23976,100.18752336587804,-2.0,0.09999999999999998,111.52935040000003,781.0184175770728,-2.0,0.09999999999999998,-0.0,728.6437730526316
82,2024-01-04,94.35704,92.90878793419459,-2.0,0.09999999999999998,-0.0,781.0184175770728,-2.0,0.09999999999999998,-0.0,728.6437730526316
83,2024-01-04,87.10039,92.12391065622964,-2.0,0.09999999999999998,-0.0,781.0184175770728,-1.6,0.09999999999999998,-0.0,728.6437730526316
84,2024-01-04,83.81886,77.44111306363696,2.0,0.575,-167.63772,613.3806975770729,-1.6,0.09999999999999998,-0.0,728.6437730526316
85,2024-01-04,85.96413,88.33521928299336,2.0,0.9,-117.63512526315792,495.7455723139149,-1.6,0.09999999999999998,-0.0,728.6437730526316
86,2024-01-04,92.11054,95.19715948958913,2.0,0.9,-0.0,495.7455723139149,-1.6,0.09999999999999998,-0.0,728.6437730526316
87,2024-01-04,103.34,96.6526448480856,0.4211138243562739,0.9,-0.0,495.7455723139149,-1.6,0.09999999999999998,-0.0,728.6437730526316
88,2024-01-04,110.02,107.53196573593331,0.8960073407739846,0.9,-0.0,495.7455723139149,-1.6,0.09999999999999998,-0.0,728.6437730526316
89,2024-01-04,116.87,119.56685148270799,2.0,0.9,-0.0,495.7455723139149,-1.6,0.09999999999999998,-0.0,728.6437730526316
90,2024-01-04,118.1,126.70489107383662,-2.0,0.37368421052631584,236.2,731.9455723139149,-1.6,0.09999999999999998,-0.0,728.6437730526316
91,2024-01-04,118.1,124.36612462293019,-2.0,0.09999999999999998,122.82400000000003,854.769572313915,-2.0,0.09999999999999998,-0.0,728.6437730526316
92,2024-01-04,112.99,116.60590270424265,-2.0,0.09999999999999998,-0.0,854.769572313915,-1.6,0.09999999999999998,-0.0,728.6437730526316
93,2024-01-04,107.05,99.0756377725915,2.0,0.575,-214.1,640.669572313915,-1.6,0.09999999999999998,-0.0,728.6437730526316
94,2024-01-04,105.59,98.43974590239411,-2.0,0.09999999999999992,190.58995,831.2595223139149,-2.0,0.09999999999999998,-0.0,728.6437730526316
95,2024-01-04,97.98,91.27525432179773,-2.0,0.09999999999999992,-0.0,831.2595223139149,-2.0,0.09999999999999998,-0.0,728.6437730526316
96,2024-01-05,86.07515,84.68979362824948,-2.0,0.09999999999999992,-0.0,831.2595223139149,-2.0,0.09999999999999998,-0.0,728.6437730526316
97,2024-01-05,88.96,94.52220905087604,-1.2524800131587133,0.09999999999999992,-0.0,831.2595223139149,-2.0,0.09999999999999998,-0.0,728.6437730526316
98,2024-01-05,78.5,82.15535929721813,-2.0,0.09999999999999992,-0.0,831.2595223139149,-1.6,0.09999999999999998,-0.0,728.6437730526316
99,2024-01-05,78.5,77.77917869313583,-2.0,0.09999999999999992,-0.0,831.2595223139149,1.6,0.48,-125.60000000000001,603.0437730526315
100,2024-01-05,79.39,85.1172419165669,1.3684210526349636,0.4250000000008038,-108.63894736868976,722.6205749452251,1.2000000000000002,0.765,-95.26800000000001,507.7757730526315
101,2024-01-05,79.6,73.72427709273754,2.0,0.9,-159.1999999997306,563.4205749454945,1.2000000000000002,0.9,-45.24631578947369,462.52945726315784
102,2024-01-05,103.46,102.00855640269067,0.9898569935274177,0.9,-0.0,563.4205749454945,1.2000000000000002,0.9,-0.0,462.52945726315784
103,2024-01-05,111.19,103.67254094104456,1.1359765083231834,0.9,-0.0,563.4205749454945,1.2000000000000002,0.9,-0.0,462.52945726315784
104,2024-01-05,115.0,113.0816447545339,1.9999715108566012,0.9,-0.0,563.4205749454945,1.2000000000000002,0.9,-0.0,462.52945726315784
105,2024-01-05,120.4,116.0176433234949,0.5781787170363868,0.9,-0.0,563.4205749454945,1.2000000000000002,0.9,-0.0,462.52945726315784
106,2024-01-05,114.72,111.81226925232936,2.0,0.9,-0.0,563.4205749454945,1.2000000000000002,0.9,-0.0,462.52945726315784
107,2024-01-05,112.68327,103.9556441159551,1.216280078833207,0.9,-0.0,563.4205749454945,1.2000000000000002,0.9,-0.0,462.52945726315784
108,2024-01-05,112.30081,114.99064932937831,-2.0,0.37368421052631584,224.60162,788.0221949454946,1.2000000000000002,0.9,-0.0,462.52945726315784
109,2024-01-05,110.68838,104.18859826059303,2.0,0.8486842105263158,-221.37676,566.6454349454946,1.2000000000000002,0.9,-0.0,462.52945726315784
110,2024-01-05,111.85887,120.54690437239572,-2.0,0.32236842105263164,223.71774,790.3631749454946,1.2000000000000002,0.9,-0.0,462.52945726315784
111,2024-01-05,112.01889,108.28918552035991,2.0,0.7973684210526316,-224.03778,566.3253949454946,1.2000000000000002,0.9,-0.0,462.52945726315784
112,2024-01-05,113.85,114.0784322290374,-0.7894736842105267,0.5896121883656509,89.88157894736845,656.2069738928631,1.2000000000000002,0.9,-0.0,462.52945726315784
113,2024-01-05,120.0,116.64832297843319,0.0437381542310391,0.5999999999955227,-5.248578507724692,650.9583953851384,-2.0,0.37368421052631584,240.0,702.5294572631578
114,2024-01-05,119.66,127.30214746721629,-2.0,0.09999999999999998,227.3539999979641,878.3123953831025,-2.0,0.09999999999999998,124.44640000000003,826.9758572631579
115,2024-01-05,115.81,107.92781869812228,-2.0,0.09999999999999998,-0.0,878.3123953831025,-2.0,0.09999999999999998,-0.0,826.9758572631579
116,2024-01-05,111.0,103.55718670217752,2.0,0.575,-222.0,656.3123953831025,-2.0,0.09999999999999998,-0.0,826.9758572631579
117,2024-01-05,110.0,111.47194042871503,-2.0,0.09999999999999992,198.54999999999998,854.8623953831025,-2.0,0.09999999999999998,-0.0,826.9758572631579
118,2024-01-05,104.84,98.62508348203804,-1.7565190395131078,0.09999999999999992,-0.0,854.8623953831025,-1.6,0.09999999999999998,-0.0,826.9758572631579
119,2024-01-05,86.8,86.3162407455829,2.0,0.575,-173.6,681.2623953831024,-1.6,0.09999999999999998,-0.0,826.9758572631579
120,2024-01-06,97.5,93.7793642558554,-0.005294182057399111,0.575,-0.0,681.2623953831024,-1.6,0.09999999999999998,-0.0,826.9758572631579
121,2024-01-06,97.67,95.48273943700879,-2.0,0.09999999999999992,176.29435,857.5567453831025,-1.6,0.09999999999999998,-0.0,826.9758572631579
122,2024-01-06,93.0,100.04213857952692,-2.0,0.09999999999999992,-0.0,857.5567453831025,-2.0,0.09999999999999998,-0.0,826.9758572631579
123,2024-01-06,93.0,98.4371667274142,-1.161662533309293,0.09999999999999992,-0.0,857.5567453831025,-1.6,0.09999999999999998,-0.0,826.9758572631579
124,2024-01-06,89.7,88.14121199848346,1.3684210539142114,0.42500000030462515,-122.74736853610477,734.8093768469977,-1.6,0.09999999999999998,-0.0,826.9758572631579
125,2024-01-06,89.47,89.21501311905973,-0.0009466255038337035,0.42500000030462515,-0.0,734.8093768469977,-1.6,0.09999999999999998,-0.0,826.9758572631579
126,2024-01-06,91.96,92.31181030907209,2.0,0.9,-183.91999988204915,550.8893769649485,-1.6,0.09999999999999998,-0.0,826.9758572631579
127,2024-01-06,96.75,89.64934966540076,0.30907933802418863,0.9,-0.0,550.8893769649485,1.6,0.48,-154.8,672.1758572631579
128,2024-01-06,94.66,95.1776335012525,2.0,0.9,-0.0,550.8893769649485,1.6,0.86,-151.456,520.7198572631579
129,2024-01-06,100.5,97.10363413888386,2.0,0.9,-0.0,550.8893769649485,1.2000000000000002,0.9,-16.9263157894737,503.79354147368423
130,2024-01-06,103.46,103.49952091688971,0.1034227657961935,0.9,-0.0,550.8893769649485,-2.0,0.37368421052631584,206.92,710.7135414736842
131,2024-01-06,103.0,102.65129973827386,2.0,0.9,-0.0,550.8893769649485,-2.0,0.09999999999999998,107.12000000000003,817.8335414736842
132,2024-01-06,103.46,111.08823691217054,-2.0,0.37368421052631584,206.92,757.8093769649485,-1.6,0.09999999999999998,-0.0,817.8335414736842
133,2024-01-06,100.5,106.52920768185318,-2.0,0.09999999999999998,104.52000000000002,862.3293769649484,-1.6,0.09999999999999998,-0.0,817.8335414736842
134,2024-01-06,100.25,102.18669189177444,-2.0,0.09999999999999998,-0.0,862.3293769649484,-1.6,0.09999999999999998,-0.0,817.8335414736842
135,2024-01-06,103.0,96.33173539356156,2.0,0.575,-206.0,656.3293769649484,1.6,0.48,-164.8,653.0335414736842
136,2024-01-06,103.0,97.68985837762612,2.0,0.9,-140.94736842105266,515.3820085438958,1.6,0.86,-164.8,488.23354147368417
137,2024-01-06,111.65,111.30169295204155,2.0,0.9,-0.0,515.3820085438958,1.2000000000000002,0.9,-18.80421052631581,469.4293309473684
138,2024-01-06,114.9,117.09616595154718,-2.0,0.37368421052631584,229.8,745.1820085438958,-2.0,0.37368421052631584,229.8,699.2293309473685
139,2024-01-06,116.97,110.61572194064058,-2.0,0.09999999999999998,121.64880000000002,866.8308085438958,-2.0,0.09999999999999998,121.64880000000002,820.8781309473685
140,2024-01-06,111.69,107.55902169575216,-2.0,0.09999999999999998,-0.0,866.8308085438958,-2.0,0.09999999999999998,-0.0,820.8781309473685
141,2024-01-06,110.06,101.99062579615399,-2.0,0.09999999999999998,-0.0,866.8308085438958,-1.6,0.09999999999999998,-0.0,820.8781309473685
142,2024-01-06,103.0,97.37111265205493,-1.997336050361978,0.09999999999999998,-0.0,866.8308085438958,-1.6,0.09999999999999998,-0.0,820.8781309473685
143,2024-01-06,88.5,85.29723822618755,2.0,0.575,-177.0,689.8308085438958,-1.6,0.09999999999999998,-0.0,820.8781309473685
144,2024-01-07,96.85,96.36493325682373,-2.0,0.09999999999999992,174.81425,864.6450585438959,-2.0,0.09999999999999998,-0.0,820.8781309473685
145,2024-01-07,96.58,89.64617556503188,-2.0,0.09999999999999992,-0.0,864.6450585438959,-2.0,0.09999999999999998,-0.0,820.8781309473685
146,2024-01-07,93.8,91.17325356930714,-2.0,0.09999999999999992,-0.0,864.6450585438959,-1.6,0.09999999999999998,-0.0,820.8781309473685
147,2024-01-07,93.8,90.73383219865563,-2.0,0.09999999999999992,-0.0,864.6450585438959,-1.6,0.09999999999999998,-0.0,820.8781309473685
148,2024-01-07,85.93,92.17240783439377,-2.0,0.09999999999999992,-0.0,864.6450585438959,-1.6,0.09999999999999998,-0.0,820.8781309473685
149,2024-01-07,84.3,82.38405824190752,2.0,0.575,-168.6,696.0450585438958,1.6,0.48,-134.88,685.9981309473685
150,2024-01-07,85.0,83.5113399746305,2.0,0.9,-116.31578947368423,579.7292690702116,1.2000000000000002,0.765,-102.00000000000001,583.9981309473685
151,2024-01-07,102.27,97.56712753179526,-1.1999999999999917,0.5842105263157917,122.72399999999915,702.4532690702107,1.2000000000000002,0.9,-58.132421052631585,525.8657098947369
152,2024-01-07,100.55,106.63658041298936,-2.0,0.09999999999999998,185.01200000000085,887.4652690702115,-2.0,0.37368421052631584,201.1,726.965709894737
153,2024-01-07,101.19,97.63973034453484,-1.7335035622416002,0.09999999999999998,-0.0,887.4652690702115,-2.0,0.09999999999999998,105.23760000000003,832.203309894737
154,2024-01-07,96.0,89.9622334794898,-2.0,0.09999999999999998,-0.0,887.4652690702115,-2.0,0.09999999999999998,-0.0,832.203309894737
155,2024-01-07,96.0,103.05662586816494,-2.0,0.09999999999999998,-0.0,887.4652690702115,-2.0,0.09999999999999998,-0.0,832.203309894737
156,2024-01-07,95.65,95.40211990367649,-1.1961791276635263,0.09999999999999998,-0.0,887.4652690702115,-1.6,0.09999999999999998,-0.0,832.203309894737
157,2024-01-07,88.0,93.5450136585713,-2.0,0.09999999999999998,-0.0,887.4652690702115,-1.6,0.09999999999999998,-0.0,832.203309894737
158,2024-01-07,84.34138,83.6481347722534,2.0,0.575,-168.68276,718.7825090702115,1.6,0.48,-134.946208,697.2571018947369
159,2024-01-07,88.32,87.79964652378288,2.0,0.9,-120.85894736842107,597.9235617017905,1.2000000000000002,0.765,-105.98400000000001,591.2731018947369
160,2024-01-07,97.95,91.04948477880518,2.0,0.9,-0.0,597.9235617017905,1.2000000000000002,0.9,-55.67684210526317,535.5962597894737
161,2024-01-07,108.87,112.94380422478564,1.9165310795278545,0.9,-0.0,597.9235617017905,-2.0,0.37368421052631584,217.74,753.3362597894737
162,2024-01-07,109.49,117.83853945218384,-2.0,0.37368421052631584,218.98,816.9035617017905,-2.0,0.09999999999999998,113.86960000000002,867.2058597894737
163,2024-01-07,110.53,119.25414110440407,-1.7159409538613324,0.09999999999999998,114.95120000000003,931.8547617017905,-2.0,0.09999999999999998,-0.0,867.2058597894737
164,2024-01-07,110.0,108.94375132975074,2.0,0.575,-220.0,711.8547617017905,-2.0,0.09999999999999998,-0.0,867.2058597894737
165,2024-01-07,109.0,109.165190432,-2.0,0.09999999999999992,196.745,908.5997617017905,-2.0,0.09999999999999998,-0.0,867.2058597894737
166,2024-01-07,102.47,110.26887575845653,-2.0,0.09999999999999992,-0.0,908.5997617017905,-2.0,0.09999999999999998,-0.0,867.2058597894737
167,2024-01-07,93.8,95.50072021924055,-2.0,0.09999999999999992,-0.0,908.5997617017905,-2.0,0.09999999999999998,-0.0,867.2058597894737
168,2024-01-08,87.6,89.94325951800583,-1.9315126414476715,0.09999999999999992,-0.0,908.5997617017905,-2.0,0.09999999999999998,-0.0,867.2058597894737
169,2024-01-08,85.28,79.88472495565011,2.0,0.575,-170.56,738.0397617017904,1.6,0.48,-136.448,730.7578597894737
170,2024-01-08,85.28,91.55428221143634,-0.007048515079904216,0.575,-0.0,738.0397617017904,1.2000000000000002,0.765,-102.33600000000001,628.4218597894737
171,2024-01-08,90.79,85.11483557473592,1.8849176482551788,0.9,-124.23894736842108,613.8008143333693,1.2000000000000002,0.9,-51.60694736842107,576.8149124210527
172,2024-01-08,93.8,87.42334502969133,1.043926448672629,0.9,-0.0,613.8008143333693,1.2000000000000002,0.9,-0.0,576.8149124210527
173,2024-01-08,90.79,92.80165035664675,2.0,0.9,-0.0,613.8008143333693,1.2000000000000002,0.9,-0.0,576.8149124210527
174,2024-01-08,107.46,113.71658937103335,2.0,0.9,-0.0,613.8008143333693,1.2000000000000002,0.9,-0.0,576.8149124210527
175,2024-01-08,114.18,113.19775615210132,2.0,0.9,-0.0,613.8008143333693,1.2000000000000002,0.9,-0.0,576.8149124210527
176,2024-01-08,125.5,121.64095738735116,-1.2000000045305002,0.5842105251235525,150.60000056857777,764.4008149019471,-2.0,0.37368421052631584,251.0,827.8149124210527
177,2024-01-08,123.0,119.28876107297803,-2.0,0.09999999999999998,226.31999944274847,990.7208143446956,-2.0,0.09999999999999998,127.92000000000003,955.7349124210527
178,2024-01-08,115.38,107.01243953459503,2.0,0.575,-230.76,759.9608143446956,-2.0,0.09999999999999998,-0.0,955.7349124210527
179,2024-01-08,112.22,111.52159527752941,-0.5999999999985782,0.41710526315826885,67.33199999984045,827.292814344536,-2.0,0.09999999999999998,-0.0,955.7349124210527
180,2024-01-08,108.55,104.4372198226753,2.0,0.8921052631582689,-217.1,610.192814344536,-1.6,0.09999999999999998,-0.0,955.7349124210527
181,2024-01-08,108.3,109.0307761528512,1.1575184672972363,0.9,-3.599999999829401,606.5928143447067,1.6,0.48,-173.28,782.4549124210528
182,2024-01-08,110.97,103.60719105206067,1.809892542877,0.9,-0.0,606.5928143447067,1.2000000000000002,0.765,-133.16400000000002,649.2909124210528
183,2024-01-08,115.2,115.6014199462935,1.6057584157910305,0.9,-0.0,606.5928143447067,1.2000000000000002,0.9,-65.4821052631579,583.8088071578949
184,2024-01-08,122.00169,128.03950629355361,-2.0,0.37368421052631584,244.00338,850.5961943447066,-2.0,0.37368421052631584,244.00338,827.8121871578949
185,2024-01-08,130.1,119.76996197988174,0.952908671756061,0.6000000200683804,-123.97341819546352,726.6227761492431,-2.0,0.09999999999999998,135.30400000000003,963.116187157895
186,2024-01-08,129.99382,140.10820875182966,-2.0,0.09999999999999998,246.98826791330862,973.6110440625517,-2.0,0.09999999999999998,-0.0,963.116187157895
187,2024-01-08,122.0095,127.21511289705565,-2.0,0.09999999999999998,-0.0,973.6110440625517,-2.0,0.09999999999999998,-0.0,963.116187157895
188,2024-01-08,114.18,120.12234839848742,-2.0,0.09999999999999998,-0.0,973.6110440625517,-2.0,0.09999999999999998,-0.0,963.116187157895
189,2024-01-08,107.46,107.63444159328836,-0.993254692414612,0.09999999999999998,-0.0,973.6110440625517,-2.0,0.09999999999999998,-0.0,963.116187157895
190,2024-01-08,102.9,98.91945068197518,-0.8561540845645397,0.09999999999999998,-0.0,973.6110440625517,-2.0,0.09999999999999998,-0.0,963.116187157895
191,2024-01-08,91.75,87.55366416377848,-2.0,0.09999999999999998,-0.0,973.6110440625517,-1.6,0.09999999999999998,-0.0,963.116187157895
192,2024-01-09,87.5315,83.88160026986412,2.0,0.575,-175.063,798.5480440625518,-2.0,0.09999999999999998,-0.0,963.116187157895
193,2024-01-09,86.18151,83.47400855868395,0.10526875428445946,0.6000013291425591,-9.072220200053687,789.475823862498,-1.6,0.09999999999999998,-0.0,963.116187157895
194,2024-01-09,85.00494,85.47027847531925,-0.7000052739355699,0.4157894149489881,59.50390631057669,848.9797301730747,1.6,0.48,-136.00790400000002,827.1082831578949
195,2024-01-09,84.08453,81.58109102629956,2.0,0.8907894149489881,-168.16906,680.8106701730746,1.2000000000000002,0.765,-100.90143600000002,726.2068471578949
196,2024-01-09,84.97701,85.05278100893247,2.0,0.9,-3.2955283283607986,677.5151418447139,1.2000000000000002,0.9,-48.30272147368422,677.9041256842107
197,2024-01-09,89.34054,87.55713365740074,2.0,0.9,-0.0,677.5151418447139,1.2000000000000002,0.9,-0.0,677.9041256842107
198,2024-01-09,106.76125,108.91048902736735,2.0,0.9,-0.0,677.5151418447139,1.2000000000000002,0.9,-0.0,677.9041256842107
199,2024-01-09,117.98,127.3646019434737,-1.2000000049446051,0.5842105250145776,141.5760005833645,819.0911424280783,-2.0,0.37368421052631584,235.96,913.8641256842108
200,2024-01-09,131.3728,134.986299160526,-2.0,0.09999999999999998,241.7259513504134,1060.8170937784917,-2.0,0.09999999999999998,136.62771200000006,1050.4918376842109
201,2024-01-09,120.78817,113.47357504597274,-1.3693737714745058,0.09999999999999998,-0.0,1060.8170937784917,-2.0,0.09999999999999998,-0.0,1050.4918376842109
202,2024-01-09,112.1,115.2916997006305,-2.0,0.09999999999999998,-0.0,1060.8170937784917,-2.0,0.09999999999999998,-0.0,1050.4918376842109
203,2024-01-09,104.97006,108.6130525260333,-0.38618675301810934,0.09999999999999998,-0.0,1060.8170937784917,-1.6,0.09999999999999998,-0.0,1050.4918376842109
204,2024-01-09,100.37,95.41772411570913,2.0,0.575,-200.74,860.0770937784916,-1.6,0.09999999999999998,-0.0,1050.4918376842109
205,2024-01-09,100.82,93.99997273952253,2.0,0.9,-137.9642105263158,722.1128832521758,1.6,0.48,-161.312,889.1798376842108
206,2024-01-09,110.0,114.9272146019674,0.7942360694168452,0.9,-0.0,722.1128832521758,1.2000000000000002,0.765,-132.00000000000003,757.1798376842108
207,2024-01-09,116.55,112.53238430276481,1.982466763340842,0.9,-0.0,722.1128832521758,1.2000000000000002,0.9,-66.24947368421054,690.9303640000003
208,2024-01-09,127.36267,120.91940158263836,0.6481362435646052,0.9,-0.0,722.1128832521758,-2.0,0.37368421052631584,254.72534,945.6557040000002
209,2024-01-09,137.35078,137.64341856366184,-1.200109713236932,0.5841816544113336,164.83600519866891,886.9488884508447,-2.0,0.09999999999999998,142.8448112,1088.5005152000003
210,2024-01-09,137.00435,132.91664898823475,-2.0,0.09999999999999998,252.07297280928768,1139.0218612601325,-2.0,0.09999999999999998,-0.0,1088.5005152000003
211,2024-01-09,130.05,135.422683090863,-2.0,0.09999999999999998,-0.0,1139.0218612601325,-2.0,0.09999999999999998,-0.0,1088.5005152000003
212,2024-01-09,117.67376,114.36518105160081,-1.2803815924167046,0.09999999999999998,-0.0,1139.0218612601325,-1.6,0.09999999999999998,-0.0,1088.5005152000003
213,2024-01-09,111.0525,117.32258009272701,-2.0,0.09999999999999998,-0.0,1139.0218612601325,-1.6,0.09999999999999998,-0.0,1088.5005152000003
214,2024-01-09,105.61,110.21936536481266,-0.6601973404156891,0.09999999999999998,-0.0,1139.0218612601325,-2.0,0.09999999999999998,-0.0,1088.5005152000003
215,2024-01-09,103.46,104.84713065248975,-2.0,0.09999999999999998,-0.0,1139.0218612601325,-2.0,0.09999999999999998,-0.0,1088.5005152000003
216,2024-01-10,97.97,95.4195714520562,2.0,0.575,-195.94,943.0818612601324,-2.0,0.09999999999999998,-0.0,1088.5005152000003
217,2024-01-10,92.9,87.03661950969638,2.0,0.9,-127.12631578947372,815.9555454706588,-1.6,0.09999999999999998,-0.0,1088.5005152000003
218,2024-01-10,91.29,87.34163955500331,-2.0,0.37368421052631584,182.58,998.5355454706588,1.6,0.48,-146.06400000000002,942.4365152000003
219,2024-01-10,92.2,89.95427944067208,2.0,0.8486842105263158,-184.4,814.1355454706588,1.2000000000000002,0.765,-110.64000000000001,831.7965152000003
220,2024-01-10,91.29,97.36267187631664,2.0,0.9,-19.72470914127424,794.4108363293846,1.2000000000000002,0.9,-51.89115789473686,779.9053573052635
221,2024-01-10,99.5,97.41405606037564,1.9035924714389076,0.9,-0.0,794.4108363293846,1.2000000000000002,0.9,-0.0,779.9053573052635
222,2024-01-10,108.96,111.04815429142506,2.0,0.9,-0.0,794.4108363293846,1.2000000000000002,0.9,-0.0,779.9053573052635
223,2024-01-10,120.0,115.58158286716603,2.0,0.9,-0.0,794.4108363293846,1.2000000000000002,0.9,-0.0,779.9053573052635
224,2024-01-10,139.2,138.13400952972964,-2.0,0.37368421052631584,278.4,1072.8108363293845,-2.0,0.37368421052631584,278.4,1058.3053573052634
225,2024-01-10,130.38739,126.03651741763996,-2.0,0.09999999999999998,135.60288560000004,1208.4137219293846,-2.0,0.09999999999999998,135.60288560000004,1193.9082429052635
226,2024-01-10,117.46942,116.93774562816246,-2.0,0.09999999999999998,-0.0,1208.4137219293846,-2.0,0.09999999999999998,-0.0,1193.9082429052635
227,2024-01-10,109.13,100.4513400704474,2.0,0.575,-218.26,990.1537219293846,-1.6,0.09999999999999998,-0.0,1193.9082429052635
228,2024-01-10,104.2,101.97084249871253,2.0,0.9,-142.58947368421056,847.564248245174,-1.6,0.09999999999999998,-0.0,1193.9082429052635
229,2024-01-10,106.54,103.05832901384856,0.4124064743964831,0.9,-0.0,847.564248245174,1.6,0.48,-170.46400000000003,1023.4442429052634
230,2024-01-10,110.2,111.05032956352727,2.0,0.9,-0.0,847.564248245174,1.2000000000000002,0.765,-132.24,891.2042429052634
231,2024-01-10,119.7728,128.04178418427367,0.9821647231293177,0.9,-0.0,847.564248245174,1.2000000000000002,0.9,-68.0813810526316,823.1228618526318
232,2024-01-10,133.13612,123.5906278961828,2.0,0.9,-0.0,847.564248245174,1.2000000000000002,0.9,-0.0,823.1228618526318
233,2024-01-10,143.78766,143.54788815035104,-2.0,0.37368421052631584,287.57532,1135.139568245174,-2.0,0.37368421052631584,287.57532,1110.6981818526317
234,2024-01-10,140.0,148.50690748321716,-2.0,0.09999999999999998,145.60000000000002,1280.7395682451738,-2.0,0.09999999999999998,145.60000000000002,1256.2981818526318
235,2024-01-10,132.15399,126.927351833089,-1.9563239265584629,0.09999999999999998,-0.0,1280.7395682451738,-2.0,0.09999999999999998,-0.0,1256.2981818526318
236,2024-01-10,120.0,123.19252090301495,-2.0,0.09999999999999998,-0.0,1280.7395682451738,-2.0,0.09999999999999998,-0.0,1256.2981818526318
237,2024-01-10,109.13,104.57930430201223,-0.4165371556610812,0.09999999999999998,-0.0,1280.7395682451738,-2.0,0.09999999999999998,-0.0,1256.2981818526318
238,2024-01-10,105.37,109.95287268435398,-2.0,0.09999999999999998,-0.0,1280.7395682451738,-2.0,0.09999999999999998,-0.0,1256.2981818526318
239,2024-01-10,103.62,102.93428952111138,-2.0,0.09999999999999998,-0.0,1280.7395682451738,-2.0,0.09999999999999998,-0.0,1256.2981818526318
240,2024-01-11,91.74873,90.49551994887092,-1.9999997091814232,0.09999999999999998,-0.0,1280.7395682451738,-2.0,0.09999999999999998,-0.0,1256.2981818526318
241,2024-01-11,88.6,84.85526456951035,-0.8319089834368434,0.09999999999999998,-0.0,1280.7395682451738,-1.6,0.09999999999999998,-0.0,1256.2981818526318
242,2024-01-11,87.24772,92.04290466088699,-0.5574061534131775,0.09999999999999998,-0.0,1280.7395682451738,1.6,0.48,-139.596352,1116.7018298526318
243,2024-01-11,82.38093,81.33135675490655,1.3684210565563997,0.4250000009321449,-112.73179927069882,1168.007768974475,1.2000000000000002,0.765,-98.85711600000002,1017.8447138526318
244,2024-01-11,83.61,78.90000539910781,2.0,0.9,-167.21999967184576,1000.7877693026294,1.2000000000000002,0.9,-47.52568421052632,970.3190296421055
245,2024-01-11,90.35,96.8440553444361,1.6911551532249736,0.9,-0.0,1000.7877693026294,1.2000000000000002,0.9,-0.0,970.3190296421055
246,2024-01-11,103.1,95.18033140208883,1.635758456487521,0.9,-0.0,1000.7877693026294,1.2000000000000002,0.9,-0.0,970.3190296421055
247,2024-01-11,116.89149,124.2148973771525,2.0,0.9,-0.0,1000.7877693026294,-2.0,0.37368421052631584,233.78298,1204.1020096421055
248,2024-01-11,140.87915,129.73064287809757,-2.0,0.37368421052631584,281.7583,1282.5460693026293,-2.0,0.09999999999999998,146.51431600000004,1350.6163256421055
249,2024-01-11,129.16361,133.07808272707504,-2.0,0.09999999999999998,134.33015440000003,1416.8762237026294,-2.0,0.09999999999999998,-0.0,1350.6163256421055
250,2024-01-11,113.65,120.77546191297968,-2.0,0.09999999999999998,-0.0,1416.8762237026294,-2.0,0.09999999999999998,-0.0,1350.6163256421055
251,2024-01-11,106.48,99.0138140119728,1.3684210530321936,0.42500000009514594,-145.709473726868,1271.1667499757614,-2.0,0.09999999999999998,-0.0,1350.6163256421055
252,2024-01-11,99.38404,99.85980385526314,0.0001705902374237516,0.42500000009514594,-0.0,1271.1667499757614,-1.6,0.09999999999999998,-0.0,1350.6163256421055
253,2024-01-11,99.0,104.10696929077358,2.0,0.9,-197.99999996033918,1073.1667500154222,1.6,0.48,-158.4,1192.2163256421054
254,2024-01-11,105.98,110.91044145778741,2.0,0.9,-0.0,1073.1667500154222,1.6,0.86,-169.568,1022.6483256421054
255,2024-01-11,113.71016,114.2862193717393,1.403075423138368,0.9,-0.0,1073.1667500154222,1.2000000000000002,0.9,-19.15118484210528,1003.4971408000001
256,2024-01-11,120.0,128.4865503562127,0.6581099276274673,0.9,-0.0,1073.1667500154222,1.2000000000000002,0.9,-0.0,1003.4971408000001
257,2024-01-11,128.75,129.41578582343558,1.9927598795789723,0.9,-0.0,1073.1667500154222,-2.0,0.37368421052631584,257.5,1260.9971408000001
258,2024-01-11,136.72,127.72859607305958,-1.2000694071336326,0.584192261280623,164.07348934331026,1237.2402393587324,-2.0,0.09999999999999998,142.18880000000004,1403.1859408000003
259,2024-01-11,132.31,125.6751839038845,-2.0,0.09999999999999998,243.44121674214904,1480.6814561008814,-1.6,0.09999999999999998,-0.0,1403.1859408000003
260,2024-01-11,117.93,120.84448685670178,-1.7796593325886236,0.09999999999999998,-0.0,1480.6814561008814,-1.6,0.09999999999999998,-0.0,1403.1859408000003
261,2024-01-11,107.19,114.48771044393588,-2.0,0.09999999999999998,-0.0,1480.6814561008814,-1.6,0.09999999999999998,-0.0,1403.1859408000003
262,2024-01-11,105.98,109.86631775988178,-2.0,0.09999999999999998,-0.0,1480.6814561008814,-2.0,0.09999999999999998,-0.0,1403.1859408000003
263,2024-01-11,99.0,92.52108254781741,-2.0,0.09999999999999998,-0.0,1480.6814561008814,-2.0,0.09999999999999998,-0.0,1403.1859408000003
264,2024-01-12,101.46,105.3201651322235,-1.9696776103837164,0.09999999999999998,-0.0,1480.6814561008814,-2.0,0.09999999999999998,-0.0,1403.1859408000003
265,2024-01-12,95.64,102.27792988146422,-1.8969145204953743,0.09999999999999998,-0.0,1480.6814561008814,-2.0,0.09999999999999998,-0.0,1403.1859408000003
266,2024-01-12,91.2,96.93059523243933,-2.0,0.09999999999999998,-0.0,1480.6814561008814,1.6,0.48,-145.92000000000002,1257.2659408000002
267,2024-01-12,89.9,91.05622213755659,1.368421052660191,0.42500000000679533,-123.02105263415118,1357.6604034667303,1.2000000000000002,0.765,-107.88000000000002,1149.3859408
268,2024-01-12,88.59,84.5269192795152,2.0,0.9,-177.1799999974653,1180.480403469265,1.2000000000000002,0.9,-50.35642105263159,1099.0295197473686
269,2024-01-12,94.76,87.5007441479643,2.0,0.9,-0.0,1180.480403469265,1.2000000000000002,0.9,-0.0,1099.0295197473686
270,2024-01-12,112.82,112.22400496910404,2.0,0.9,-0.0,1180.480403469265,1.2000000000000002,0.9,-0.0,1099.0295197473686
271,2024-01-12,129.0,120.45370730132218,2.0,0.9,-0.0,1180.480403469265,1.2000000000000002,0.9,-0.0,1099.0295197473686
272,2024-01-12,140.73851,149.76308484113738,-2.0,0.37368421052631584,281.47702,1461.957423469265,-2.0,0.37368421052631584,281.47702,1380.5065397473686
273,2024-01-12,134.96004,136.457662802912,-2.0,0.09999999999999998,140.35844160000002,1602.315865069265,-2.0,0.09999999999999998,140.35844160000002,1520.8649813473687
274,2024-01-12,121.5027,122.40716756131422,-2.0,0.09999999999999998,-0.0,1602.315865069265,-2.0,0.09999999999999998,-0.0,1520.8649813473687
275,2024-01-12,113.8973,116.32091851657779,-2.0,0.09999999999999998,-0.0,1602.315865069265,-2.0,0.09999999999999998,-0.0,1520.8649813473687
276,2024-01-12,103.42,98.44416347698646,-2.0,0.09999999999999998,-0.0,1602.315865069265,1.8000000000000003,0.5275000000000001,-186.15600000000003,1334.7089813473688
277,2024-01-12,100.07708,102.64502373742114,2.0,0.575,-200.15416,1402.161705069265,1.2000000000000002,0.8125000000000001,-120.09249600000001,1214.6164853473688
278,2024-01-12,104.24191,106.32668525068247,2.0,0.9,-142.64682421052635,1259.5148808587387,1.2000000000000002,0.9,-38.40491421052628,1176.2115711368424
279,2024-01-12,110.0,118.485666525397,0.33570059000803676,0.9,-0.0,1259.5148808587387,1.2000000000000002,0.9,-0.0,1176.2115711368424
280,2024-01-12,120.0,129.42555156081892,1.9966299940277648,0.9,-0.0,1259.5148808587387,-2.0,0.37368421052631584,240.0,1416.2115711368424
281,2024-01-12,127.5,120.87360743386458,-2.0,0.37368421052631584,255.0,1514.5148808587387,-2.0,0.09999999999999998,132.60000000000002,1548.8115711368423
282,2024-01-12,126.0,133.85824029504136,-2.0,0.09999999999999998,131.04000000000002,1645.5548808587387,-2.0,0.09999999999999998,-0.0,1548.8115711368423
283,2024-01-12,119.47,124.94267537623452,-2.0,0.09999999999999998,-0.0,1645.5548808587387,-2.0,0.09999999999999998,-0.0,1548.8115711368423
284,2024-01-12,110.0,110.93275463540742,-2.0,0.09999999999999998,-0.0,1645.5548808587387,-2.0,0.09999999999999998,-0.0,1548.8115711368423
285,2024-01-12,107.0,101.91449418552706,-0.31034048274612086,0.09999999999999998,-0.0,1645.5548808587387,-2.0,0.09999999999999998,-0.0,1548.8115711368423
286,2024-01-12,105.0,104.17313450061518,-0.7729737779881237,0.09999999999999998,-0.0,1645.5548808587387,-2.0,0.09999999999999998,-0.0,1548.8115711368423
287,2024-01-12,95.49,95.7634640806274,-2.0,0.09999999999999998,-0.0,1645.5548808587387,-2.0,0.09999999999999998,-0.0,1548.8115711368423
288,2024-01-13,92.8,90.451116548456,-2.0,0.09999999999999998,-0.0,1645.5548808587387,-2.0,0.09999999999999998,-0.0,1548.8115711368423
289,2024-01-13,87.7,86.87139227290908,-0.7291304655017681,0.09999999999999998,-0.0,1645.5548808587387,-2.0,0.09999999999999998,-0.0,1548.8115711368423
290,2024-01-13,87.08,81.57216305565194,2.0,0.575,-174.16,1471.3948808587386,-1.6,0.09999999999999998,-0.0,1548.8115711368423
291,2024-01-13,85.59,90.62244902515346,-0.6000016283837047,0.4171048346358671,51.35413937336129,1522.7490202320998,-1.6,0.09999999999999998,-0.0,1548.8115711368423
292,2024-01-13,83.4,89.05179010599906,0.03324280196045868,0.42500000010147604,-2.7724496835022543,1519.9765705485977,1.6,0.48,-133.44000000000003,1415.3715711368422
293,2024-01-13,83.9,79.13519948368032,2.0,0.9,-167.79999996415228,1352.1765705844455,1.2000000000000002,0.765,-100.68000000000002,1314.6915711368422
294,2024-01-13,95.52,99.86315921855815,1.8448657534071213,0.9,-0.0,1352.1765705844455,1.2000000000000002,0.9,-54.295578947368426,1260.3959921894739
295,2024-01-13,104.93,110.09023015053126,-2.0,0.37368421052631584,209.86,1562.0365705844456,-2.0,0.37368421052631584,209.86,1470.255992189474
296,2024-01-13,107.63,99.16893113373519,2.0,0.8486842105263158,-215.26,1346.7765705844456,-2.0,0.09999999999999998,111.93520000000002,1582.1911921894741
297,2024-01-13,104.93,101.56935316154362,-2.0,0.32236842105263164,209.86,1556.6365705844455,-2.0,0.09999999999999998,-0.0,1582.1911921894741
298,2024-01-13,101.0,97.26197973941129,-2.0,0.1,85.34500000000001,1641.9815705844455,-2.0,0.09999999999999998,-0.0,1582.1911921894741
299,2024-01-13,88.40127,93.50853102836122,-2.0,0.1,-0.0,1641.9815705844455,-2.0,0.09999999999999998,-0.0,1582.1911921894741
300,2024-01-13,84.85,88.35484101458111,2.0,0.575,-169.7,1472.2815705844455,1.6,0.48,-135.76,1446.4311921894741
301,2024-01-13,83.4,79.73463233491474,2.0,0.9,-114.12631578947371,1358.1552547949718,1.2000000000000002,0.765,-100.08000000000003,1346.3511921894742
302,2024-01-13,92.23,89.31444308338256,2.0,0.9,-0.0,1358.1552547949718,1.2000000000000002,0.9,-52.42547368421054,1293.9257185052636
303,2024-01-13,101.59,106.78844743086097,1.6746893412626174,0.9,-0.0,1358.1552547949718,1.2000000000000002,0.9,-0.0,1293.9257185052636
304,2024-01-13,107.92,108.29589328519981,0.12256242082857224,0.9,-0.0,1358.1552547949718,1.2000000000000002,0.9,-0.0,1293.9257185052636
305,2024-01-13,124.76962,123.2121668825431,-1.2000000000956312,0.5842105262906234,149.72354401193186,1507.8787988069037,-2.0,0.37368421052631584,249.53924,1543.4649585052637
306,2024-01-13,128.79108,131.6354716185987,-2.0,0.09999999999999998,236.97558718768357,1744.8543859945871,-2.0,0.09999999999999998,133.94272320000002,1677.4076817052637
307,2024-01-13,128.20411,122.43610297910323,-2.0,0.09999999999999998,-0.0,1744.8543859945871,-2.0,0.09999999999999998,-0.0,1677.4076817052637
308,2024-01-13,117.86647,123.76398802910992,-2.0,0.09999999999999998,-0.0,1744.8543859945871,-2.0,0.09999999999999998,-0.0,1677.4076817052637
309,2024-01-13,105.0,98.95093276840232,-2.0,0.09999999999999998,-0.0,1744.8543859945871,-2.0,0.09999999999999998,-0.0,1677.4076817052637
310,2024-01-13,101.96,96.35105577478002,-2.0,0.09999999999999998,-0.0,1744.8543859945871,-1.6,0.09999999999999998,-0.0,1677.4076817052637
311,2024-01-13,95.52,94.98216502640874,2.0,0.575,-191.04,1553.8143859945872,-1.6,0.09999999999999998,-0.0,1677.4076817052637
312,2024-01-14,103.0,103.39973975062503,0.004576899200711991,0.575,-0.0,1553.8143859945872,-2.0,0.09999999999999998,-0.0,1677.4076817052637
313,2024-01-14,100.65,99.44357365136544,-0.5999999999930743,0.41710526315971724,60.38999999930293,1614.2043859938901,-1.6,0.09999999999999998,-0.0,1677.4076817052637
314,2024-01-14,99.83,95.54748740167229,2.0,0.8921052631597173,-199.66,1414.54438599389,-1.6,0.09999999999999998,-0.0,1677.4076817052637
315,2024-01-14,96.79,92.36594661490035,2.0,0.9,-3.217396121140914,1411.3269898727492,1.6,0.48,-154.86400000000003,1522.5436817052637
316,2024-01-14,96.25,93.96371043046332,1.3366331415672543,0.9,-0.0,1411.3269898727492,1.2000000000000002,0.765,-115.50000000000001,1407.0436817052637
317,2024-01-14,95.25,100.20588163364062,1.9955995209291442,0.9,-0.0,1411.3269898727492,1.2000000000000002,0.9,-54.1421052631579,1352.9015764421058
318,2024-01-14,103.43,108.59794140534609,2.0,0.9,-0.0,1411.3269898727492,1.2000000000000002,0.9,-0.0,1352.9015764421058
319,2024-01-14,104.73,103.76847866273513,0.33625114640495535,0.9,-0.0,1411.3269898727492,1.2000000000000002,0.9,-0.0,1352.9015764421058
320,2024-01-14,108.06,113.64862548714503,-2.0,0.37368421052631584,216.12,1627.4469898727493,-2.0,0.37368421052631584,216.12,1569.021576442106
321,2024-01-14,108.06,116.03596964890976,-1.8241361338293716,0.09999999999999998,112.38240000000003,1739.8293898727493,-2.0,0.09999999999999998,112.38240000000003,1681.4039764421059
322,2024-01-14,103.0,110.35349773794002,-2.0,0.09999999999999998,-0.0,1739.8293898727493,-2.0,0.09999999999999998,-0.0,1681.4039764421059
323,2024-01-14,103.0,105.56026583016687,-2.0,0.09999999999999998,-0.0,1739.8293898727493,-2.0,0.09999999999999998,-0.0,1681.4039764421059
324,2024-01-14,101.88,98.35766342078334,-0.560693572058139,0.09999999999999998,-0.0,1739.8293898727493,-1.6,0.09999999999999998,-0.0,1681.4039764421059
325,2024-01-14,96.04,97.47422454907414,2.0,0.575,-192.08,1547.7493898727494,-1.6,0.09999999999999998,-0.0,1681.4039764421059
326,2024-01-14,100.0,105.71573002488796,2.0,0.9,-136.84210526315792,1410.9072846095914,-1.6,0.09999999999999998,-0.0,1681.4039764421059
327,2024-01-14,104.74,99.30236029515932,0.0863102610666969,0.9,-0.0,1410.9072846095914,-1.6,0.09999999999999998,-0.0,1681.4039764421059
328,2024-01-14,105.0,107.73399052310826,2.0,0.9,-0.0,1410.9072846095914,-1.6,0.09999999999999998,-0.0,1681.4039764421059
329,2024-01-14,111.0,119.35831753064741,-1.2000013503631803,0.5842101709570577,133.200149890313,1544.1074344999045,-1.6,0.09999999999999998,-0.0,1681.4039764421059
330,2024-01-14,117.0,110.77689849623508,0.06648348672139202,0.5999999990533883,-7.778567946402867,1536.3288665535015,-1.6,0.09999999999999998,-0.0,1681.4039764421059
331,2024-01-14,120.0,117.71173817624003,-2.0,0.09999999999999998,227.99999956834506,1764.3288661218467,-2.0,0.09999999999999998,-0.0,1681.4039764421059
332,2024-01-14,115.14,120.58576358634645,-2.0,0.09999999999999998,-0.0,1764.3288661218467,-2.0,0.09999999999999998,-0.0,1681.4039764421059
333,2024-01-14,108.23,108.53030547820171,-2.0,0.09999999999999998,-0.0,1764.3288661218467,-2.0,0.09999999999999998,-0.0,1681.4039764421059
334,2024-01-14,101.51,105.86299277944936,-1.0081773993290335,0.09999999999999998,-0.0,1764.3288661218467,-2.0,0.09999999999999998,-0.0,1681.4039764421059
335,2024-01-14,97.9,93.74768325948105,-2.0,0.09999999999999998,-0.0,1764.3288661218467,-2.0,0.09999999999999998,-0.0,1681.4039764421059
336,2024-01-15,85.5,91.21588333012896,-2.0,0.09999999999999998,-0.0,1764.3288661218467,-2.0,0.09999999999999998,-0.0,1681.4039764421059
337,2024-01-15,83.4,83.75602199898906,2.0,0.575,-166.8,1597.5288661218467,-1.6,0.09999999999999998,-0.0,1681.4039764421059
338,2024-01-15,84.1,85.79697654760355,2.0,0.9,-115.0842105263158,1482.444655595531,-1.6,0.09999999999999998,-0.0,1681.4039764421059
339,2024-01-15,83.4,85.46374952055308,-1.8999999999999866,0.4000000000000035,158.4599999999989,1640.90465559553,1.6,0.48,-133.44000000000003,1547.9639764421058
340,2024-01-15,83.4,77.19546731116783,2.0,0.8750000000000036,-166.8,1474.10465559553,1.2000000000000002,0.765,-100.08000000000003,1447.883976442106
341,2024-01-15,84.9,88.55338366172846,0.6819461364164688,0.9,-8.936842105261897,1465.1678134902681,1.2000000000000002,0.9,-48.25894736842106,1399.6250290736848
342,2024-01-15,102.52,106.3523399351628,2.0,0.9,-0.0,1465.1678134902681,1.2000000000000002,0.9,-0.0,1399.6250290736848
343,2024-01-15,110.03,104.45242631465527,0.2800288351149274,0.9,-0.0,1465.1678134902681,1.2000000000000002,0.9,-0.0,1399.6250290736848
344,2024-01-15,122.00208,123.98301451371817,-1.2000000007058638,0.5842105261300359,146.40249608611686,1611.570309576385,-2.0,0.37368421052631584,244.00416,1643.6291890736848
345,2024-01-15,119.59,117.17479263619418,-2.0,0.09999999999999998,220.04559991558577,1831.6159094919708,-2.0,0.09999999999999998,124.37360000000004,1768.0027890736849
346,2024-01-15,106.21,108.9887294659912,-1.016274949438709,0.09999999999999998,-0.0,1831.6159094919708,-2.0,0.09999999999999998,-0.0,1768.0027890736849
347,2024-01-15,103.62167,110.60905573324787,-2.0,0.09999999999999998,-0.0,1831.6159094919708,-2.0,0.09999999999999998,-0.0,1768.0027890736849
348,2024-01-15,95.6842,90.68426730036937,2.0,0.575,-191.3684,1640.2475094919707,-1.6,0.09999999999999998,-0.0,1768.0027890736849
349,2024-01-15,94.4436,90.60745705946465,2.0,0.9,-129.23861052631582,1511.008898965655,1.6,0.48,-151.10976000000002,1616.8930290736848
350,2024-01-15,99.7,101.85002104691898,0.946342500525887,0.9,-0.0,1511.008898965655,1.6,0.86,-159.52,1457.3730290736848
351,2024-01-15,104.44211,112.29367943665761,2.0,0.9,-0.0,1511.008898965655,1.2000000000000002,0.9,-17.590250105263173,1439.7827789684218
352,2024-01-15,110.0,102.80792561525716,0.08632018651970508,0.9,-0.0,1511.008898965655,1.2000000000000002,0.9,-0.0,1439.7827789684218
353,2024-01-15,116.13,112.03656477187751,-2.0,0.37368421052631584,232.26,1743.268898965655,-2.0,0.37368421052631584,232.26,1672.0427789684218
354,2024-01-15,115.0,123.05676733301428,-2.0,0.09999999999999998,119.60000000000002,1862.8688989656548,-2.0,0.09999999999999998,119.60000000000002,1791.6427789684217
355,2024-01-15,113.9,122.2273470754394,-1.983308353816289,0.09999999999999998,-0.0,1862.8688989656548,-2.0,0.09999999999999998,-0.0,1791.6427789684217
356,2024-01-15,107.58229,115.44166999208838,-2.0,0.09999999999999998,-0.0,1862.8688989656548,-2.0,0.09999999999999998,-0.0,1791.6427789684217
357,2024-01-15,104.31,112.25517723585112,-1.098203615366781,0.09999999999999998,-0.0,1862.8688989656548,-2.0,0.09999999999999998,-0.0,1791.6427789684217
358,2024-01-15,101.68,109.20751168722256,-2.0,0.09999999999999998,-0.0,1862.8688989656548,-2.0,0.09999999999999998,-0.0,1791.6427789684217
359,2024-01-15,91.39,95.26676791376207,-1.8423281436999723,0.09999999999999998,-0.0,1862.8688989656548,-2.0,0.09999999999999998,-0.0,1791.6427789684217
360,2024-01-16,86.58831,82.98636262974233,2.0,0.575,-173.17662,1689.6922789656549,-2.0,0.09999999999999998,-0.0,1791.6427789684217
361,2024-01-16,83.34,82.8804217577302,1.9998598050567054,0.9,-114.04421052631582,1575.648068439339,-2.0,0.09999999999999998,-0.0,1791.6427789684217
362,2024-01-16,84.1,87.4376052089901,-1.899999999832623,0.4000000000440466,159.78999998592357,1735.4380684252626,1.6,0.48,-134.56,1657.0827789684217
363,2024-01-16,84.7,84.77614260046298,0.1052631580198186,0.42500000007375355,-8.915789484278635,1726.522278940984,1.2000000000000002,0.765,-101.64000000000001,1555.4427789684216
364,2024-01-16,84.7,84.06493952361981,2.0,0.9,-169.39999997369716,1557.122278967287,1.2000000000000002,0.9,-48.145263157894746,1507.2975158105269
365,2024-01-16,90.0,92.79557104509364,2.0,0.9,-0.0,1557.122278967287,1.2000000000000002,0.9,-0.0,1507.2975158105269
366,2024-01-16,103.76848,95.65314842717342,2.0,0.9,-0.0,1557.122278967287,1.2000000000000002,0.9,-0.0,1507.2975158105269
367,2024-01-16,117.0,123.39043700250544,1.8374487050856283,0.9,-0.0,1557.122278967287,1.2000000000000002,0.9,-0.0,1507.2975158105269
368,2024-01-16,141.11791,152.19577281198474,-2.0,0.37368421052631584,282.23582,1839.3580989672869,-2.0,0.37368421052631584,282.23582,1789.5333358105268
369,2024-01-16,136.26696,131.67165853333483,-2.0,0.09999999999999998,141.71763840000006,1981.0757373672868,-2.0,0.09999999999999998,141.71763840000006,1931.2509742105267
370,2024-01-16,120.46093,119.15439171215856,-2.0,0.09999999999999998,-0.0,1981.0757373672868,-2.0,0.09999999999999998,-0.0,1931.2509742105267
371,2024-01-16,109.25941,111.21514115824125,-2.0,0.09999999999999998,-0.0,1981.0757373672868,-2.0,0.09999999999999998,-0.0,1931.2509742105267
372,2024-01-16,101.16921,94.94592194373752,2.0,0.575,-202.33842,1778.7373173672868,-1.6,0.09999999999999998,-0.0,1931.2509742105267
373,2024-01-16,100.62671,92.84686912793875,2.0,0.9,-137.69970842105266,1641.037608946234,1.8000000000000003,0.5275000000000001,-181.12807800000004,1750.1228962105267
374,2024-01-16,104.87055,97.28370800837622,2.0,0.9,-0.0,1641.037608946234,1.2000000000000002,0.8125000000000001,-125.84466000000002,1624.2782362105268
375,2024-01-16,111.03657,106.66797700541184,2.0,0.9,-0.0,1641.037608946234,1.2000000000000002,0.9,-40.90820999999996,1583.3700262105267
376,2024-01-16,122.05,112.34246838945339,2.0,0.9,-0.0,1641.037608946234,1.2000000000000002,0.9,-0.0,1583.3700262105267
377,2024-01-16,133.0,139.7808388622961,-2.0,0.37368421052631584,266.0,1907.037608946234,-2.0,0.37368421052631584,266.0,1849.3700262105267
378,2024-01-16,129.98158,131.2258988756856,-1.9999707123671626,0.09999999999999998,135.18084320000006,2042.218452146234,-2.0,0.09999999999999998,135.18084320000006,1984.5508694105267
379,2024-01-16,121.05,123.11724408224406,-2.0,0.09999999999999998,-0.0,2042.218452146234,-2.0,0.09999999999999998,-0.0,1984.5508694105267
380,2024-01-16,110.40919,116.72441441632776,-2.0,0.09999999999999998,-0.0,2042.218452146234,-2.0,0.09999999999999998,-0.0,1984.5508694105267
381,2024-01-16,105.0,101.76946306716836,1.765054515599819,0.519200447454957,-185.33072413798098,1856.8877280082531,-2.0,0.09999999999999998,-0.0,1984.5508694105267
382,2024-01-16,100.86671,94.43815049738987,-2.0,0.09999999999999998,160.67680586817565,2017.5645338764289,-2.0,0.09999999999999998,-0.0,1984.5508694105267
383,2024-01-16,97.97296,97.16394434203538,-2.0,0.09999999999999998,-0.0,2017.5645338764289,-2.0,0.09999999999999998,-0.0,1984.5508694105267
384,2024-01-17,86.75,87.15219104120293,-1.8217550351063834,0.09999999999999998,-0.0,2017.5645338764289,-2.0,0.09999999999999998,-0.0,1984.5508694105267
385,2024-01-17,85.5,84.77217595546718,-1.1691722218212222,0.09999999999999998,-0.0,2017.5645338764289,-1.6,0.09999999999999998,-0.0,1984.5508694105267
386,2024-01-17,82.4,78.74905415282225,-2.0,0.09999999999999998,-0.0,2017.5645338764289,1.6,0.48,-131.84,1852.7108694105268
387,2024-01-17,80.0,78.4436697207951,2.0,0.575,-160.0,1857.5645338764289,1.2000000000000002,0.765,-96.00000000000001,1756.7108694105268
388,2024-01-17,82.4,88.89862144206766,2.0,0.9,-112.75789473684213,1744.8066391395867,1.2000000000000002,0.9,-46.83789473684212,1709.8729746736847
389,2024-01-17,85.9,85.43192511034296,2.0,0.9,-0.0,1744.8066391395867,1.2000000000000002,0.9,-0.0,1709.8729746736847
390,2024-01-17,98.9,97.6480232838892,2.0,0.9,-0.0,1744.8066391395867,1.2000000000000002,0.9,-0.0,1709.8729746736847
391,2024-01-17,104.18,101.2198807184753,2.0,0.9,-0.0,1744.8066391395867,1.2000000000000002,0.9,-0.0,1709.8729746736847
392,2024-01-17,116.7498,111.79105301891005,1.2523604962142632,0.9,-0.0,1744.8066391395867,-2.0,0.37368421052631584,233.4996,1943.3725746736845
393,2024-01-17,114.46135,108.31611665012885,2.0,0.9,-0.0,1744.8066391395867,-2.0,0.09999999999999998,119.03980400000003,2062.4123786736845
394,2024-01-17,109.59758,104.43904021339387,1.657655997832899,0.9,-0.0,1744.8066391395867,-2.0,0.09999999999999998,-0.0,2062.4123786736845
395,2024-01-17,110.31763,116.33543573081742,-2.0,0.37368421052631584,220.63526,1965.4418991395867,-2.0,0.09999999999999998,-0.0,2062.4123786736845
396,2024-01-17,104.97503,98.60965307419374,0.21606669919825958,0.4250000515859025,-22.681608230338277,1942.7602909092484,-1.6,0.09999999999999998,-0.0,2062.4123786736845
397,2024-01-17,103.41178,98.77689082329196,2.0,0.9,-206.82353753856842,1735.93675337068,1.6,0.48,-165.458848,1896.9535306736846
398,2024-01-17,107.06157,106.55050775911984,0.5012914363886182,0.9,-0.0,1735.93675337068,1.2000000000000002,0.765,-128.47388400000003,1768.4796466736846
399,2024-01-17,113.11206,105.1015327944124,2.0,0.9,-0.0,1735.93675337068,1.2000000000000002,0.9,-64.29527621052632,1704.1843704631583
400,2024-01-17,115.0,123.56785156314513,-2.0,0.37368421052631584,230.0,1965.93675337068,-2.0,0.37368421052631584,230.0,1934.1843704631583
401,2024-01-17,125.4,120.17865061986454,0.004472648904527945,0.37368421052631584,-0.0,1965.93675337068,-2.0,0.09999999999999998,130.41600000000003,2064.6003704631585
402,2024-01-17,120.0,121.00302598064908,-2.0,0.09999999999999998,124.80000000000003,2090.73675337068,-2.0,0.09999999999999998,-0.0,2064.6003704631585
403,2024-01-17,113.68582,114.13650583933894,-2.0,0.09999999999999998,-0.0,2090.73675337068,-2.0,0.09999999999999998,-0.0,2064.6003704631585
404,2024-01-17,104.23,98.21339982758171,-2.0,0.09999999999999998,-0.0,2090.73675337068,-1.6,0.09999999999999998,-0.0,2064.6003704631585
405,2024-01-17,100.1786,97.62875552453015,-1.9516889873531067,0.09999999999999998,-0.0,2090.73675337068,-2.0,0.09999999999999998,-0.0,2064.6003704631585
406,2024-01-17,93.28313,95.89937818840995,-0.8056437987255292,0.09999999999999998,-0.0,2090.73675337068,-2.0,0.09999999999999998,-0.0,2064.6003704631585
407,2024-01-17,85.13999,79.23851383328109,2.0,0.575,-170.27998,1920.4567733706801,-2.0,0.09999999999999998,-0.0,2064.6003704631585
408,2024-01-18,84.0,82.77760529785508,0.0027917893060161432,0.575,-0.0,1920.4567733706801,-2.0,0.09999999999999998,-0.0,2064.6003704631585
409,2024-01-18,81.6,86.54105807231637,-2.0,0.09999999999999992,147.28799999999998,2067.74477337068,-2.0,0.09999999999999998,-0.0,2064.6003704631585
410,2024-01-18,78.0,81.21469636683544,-1.5939737065283428,0.09999999999999992,-0.0,2067.74477337068,1.6,0.48,-124.80000000000001,1939.8003704631585
411,2024-01-18,78.0,74.46032555091689,2.0,0.575,-156.0,1911.74477337068,1.2000000000000002,0.765,-93.60000000000001,1846.2003704631586
412,2024-01-18,75.95604,72.08904043995864,2.0,0.9,-103.93984421052633,1807.8049291601535,1.2000000000000002,0.9,-43.175012210526326,1803.0253582526323
413,2024-01-18,81.37145,81.2606848210067,2.0,0.9,-0.0,1807.8049291601535,1.2000000000000002,0.9,-0.0,1803.0253582526323
414,2024-01-18,99.0,98.26913378984365,2.0,0.9,-0.0,1807.8049291601535,1.2000000000000002,0.9,-0.0,1803.0253582526323
415,2024-01-18,112.70957,104.00672052399618,1.9701810645627864,0.9,-0.0,1807.8049291601535,1.2000000000000002,0.9,-0.0,1803.0253582526323
416,2024-01-18,125.0,128.38615335413544,-2.0,0.37368421052631584,250.0,2057.8049291601537,-2.0,0.37368421052631584,250.0,2053.025358252632
417,2024-01-18,119.23073,119.33960814262048,-2.0,0.09999999999999998,123.99995920000002,2181.8048883601537,-2.0,0.09999999999999998,123.99995920000002,2177.025317452632
418,2024-01-18,112.11555,107.70472533248795,-2.0,0.09999999999999998,-0.0,2181.8048883601537,-2.0,0.09999999999999998,-0.0,2177.025317452632
419,2024-01-18,97.98925,98.06892697999788,-2.0,0.09999999999999998,-0.0,2181.8048883601537,-2.0,0.09999999999999998,-0.0,2177.025317452632
420,2024-01-18,90.16064,92.03585688197515,-0.1482669303569342,0.09999999999999998,-0.0,2181.8048883601537,-1.6,0.09999999999999998,-0.0,2177.025317452632
421,2024-01-18,87.8814,94.90560694745709,1.3684210573924729,0.4250000011307123,-120.25875831313087,2061.546130047023,-1.6,0.09999999999999998,-0.0,2177.025317452632
422,2024-01-18,92.01,87.99579114173135,2.0,0.9,-184.0199995619502,1877.5261304850726,-1.6,0.09999999999999998,-0.0,2177.025317452632
423,2024-01-18,103.40414,99.25267820247458,2.0,0.9,-0.0,1877.5261304850726,-1.6,0.09999999999999998,-0.0,2177.025317452632
424,2024-01-18,106.6622,111.53974813748583,0.04639917209816552,0.9,-0.0,1877.5261304850726,-1.6,0.09999999999999998,-0.0,2177.025317452632
425,2024-01-18,114.20625,112.09691447509904,-2.0,0.37368421052631584,228.4125,2105.9386304850727,-2.0,0.09999999999999998,-0.0,2177.025317452632
426,2024-01-18,110.0,106.10066236111753,-2.0,0.09999999999999998,114.40000000000003,2220.338630485073,-1.6,0.09999999999999998,-0.0,2177.025317452632
427,2024-01-18,109.71,103.02166106854098,-0.9253673771407273,0.09999999999999998,-0.0,2220.338630485073,-2.0,0.09999999999999998,-0.0,2177.025317452632
428,2024-01-18,103.32,100.40603004587184,-1.9996207030000133,0.09999999999999998,-0.0,2220.338630485073,-2.0,0.09999999999999998,-0.0,2177.025317452632
429,2024-01-18,100.0,95.45060418697858,-2.0,0.09999999999999998,-0.0,2220.338630485073,-2.0,0.09999999999999998,-0.0,2177.025317452632
430,2024-01-18,91.47,88.07426312535841,-1.8715368025913675,0.09999999999999998,-0.0,2220.338630485073,-2.0,0.09999999999999998,-0.0,2177.025317452632
431,2024-01-18,84.08,87.58367039451598,-0.19455855818945483,0.09999999999999998,-0.0,2220.338630485073,-2.0,0.09999999999999998,-0.0,2177.025317452632
432,2024-01-19,72.13,75.76004929358842,-0.742103980432912,0.09999999999999998,-0.0,2220.338630485073,-2.0,0.09999999999999998,-0.0,2177.025317452632
433,2024-01-19,70.0,72.11341792252307,-0.35770376629142625,0.09999999999999998,-0.0,2220.338630485073,-2.0,0.09999999999999998,-0.0,2177.025317452632
434,2024-01-19,66.49387,63.02678749377064,2.0,0.575,-132.98774,2087.350890485073,1.6,0.48,-106.39019200000001,2070.635125452632
435,2024-01-19,66.4,63.58847344988501,2.0,0.9,-90.86315789473687,1996.487732590336,1.2000000000000002,0.765,-79.68000000000002,1990.955125452632
436,2024-01-19,69.16,72.6606718570458,2.0,0.9,-0.0,1996.487732590336,1.2000000000000002,0.9,-39.312000000000005,1951.6431254526321
437,2024-01-19,74.8,75.41592705298972,2.0,0.9,-0.0,1996.487732590336,1.2000000000000002,0.9,-0.0,1951.6431254526321
438,2024-01-19,90.83,89.33799345212238,2.0,0.9,-0.0,1996.487732590336,1.2000000000000002,0.9,-0.0,1951.6431254526321
439,2024-01-19,98.64,105.36399541758557,2.0,0.9,-0.0,1996.487732590336,1.2000000000000002,0.9,-0.0,1951.6431254526321
440,2024-01-19,117.68,120.71236700615773,-2.0,0.37368421052631584,235.36,2231.847732590336,-2.0,0.37368421052631584,235.36,2187.003125452632
441,2024-01-19,110.0,115.53635617418057,-2.0,0.09999999999999998,114.40000000000003,2346.247732590336,-2.0,0.09999999999999998,114.40000000000003,2301.403125452632
442,2024-01-19,100.56,103.50030570897957,-2.0,0.09999999999999998,-0.0,2346.247732590336,-2.0,0.09999999999999998,-0.0,2301.403125452632
443,2024-01-19,96.43,101.95836617247566,-2.0,0.09999999999999998,-0.0,2346.247732590336,-2.0,0.09999999999999998,-0.0,2301.403125452632
444,2024-01-19,91.58072,88.45242559516898,2.0,0.575,-183.16144,2163.086292590336,-1.6,0.09999999999999998,-0.0,2301.403125452632
445,2024-01-19,93.09,93.35511814670083,-0.006805203223791249,0.575,-0.0,2163.086292590336,-1.6,0.09999999999999998,-0.0,2301.403125452632
446,2024-01-19,95.63,102.03048587253718,2.0,0.9,-130.8621052631579,2032.2241873271782,-1.6,0.09999999999999998,-0.0,2301.403125452632
447,2024-01-19,99.05,94.25548398307656,2.0,0.9,-0.0,2032.2241873271782,-1.6,0.09999999999999998,-0.0,2301.403125452632
448,2024-01-19,101.36,94.80271520391516,2.0,0.9,-0.0,2032.2241873271782,-1.6,0.09999999999999998,-0.0,2301.403125452632
449,2024-01-19,107.67,102.16852758824763,0.6475046581716257,0.9,-0.0,2032.2241873271782,-2.0,0.09999999999999998,-0.0,2301.403125452632
450,2024-01-19,107.17,106.31486805343944,-1.2000000000248432,0.5842105263092519,128.60400000266245,2160.8281873298406,-2.0,0.09999999999999998,-0.0,2301.403125452632
451,2024-01-19,106.95,115.34807268272341,-2.0,0.09999999999999998,196.78799999734306,2357.6161873271835,-2.0,0.09999999999999998,-0.0,2301.403125452632
452,2024-01-19,99.03,105.8493828358413,-2.0,0.09999999999999998,-0.0,2357.6161873271835,-1.6,0.09999999999999998,-0.0,2301.403125452632
453,2024-01-19,98.49,95.7395638039959,-2.0,0.09999999999999998,-0.0,2357.6161873271835,-2.0,0.09999999999999998,-0.0,2301.403125452632
454,2024-01-19,96.0,91.63707836155781,-1.7334922821258216,0.09999999999999998,-0.0,2357.6161873271835,-2.0,0.09999999999999998,-0.0,2301.403125452632
455,2024-01-19,92.9,91.72830197395874,2.0,0.575,-185.8,2171.8161873271833,-2.0,0.09999999999999998,-0.0,2301.403125452632
456,2024-01-20,93.5,92.82816999081197,-2.0,0.09999999999999992,168.76749999999998,2340.5836873271833,-2.0,0.09999999999999998,-0.0,2301.403125452632
457,2024-01-20,85.4,91.26545249252447,-2.0,0.09999999999999992,-0.0,2340.5836873271833,-2.0,0.09999999999999998,-0.0,2301.403125452632
458,2024-01-20,77.75,82.23972913742121,-0.07046677242058401,0.09999999999999992,-0.0,2340.5836873271833,-1.6,0.09999999999999998,-0.0,2301.403125452632
459,2024-01-20,76.93,75.37503438291233,-0.8644539513263375,0.09999999999999992,-0.0,2340.5836873271833,1.6,0.48,-123.08800000000002,2178.315125452632
460,2024-01-20,76.93,75.64215952374457,1.3684210526393867,0.4250000000018543,-105.27263157954803,2235.3110557476352,1.2000000000000002,0.765,-92.31600000000002,2085.999125452632
461,2024-01-20,76.93,73.16512953445402,2.0,0.9,-153.8599999993994,2081.451055748236,1.2000000000000002,0.9,-43.72863157894738,2042.2704938736847
462,2024-01-20,87.37,82.22710532294951,2.0,0.9,-0.0,2081.451055748236,1.2000000000000002,0.9,-0.0,2042.2704938736847
463,2024-01-20,96.07,94.52343362100333,2.0,0.9,-0.0,2081.451055748236,1.2000000000000002,0.9,-0.0,2042.2704938736847
464,2024-01-20,100.0,104.61827570737043,-2.0,0.37368421052631584,200.0,2281.451055748236,-2.0,0.37368421052631584,200.0,2242.2704938736847
465,2024-01-20,99.0,96.03461891965388,-2.0,0.09999999999999998,102.96000000000002,2384.411055748236,-2.0,0.09999999999999998,102.96000000000002,2345.2304938736847
466,2024-01-20,95.92,94.49642398920419,-1.7866750777571512,0.09999999999999998,-0.0,2384.411055748236,-2.0,0.09999999999999998,-0.0,2345.2304938736847
467,2024-01-20,92.49,85.40299431154243,-1.9564535603002178,0.09999999999999998,-0.0,2384.411055748236,-2.0,0.09999999999999998,-0.0,2345.2304938736847
468,2024-01-20,82.88,78.2767692926477,-1.9487251308324915,0.09999999999999998,-0.0,2384.411055748236,-1.6,0.09999999999999998,-0.0,2345.2304938736847
469,2024-01-20,77.75,82.95904366838585,2.0,0.575,-155.5,2228.911055748236,1.6,0.48,-124.4,2220.8304938736846
470,2024-01-20,78.65,82.28610917207861,2.0,0.9,-107.62631578947371,2121.284739958762,1.2000000000000002,0.765,-94.38000000000002,2126.4504938736845
471,2024-01-20,90.85,95.19682875209769,2.0,0.9,-0.0,2121.284739958762,1.2000000000000002,0.9,-51.64105263157895,2074.8094412421055
472,2024-01-20,96.07,96.43054365998765,2.0,0.9,-0.0,2121.284739958762,1.2000000000000002,0.9,-0.0,2074.8094412421055
473,2024-01-20,105.0,101.94841049123914,-1.2000000000000022,0.5842105263157888,126.00000000000023,2247.2847399587627,-2.0,0.37368421052631584,210.0,2284.8094412421055
474,2024-01-20,105.0,107.1858891412001,-2.0,0.09999999999999998,193.19999999999976,2440.4847399587625,-2.0,0.09999999999999998,109.20000000000003,2394.0094412421054
475,2024-01-20,105.6,113.58767475990118,-2.0,0.09999999999999998,-0.0,2440.4847399587625,-2.0,0.09999999999999998,-0.0,2394.0094412421054
476,2024-01-20,98.52,96.94819133380774,-0.383642590971345,0.09999999999999998,-0.0,2440.4847399587625,-2.0,0.09999999999999998,-0.0,2394.0094412421054
477,2024-01-20,92.91,86.86522470034859,-1.4899020648194623,0.09999999999999998,-0.0,2440.4847399587625,-1.6,0.09999999999999998,-0.0,2394.0094412421054
478,2024-01-20,81.23,78.89153947756982,0.1052631578947149,0.12499999999999477,-8.55052631578769,2431.934213642975,-2.0,0.09999999999999998,-0.0,2394.0094412421054
479,2024-01-20,76.93,82.71374584465016,-2.0,0.1,7.308349999998469,2439.2425636429734,-2.0,0.09999999999999998,-0.0,2394.0094412421054
480,2024-01-21,84.4,87.17893288879908,-0.37505313803263707,0.1,-0.0,2439.2425636429734,-2.0,0.09999999999999998,-0.0,2394.0094412421054
481,2024-01-21,82.2,80.26008533093517,-2.0,0.1,-0.0,2439.2425636429734,-2.0,0.09999999999999998,-0.0,2394.0094412421054
482,2024-01-21,75.03,76.66900344033635,-2.0,0.1,-0.0,2439.2425636429734,-1.6,0.09999999999999998,-0.0,2394.0094412421054
483,2024-01-21,69.0,70.63400557554817,-2.0,0.1,-0.0,2439.2425636429734,1.6,0.48,-110.4,2283.6094412421053
484,2024-01-21,70.0,70.38069582600785,1.368421141053631,0.42500002100023737,-95.78947987375417,2343.453083769219,1.2000000000000002,0.765,-84.00000000000001,2199.6094412421053
485,2024-01-21,69.0,68.07344859581593,2.0,0.9,-137.99999389887842,2205.4530898703406,1.2000000000000002,0.9,-39.22105263157896,2160.3883886105264
486,2024-01-21,73.0,76.85963840999327,2.0,0.9,-0.0,2205.4530898703406,1.2000000000000002,0.9,-0.0,2160.3883886105264
487,2024-01-21,90.0,90.7098217587378,2.0,0.9,-0.0,2205.4530898703406,-2.0,0.37368421052631584,180.0,2340.3883886105264
488,2024-01-21,93.59,86.56991497424634,-1.1999999998808715,0.5842105263471391,112.30799998885077,2317.7610898591915,-2.0,0.09999999999999998,97.33360000000003,2437.7219886105263
489,2024-01-21,89.34,88.67360886676299,-2.0,0.09999999999999998,164.38560001064295,2482.1466898698345,-2.0,0.09999999999999998,-0.0,2437.7219886105263
490,2024-01-21,69.35615,69.60582314566223,-1.0750124580622766,0.09999999999999998,-0.0,2482.1466898698345,-2.0,0.09999999999999998,-0.0,2437.7219886105263
491,2024-01-21,62.89145,62.19084196547169,-0.2724569013968622,0.09999999999999998,-0.0,2482.1466898698345,-1.6,0.09999999999999998,-0.0,2437.7219886105263
492,2024-01-21,60.33551,61.28264829016549,1.368421058480741,0.42500000138917593,-82.56438245817533,2399.5823074116593,1.6,0.48,-96.536816,2341.1851726105265
493,2024-01-21,58.1183,55.9510509123895,2.0,0.9,-116.23659966005667,2283.3457077516027,1.2000000000000002,0.765,-69.74196,2271.4432126105266
494,2024-01-21,65.1,66.48473572487222,2.0,0.9,-0.0,2283.3457077516027,1.2000000000000002,0.9,-37.004210526315795,2234.4390020842106
495,2024-01-21,88.38,94.14319106438181,0.4451274572150101,0.9,-0.0,2283.3457077516027,1.2000000000000002,0.9,-0.0,2234.4390020842106
496,2024-01-21,95.0,93.14103149635761,0.9903777459532915,0.9,-0.0,2283.3457077516027,1.2000000000000002,0.9,-0.0,2234.4390020842106
497,2024-01-21,98.81405,105.3220136556823,2.0,0.9,-0.0,2283.3457077516027,1.2000000000000002,0.9,-0.0,2234.4390020842106
498,2024-01-21,101.87,102.45347851770148,0.36306596367124877,0.9,-0.0,2283.3457077516027,-2.0,0.37368421052631584,203.74,2438.179002084211
499,2024-01-21,105.1,105.46716576159606,-1.9094999999792537,0.3975000000054596,200.68844999781956,2484.0341577494223,-2.0,0.09999999999999998,109.30400000000002,2547.483002084211
500,2024-01-21,105.1,111.94734008954411,-2.0,0.09999999999999998,118.81555000218046,2602.8497077516026,-2.0,0.09999999999999998,-0.0,2547.483002084211
501,2024-01-21,102.41,110.01478203364624,-2.0,0.09999999999999998,-0.0,2602.8497077516026,-2.0,0.09999999999999998,-0.0,2547.483002084211
502,2024-01-21,97.75,99.60812248525832,-0.23316808828440277,0.09999999999999998,-0.0,2602.8497077516026,-2.0,0.09999999999999998,-0.0,2547.483002084211
503,2024-01-21,95.0,89.23658527642168,-2.0,0.09999999999999998,-0.0,2602.8497077516026,-2.0,0.09999999999999998,-0.0,2547.483002084211
504,2024-01-22,84.4,83.30836127916407,-2.0,0.09999999999999998,-0.0,2602.8497077516026,-2.0,0.09999999999999998,-0.0,2547.483002084211
505,2024-01-22,82.2,76.87161510750113,1.368421056519081,0.4250000009232817,-112.48421084586847,2490.3654969057343,1.6,0.48,-131.52,2415.963002084211
506,2024-01-22,77.9,82.9461049819759,-0.0004233608462599731,0.4250000009232817,-0.0,2490.3654969057343,1.2000000000000002,0.765,-93.48000000000002,2322.483002084211
507,2024-01-22,77.9,78.33041657905063,2.0,0.9,-155.79999969716363,2334.565497208571,1.2000000000000002,0.9,-44.28000000000001,2278.2030020842108
508,2024-01-22,82.49,81.89063701867714,2.0,0.9,-0.0,2334.565497208571,1.2000000000000002,0.9,-0.0,2278.2030020842108
509,2024-01-22,95.68,98.27537810452253,1.423336933698677,0.9,-0.0,2334.565497208571,1.2000000000000002,0.9,-0.0,2278.2030020842108
510,2024-01-22,106.0,109.92489577067492,2.0,0.9,-0.0,2334.565497208571,1.2000000000000002,0.9,-0.0,2278.2030020842108
511,2024-01-22,114.5,119.75036054853436,2.0,0.9,-0.0,2334.565497208571,-2.0,0.37368421052631584,229.0,2507.2030020842108
512,2024-01-22,131.8,133.1235984177547,-2.0,0.37368421052631584,263.6,2598.1654972085707,-2.0,0.09999999999999998,137.07200000000006,2644.275002084211
513,2024-01-22,114.0,121.24131390904253,-1.9602040700460586,0.09999999999999998,118.56000000000003,2716.7254972085707,-2.0,0.09999999999999998,-0.0,2644.275002084211
514,2024-01-22,99.83,91.86773957592328,-2.0,0.09999999999999998,-0.0,2716.7254972085707,-2.0,0.09999999999999998,-0.0,2644.275002084211
515,2024-01-22,97.73,93.72524887487707,1.3684210526326555,0.4250000000002556,-133.73578947378942,2582.9897077347814,-1.6,0.09999999999999998,-0.0,2644.275002084211
516,2024-01-22,94.5,97.29700460381348,0.1026543361477332,0.44938040483534225,-9.700834765960787,2573.2888729688207,1.8000000000000003,0.5275000000000001,-170.10000000000002,2474.175002084211
517,2024-01-22,95.0,95.52353761292763,2.0,0.9,-180.2478380658631,2393.0410349029576,1.2000000000000002,0.8125000000000001,-114.00000000000001,2360.175002084211
518,2024-01-22,99.46,97.90772509924948,0.1625907370691407,0.9,-0.0,2393.0410349029576,1.2000000000000002,0.9,-36.6431578947368,2323.531844189474
519,2024-01-22,113.41,120.03422039322342,1.5835413093478659,0.9,-0.0,2393.0410349029576,1.2000000000000002,0.9,-0.0,2323.531844189474
520,2024-01-22,122.00407,112.29146041496507,0.7682184485970344,0.9,-0.0,2393.0410349029576,-2.0,0.37368421052631584,244.00814,2567.539984189474
521,2024-01-22,131.8,136.81513860087205,-2.0,0.37368421052631584,263.6,2656.6410349029575,-2.0,0.09999999999999998,137.07200000000006,2704.6119841894742
522,2024-01-22,119.75,124.50169852854536,-1.147610953094234,0.09999999999999998,124.54000000000003,2781.1810349029574,-2.0,0.09999999999999998,-0.0,2704.6119841894742
523,2024-01-22,114.5,115.70871547223626,-2.0,0.09999999999999998,-0.0,2781.1810349029574,-2.0,0.09999999999999998,-0.0,2704.6119841894742
524,2024-01-22,108.63,107.46082974414807,-1.5177539492396197,0.09999999999999998,-0.0,2781.1810349029574,-2.0,0.09999999999999998,-0.0,2704.6119841894742
525,2024-01-22,99.83,105.32680444053459,-2.0,0.09999999999999998,-0.0,2781.1810349029574,-2.0,0.09999999999999998,-0.0,2704.6119841894742
526,2024-01-22,97.46612,103.20133247828427,-1.62316005276878,0.09999999999999998,-0.0,2781.1810349029574,-2.0,0.09999999999999998,-0.0,2704.6119841894742
527,2024-01-22,90.01,88.00993148892456,-2.0,0.09999999999999998,-0.0,2781.1810349029574,-2.0,0.09999999999999998,-0.0,2704.6119841894742
528,2024-01-23,75.9,77.50055525440891,-2.0,0.09999999999999998,-0.0,2781.1810349029574,-2.0,0.09999999999999998,-0.0,2704.6119841894742
529,2024-01-23,72.0,73.7665776650379,-2.0,0.09999999999999998,-0.0,2781.1810349029574,-1.6,0.09999999999999998,-0.0,2704.6119841894742
530,2024-01-23,65.1,67.38266517407583,2.0,0.575,-130.2,2650.9810349029576,1.6,0.48,-104.16,2600.4519841894744
531,2024-01-23,65.1,68.74154621985899,2.0,0.9,-89.0842105263158,2561.8968243766417,1.2000000000000002,0.765,-78.12,2522.3319841894745
532,2024-01-23,70.33,69.67171273070322,1.1877972700315107,0.9,-0.0,2561.8968243766417,1.2000000000000002,0.9,-39.97705263157896,2482.3549315578957
533,2024-01-23,79.32,75.23583230727387,1.9387285731533117,0.9,-0.0,2561.8968243766417,1.2000000000000002,0.9,-0.0,2482.3549315578957
534,2024-01-23,95.13,88.59904211935671,2.0,0.9,-0.0,2561.8968243766417,1.2000000000000002,0.9,-0.0,2482.3549315578957
535,2024-01-23,104.11,104.26472748011074,2.0,0.9,-0.0,2561.8968243766417,-2.0,0.37368421052631584,208.22,2690.5749315578955
536,2024-01-23,122.00354,112.81452507259716,-2.0,0.37368421052631584,244.00708,2805.9039043766415,-2.0,0.09999999999999998,126.88368160000003,2817.4586131578953
537,2024-01-23,105.0,109.44661721170998,-2.0,0.09999999999999998,109.20000000000003,2915.1039043766414,-2.0,0.09999999999999998,-0.0,2817.4586131578953
538,2024-01-23,96.45,100.45037723836765,-2.0,0.09999999999999998,-0.0,2915.1039043766414,-2.0,0.09999999999999998,-0.0,2817.4586131578953
539,2024-01-23,90.0,92.66622884495062,-0.5169303501682009,0.09999999999999998,-0.0,2915.1039043766414,-1.6,0.09999999999999998,-0.0,2817.4586131578953
540,2024-01-23,79.74703,76.44018622582267,2.0,0.575,-159.49406,2755.6098443766414,-1.6,0.09999999999999998,-0.0,2817.4586131578953
541,2024-01-23,79.567,80.73247900031659,2.0,0.9,-108.88115789473686,2646.7286864819043,-1.6,0.09999999999999998,-0.0,2817.4586131578953
542,2024-01-23,85.87885,84.5756397314035,2.0,0.9,-0.0,2646.7286864819043,-1.6,0.09999999999999998,-0.0,2817.4586131578953
543,2024-01-23,92.89909,88.4184691033483,2.0,0.9,-0.0,2646.7286864819043,-1.6,0.09999999999999998,-0.0,2817.4586131578953
544,2024-01-23,100.13,94.13823389055457,2.0,0.9,-0.0,2646.7286864819043,-1.6,0.09999999999999998,-0.0,2817.4586131578953
545,2024-01-23,105.98,102.02523033051669,-1.100000000067814,0.6105263157716279,116.57800000718694,2763.306686489091,-2.0,0.09999999999999998,-0.0,2817.4586131578953
546,2024-01-23,103.04,104.58532463439674,-2.0,0.09999999999999998,199.89759999301242,2963.2042864821037,-1.6,0.09999999999999998,-0.0,2817.4586131578953
547,2024-01-23,101.61,103.13308079799428,-2.0,0.09999999999999998,-0.0,2963.2042864821037,-1.6,0.09999999999999998,-0.0,2817.4586131578953
548,2024-01-23,99.46,107.09517110368436,-1.8056547661338567,0.09999999999999998,-0.0,2963.2042864821037,-2.0,0.09999999999999998,-0.0,2817.4586131578953
549,2024-01-23,97.66,104.84767622757307,-1.0780951621361283,0.09999999999999998,-0.0,2963.2042864821037,-2.0,0.09999999999999998,-0.0,2817.4586131578953
550,2024-01-23,94.1,88.35753010679544,-1.9207118059221386,0.09999999999999998,-0.0,2963.2042864821037,-2.0,0.09999999999999998,-0.0,2817.4586131578953
551,2024-01-23,89.44,93.40004447409864,-2.0,0.09999999999999998,-0.0,2963.2042864821037,-2.0,0.09999999999999998,-0.0,2817.4586131578953
552,2024-01-24,76.4,81.85448068927188,-0.7424812093307537,0.09999999999999998,-0.0,2963.2042864821037,-2.0,0.09999999999999998,-0.0,2817.4586131578953
553,2024-01-24,69.0,73.755318090227,-2.0,0.09999999999999998,-0.0,2963.2042864821037,-1.6,0.09999999999999998,-0.0,2817.4586131578953
554,2024-01-24,65.7,68.74928286111725,-0.44814745494402164,0.09999999999999998,-0.0,2963.2042864821037,1.2000000000000002,0.385,-78.84000000000002,2738.618613157895
555,2024-01-24,65.3,60.32396530988732,2.0,0.575,-130.6,2832.604286482104,1.2000000000000002,0.67,-78.36000000000001,2660.258613157895
556,2024-01-24,66.85,71.4797216070494,2.0,0.9,-91.47894736842106,2741.125339113683,1.2000000000000002,0.9,-64.73894736842105,2595.519665789474
557,2024-01-24,79.0,72.93961514808612,0.38936428796614597,0.9,-0.0,2741.125339113683,1.2000000000000002,0.9,-0.0,2595.519665789474
558,2024-01-24,97.01,97.85762013482977,2.0,0.9,-0.0,2741.125339113683,1.2000000000000002,0.9,-0.0,2595.519665789474
559,2024-01-24,122.0061,124.83773689354369,-1.2000000001501605,0.5842105262762736,146.4073200183205,2887.5326591320036,-2.0,0.37368421052631584,244.0122,2839.531865789474
560,2024-01-24,128.0,121.62364090527514,-2.0,0.09999999999999998,235.51999998077946,3123.052659112783,-2.0,0.09999999999999998,133.12000000000003,2972.651865789474
561,2024-01-24,107.52,102.32022265665228,-2.0,0.09999999999999998,-0.0,3123.052659112783,-2.0,0.09999999999999998,-0.0,2972.651865789474
562,2024-01-24,98.3,90.83571398672997,-2.0,0.09999999999999998,-0.0,3123.052659112783,-2.0,0.09999999999999998,-0.0,2972.651865789474
563,2024-01-24,95.25,88.96477013319505,-2.0,0.09999999999999998,-0.0,3123.052659112783,-1.6,0.09999999999999998,-0.0,2972.651865789474
564,2024-01-24,83.22628,81.14337836188801,2.0,0.575,-166.45256,2956.600099112783,1.6,0.48,-133.162048,2839.489817789474
565,2024-01-24,84.97,82.33655492767544,2.0,0.9,-116.27473684210528,2840.325362270678,1.2000000000000002,0.765,-101.96400000000001,2737.525817789474
566,2024-01-24,95.25,90.84624947700692,1.7774887230103211,0.9,-0.0,2840.325362270678,1.2000000000000002,0.9,-54.1421052631579,2683.383712526316
567,2024-01-24,101.0,97.04273971236529,2.0,0.9,-0.0,2840.325362270678,1.2000000000000002,0.9,-0.0,2683.383712526316
568,2024-01-24,111.88,117.33579879935539,2.0,0.9,-0.0,2840.325362270678,1.2000000000000002,0.9,-0.0,2683.383712526316
569,2024-01-24,125.53,129.3591194124242,-2.0,0.37368421052631584,251.06,3091.385362270678,-2.0,0.37368421052631584,251.06,2934.4437125263157
570,2024-01-24,123.54,120.94762903719175,-2.0,0.09999999999999998,128.48160000000004,3219.866962270678,-2.0,0.09999999999999998,128.48160000000004,3062.925312526316
571,2024-01-24,119.27,120.99571518188871,-2.0,0.09999999999999998,-0.0,3219.866962270678,-2.0,0.09999999999999998,-0.0,3062.925312526316
572,2024-01-24,105.04,104.26365172613791,-2.0,0.09999999999999998,-0.0,3219.866962270678,-1.6,0.09999999999999998,-0.0,3062.925312526316
573,2024-01-24,101.94,100.41713214851093,-2.0,0.09999999999999998,-0.0,3219.866962270678,-2.0,0.09999999999999998,-0.0,3062.925312526316
574,2024-01-24,97.09,104.25047027676463,-2.0,0.09999999999999998,-0.0,3219.866962270678,-2.0,0.09999999999999998,-0.0,3062.925312526316
575,2024-01-24,94.0,89.00687186517592,-2.0,0.09999999999999998,-0.0,3219.866962270678,-2.0,0.09999999999999998,-0.0,3062.925312526316
576,2024-01-25,80.34,81.09397678584307,-2.0,0.09999999999999998,-0.0,3219.866962270678,-2.0,0.09999999999999998,-0.0,3062.925312526316
577,2024-01-25,72.23,69.06641093412783,2.0,0.575,-144.46,3075.406962270678,-1.6,0.09999999999999998,-0.0,3062.925312526316
578,2024-01-25,69.6,65.54349245070617,2.0,0.9,-95.24210526315791,2980.16485700752,1.6,0.48,-111.36,2951.5653125263157
579,2024-01-25,66.9,65.0818403559385,0.5086966717276743,0.9,-0.0,2980.16485700752,1.2000000000000002,0.765,-80.28000000000002,2871.2853125263155
580,2024-01-25,69.76,65.08544926004112,2.0,0.9,-0.0,2980.16485700752,1.2000000000000002,0.9,-39.65305263157896,2831.6322598947363
581,2024-01-25,80.0,73.89162867273461,2.0,0.9,-0.0,2980.16485700752,1.2000000000000002,0.9,-0.0,2831.6322598947363
582,2024-01-25,96.19,98.00511116015882,2.0,0.9,-0.0,2980.16485700752,1.2000000000000002,0.9,-0.0,2831.6322598947363
583,2024-01-25,106.13,99.19694148432342,2.0,0.9,-0.0,2980.16485700752,-2.0,0.37368421052631584,212.26,3043.8922598947365
584,2024-01-25,124.23,130.22393426098503,-2.0,0.37368421052631584,248.46,3228.62485700752,-2.0,0.09999999999999998,129.19920000000005,3173.0914598947365
585,2024-01-25,106.3,109.22580915570987,-2.0,0.09999999999999998,110.55200000000002,3339.17685700752,-2.0,0.09999999999999998,-0.0,3173.0914598947365
586,2024-01-25,94.19572,100.93928601981236,-0.3923071974953657,0.09999999999999998,-0.0,3339.17685700752,-2.0,0.09999999999999998,-0.0,3173.0914598947365
587,2024-01-25,89.10863,83.58709215653425,-0.4762140184826871,0.09999999999999998,-0.0,3339.17685700752,-1.6,0.09999999999999998,-0.0,3173.0914598947365
588,2024-01-25,78.212,73.84879943019327,2.0,0.575,-156.424,3182.75285700752,1.6,0.48,-125.13920000000002,3047.9522598947365
589,2024-01-25,78.39197,72.18662996942949,2.0,0.9,-107.27322210526317,3075.4796349022567,1.2000000000000002,0.765,-94.07036400000001,2953.8818958947363
590,2024-01-25,89.67638,94.72638872125574,1.999855955912636,0.9,-0.0,3075.4796349022567,1.2000000000000002,0.9,-50.97394231578948,2902.907953578947
591,2024-01-25,98.43,93.54641081537137,0.9456772465853004,0.9,-0.0,3075.4796349022567,1.2000000000000002,0.9,-0.0,2902.907953578947
592,2024-01-25,108.56,112.40614343671723,2.0,0.9,-0.0,3075.4796349022567,1.2000000000000002,0.9,-0.0,2902.907953578947
593,2024-01-25,126.56,123.70565209205942,-2.0,0.37368421052631584,253.12,3328.5996349022566,-2.0,0.37368421052631584,253.12,3156.027953578947
594,2024-01-25,122.00018,119.6976552462748,-2.0,0.09999999999999998,126.88018720000004,3455.4798221022565,-2.0,0.09999999999999998,126.88018720000004,3282.9081407789467
595,2024-01-25,120.0,128.8886377471624,-2.0,0.09999999999999998,-0.0,3455.4798221022565,-2.0,0.09999999999999998,-0.0,3282.9081407789467
596,2024-01-25,106.13,100.2771087527739,-1.2322554070617664,0.09999999999999998,-0.0,3455.4798221022565,-1.6,0.09999999999999998,-0.0,3282.9081407789467
597,2024-01-25,99.89,105.81219739476217,-1.2716609989084975,0.09999999999999998,-0.0,3455.4798221022565,-1.6,0.09999999999999998,-0.0,3282.9081407789467
598,2024-01-25,96.82,93.01479298968192,2.0,0.575,-193.64,3261.8398221022567,-2.0,0.09999999999999998,-0.0,3282.9081407789467
599,2024-01-25,95.68,92.70044781166825,-2.0,0.09999999999999992,172.7024,3434.542222102257,-2.0,0.09999999999999998,-0.0,3282.9081407789467
600,2024-01-26,93.8,96.82131460343717,-2.0,0.09999999999999992,-0.0,3434.542222102257,-2.0,0.09999999999999998,-0.0,3282.9081407789467
601,2024-01-26,88.89,95.70720624642563,-1.072353024485497,0.09999999999999992,-0.0,3434.542222102257,-2.0,0.09999999999999998,-0.0,3282.9081407789467
602,2024-01-26,85.8,82.37477255569728,2.0,0.575,-171.6,3262.942222102257,-1.6,0.09999999999999998,-0.0,3282.9081407789467
603,2024-01-26,83.0,83.58736625706047,2.0,0.9,-113.57894736842107,3149.3632747338356,1.6,0.48,-132.8,3150.1081407789466
604,2024-01-26,85.0,79.76359615721377,2.0,0.9,-0.0,3149.3632747338356,1.2000000000000002,0.765,-102.00000000000001,3048.1081407789466
605,2024-01-26,90.01,87.47540551049124,1.1430740174759946,0.9,-0.0,3149.3632747338356,1.2000000000000002,0.9,-51.163578947368435,2996.944561831578
606,2024-01-26,99.3,92.64105002991977,2.0,0.9,-0.0,3149.3632747338356,1.2000000000000002,0.9,-0.0,2996.944561831578
607,2024-01-26,120.05,112.82158796513994,1.8310068376795303,0.9,-0.0,3149.3632747338356,-2.0,0.37368421052631584,240.1,3237.044561831578
608,2024-01-26,135.0,140.77020740967174,-2.0,0.37368421052631584,270.0,3419.3632747338356,-2.0,0.09999999999999998,140.40000000000003,3377.444561831578
609,2024-01-26,120.05,124.2102734612975,-2.0,0.09999999999999998,124.85200000000003,3544.2152747338355,-2.0,0.09999999999999998,-0.0,3377.444561831578
610,2024-01-26,100.31,99.26932756520753,-2.0,0.09999999999999998,-0.0,3544.2152747338355,-2.0,0.09999999999999998,-0.0,3377.444561831578
611,2024-01-26,96.87346,99.6855552021032,-2.0,0.09999999999999998,-0.0,3544.2152747338355,-1.6,0.09999999999999998,-0.0,3377.444561831578
612,2024-01-26,86.44,90.03566120343868,-2.0,0.09999999999999998,-0.0,3544.2152747338355,1.8000000000000003,0.5275000000000001,-155.592,3221.852561831578
613,2024-01-26,87.52317,83.12434229904832,2.0,0.575,-175.04634,3369.1689347338356,1.2000000000000002,0.8125000000000001,-105.027804,3116.824757831578
614,2024-01-26,95.01,91.06550338327217,2.0,0.9,-130.01368421052635,3239.1552505233094,1.2000000000000002,0.9,-35.00368421052628,3081.8210736210517
615,2024-01-26,101.6558,108.66734949496107,2.0,0.9,-0.0,3239.1552505233094,1.2000000000000002,0.9,-0.0,3081.8210736210517
616,2024-01-26,117.45,120.47148377649555,-2.0,0.37368421052631584,234.9,3474.0552505233095,1.2000000000000002,0.9,-0.0,3081.8210736210517
617,2024-01-26,128.0,132.00353774430798,-1.5031435730198193,0.09999999999999998,133.12000000000003,3607.1752505233094,-2.0,0.37368421052631584,256.0,3337.8210736210517
618,2024-01-26,119.99,126.7124806142223,-2.0,0.09999999999999998,-0.0,3607.1752505233094,-2.0,0.09999999999999998,124.78960000000002,3462.610673621052
619,2024-01-26,115.0,114.88229438574601,-2.0,0.09999999999999998,-0.0,3607.1752505233094,-2.0,0.09999999999999998,-0.0,3462.610673621052
620,2024-01-26,101.24552,101.20967199292487,-1.8426290027419954,0.09999999999999998,-0.0,3607.1752505233094,-1.6,0.09999999999999998,-0.0,3462.610673621052
621,2024-01-26,98.57,93.43382417049969,-2.0,0.09999999999999998,-0.0,3607.1752505233094,-1.6,0.09999999999999998,-0.0,3462.610673621052
622,2024-01-26,95.48,100.1798570591213,-1.9870775464294446,0.09999999999999998,-0.0,3607.1752505233094,-2.0,0.09999999999999998,-0.0,3462.610673621052
623,2024-01-26,94.05,90.98242882323183,2.0,0.575,-188.1,3419.0752505233095,-2.0,0.09999999999999998,-0.0,3462.610673621052
624,2024-01-27,97.29,93.24972893486476,0.0012240139347947862,0.575,-0.0,3419.0752505233095,-2.0,0.09999999999999998,-0.0,3462.610673621052
625,2024-01-27,93.27,93.76440377575743,-2.0,0.09999999999999992,168.35234999999997,3587.4276005233096,-2.0,0.09999999999999998,-0.0,3462.610673621052
626,2024-01-27,90.46,83.44650610928566,-2.0,0.09999999999999992,-0.0,3587.4276005233096,-1.6,0.09999999999999998,-0.0,3462.610673621052
627,2024-01-27,86.44,92.33936560927172,-2.0,0.09999999999999992,-0.0,3587.4276005233096,1.6,0.48,-138.304,3324.3066736210517
628,2024-01-27,85.7,79.34496893557824,2.0,0.575,-171.4,3416.0276005233095,1.2000000000000002,0.765,-102.84000000000002,3221.4666736210515
629,2024-01-27,86.44,93.10155496103295,0.008273069159163482,0.575,-0.0,3416.0276005233095,1.2000000000000002,0.9,-49.13431578947369,3172.332357831578
630,2024-01-27,95.21,91.14775513042969,2.0,0.9,-130.28736842105263,3285.740232102257,1.2000000000000002,0.9,-0.0,3172.332357831578
631,2024-01-27,104.94,104.0480978137848,-1.200000006588247,0.5842105245820403,125.92800069137064,3411.6682327936273,1.2000000000000002,0.9,-0.0,3172.332357831578
632,2024-01-27,114.2,114.1774288377085,-2.0,0.09999999999999998,210.1279992476222,3621.7962320412494,-2.0,0.37368421052631584,228.4,3400.732357831578
633,2024-01-27,104.23,110.78997671693416,-2.0,0.09999999999999998,-0.0,3621.7962320412494,-2.0,0.09999999999999998,108.39920000000004,3509.131557831578
634,2024-01-27,95.0,91.61183437614288,-2.0,0.09999999999999998,-0.0,3621.7962320412494,-2.0,0.09999999999999998,-0.0,3509.131557831578
635,2024-01-27,85.0,91.58331972551264,-2.0,0.09999999999999998,-0.0,3621.7962320412494,-2.0,0.09999999999999998,-0.0,3509.131557831578
636,2024-01-27,70.57,69.27081199076311,-2.0,0.09999999999999998,-0.0,3621.7962320412494,1.8000000000000003,0.5275000000000001,-127.02600000000001,3382.105557831578
637,2024-01-27,70.19,64.87616738790013,2.0,0.575,-140.38,3481.4162320412493,1.2000000000000002,0.8125000000000001,-84.22800000000001,3297.877557831578
638,2024-01-27,71.95,71.93432566607325,2.0,0.9,-98.45789473684212,3382.958337304407,1.2000000000000002,0.9,-26.50789473684208,3271.369663094736
639,2024-01-27,78.34,80.10438876211681,2.0,0.9,-0.0,3382.958337304407,1.2000000000000002,0.9,-0.0,3271.369663094736
640,2024-01-27,96.33,93.97879113812853,2.0,0.9,-0.0,3382.958337304407,1.2000000000000002,0.9,-0.0,3271.369663094736
641,2024-01-27,101.94,105.05254577369493,-2.0,0.37368421052631584,203.88,3586.838337304407,-2.0,0.37368421052631584,203.88,3475.249663094736
642,2024-01-27,105.78,113.42520314361113,-1.9665727203545325,0.09999999999999998,110.01120000000003,3696.849537304407,-2.0,0.09999999999999998,110.01120000000003,3585.260863094736
643,2024-01-27,105.33,107.03635352528278,-1.9557281680504932,0.09999999999999998,-0.0,3696.849537304407,-2.0,0.09999999999999998,-0.0,3585.260863094736
644,2024-01-27,98.61,102.45762613245661,-2.0,0.09999999999999998,-0.0,3696.849537304407,-2.0,0.09999999999999998,-0.0,3585.260863094736
645,2024-01-27,97.29,103.84936277711024,-2.0,0.09999999999999998,-0.0,3696.849537304407,-2.0,0.09999999999999998,-0.0,3585.260863094736
646,2024-01-27,90.78,89.09678985579865,-2.0,0.09999999999999998,-0.0,3696.849537304407,-2.0,0.09999999999999998,-0.0,3585.260863094736
647,2024-01-27,84.0,90.21411364413251,-2.0,0.09999999999999998,-0.0,3696.849537304407,-2.0,0.09999999999999998,-0.0,3585.260863094736
648,2024-01-28,75.11,79.08700110554588,-2.0,0.09999999999999998,-0.0,3696.849537304407,-2.0,0.09999999999999998,-0.0,3585.260863094736
649,2024-01-28,73.27,72.14727157531263,-1.6509829696202705,0.09999999999999998,-0.0,3696.849537304407,-2.0,0.09999999999999998,-0.0,3585.260863094736
650,2024-01-28,70.46,67.55518255054872,-0.7582434420957428,0.09999999999999998,-0.0,3696.849537304407,-1.6,0.09999999999999998,-0.0,3585.260863094736
651,2024-01-28,66.44,62.05245591239352,2.0,0.575,-132.88,3563.969537304407,1.6,0.48,-106.304,3478.956863094736
652,2024-01-28,61.93,64.18961981792654,-0.007832119446683128,0.575,-0.0,3563.969537304407,1.2000000000000002,0.765,-74.31600000000002,3404.6408630947362
653,2024-01-28,61.82058,61.286899378263676,2.0,0.9,-84.59658315789476,3479.3729541465123,1.2000000000000002,0.9,-35.140119157894745,3369.5007439368414
654,2024-01-28,70.4,70.27524925903272,1.691287704613309,0.9,-0.0,3479.3729541465123,1.2000000000000002,0.9,-0.0,3369.5007439368414
655,2024-01-28,75.19,70.07999557142274,0.9256420089268539,0.9,-0.0,3479.3729541465123,-2.0,0.37368421052631584,150.38,3519.8807439368416
656,2024-01-28,90.0,84.75266518321031,-1.2000000000073487,0.5842105263138556,108.00000000066139,3587.3729541471735,-2.0,0.09999999999999998,93.60000000000002,3613.4807439368415
657,2024-01-28,89.37,92.84165807814198,-2.0,0.09999999999999998,164.44079999934326,3751.8137541465167,-2.0,0.09999999999999998,-0.0,3613.4807439368415
658,2024-01-28,65.0,62.36168696252635,-0.28169686594308563,0.09999999999999998,-0.0,3751.8137541465167,-2.0,0.09999999999999998,-0.0,3613.4807439368415
659,2024-01-28,49.99,50.91451976699433,-1.8428535947318256,0.09999999999999998,-0.0,3751.8137541465167,-1.6,0.09999999999999998,-0.0,3613.4807439368415
660,2024-01-28,50.0,48.787459099420055,2.0,0.575,-100.0,3651.8137541465167,1.6,0.48,-80.0,3533.4807439368415
661,2024-01-28,48.33318,48.05133797976256,2.0,0.9,-66.14014105263159,3585.6736130938853,1.2000000000000002,0.765,-57.99981600000001,3475.4809279368415
662,2024-01-28,67.08,70.1876170081711,2.0,0.9,-0.0,3585.6736130938853,1.2000000000000002,0.9,-38.12968421052632,3437.3512437263153
663,2024-01-28,77.30454,72.74867510037943,2.0,0.9,-0.0,3585.6736130938853,1.2000000000000002,0.9,-0.0,3437.3512437263153
664,2024-01-28,88.28622,87.71534216624097,2.0,0.9,-0.0,3585.6736130938853,1.2000000000000002,0.9,-0.0,3437.3512437263153
665,2024-01-28,98.35821,93.86249007604218,2.0,0.9,-0.0,3585.6736130938853,1.2000000000000002,0.9,-0.0,3437.3512437263153
666,2024-01-28,100.0,106.94603293170266,-2.0,0.37368421052631584,200.0,3785.6736130938853,-2.0,0.37368421052631584,200.0,3637.3512437263153
667,2024-01-28,100.56,105.73668752515852,-2.0,0.09999999999999998,104.58240000000004,3890.2560130938855,-2.0,0.09999999999999998,104.58240000000004,3741.9336437263155
668,2024-01-28,97.44,92.96980077712038,-2.0,0.09999999999999998,-0.0,3890.2560130938855,-2.0,0.09999999999999998,-0.0,3741.9336437263155
669,2024-01-28,97.0,93.72680720941442,-2.0,0.09999999999999998,-0.0,3890.2560130938855,-2.0,0.09999999999999998,-0.0,3741.9336437263155
670,2024-01-28,90.93,93.10841252449177,-2.0,0.09999999999999998,-0.0,3890.2560130938855,-2.0,0.09999999999999998,-0.0,3741.9336437263155
671,2024-01-28,75.11,80.43238083917505,-2.0,0.09999999999999998,-0.0,3890.2560130938855,-2.0,0.09999999999999998,-0.0,3741.9336437263155
672,2024-01-29,75.11,69.54157466990479,1.7114319594628862,0.5064650903724355,-128.54565447525738,3761.710358618628,-2.0,0.09999999999999998,-0.0,3741.9336437263155
673,2024-01-29,68.11,70.51308696707959,0.04781178131058121,0.5178203884336985,-3.256460425063686,3758.4538981935643,-1.6,0.09999999999999998,-0.0,3741.9336437263155
674,2024-01-29,70.46,67.88719173014721,-0.37128146259823863,0.4201147403815304,26.160491854671893,3784.614390048236,1.6,0.48,-112.73599999999999,3629.1976437263156
675,2024-01-29,66.44,62.00502988343005,2.0,0.8951147403815304,-132.88,3651.734390048236,1.2000000000000002,0.765,-79.72800000000001,3549.4696437263156
676,2024-01-29,62.77,59.82607969499528,0.5949666876246197,0.9,-1.291148405268797,3650.443241642967,1.2000000000000002,0.9,-35.67978947368422,3513.7898542526314
677,2024-01-29,78.8,79.10910733573004,1.0799002096689698,0.9,-0.0,3650.443241642967,1.2000000000000002,0.9,-0.0,3513.7898542526314
678,2024-01-29,96.78,89.04367657418119,2.0,0.9,-0.0,3650.443241642967,1.2000000000000002,0.9,-0.0,3513.7898542526314
679,2024-01-29,103.14,96.70904676550664,2.0,0.9,-0.0,3650.443241642967,1.2000000000000002,0.9,-0.0,3513.7898542526314
680,2024-01-29,126.2,119.71573082312057,-2.0,0.37368421052631584,252.4,3902.8432416429673,-2.0,0.37368421052631584,252.4,3766.1898542526314
681,2024-01-29,105.0,109.1937411513423,-1.9278211076760061,0.09999999999999998,109.20000000000003,4012.043241642967,-2.0,0.09999999999999998,109.20000000000003,3875.3898542526313
682,2024-01-29,98.61,102.30324509553171,-0.18186301961967163,0.09999999999999998,-0.0,4012.043241642967,-2.0,0.09999999999999998,-0.0,3875.3898542526313
683,2024-01-29,95.96789,95.6532756164739,-2.0,0.09999999999999998,-0.0,4012.043241642967,-1.6,0.09999999999999998,-0.0,3875.3898542526313
684,2024-01-29,90.11,89.40925078089182,2.0,0.575,-180.22,3831.8232416429673,-1.6,0.09999999999999998,-0.0,3875.3898542526313
685,2024-01-29,90.5,87.83541082301757,2.0,0.9,-123.84210526315792,3707.9811363798094,1.6,0.48,-144.8,3730.589854252631
686,2024-01-29,96.0,98.93025449933958,1.9252178828702147,0.9,-0.0,3707.9811363798094,1.2000000000000002,0.765,-115.20000000000002,3615.3898542526313
687,2024-01-29,100.42531,93.36613383350944,1.7949849084020055,0.9,-0.0,3707.9811363798094,1.2000000000000002,0.9,-57.08386042105264,3558.3059938315787
688,2024-01-29,109.78,112.90352969077114,-1.1999999663452556,0.5842105351723011,131.73599630538217,3839.7171326851917,1.2000000000000002,0.9,-0.0,3558.3059938315787
689,2024-01-29,126.3,135.54330466804018,-2.0,0.09999999999999998,232.39200425059423,4072.109136935786,-2.0,0.37368421052631584,252.6,3810.9059938315786
690,2024-01-29,120.69,128.86798925299058,-2.0,0.09999999999999998,-0.0,4072.109136935786,-2.0,0.09999999999999998,125.51760000000003,3936.4235938315787
691,2024-01-29,113.28,120.58938007915108,-1.9998837455885572,0.09999999999999998,-0.0,4072.109136935786,-2.0,0.09999999999999998,-0.0,3936.4235938315787
692,2024-01-29,101.0,104.98474657934712,-2.0,0.09999999999999998,-0.0,4072.109136935786,-1.6,0.09999999999999998,-0.0,3936.4235938315787
693,2024-01-29,99.0,102.46437736757346,-2.0,0.09999999999999998,-0.0,4072.109136935786,-2.0,0.09999999999999998,-0.0,3936.4235938315787
694,2024-01-29,96.21,98.88575731830174,-2.0,0.09999999999999998,-0.0,4072.109136935786,-2.0,0.09999999999999998,-0.0,3936.4235938315787
695,2024-01-29,92.52,94.95482939330954,-1.5473971723377122,0.09999999999999998,-0.0,4072.109136935786,-2.0,0.09999999999999998,-0.0,3936.4235938315787
696,2024-01-30,84.7,79.87666418503518,-2.0,0.09999999999999998,-0.0,4072.109136935786,-2.0,0.09999999999999998,-0.0,3936.4235938315787
697,2024-01-30,83.03,76.75650843223451,-2.0,0.09999999999999998,-0.0,4072.109136935786,-1.6,0.09999999999999998,-0.0,3936.4235938315787
698,2024-01-30,78.34,82.32975278916157,-0.2504875060932922,0.09999999999999998,-0.0,4072.109136935786,1.6,0.48,-125.34400000000001,3811.0795938315787
699,2024-01-30,79.91,85.09149801814623,2.0,0.575,-159.82,3912.289136935786,1.2000000000000002,0.765,-95.89200000000001,3715.187593831579
700,2024-01-30,83.03,81.42476951117885,2.0,0.9,-113.62000000000002,3798.669136935786,1.2000000000000002,0.9,-47.19600000000001,3667.991593831579
701,2024-01-30,83.78,84.1279274326431,0.6262588515086259,0.9,-0.0,3798.669136935786,1.2000000000000002,0.9,-0.0,3667.991593831579
702,2024-01-30,97.8,101.78045248999771,1.9286599289415678,0.9,-0.0,3798.669136935786,1.2000000000000002,0.9,-0.0,3667.991593831579
703,2024-01-30,107.61,114.86443273567978,-1.1999999999830318,0.5842105263202548,129.13199999817405,3927.80113693396,-2.0,0.37368421052631584,215.22,3883.2115938315787
704,2024-01-30,127.01,130.2021098139193,-2.0,0.09999999999999998,233.69840000215515,4161.499536936115,-2.0,0.09999999999999998,132.09040000000005,4015.301993831579
705,2024-01-30,110.16,118.49627299809669,-1.1390443344683745,0.09999999999999998,-0.0,4161.499536936115,-2.0,0.09999999999999998,-0.0,4015.301993831579
706,2024-01-30,100.0,99.18779242003787,-1.5785195920005313,0.09999999999999998,-0.0,4161.499536936115,-2.0,0.09999999999999998,-0.0,4015.301993831579
707,2024-01-30,95.5,91.53187791907446,-0.8873124582440576,0.09999999999999998,-0.0,4161.499536936115,-1.6,0.09999999999999998,-0.0,4015.301993831579
708,2024-01-30,84.0,85.98339959305889,1.3684210528281984,0.4250000000466971,-114.94736843756866,4046.5521684985465,1.6,0.48,-134.4,3880.9019938315787
709,2024-01-30,84.0,86.27779195668444,2.0,0.9,-167.999999983484,3878.5521685150625,1.2000000000000002,0.765,-100.80000000000001,3780.1019938315785
710,2024-01-30,94.52,101.84909846232831,-1.8999999999999975,0.4000000000000007,179.58799999999977,4058.140168515062,1.2000000000000002,0.9,-53.72715789473685,3726.3748359368415
711,2024-01-30,100.0,107.14653165348432,0.10526316937016357,0.42500000272541455,-10.526316937016357,4047.613851578046,1.2000000000000002,0.9,-0.0,3726.3748359368415
712,2024-01-30,110.0,105.99509396047303,2.0,0.9,-219.99999873770275,3827.613852840343,1.2000000000000002,0.9,-0.0,3726.3748359368415
713,2024-01-30,124.34,131.37267465710337,-2.0,0.37368421052631584,248.68,4076.293852840343,-2.0,0.37368421052631584,248.68,3975.0548359368413
714,2024-01-30,123.69,131.00066096652165,-2.0,0.09999999999999998,128.63760000000002,4204.931452840343,-2.0,0.09999999999999998,128.63760000000002,4103.692435936841
715,2024-01-30,118.14,120.49373195899484,-2.0,0.09999999999999998,-0.0,4204.931452840343,-2.0,0.09999999999999998,-0.0,4103.692435936841
716,2024-01-30,108.14343,101.62554367744822,-2.0,0.09999999999999998,-0.0,4204.931452840343,-1.6,0.09999999999999998,-0.0,4103.692435936841
717,2024-01-30,102.02,101.57750368069375,-2.0,0.09999999999999998,-0.0,4204.931452840343,-2.0,0.09999999999999998,-0.0,4103.692435936841
718,2024-01-30,98.0,93.56296160739906,-1.9978657492692755,0.09999999999999998,-0.0,4204.931452840343,-2.0,0.09999999999999998,-0.0,4103.692435936841
719,2024-01-30,96.78,94.54899407887775,-2.0,0.09999999999999998,-0.0,4204.931452840343,-2.0,0.09999999999999998,-0.0,4103.692435936841
720,2024-01-31,95.2,91.06225964457497,-2.0,0.09999999999999998,-0.0,4204.931452840343,-2.0,0.09999999999999998,-0.0,4103.692435936841
721,2024-01-31,95.2,98.60196950721279,-2.0,0.09999999999999998,-0.0,4204.931452840343,-2.0,0.09999999999999998,-0.0,4103.692435936841
722,2024-01-31,85.52,88.7134327257863,2.0,0.575,-171.04,4033.891452840343,1.6,0.48,-136.832,3966.8604359368414
723,2024-01-31,89.81,86.91059679255474,2.0,0.9,-122.89789473684213,3910.9935581035006,1.2000000000000002,0.765,-107.77200000000002,3859.0884359368415
724,2024-01-31,91.03,86.10665837052748,1.8918201407462574,0.9,-0.0,3910.9935581035006,1.2000000000000002,0.9,-51.743368421052644,3807.3450675157887
725,2024-01-31,95.13,88.13035428974764,1.9993195998871434,0.9,-0.0,3910.9935581035006,1.2000000000000002,0.9,-0.0,3807.3450675157887
726,2024-01-31,103.37,103.25420443477486,1.836126156806382,0.9,-0.0,3910.9935581035006,1.2000000000000002,0.9,-0.0,3807.3450675157887
727,2024-01-31,111.76,107.95696906419158,0.9848492053327523,0.9,-0.0,3910.9935581035006,-2.0,0.37368421052631584,223.52,4030.8650675157887
728,2024-01-31,123.39974,123.07716792652434,-2.0,0.37368421052631584,246.79948,4157.7930381035,-2.0,0.09999999999999998,128.33572960000004,4159.200797115789
729,2024-01-31,115.63,109.03134855639777,-2.0,0.09999999999999998,120.25520000000003,4278.0482381035,-2.0,0.09999999999999998,-0.0,4159.200797115789
730,2024-01-31,99.38,105.52578447936592,-1.9871182767619207,0.09999999999999998,-0.0,4278.0482381035,-2.0,0.09999999999999998,-0.0,4159.200797115789
731,2024-01-31,94.73,99.92659897919052,-1.0796526507171906,0.09999999999999998,-0.0,4278.0482381035,-1.6,0.09999999999999998,-0.0,4159.200797115789
732,2024-01-31,80.5,74.13965851622265,2.0,0.575,-161.0,4117.0482381035,1.6,0.48,-128.8,4030.400797115789
733,2024-01-31,79.99,75.58133114867192,2.0,0.9,-109.46000000000001,4007.5882381035,1.2000000000000002,0.765,-95.98800000000001,3934.412797115789
734,2024-01-31,89.5,87.75417854139582,2.0,0.9,-0.0,4007.5882381035,1.2000000000000002,0.9,-50.87368421052633,3883.5391129052628
735,2024-01-31,97.53,91.5626852926847,0.7175015530391345,0.9,-0.0,4007.5882381035,1.2000000000000002,0.9,-0.0,3883.5391129052628
736,2024-01-31,103.58,107.9411817905991,2.0,0.9,-0.0,4007.5882381035,1.2000000000000002,0.9,-0.0,3883.5391129052628
737,2024-01-31,116.52,110.66657537654902,-1.2000000000010633,0.5842105263155097,139.8240000001239,4147.412238103624,-2.0,0.37368421052631584,233.04,4116.579112905263
738,2024-01-31,115.0,111.51430882398428,-2.0,0.09999999999999998,211.59999999987775,4359.012238103502,-2.0,0.09999999999999998,119.60000000000002,4236.1791129052635
739,2024-01-31,117.15,115.72086598389727,-1.1483349240473653,0.09999999999999998,-0.0,4359.012238103502,-2.0,0.09999999999999998,-0.0,4236.1791129052635
740,2024-01-31,105.0,112.3300056225408,-1.6715277772459158,0.09999999999999998,-0.0,4359.012238103502,-2.0,0.09999999999999998,-0.0,4236.1791129052635
741,2024-01-31,101.37,98.41465335580047,-1.9236059834890962,0.09999999999999998,-0.0,4359.012238103502,-1.6,0.09999999999999998,-0.0,4236.1791129052635
742,2024-01-31,99.38,96.20643706999641,-0.4734126167434094,0.09999999999999998,-0.0,4359.012238103502,-1.6,0.09999999999999998,-0.0,4236.1791129052635
743,2024-01-31,96.2,102.42039905778037,-0.4824601766013273,0.09999999999999998,-0.0,4359.012238103502,-1.6,0.09999999999999998,-0.0,4236.1791129052635
