Hour,Date,True_Price,Forecast_Price,PSO_Energy_Actual,PSO_SOC,PSO_Instant_Profit,PSO_Cumulative_Profit,PPO_Energy_Actual,PPO_SOC,PPO_Instant_Profit,PPO_Cumulative_Profit
0,2024-01-01,107.09,107.09,-1.52,0.1,162.7768,162.7768,-1.52,0.1,162.7768,162.7768
1,2024-01-01,104.0,104.0,0.0,0.1,-0.0,162.7768,0.0,0.1,-0.0,162.7768
2,2024-01-01,100.0,100.0,0.0,0.1,-0.0,162.7768,0.0,0.1,-0.0,162.7768
3,2024-01-01,85.66,85.66,0.0,0.1,-0.0,162.7768,2.0,0.575,-171.32,-8.543199999999985
4,2024-01-01,85.0,85.0,0.0,0.1,-0.0,162.7768,1.3684210526315792,0.9,-116.31578947368423,-124.85898947368422
5,2024-01-01,85.53,85.53,2.0,0.575,-171.06,-8.283199999999994,0.0,0.9,-0.0,-124.85898947368422
6,2024-01-01,95.07,95.07,1.3684210526315792,0.9,-130.09578947368422,-138.37898947368421,0.0,0.9,-0.0,-124.85898947368422
7,2024-01-01,104.07,104.07,0.0,0.9,-0.0,-138.37898947368421,0.0,0.9,-0.0,-124.85898947368422
8,2024-01-01,106.95,106.95,0.0,0.9,-0.0,-138.37898947368421,0.0,0.9,-0.0,-124.85898947368422
9,2024-01-01,107.08,107.08,0.0,0.9,-0.0,-138.37898947368421,-2.0,0.37368421052631584,214.16,89.30101052631578
10,2024-01-01,104.0,104.0,-2.0,0.37368421052631584,208.0,69.62101052631579,-1.0400000000000003,0.1,108.16000000000003,197.46101052631582
11,2024-01-01,98.13,98.13,2.0,0.8486842105263158,-196.26,-126.6389894736842,0.0,0.1,-0.0,197.46101052631582
12,2024-01-01,101.55,101.55,0.0,0.8486842105263158,-0.0,-126.6389894736842,0.0,0.1,-0.0,197.46101052631582
13,2024-01-01,98.16,98.16,0.21606648199445982,0.9,-21.209085872576175,-147.84807534626037,2.0,0.575,-196.32,1.1410105263158243
14,2024-01-01,98.17,98.17,0.0,0.9,-0.0,-147.84807534626037,1.3684210526315792,0.9,-134.33789473684214,-133.19688421052632
15,2024-01-01,105.54,105.54,0.0,0.9,-0.0,-147.84807534626037,0.0,0.9,-0.0,-133.19688421052632
16,2024-01-01,110.0,110.0,0.0,0.9,-0.0,-147.84807534626037,0.0,0.9,-0.0,-133.19688421052632
17,2024-01-01,120.04,120.04,0.0,0.9,-0.0,-147.84807534626037,0.0,0.9,-0.0,-133.19688421052632
18,2024-01-01,131.5,131.5,-1.2000006467163402,0.5842103561272789,157.80008504319875,9.952009696938376,-2.0,0.37368421052631584,263.0,129.80311578947368
19,2024-01-01,132.0,132.0,-1.8399993532836598,0.1,242.8799146334431,252.83192433038147,-1.0400000000000003,0.1,137.28000000000003,267.0831157894737
20,2024-01-01,127.75,127.75,0.0,0.1,-0.0,252.83192433038147,0.0,0.1,-0.0,267.0831157894737
21,2024-01-01,113.48,113.48,0.0,0.1,-0.0,252.83192433038147,0.0,0.1,-0.0,267.0831157894737
22,2024-01-01,109.18,109.18,0.0,0.1,-0.0,252.83192433038147,0.0,0.1,-0.0,267.0831157894737
23,2024-01-01,107.2,107.2,0.0,0.1,-0.0,252.83192433038147,0.0,0.1,-0.0,267.0831157894737
24,2024-01-02,105.49,105.49,0.0,0.1,-0.0,252.83192433038147,0.0,0.1,-0.0,267.0831157894737
25,2024-01-02,90.09,90.09,0.0,0.1,-0.0,252.83192433038147,0.0,0.1,-0.0,267.0831157894737
26,2024-01-02,84.27,84.27,2.0,0.575,-168.54,84.29192433038148,2.0,0.575,-168.54,98.54311578947372
27,2024-01-02,84.27,84.27,1.3684210526315792,0.9,-115.31684210526318,-31.0249177748817,1.3684210526315792,0.9,-115.31684210526318,-16.77372631578946
28,2024-01-02,84.27,84.27,0.0,0.9,-0.0,-31.0249177748817,0.0,0.9,-0.0,-16.77372631578946
29,2024-01-02,100.0,100.0,0.0,0.9,-0.0,-31.0249177748817,0.0,0.9,-0.0,-16.77372631578946
30,2024-01-02,108.28,108.28,0.0,0.9,-0.0,-31.0249177748817,0.0,0.9,-0.0,-16.77372631578946
31,2024-01-02,113.85,113.85,0.0,0.9,-0.0,-31.0249177748817,0.0,0.9,-0.0,-16.77372631578946
32,2024-01-02,126.9,126.9,-2.0,0.37368421052631584,253.8,222.7750822251183,-2.0,0.37368421052631584,253.8,237.02627368421054
33,2024-01-02,119.5,119.5,-1.0400000000000003,0.1,124.28000000000003,347.0550822251183,-1.0400000000000003,0.1,124.28000000000003,361.30627368421057
34,2024-01-02,110.6,110.6,0.0,0.1,-0.0,347.0550822251183,0.0,0.1,-0.0,361.30627368421057
35,2024-01-02,108.28,108.28,0.0,0.1,-0.0,347.0550822251183,0.0,0.1,-0.0,361.30627368421057
36,2024-01-02,105.88,105.88,1.368421052631583,0.42500000000000093,-144.888421052632,202.16666117248633,0.0,0.1,-0.0,361.30627368421057
37,2024-01-02,100.15,100.15,1.9999999999999962,0.9,-200.29999999999964,1.8666611724866868,2.0,0.575,-200.3,161.00627368421056
38,2024-01-02,108.28,108.28,0.0,0.9,-0.0,1.8666611724866868,1.3684210526315792,0.9,-148.1726315789474,12.833642105263152
39,2024-01-02,110.0,110.0,0.0,0.9,-0.0,1.8666611724866868,0.0,0.9,-0.0,12.833642105263152
40,2024-01-02,112.8,112.8,0.0,0.9,-0.0,1.8666611724866868,0.0,0.9,-0.0,12.833642105263152
41,2024-01-02,129.99,129.99,-1.20000000000814,0.5842105263136473,155.98800000105814,157.85466117354483,-2.0,0.37368421052631584,259.98,272.81364210526317
42,2024-01-02,130.0,130.0,-1.83999999999186,0.1,239.1999999989418,397.0546611724866,-1.0400000000000003,0.1,135.20000000000005,408.0136421052632
43,2024-01-02,124.29,124.29,0.0,0.1,-0.0,397.0546611724866,0.0,0.1,-0.0,408.0136421052632
44,2024-01-02,111.26,111.26,0.0,0.1,-0.0,397.0546611724866,0.0,0.1,-0.0,408.0136421052632
45,2024-01-02,108.28,108.28,0.0,0.1,-0.0,397.0546611724866,0.0,0.1,-0.0,408.0136421052632
46,2024-01-02,106.0,106.0,0.0,0.1,-0.0,397.0546611724866,0.0,0.1,-0.0,408.0136421052632
47,2024-01-02,92.41,92.41,0.0,0.1,-0.0,397.0546611724866,0.0,0.1,-0.0,408.0136421052632
48,2024-01-03,82.5,82.5,0.0,0.1,-0.0,397.0546611724866,0.0,0.1,-0.0,408.0136421052632
49,2024-01-03,70.1,70.1,0.0,0.1,-0.0,397.0546611724866,0.0,0.1,-0.0,408.0136421052632
50,2024-01-03,50.21346,50.21346,0.0,0.1,-0.0,397.0546611724866,2.0,0.575,-100.42692,307.5867221052632
51,2024-01-03,40.0,40.0,2.0,0.575,-80.0,317.0546611724866,1.3684210526315792,0.9,-54.736842105263165,252.84988000000004
52,2024-01-03,50.0,50.0,1.3684210526315792,0.9,-68.42105263157896,248.63360854090763,0.0,0.9,-0.0,252.84988000000004
53,2024-01-03,75.0,75.0,0.0,0.9,-0.0,248.63360854090763,0.0,0.9,-0.0,252.84988000000004
54,2024-01-03,95.46,95.46,0.0,0.9,-0.0,248.63360854090763,0.0,0.9,-0.0,252.84988000000004
55,2024-01-03,108.28,108.28,0.0,0.9,-0.0,248.63360854090763,0.0,0.9,-0.0,252.84988000000004
56,2024-01-03,114.99561,114.99561,0.0,0.9,-0.0,248.63360854090763,-2.0,0.37368421052631584,229.99122,482.84110000000004
57,2024-01-03,113.34489,113.34489,-2.0,0.37368421052631584,226.68978,475.3233885409077,-1.0400000000000003,0.1,117.87868560000004,600.7197856
58,2024-01-03,107.85233,107.85233,-1.0400000000000003,0.1,112.16642320000003,587.4898117409077,0.0,0.1,-0.0,600.7197856
59,2024-01-03,105.0,105.0,0.0,0.1,-0.0,587.4898117409077,0.0,0.1,-0.0,600.7197856
60,2024-01-03,92.04644,92.04644,2.0,0.575,-184.09288,403.3969317409077,2.0,0.575,-184.09288,416.6269056
61,2024-01-03,91.59366,91.59366,1.3684210526315792,0.9,-125.33869263157897,278.0582391093287,1.3684210526315792,0.9,-125.33869263157897,291.288212968421
62,2024-01-03,97.50897,97.50897,0.0,0.9,-0.0,278.0582391093287,0.0,0.9,-0.0,291.288212968421
63,2024-01-03,106.02775,106.02775,0.0,0.9,-0.0,278.0582391093287,0.0,0.9,-0.0,291.288212968421
64,2024-01-03,109.7411,109.7411,0.0,0.9,-0.0,278.0582391093287,0.0,0.9,-0.0,291.288212968421
65,2024-01-03,115.81,115.81,-2.0,0.37368421052631584,231.62,509.67823910932873,0.0,0.9,-0.0,291.288212968421
66,2024-01-03,115.81,115.81,-1.0400000000000003,0.1,120.44240000000003,630.1206391093287,0.0,0.9,-0.0,291.288212968421
67,2024-01-03,115.81,115.81,0.0,0.1,-0.0,630.1206391093287,-2.0,0.37368421052631584,231.62,522.908212968421
68,2024-01-03,109.0,109.0,0.0,0.1,-0.0,630.1206391093287,-1.0400000000000003,0.1,113.36000000000003,636.268212968421
69,2024-01-03,106.0,106.0,0.0,0.1,-0.0,630.1206391093287,0.0,0.1,-0.0,636.268212968421
70,2024-01-03,101.46,101.46,0.0,0.1,-0.0,630.1206391093287,0.0,0.1,-0.0,636.268212968421
71,2024-01-03,82.59,82.59,0.0,0.1,-0.0,630.1206391093287,0.0,0.1,-0.0,636.268212968421
72,2024-01-04,74.19,74.19,0.0,0.1,-0.0,630.1206391093287,0.0,0.1,-0.0,636.268212968421
73,2024-01-04,65.0,65.0,0.0,0.1,-0.0,630.1206391093287,0.0,0.1,-0.0,636.268212968421
74,2024-01-04,40.0,40.0,1.3684210526315932,0.4250000000000034,-54.736842105263726,575.3837970040651,2.0,0.575,-80.0,556.268212968421
75,2024-01-04,35.19694,35.19694,1.999999999999986,0.9,-70.3938799999995,504.98991700406555,1.3684210526315792,0.9,-48.16423368421053,508.1039792842105
76,2024-01-04,49.39,49.39,0.0,0.9,-0.0,504.98991700406555,0.0,0.9,-0.0,508.1039792842105
77,2024-01-04,70.1,70.1,0.0,0.9,-0.0,504.98991700406555,0.0,0.9,-0.0,508.1039792842105
78,2024-01-04,97.61,97.61,0.0,0.9,-0.0,504.98991700406555,0.0,0.9,-0.0,508.1039792842105
79,2024-01-04,106.51,106.51,-2.0,0.37368421052631584,213.02,718.0099170040655,0.0,0.9,-0.0,508.1039792842105
80,2024-01-04,109.49416,109.49416,-1.0400000000000003,0.1,113.87392640000002,831.8838434040656,-2.0,0.37368421052631584,218.98832,727.0922992842104
81,2024-01-04,107.23976,107.23976,0.0,0.1,-0.0,831.8838434040656,-1.0400000000000003,0.1,111.52935040000003,838.6216496842104
82,2024-01-04,94.35704,94.35704,0.0,0.1,-0.0,831.8838434040656,0.0,0.1,-0.0,838.6216496842104
83,2024-01-04,87.10039,87.10039,0.0,0.1,-0.0,831.8838434040656,0.0,0.1,-0.0,838.6216496842104
84,2024-01-04,83.81886,83.81886,2.0,0.575,-167.63772,664.2461234040657,0.0,0.1,-0.0,838.6216496842104
85,2024-01-04,85.96413,85.96413,1.3684210526315792,0.9,-117.63512526315792,546.6109981409078,2.0,0.575,-171.92826,666.6933896842104
86,2024-01-04,92.11054,92.11054,0.0,0.9,-0.0,546.6109981409078,1.3684210526315792,0.9,-126.04600210526318,540.6473875789472
87,2024-01-04,103.34,103.34,0.0,0.9,-0.0,546.6109981409078,0.0,0.9,-0.0,540.6473875789472
88,2024-01-04,110.02,110.02,0.0,0.9,-0.0,546.6109981409078,0.0,0.9,-0.0,540.6473875789472
89,2024-01-04,116.87,116.87,0.0,0.9,-0.0,546.6109981409078,0.0,0.9,-0.0,540.6473875789472
90,2024-01-04,118.1,118.1,-2.0,0.37368421052631584,236.2,782.8109981409077,-2.0,0.37368421052631584,236.2,776.8473875789473
91,2024-01-04,118.1,118.1,-1.0400000000000003,0.1,122.82400000000003,905.6349981409078,-1.0400000000000003,0.1,122.82400000000003,899.6713875789474
92,2024-01-04,112.99,112.99,0.0,0.1,-0.0,905.6349981409078,0.0,0.1,-0.0,899.6713875789474
93,2024-01-04,107.05,107.05,0.0,0.1,-0.0,905.6349981409078,0.0,0.1,-0.0,899.6713875789474
94,2024-01-04,105.59,105.59,0.0,0.1,-0.0,905.6349981409078,0.0,0.1,-0.0,899.6713875789474
95,2024-01-04,97.98,97.98,0.0,0.1,-0.0,905.6349981409078,0.0,0.1,-0.0,899.6713875789474
96,2024-01-05,86.07515,86.07515,0.0,0.1,-0.0,905.6349981409078,0.0,0.1,-0.0,899.6713875789474
97,2024-01-05,88.96,88.96,0.0,0.1,-0.0,905.6349981409078,0.0,0.1,-0.0,899.6713875789474
98,2024-01-05,78.5,78.5,2.0,0.575,-157.0,748.6349981409078,2.0,0.575,-157.0,742.6713875789474
99,2024-01-05,78.5,78.5,1.3684210526315792,0.9,-107.42105263157897,641.2139455093288,1.3684210526315792,0.9,-107.42105263157897,635.2503349473684
100,2024-01-05,79.39,79.39,0.0,0.9,-0.0,641.2139455093288,0.0,0.9,-0.0,635.2503349473684
101,2024-01-05,79.6,79.6,0.0,0.9,-0.0,641.2139455093288,0.0,0.9,-0.0,635.2503349473684
102,2024-01-05,103.46,103.46,0.0,0.9,-0.0,641.2139455093288,0.0,0.9,-0.0,635.2503349473684
103,2024-01-05,111.19,111.19,0.0,0.9,-0.0,641.2139455093288,0.0,0.9,-0.0,635.2503349473684
104,2024-01-05,115.0,115.0,-1.1900000000253055,0.5868421052564985,136.85000000291012,778.0639455122389,0.0,0.9,-0.0,635.2503349473684
105,2024-01-05,120.4,120.4,-1.8499999999746943,0.1,222.7399999969532,1000.8039455091921,0.0,0.9,-0.0,635.2503349473684
106,2024-01-05,114.72,114.72,0.0,0.1,-0.0,1000.8039455091921,0.0,0.9,-0.0,635.2503349473684
107,2024-01-05,112.68327,112.68327,0.0,0.1,-0.0,1000.8039455091921,0.0,0.9,-0.0,635.2503349473684
108,2024-01-05,112.30081,112.30081,0.0,0.1,-0.0,1000.8039455091921,0.0,0.9,-0.0,635.2503349473684
109,2024-01-05,110.68838,110.68838,0.0,0.1,-0.0,1000.8039455091921,0.0,0.9,-0.0,635.2503349473684
110,2024-01-05,111.85887,111.85887,0.0,0.1,-0.0,1000.8039455091921,0.0,0.9,-0.0,635.2503349473684
111,2024-01-05,112.01889,112.01889,2.0,0.575,-224.03778,776.7661655091921,0.0,0.9,-0.0,635.2503349473684
112,2024-01-05,113.85,113.85,1.3684210526315792,0.9,-155.7947368421053,620.9714286670868,0.0,0.9,-0.0,635.2503349473684
113,2024-01-05,120.0,120.0,-2.0,0.37368421052631584,240.0,860.9714286670868,0.0,0.9,-0.0,635.2503349473684
114,2024-01-05,119.66,119.66,-1.0400000000000003,0.1,124.44640000000003,985.4178286670868,-2.0,0.37368421052631584,239.32,874.5703349473683
115,2024-01-05,115.81,115.81,0.0,0.1,-0.0,985.4178286670868,-1.0400000000000003,0.1,120.44240000000003,995.0127349473684
116,2024-01-05,111.0,111.0,0.0,0.1,-0.0,985.4178286670868,0.0,0.1,-0.0,995.0127349473684
117,2024-01-05,110.0,110.0,0.0,0.1,-0.0,985.4178286670868,0.0,0.1,-0.0,995.0127349473684
118,2024-01-05,104.84,104.84,0.0,0.1,-0.0,985.4178286670868,0.0,0.1,-0.0,995.0127349473684
119,2024-01-05,86.8,86.8,2.0,0.575,-173.6,811.8178286670868,0.0,0.1,-0.0,995.0127349473684
120,2024-01-06,97.5,97.5,0.0,0.575,-0.0,811.8178286670868,0.0,0.1,-0.0,995.0127349473684
121,2024-01-06,97.67,97.67,-1.805,0.1,176.29435,988.1121786670868,0.0,0.1,-0.0,995.0127349473684
122,2024-01-06,93.0,93.0,0.0,0.1,-0.0,988.1121786670868,0.0,0.1,-0.0,995.0127349473684
123,2024-01-06,93.0,93.0,0.0,0.1,-0.0,988.1121786670868,0.0,0.1,-0.0,995.0127349473684
124,2024-01-06,89.7,89.7,1.3684210628294193,0.4250000024219871,-122.74736933579892,865.3648093312879,0.0,0.1,-0.0,995.0127349473684
125,2024-01-06,89.47,89.47,1.9999999898021599,0.9,-178.93999908759923,686.4248102436886,2.0,0.575,-178.94,816.0727349473684
126,2024-01-06,91.96,91.96,0.0,0.9,-0.0,686.4248102436886,1.3684210526315792,0.9,-125.84000000000002,690.2327349473684
127,2024-01-06,96.75,96.75,0.0,0.9,-0.0,686.4248102436886,0.0,0.9,-0.0,690.2327349473684
128,2024-01-06,94.66,94.66,0.0,0.9,-0.0,686.4248102436886,0.0,0.9,-0.0,690.2327349473684
129,2024-01-06,100.5,100.5,0.0,0.9,-0.0,686.4248102436886,0.0,0.9,-0.0,690.2327349473684
130,2024-01-06,103.46,103.46,0.0,0.9,-0.0,686.4248102436886,0.0,0.9,-0.0,690.2327349473684
131,2024-01-06,103.0,103.0,0.0,0.9,-0.0,686.4248102436886,0.0,0.9,-0.0,690.2327349473684
132,2024-01-06,103.46,103.46,0.0,0.9,-0.0,686.4248102436886,0.0,0.9,-0.0,690.2327349473684
133,2024-01-06,100.5,100.5,0.0,0.9,-0.0,686.4248102436886,0.0,0.9,-0.0,690.2327349473684
134,2024-01-06,100.25,100.25,0.0,0.9,-0.0,686.4248102436886,0.0,0.9,-0.0,690.2327349473684
135,2024-01-06,103.0,103.0,0.0,0.9,-0.0,686.4248102436886,0.0,0.9,-0.0,690.2327349473684
136,2024-01-06,103.0,103.0,0.0,0.9,-0.0,686.4248102436886,0.0,0.9,-0.0,690.2327349473684
137,2024-01-06,111.65,111.65,0.0,0.9,-0.0,686.4248102436886,0.0,0.9,-0.0,690.2327349473684
138,2024-01-06,114.9,114.9,-2.0,0.37368421052631584,229.8,916.2248102436886,0.0,0.9,-0.0,690.2327349473684
139,2024-01-06,116.97,116.97,-1.0400000000000003,0.1,121.64880000000002,1037.8736102436885,-2.0,0.37368421052631584,233.94,924.1727349473683
140,2024-01-06,111.69,111.69,0.0,0.1,-0.0,1037.8736102436885,-1.0400000000000003,0.1,116.15760000000003,1040.3303349473683
141,2024-01-06,110.06,110.06,0.0,0.1,-0.0,1037.8736102436885,0.0,0.1,-0.0,1040.3303349473683
142,2024-01-06,103.0,103.0,0.0,0.1,-0.0,1037.8736102436885,0.0,0.1,-0.0,1040.3303349473683
143,2024-01-06,88.5,88.5,2.0,0.575,-177.0,860.8736102436885,0.0,0.1,-0.0,1040.3303349473683
144,2024-01-07,96.85,96.85,-1.805,0.1,174.81425,1035.6878602436884,0.0,0.1,-0.0,1040.3303349473683
145,2024-01-07,96.58,96.58,0.0,0.1,-0.0,1035.6878602436884,0.0,0.1,-0.0,1040.3303349473683
146,2024-01-07,93.8,93.8,0.0,0.1,-0.0,1035.6878602436884,0.0,0.1,-0.0,1040.3303349473683
147,2024-01-07,93.8,93.8,0.0,0.1,-0.0,1035.6878602436884,0.0,0.1,-0.0,1040.3303349473683
148,2024-01-07,85.93,85.93,0.0,0.1,-0.0,1035.6878602436884,2.0,0.575,-171.86,868.4703349473683
149,2024-01-07,84.3,84.3,2.0,0.575,-168.6,867.0878602436884,1.3684210526315792,0.9,-115.35789473684213,753.1124402105262
150,2024-01-07,85.0,85.0,1.3684210526315792,0.9,-116.31578947368423,750.7720707700041,0.0,0.9,-0.0,753.1124402105262
151,2024-01-07,102.27,102.27,0.0,0.9,-0.0,750.7720707700041,0.0,0.9,-0.0,753.1124402105262
152,2024-01-07,100.55,100.55,-1.2000033813846736,0.5842096364777175,120.66033999822892,871.432410768233,0.0,0.9,-0.0,753.1124402105262
153,2024-01-07,101.19,101.19,-1.8399966186153265,0.1,186.1892578376849,1057.6216686059179,-2.0,0.37368421052631584,202.38,955.4924402105262
154,2024-01-07,96.0,96.0,0.0,0.1,-0.0,1057.6216686059179,-1.0400000000000003,0.1,99.84000000000003,1055.3324402105263
155,2024-01-07,96.0,96.0,0.0,0.1,-0.0,1057.6216686059179,0.0,0.1,-0.0,1055.3324402105263
156,2024-01-07,95.65,95.65,0.0,0.1,-0.0,1057.6216686059179,0.0,0.1,-0.0,1055.3324402105263
157,2024-01-07,88.0,88.0,1.368421052631795,0.42500000000005134,-120.42105263159796,937.2006159743199,0.0,0.1,-0.0,1055.3324402105263
158,2024-01-07,84.34138,84.34138,1.999999999999784,0.9,-168.68275999998178,768.5178559743381,2.0,0.575,-168.68276,886.6496802105263
159,2024-01-07,88.32,88.32,0.0,0.9,-0.0,768.5178559743381,1.3684210526315792,0.9,-120.85894736842107,765.7907328421052
160,2024-01-07,97.95,97.95,0.0,0.9,-0.0,768.5178559743381,0.0,0.9,-0.0,765.7907328421052
161,2024-01-07,108.87,108.87,0.0,0.9,-0.0,768.5178559743381,0.0,0.9,-0.0,765.7907328421052
162,2024-01-07,109.49,109.49,0.0,0.9,-0.0,768.5178559743381,-2.0,0.37368421052631584,218.98,984.7707328421052
163,2024-01-07,110.53,110.53,-2.0,0.37368421052631584,221.06,989.577855974338,-1.0400000000000003,0.1,114.95120000000003,1099.7219328421052
164,2024-01-07,110.0,110.0,-1.0400000000000003,0.1,114.40000000000003,1103.9778559743381,0.0,0.1,-0.0,1099.7219328421052
165,2024-01-07,109.0,109.0,0.0,0.1,-0.0,1103.9778559743381,0.0,0.1,-0.0,1099.7219328421052
166,2024-01-07,102.47,102.47,0.0,0.1,-0.0,1103.9778559743381,0.0,0.1,-0.0,1099.7219328421052
167,2024-01-07,93.8,93.8,0.0,0.1,-0.0,1103.9778559743381,0.0,0.1,-0.0,1099.7219328421052
168,2024-01-08,87.6,87.6,0.0,0.1,-0.0,1103.9778559743381,0.0,0.1,-0.0,1099.7219328421052
169,2024-01-08,85.28,85.28,2.0,0.575,-170.56,933.4178559743382,2.0,0.575,-170.56,929.1619328421052
170,2024-01-08,85.28,85.28,1.3684210526315792,0.9,-116.69894736842107,816.7189086059171,1.3684210526315792,0.9,-116.69894736842107,812.4629854736842
171,2024-01-08,90.79,90.79,0.0,0.9,-0.0,816.7189086059171,0.0,0.9,-0.0,812.4629854736842
172,2024-01-08,93.8,93.8,0.0,0.9,-0.0,816.7189086059171,0.0,0.9,-0.0,812.4629854736842
173,2024-01-08,90.79,90.79,0.0,0.9,-0.0,816.7189086059171,0.0,0.9,-0.0,812.4629854736842
174,2024-01-08,107.46,107.46,0.0,0.9,-0.0,816.7189086059171,0.0,0.9,-0.0,812.4629854736842
175,2024-01-08,114.18,114.18,0.0,0.9,-0.0,816.7189086059171,0.0,0.9,-0.0,812.4629854736842
176,2024-01-08,125.5,125.5,-2.0,0.37368421052631584,251.0,1067.718908605917,-2.0,0.37368421052631584,251.0,1063.462985473684
177,2024-01-08,123.0,123.0,-1.0400000000000003,0.1,127.92000000000003,1195.638908605917,-1.0400000000000003,0.1,127.92000000000003,1191.3829854736841
178,2024-01-08,115.38,115.38,0.0,0.1,-0.0,1195.638908605917,0.0,0.1,-0.0,1191.3829854736841
179,2024-01-08,112.22,112.22,0.0,0.1,-0.0,1195.638908605917,0.0,0.1,-0.0,1191.3829854736841
180,2024-01-08,108.55,108.55,1.3684210526319187,0.42500000000008065,-148.54210526319477,1047.0968033427223,0.0,0.1,-0.0,1191.3829854736841
181,2024-01-08,108.3,108.3,1.9999999999996607,0.9,-216.59999999996325,830.496803342759,2.0,0.575,-216.6,974.7829854736841
182,2024-01-08,110.97,110.97,0.0,0.9,-0.0,830.496803342759,1.3684210526315792,0.9,-151.85368421052635,822.9293012631578
183,2024-01-08,115.2,115.2,0.0,0.9,-0.0,830.496803342759,0.0,0.9,-0.0,822.9293012631578
184,2024-01-08,122.00169,122.00169,0.0,0.9,-0.0,830.496803342759,0.0,0.9,-0.0,822.9293012631578
185,2024-01-08,130.1,130.1,-2.0,0.37368421052631584,260.2,1090.696803342759,-2.0,0.37368421052631584,260.2,1083.1293012631577
186,2024-01-08,129.99382,129.99382,-1.0400000000000003,0.1,135.19357280000003,1225.8903761427591,-1.0400000000000003,0.1,135.19357280000003,1218.3228740631578
187,2024-01-08,122.0095,122.0095,0.0,0.1,-0.0,1225.8903761427591,0.0,0.1,-0.0,1218.3228740631578
188,2024-01-08,114.18,114.18,0.0,0.1,-0.0,1225.8903761427591,0.0,0.1,-0.0,1218.3228740631578
189,2024-01-08,107.46,107.46,0.0,0.1,-0.0,1225.8903761427591,0.0,0.1,-0.0,1218.3228740631578
190,2024-01-08,102.9,102.9,0.0,0.1,-0.0,1225.8903761427591,0.0,0.1,-0.0,1218.3228740631578
191,2024-01-08,91.75,91.75,0.0,0.1,-0.0,1225.8903761427591,0.0,0.1,-0.0,1218.3228740631578
192,2024-01-09,87.5315,87.5315,0.0,0.1,-0.0,1225.8903761427591,0.0,0.1,-0.0,1218.3228740631578
193,2024-01-09,86.18151,86.18151,0.0,0.1,-0.0,1225.8903761427591,0.0,0.1,-0.0,1218.3228740631578
194,2024-01-09,85.00494,85.00494,0.0,0.1,-0.0,1225.8903761427591,2.0,0.575,-170.00988,1048.3129940631577
195,2024-01-09,84.08453,84.08453,2.0,0.575,-168.16906,1057.7213161427592,1.3684210526315792,0.9,-115.0630410526316,933.249953010526
196,2024-01-09,84.97701,84.97701,1.3684210526315792,0.9,-116.28432947368424,941.4369866690749,0.0,0.9,-0.0,933.249953010526
197,2024-01-09,89.34054,89.34054,0.0,0.9,-0.0,941.4369866690749,0.0,0.9,-0.0,933.249953010526
198,2024-01-09,106.76125,106.76125,0.0,0.9,-0.0,941.4369866690749,0.0,0.9,-0.0,933.249953010526
199,2024-01-09,117.98,117.98,0.0,0.9,-0.0,941.4369866690749,0.0,0.9,-0.0,933.249953010526
200,2024-01-09,131.3728,131.3728,-2.0,0.37368421052631584,262.7456,1204.182586669075,-2.0,0.37368421052631584,262.7456,1195.995553010526
201,2024-01-09,120.78817,120.78817,-1.0400000000000003,0.1,125.61969680000003,1329.8022834690748,-1.0400000000000003,0.1,125.61969680000003,1321.615249810526
202,2024-01-09,112.1,112.1,0.0,0.1,-0.0,1329.8022834690748,0.0,0.1,-0.0,1321.615249810526
203,2024-01-09,104.97006,104.97006,0.0,0.1,-0.0,1329.8022834690748,0.0,0.1,-0.0,1321.615249810526
204,2024-01-09,100.37,100.37,2.0,0.575,-200.74,1129.0622834690748,0.0,0.1,-0.0,1321.615249810526
205,2024-01-09,100.82,100.82,1.3684210526315792,0.9,-137.9642105263158,991.098072942759,2.0,0.575,-201.64,1119.9752498105258
206,2024-01-09,110.0,110.0,0.0,0.9,-0.0,991.098072942759,1.3684210526315792,0.9,-150.5263157894737,969.4489340210521
207,2024-01-09,116.55,116.55,0.0,0.9,-0.0,991.098072942759,0.0,0.9,-0.0,969.4489340210521
208,2024-01-09,127.36267,127.36267,0.0,0.9,-0.0,991.098072942759,0.0,0.9,-0.0,969.4489340210521
209,2024-01-09,137.35078,137.35078,-2.0,0.37368421052631584,274.70156,1265.799632942759,-2.0,0.37368421052631584,274.70156,1244.150494021052
210,2024-01-09,137.00435,137.00435,-1.0400000000000003,0.1,142.48452400000002,1408.284156942759,-1.0400000000000003,0.1,142.48452400000002,1386.635018021052
211,2024-01-09,130.05,130.05,0.0,0.1,-0.0,1408.284156942759,0.0,0.1,-0.0,1386.635018021052
212,2024-01-09,117.67376,117.67376,0.0,0.1,-0.0,1408.284156942759,0.0,0.1,-0.0,1386.635018021052
213,2024-01-09,111.0525,111.0525,0.0,0.1,-0.0,1408.284156942759,0.0,0.1,-0.0,1386.635018021052
214,2024-01-09,105.61,105.61,0.0,0.1,-0.0,1408.284156942759,0.0,0.1,-0.0,1386.635018021052
215,2024-01-09,103.46,103.46,0.0,0.1,-0.0,1408.284156942759,0.0,0.1,-0.0,1386.635018021052
216,2024-01-10,97.97,97.97,0.0,0.1,-0.0,1408.284156942759,0.0,0.1,-0.0,1386.635018021052
217,2024-01-10,92.9,92.9,0.0,0.1,-0.0,1408.284156942759,0.0,0.1,-0.0,1386.635018021052
218,2024-01-10,91.29,91.29,2.0,0.575,-182.58,1225.704156942759,2.0,0.575,-182.58,1204.055018021052
219,2024-01-10,92.2,92.2,0.0,0.575,-0.0,1225.704156942759,1.3684210526315792,0.9,-126.1684210526316,1077.8865969684205
220,2024-01-10,91.29,91.29,1.3684210526315792,0.9,-124.92315789473687,1100.780999048022,0.0,0.9,-0.0,1077.8865969684205
221,2024-01-10,99.5,99.5,0.0,0.9,-0.0,1100.780999048022,0.0,0.9,-0.0,1077.8865969684205
222,2024-01-10,108.96,108.96,0.0,0.9,-0.0,1100.780999048022,0.0,0.9,-0.0,1077.8865969684205
223,2024-01-10,120.0,120.0,0.0,0.9,-0.0,1100.780999048022,0.0,0.9,-0.0,1077.8865969684205
224,2024-01-10,139.2,139.2,-2.0,0.37368421052631584,278.4,1379.180999048022,-2.0,0.37368421052631584,278.4,1356.2865969684203
225,2024-01-10,130.38739,130.38739,-1.0400000000000003,0.1,135.60288560000004,1514.783884648022,-1.0400000000000003,0.1,135.60288560000004,1491.8894825684204
226,2024-01-10,117.46942,117.46942,0.0,0.1,-0.0,1514.783884648022,0.0,0.1,-0.0,1491.8894825684204
227,2024-01-10,109.13,109.13,0.0,0.1,-0.0,1514.783884648022,0.0,0.1,-0.0,1491.8894825684204
228,2024-01-10,104.2,104.2,0.0,0.1,-0.0,1514.783884648022,2.0,0.575,-208.4,1283.4894825684203
229,2024-01-10,106.54,106.54,2.0,0.575,-213.08,1301.703884648022,1.3684210526315792,0.9,-145.79157894736846,1137.6979036210519
230,2024-01-10,110.2,110.2,1.3684210526315792,0.9,-150.80000000000004,1150.903884648022,0.0,0.9,-0.0,1137.6979036210519
231,2024-01-10,119.7728,119.7728,0.0,0.9,-0.0,1150.903884648022,0.0,0.9,-0.0,1137.6979036210519
232,2024-01-10,133.13612,133.13612,0.0,0.9,-0.0,1150.903884648022,0.0,0.9,-0.0,1137.6979036210519
233,2024-01-10,143.78766,143.78766,-2.0,0.37368421052631584,287.57532,1438.479204648022,-2.0,0.37368421052631584,287.57532,1425.2732236210518
234,2024-01-10,140.0,140.0,-1.0400000000000003,0.1,145.60000000000002,1584.079204648022,-1.0400000000000003,0.1,145.60000000000002,1570.8732236210517
235,2024-01-10,132.15399,132.15399,0.0,0.1,-0.0,1584.079204648022,0.0,0.1,-0.0,1570.8732236210517
236,2024-01-10,120.0,120.0,0.0,0.1,-0.0,1584.079204648022,0.0,0.1,-0.0,1570.8732236210517
237,2024-01-10,109.13,109.13,0.0,0.1,-0.0,1584.079204648022,0.0,0.1,-0.0,1570.8732236210517
238,2024-01-10,105.37,105.37,0.0,0.1,-0.0,1584.079204648022,0.0,0.1,-0.0,1570.8732236210517
239,2024-01-10,103.62,103.62,0.0,0.1,-0.0,1584.079204648022,0.0,0.1,-0.0,1570.8732236210517
240,2024-01-11,91.74873,91.74873,0.0,0.1,-0.0,1584.079204648022,0.0,0.1,-0.0,1570.8732236210517
241,2024-01-11,88.6,88.6,0.0,0.1,-0.0,1584.079204648022,0.0,0.1,-0.0,1570.8732236210517
242,2024-01-11,87.24772,87.24772,0.0,0.1,-0.0,1584.079204648022,0.0,0.1,-0.0,1570.8732236210517
243,2024-01-11,82.38093,82.38093,2.0,0.575,-164.76186,1419.3173446480218,2.0,0.575,-164.76186,1406.1113636210516
244,2024-01-11,83.61,83.61,1.3684210526315792,0.9,-114.41368421052634,1304.9036604374955,1.3684210526315792,0.9,-114.41368421052634,1291.6976794105253
245,2024-01-11,90.35,90.35,0.0,0.9,-0.0,1304.9036604374955,0.0,0.9,-0.0,1291.6976794105253
246,2024-01-11,103.1,103.1,0.0,0.9,-0.0,1304.9036604374955,0.0,0.9,-0.0,1291.6976794105253
247,2024-01-11,116.89149,116.89149,0.0,0.9,-0.0,1304.9036604374955,0.0,0.9,-0.0,1291.6976794105253
248,2024-01-11,140.87915,140.87915,-2.0,0.37368421052631584,281.7583,1586.6619604374955,-2.0,0.37368421052631584,281.7583,1573.4559794105253
249,2024-01-11,129.16361,129.16361,-1.0400000000000003,0.1,134.33015440000003,1720.9921148374956,-1.0400000000000003,0.1,134.33015440000003,1707.7861338105254
250,2024-01-11,113.65,113.65,0.0,0.1,-0.0,1720.9921148374956,0.0,0.1,-0.0,1707.7861338105254
251,2024-01-11,106.48,106.48,0.0,0.1,-0.0,1720.9921148374956,0.0,0.1,-0.0,1707.7861338105254
252,2024-01-11,99.38404,99.38404,0.0,0.1,-0.0,1720.9921148374956,0.0,0.1,-0.0,1707.7861338105254
253,2024-01-11,99.0,99.0,2.0,0.575,-198.0,1522.9921148374956,2.0,0.575,-198.0,1509.7861338105254
254,2024-01-11,105.98,105.98,1.3684210526315792,0.9,-145.02526315789476,1377.966851679601,1.3684210526315792,0.9,-145.02526315789476,1364.7608706526307
255,2024-01-11,113.71016,113.71016,0.0,0.9,-0.0,1377.966851679601,0.0,0.9,-0.0,1364.7608706526307
256,2024-01-11,120.0,120.0,0.0,0.9,-0.0,1377.966851679601,0.0,0.9,-0.0,1364.7608706526307
257,2024-01-11,128.75,128.75,0.0,0.9,-0.0,1377.966851679601,0.0,0.9,-0.0,1364.7608706526307
258,2024-01-11,136.72,136.72,-2.0,0.37368421052631584,273.44,1651.406851679601,-2.0,0.37368421052631584,273.44,1638.2008706526308
259,2024-01-11,132.31,132.31,-1.0400000000000003,0.1,137.60240000000005,1789.009251679601,-1.0400000000000003,0.1,137.60240000000005,1775.8032706526308
260,2024-01-11,117.93,117.93,0.0,0.1,-0.0,1789.009251679601,0.0,0.1,-0.0,1775.8032706526308
261,2024-01-11,107.19,107.19,0.0,0.1,-0.0,1789.009251679601,0.0,0.1,-0.0,1775.8032706526308
262,2024-01-11,105.98,105.98,0.0,0.1,-0.0,1789.009251679601,0.0,0.1,-0.0,1775.8032706526308
263,2024-01-11,99.0,99.0,0.0,0.1,-0.0,1789.009251679601,0.0,0.1,-0.0,1775.8032706526308
264,2024-01-12,101.46,101.46,0.0,0.1,-0.0,1789.009251679601,0.0,0.1,-0.0,1775.8032706526308
265,2024-01-12,95.64,95.64,0.0,0.1,-0.0,1789.009251679601,0.0,0.1,-0.0,1775.8032706526308
266,2024-01-12,91.2,91.2,2.0,0.575,-182.4,1606.609251679601,2.0,0.575,-182.4,1593.4032706526307
267,2024-01-12,89.9,89.9,0.0,0.575,-0.0,1606.609251679601,1.3684210526315792,0.9,-123.02105263157898,1470.3822180210518
268,2024-01-12,88.59,88.59,1.3684210526315792,0.9,-121.2284210526316,1485.3808306269693,0.0,0.9,-0.0,1470.3822180210518
269,2024-01-12,94.76,94.76,0.0,0.9,-0.0,1485.3808306269693,0.0,0.9,-0.0,1470.3822180210518
270,2024-01-12,112.82,112.82,0.0,0.9,-0.0,1485.3808306269693,0.0,0.9,-0.0,1470.3822180210518
271,2024-01-12,129.0,129.0,0.0,0.9,-0.0,1485.3808306269693,0.0,0.9,-0.0,1470.3822180210518
272,2024-01-12,140.73851,140.73851,-2.0,0.37368421052631584,281.47702,1766.8578506269694,-2.0,0.37368421052631584,281.47702,1751.8592380210519
273,2024-01-12,134.96004,134.96004,-1.0400000000000003,0.1,140.35844160000002,1907.2162922269695,-1.0400000000000003,0.1,140.35844160000002,1892.217679621052
274,2024-01-12,121.5027,121.5027,0.0,0.1,-0.0,1907.2162922269695,0.0,0.1,-0.0,1892.217679621052
275,2024-01-12,113.8973,113.8973,0.0,0.1,-0.0,1907.2162922269695,0.0,0.1,-0.0,1892.217679621052
276,2024-01-12,103.42,103.42,1.3684210526316127,0.42500000000000804,-141.5221052631614,1765.694186963808,2.0,0.575,-206.84,1685.377679621052
277,2024-01-12,100.07708,100.07708,1.9999999999999662,0.9,-200.1541599999966,1565.5400269638114,1.3684210526315792,0.9,-136.94758315789477,1548.4300964631573
278,2024-01-12,104.24191,104.24191,0.0,0.9,-0.0,1565.5400269638114,0.0,0.9,-0.0,1548.4300964631573
279,2024-01-12,110.0,110.0,0.0,0.9,-0.0,1565.5400269638114,0.0,0.9,-0.0,1548.4300964631573
280,2024-01-12,120.0,120.0,0.0,0.9,-0.0,1565.5400269638114,0.0,0.9,-0.0,1548.4300964631573
281,2024-01-12,127.5,127.5,-2.0,0.37368421052631584,255.0,1820.5400269638114,-2.0,0.37368421052631584,255.0,1803.4300964631573
282,2024-01-12,126.0,126.0,-1.0400000000000003,0.1,131.04000000000002,1951.5800269638114,-1.0400000000000003,0.1,131.04000000000002,1934.4700964631572
283,2024-01-12,119.47,119.47,0.0,0.1,-0.0,1951.5800269638114,0.0,0.1,-0.0,1934.4700964631572
284,2024-01-12,110.0,110.0,0.0,0.1,-0.0,1951.5800269638114,0.0,0.1,-0.0,1934.4700964631572
285,2024-01-12,107.0,107.0,0.0,0.1,-0.0,1951.5800269638114,0.0,0.1,-0.0,1934.4700964631572
286,2024-01-12,105.0,105.0,0.0,0.1,-0.0,1951.5800269638114,0.0,0.1,-0.0,1934.4700964631572
287,2024-01-12,95.49,95.49,0.0,0.1,-0.0,1951.5800269638114,0.0,0.1,-0.0,1934.4700964631572
288,2024-01-13,92.8,92.8,0.0,0.1,-0.0,1951.5800269638114,0.0,0.1,-0.0,1934.4700964631572
289,2024-01-13,87.7,87.7,0.0,0.1,-0.0,1951.5800269638114,0.0,0.1,-0.0,1934.4700964631572
290,2024-01-13,87.08,87.08,0.0,0.1,-0.0,1951.5800269638114,0.0,0.1,-0.0,1934.4700964631572
291,2024-01-13,85.59,85.59,0.0,0.1,-0.0,1951.5800269638114,2.0,0.575,-171.18,1763.2900964631572
292,2024-01-13,83.4,83.4,2.0,0.575,-166.8,1784.7800269638115,1.3684210526315792,0.9,-114.12631578947371,1649.1637806736835
293,2024-01-13,83.9,83.9,1.3684210526315792,0.9,-114.8105263157895,1669.969500648022,0.0,0.9,-0.0,1649.1637806736835
294,2024-01-13,95.52,95.52,0.0,0.9,-0.0,1669.969500648022,0.0,0.9,-0.0,1649.1637806736835
295,2024-01-13,104.93,104.93,0.0,0.9,-0.0,1669.969500648022,0.0,0.9,-0.0,1649.1637806736835
296,2024-01-13,107.63,107.63,-2.0,0.37368421052631584,215.26,1885.229500648022,-2.0,0.37368421052631584,215.26,1864.4237806736835
297,2024-01-13,104.93,104.93,-1.0400000000000003,0.1,109.12720000000003,1994.356700648022,-1.0400000000000003,0.1,109.12720000000003,1973.5509806736836
298,2024-01-13,101.0,101.0,0.0,0.1,-0.0,1994.356700648022,0.0,0.1,-0.0,1973.5509806736836
299,2024-01-13,88.40127,88.40127,0.0,0.1,-0.0,1994.356700648022,0.0,0.1,-0.0,1973.5509806736836
300,2024-01-13,84.85,84.85,1.3684210552100957,0.42500000061239773,-116.1105265345766,1878.2461741134455,2.0,0.575,-169.7,1803.8509806736836
301,2024-01-13,83.4,83.4,1.9999999974214835,0.9,-166.79999978495172,1711.4461743284937,1.3684210526315792,0.9,-114.12631578947371,1689.72466488421
302,2024-01-13,92.23,92.23,0.0,0.9,-0.0,1711.4461743284937,0.0,0.9,-0.0,1689.72466488421
303,2024-01-13,101.59,101.59,0.0,0.9,-0.0,1711.4461743284937,0.0,0.9,-0.0,1689.72466488421
304,2024-01-13,107.92,107.92,0.0,0.9,-0.0,1711.4461743284937,0.0,0.9,-0.0,1689.72466488421
305,2024-01-13,124.76962,124.76962,0.0,0.9,-0.0,1711.4461743284937,0.0,0.9,-0.0,1689.72466488421
306,2024-01-13,128.79108,128.79108,-2.0,0.37368421052631584,257.58216,1969.0283343284937,-2.0,0.37368421052631584,257.58216,1947.3068248842098
307,2024-01-13,128.20411,128.20411,-1.0400000000000003,0.1,133.33227440000002,2102.360608728494,-1.0400000000000003,0.1,133.33227440000002,2080.63909928421
308,2024-01-13,117.86647,117.86647,0.0,0.1,-0.0,2102.360608728494,0.0,0.1,-0.0,2080.63909928421
309,2024-01-13,105.0,105.0,0.0,0.1,-0.0,2102.360608728494,0.0,0.1,-0.0,2080.63909928421
310,2024-01-13,101.96,101.96,0.0,0.1,-0.0,2102.360608728494,0.0,0.1,-0.0,2080.63909928421
311,2024-01-13,95.52,95.52,2.0,0.575,-191.04,1911.3206087284939,0.0,0.1,-0.0,2080.63909928421
312,2024-01-14,103.0,103.0,-1.805,0.1,185.915,2097.235608728494,0.0,0.1,-0.0,2080.63909928421
313,2024-01-14,100.65,100.65,0.0,0.1,-0.0,2097.235608728494,0.0,0.1,-0.0,2080.63909928421
314,2024-01-14,99.83,99.83,0.0,0.1,-0.0,2097.235608728494,2.0,0.575,-199.66,1880.9790992842097
315,2024-01-14,96.79,96.79,0.0,0.1,-0.0,2097.235608728494,1.3684210526315792,0.9,-132.44947368421057,1748.5296255999992
316,2024-01-14,96.25,96.25,0.0,0.1,-0.0,2097.235608728494,0.0,0.9,-0.0,1748.5296255999992
317,2024-01-14,95.25,95.25,0.0,0.1,-0.0,2097.235608728494,0.0,0.9,-0.0,1748.5296255999992
318,2024-01-14,103.43,103.43,0.0,0.1,-0.0,2097.235608728494,0.0,0.9,-0.0,1748.5296255999992
319,2024-01-14,104.73,104.73,0.0,0.1,-0.0,2097.235608728494,0.0,0.9,-0.0,1748.5296255999992
320,2024-01-14,108.06,108.06,0.0,0.1,-0.0,2097.235608728494,0.0,0.9,-0.0,1748.5296255999992
321,2024-01-14,108.06,108.06,0.0,0.1,-0.0,2097.235608728494,-2.0,0.37368421052631584,216.12,1964.6496255999991
322,2024-01-14,103.0,103.0,0.0,0.1,-0.0,2097.235608728494,-1.0400000000000003,0.1,107.12000000000003,2071.769625599999
323,2024-01-14,103.0,103.0,0.0,0.1,-0.0,2097.235608728494,0.0,0.1,-0.0,2071.769625599999
324,2024-01-14,101.88,101.88,0.0,0.1,-0.0,2097.235608728494,0.0,0.1,-0.0,2071.769625599999
325,2024-01-14,96.04,96.04,2.0,0.575,-192.08,1905.155608728494,2.0,0.575,-192.08,1879.689625599999
326,2024-01-14,100.0,100.0,1.3684210526315792,0.9,-136.84210526315792,1768.313503465336,1.3684210526315792,0.9,-136.84210526315792,1742.8475203368412
327,2024-01-14,104.74,104.74,0.0,0.9,-0.0,1768.313503465336,0.0,0.9,-0.0,1742.8475203368412
328,2024-01-14,105.0,105.0,0.0,0.9,-0.0,1768.313503465336,0.0,0.9,-0.0,1742.8475203368412
329,2024-01-14,111.0,111.0,0.0,0.9,-0.0,1768.313503465336,0.0,0.9,-0.0,1742.8475203368412
330,2024-01-14,117.0,117.0,-2.0,0.37368421052631584,234.0,2002.313503465336,-2.0,0.37368421052631584,234.0,1976.8475203368412
331,2024-01-14,120.0,120.0,-1.0400000000000003,0.1,124.80000000000003,2127.113503465336,-1.0400000000000003,0.1,124.80000000000003,2101.6475203368414
332,2024-01-14,115.14,115.14,0.0,0.1,-0.0,2127.113503465336,0.0,0.1,-0.0,2101.6475203368414
333,2024-01-14,108.23,108.23,0.0,0.1,-0.0,2127.113503465336,0.0,0.1,-0.0,2101.6475203368414
334,2024-01-14,101.51,101.51,0.0,0.1,-0.0,2127.113503465336,0.0,0.1,-0.0,2101.6475203368414
335,2024-01-14,97.9,97.9,0.0,0.1,-0.0,2127.113503465336,0.0,0.1,-0.0,2101.6475203368414
336,2024-01-15,85.5,85.5,0.0,0.1,-0.0,2127.113503465336,0.0,0.1,-0.0,2101.6475203368414
337,2024-01-15,83.4,83.4,0.0,0.1,-0.0,2127.113503465336,0.0,0.1,-0.0,2101.6475203368414
338,2024-01-15,84.1,84.1,0.0,0.1,-0.0,2127.113503465336,2.0,0.575,-168.2,1933.4475203368413
339,2024-01-15,83.4,83.4,1.510865627755132,0.45883058659184384,-126.00619335477802,2001.107310110558,1.3684210526315792,0.9,-114.12631578947371,1819.3212045473676
340,2024-01-15,83.4,83.4,1.8575554248764472,0.9,-154.9201224346957,1846.1871876758623,0.0,0.9,-0.0,1819.3212045473676
341,2024-01-15,84.9,84.9,0.0,0.9,-0.0,1846.1871876758623,0.0,0.9,-0.0,1819.3212045473676
342,2024-01-15,102.52,102.52,0.0,0.9,-0.0,1846.1871876758623,0.0,0.9,-0.0,1819.3212045473676
343,2024-01-15,110.03,110.03,0.0,0.9,-0.0,1846.1871876758623,0.0,0.9,-0.0,1819.3212045473676
344,2024-01-15,122.00208,122.00208,-2.0,0.37368421052631584,244.00416,2090.1913476758623,-2.0,0.37368421052631584,244.00416,2063.325364547368
345,2024-01-15,119.59,119.59,-1.0400000000000003,0.1,124.37360000000004,2214.564947675862,-1.0400000000000003,0.1,124.37360000000004,2187.6989645473677
346,2024-01-15,106.21,106.21,0.0,0.1,-0.0,2214.564947675862,0.0,0.1,-0.0,2187.6989645473677
347,2024-01-15,103.62167,103.62167,0.0,0.1,-0.0,2214.564947675862,0.0,0.1,-0.0,2187.6989645473677
348,2024-01-15,95.6842,95.6842,1.3684210526317078,0.4250000000000306,-130.93627368422287,2083.6286739916395,0.0,0.1,-0.0,2187.6989645473677
349,2024-01-15,94.4436,94.4436,1.9999999999998714,0.9,-188.88719999998787,1894.7414739916517,2.0,0.575,-188.8872,1998.8117645473676
350,2024-01-15,99.7,99.7,0.0,0.9,-0.0,1894.7414739916517,1.3684210526315792,0.9,-136.43157894736845,1862.380185599999
351,2024-01-15,104.44211,104.44211,0.0,0.9,-0.0,1894.7414739916517,0.0,0.9,-0.0,1862.380185599999
352,2024-01-15,110.0,110.0,0.0,0.9,-0.0,1894.7414739916517,0.0,0.9,-0.0,1862.380185599999
353,2024-01-15,116.13,116.13,-2.0,0.37368421052631584,232.26,2127.0014739916514,0.0,0.9,-0.0,1862.380185599999
354,2024-01-15,115.0,115.0,-1.0400000000000003,0.1,119.60000000000002,2246.6014739916513,-2.0,0.37368421052631584,230.0,2092.380185599999
355,2024-01-15,113.9,113.9,0.0,0.1,-0.0,2246.6014739916513,-1.0400000000000003,0.1,118.45600000000003,2210.836185599999
356,2024-01-15,107.58229,107.58229,0.0,0.1,-0.0,2246.6014739916513,0.0,0.1,-0.0,2210.836185599999
357,2024-01-15,104.31,104.31,0.0,0.1,-0.0,2246.6014739916513,0.0,0.1,-0.0,2210.836185599999
358,2024-01-15,101.68,101.68,0.0,0.1,-0.0,2246.6014739916513,0.0,0.1,-0.0,2210.836185599999
359,2024-01-15,91.39,91.39,0.0,0.1,-0.0,2246.6014739916513,0.0,0.1,-0.0,2210.836185599999
360,2024-01-16,86.58831,86.58831,0.0,0.1,-0.0,2246.6014739916513,0.0,0.1,-0.0,2210.836185599999
361,2024-01-16,83.34,83.34,2.0,0.575,-166.68,2079.9214739916515,0.0,0.1,-0.0,2210.836185599999
362,2024-01-16,84.1,84.1,1.3684210526315792,0.9,-115.0842105263158,1964.8372634653358,2.0,0.575,-168.2,2042.6361855999992
363,2024-01-16,84.7,84.7,0.0,0.9,-0.0,1964.8372634653358,1.3684210526315792,0.9,-115.90526315789477,1926.7309224421044
364,2024-01-16,84.7,84.7,0.0,0.9,-0.0,1964.8372634653358,0.0,0.9,-0.0,1926.7309224421044
365,2024-01-16,90.0,90.0,0.0,0.9,-0.0,1964.8372634653358,0.0,0.9,-0.0,1926.7309224421044
366,2024-01-16,103.76848,103.76848,0.0,0.9,-0.0,1964.8372634653358,0.0,0.9,-0.0,1926.7309224421044
367,2024-01-16,117.0,117.0,0.0,0.9,-0.0,1964.8372634653358,0.0,0.9,-0.0,1926.7309224421044
368,2024-01-16,141.11791,141.11791,-2.0,0.37368421052631584,282.23582,2247.073083465336,-2.0,0.37368421052631584,282.23582,2208.9667424421045
369,2024-01-16,136.26696,136.26696,-1.0400000000000003,0.1,141.71763840000006,2388.790721865336,-1.0400000000000003,0.1,141.71763840000006,2350.6843808421045
370,2024-01-16,120.46093,120.46093,0.0,0.1,-0.0,2388.790721865336,0.0,0.1,-0.0,2350.6843808421045
371,2024-01-16,109.25941,109.25941,0.0,0.1,-0.0,2388.790721865336,0.0,0.1,-0.0,2350.6843808421045
372,2024-01-16,101.16921,101.16921,1.3684210526316505,0.42500000000001703,-138.4420768421125,2250.3486450232235,0.0,0.1,-0.0,2350.6843808421045
373,2024-01-16,100.62671,100.62671,1.9999999999999285,0.9,-201.25341999999281,2049.095225023231,2.0,0.575,-201.25342,2149.4309608421045
374,2024-01-16,104.87055,104.87055,0.0,0.9,-0.0,2049.095225023231,1.3684210526315792,0.9,-143.50706842105265,2005.9238924210517
375,2024-01-16,111.03657,111.03657,0.0,0.9,-0.0,2049.095225023231,0.0,0.9,-0.0,2005.9238924210517
376,2024-01-16,122.05,122.05,0.0,0.9,-0.0,2049.095225023231,0.0,0.9,-0.0,2005.9238924210517
377,2024-01-16,133.0,133.0,-2.0,0.37368421052631584,266.0,2315.095225023231,-2.0,0.37368421052631584,266.0,2271.9238924210517
378,2024-01-16,129.98158,129.98158,-1.0400000000000003,0.1,135.18084320000006,2450.276068223231,-1.0400000000000003,0.1,135.18084320000006,2407.104735621052
379,2024-01-16,121.05,121.05,0.0,0.1,-0.0,2450.276068223231,0.0,0.1,-0.0,2407.104735621052
380,2024-01-16,110.40919,110.40919,0.0,0.1,-0.0,2450.276068223231,0.0,0.1,-0.0,2407.104735621052
381,2024-01-16,105.0,105.0,0.0,0.1,-0.0,2450.276068223231,0.0,0.1,-0.0,2407.104735621052
382,2024-01-16,100.86671,100.86671,0.0,0.1,-0.0,2450.276068223231,0.0,0.1,-0.0,2407.104735621052
383,2024-01-16,97.97296,97.97296,0.0,0.1,-0.0,2450.276068223231,0.0,0.1,-0.0,2407.104735621052
384,2024-01-17,86.75,86.75,0.0,0.1,-0.0,2450.276068223231,0.0,0.1,-0.0,2407.104735621052
385,2024-01-17,85.5,85.5,0.0,0.1,-0.0,2450.276068223231,0.0,0.1,-0.0,2407.104735621052
386,2024-01-17,82.4,82.4,0.9711234103256576,0.3306418099523437,-80.0205690108342,2370.255499212397,2.0,0.575,-164.8,2242.304735621052
387,2024-01-17,80.0,80.0,2.0,0.8056418099523437,-160.0,2210.255499212397,1.3684210526315792,0.9,-109.47368421052633,2132.8310514105256
388,2024-01-17,82.4,82.4,0.3972976423059214,0.9,-32.737325726007924,2177.518173486389,0.0,0.9,-0.0,2132.8310514105256
389,2024-01-17,85.9,85.9,0.0,0.9,-0.0,2177.518173486389,0.0,0.9,-0.0,2132.8310514105256
390,2024-01-17,98.9,98.9,0.0,0.9,-0.0,2177.518173486389,0.0,0.9,-0.0,2132.8310514105256
391,2024-01-17,104.18,104.18,0.0,0.9,-0.0,2177.518173486389,0.0,0.9,-0.0,2132.8310514105256
392,2024-01-17,116.7498,116.7498,0.0,0.9,-0.0,2177.518173486389,0.0,0.9,-0.0,2132.8310514105256
393,2024-01-17,114.46135,114.46135,-2.0,0.37368421052631584,228.9227,2406.440873486389,-2.0,0.37368421052631584,228.9227,2361.7537514105256
394,2024-01-17,109.59758,109.59758,0.0,0.37368421052631584,-0.0,2406.440873486389,-1.0400000000000003,0.1,113.98148320000003,2475.735234610526
395,2024-01-17,110.31763,110.31763,0.0,0.37368421052631584,-0.0,2406.440873486389,0.0,0.1,-0.0,2475.735234610526
396,2024-01-17,104.97503,104.97503,0.21606648199452133,0.42500000000001464,-22.68158542936934,2383.7592880570196,0.0,0.1,-0.0,2475.735234610526
397,2024-01-17,103.41178,103.41178,1.9999999999999385,0.9,-206.82355999999362,2176.935728057026,2.0,0.575,-206.82356,2268.911674610526
398,2024-01-17,107.06157,107.06157,0.0,0.9,-0.0,2176.935728057026,1.3684210526315792,0.9,-146.5053063157895,2122.4063682947367
399,2024-01-17,113.11206,113.11206,0.0,0.9,-0.0,2176.935728057026,0.0,0.9,-0.0,2122.4063682947367
400,2024-01-17,115.0,115.0,0.0,0.9,-0.0,2176.935728057026,0.0,0.9,-0.0,2122.4063682947367
401,2024-01-17,125.4,125.4,-2.0,0.37368421052631584,250.8,2427.7357280570263,-2.0,0.37368421052631584,250.8,2373.206368294737
402,2024-01-17,120.0,120.0,-1.0400000000000003,0.1,124.80000000000003,2552.5357280570265,-1.0400000000000003,0.1,124.80000000000003,2498.006368294737
403,2024-01-17,113.68582,113.68582,0.0,0.1,-0.0,2552.5357280570265,0.0,0.1,-0.0,2498.006368294737
404,2024-01-17,104.23,104.23,0.0,0.1,-0.0,2552.5357280570265,0.0,0.1,-0.0,2498.006368294737
405,2024-01-17,100.1786,100.1786,0.0,0.1,-0.0,2552.5357280570265,0.0,0.1,-0.0,2498.006368294737
406,2024-01-17,93.28313,93.28313,0.0,0.1,-0.0,2552.5357280570265,0.0,0.1,-0.0,2498.006368294737
407,2024-01-17,85.13999,85.13999,0.0,0.1,-0.0,2552.5357280570265,0.0,0.1,-0.0,2498.006368294737
408,2024-01-18,84.0,84.0,0.0,0.1,-0.0,2552.5357280570265,0.0,0.1,-0.0,2498.006368294737
409,2024-01-18,81.6,81.6,0.0,0.1,-0.0,2552.5357280570265,0.0,0.1,-0.0,2498.006368294737
410,2024-01-18,78.0,78.0,0.0,0.1,-0.0,2552.5357280570265,2.0,0.575,-156.0,2342.006368294737
411,2024-01-18,78.0,78.0,2.0,0.575,-156.0,2396.5357280570265,1.3684210526315792,0.9,-106.73684210526318,2235.2695261894737
412,2024-01-18,75.95604,75.95604,1.3684210526315792,0.9,-103.93984421052633,2292.5958838465003,0.0,0.9,-0.0,2235.2695261894737
413,2024-01-18,81.37145,81.37145,0.0,0.9,-0.0,2292.5958838465003,0.0,0.9,-0.0,2235.2695261894737
414,2024-01-18,99.0,99.0,0.0,0.9,-0.0,2292.5958838465003,0.0,0.9,-0.0,2235.2695261894737
415,2024-01-18,112.70957,112.70957,0.0,0.9,-0.0,2292.5958838465003,0.0,0.9,-0.0,2235.2695261894737
416,2024-01-18,125.0,125.0,-2.0,0.37368421052631584,250.0,2542.5958838465003,-2.0,0.37368421052631584,250.0,2485.2695261894737
417,2024-01-18,119.23073,119.23073,-1.0400000000000003,0.1,123.99995920000002,2666.5958430465002,-1.0400000000000003,0.1,123.99995920000002,2609.2694853894736
418,2024-01-18,112.11555,112.11555,0.0,0.1,-0.0,2666.5958430465002,0.0,0.1,-0.0,2609.2694853894736
419,2024-01-18,97.98925,97.98925,0.0,0.1,-0.0,2666.5958430465002,0.0,0.1,-0.0,2609.2694853894736
420,2024-01-18,90.16064,90.16064,1.3684210526345422,0.4250000000007037,-123.37771789500401,2543.218125151496,0.0,0.1,-0.0,2609.2694853894736
421,2024-01-18,87.8814,87.8814,1.9999999999970373,0.9,-175.76279999973963,2367.4553251517564,2.0,0.575,-175.7628,2433.5066853894737
422,2024-01-18,92.01,92.01,0.0,0.9,-0.0,2367.4553251517564,1.3684210526315792,0.9,-125.90842105263161,2307.598264336842
423,2024-01-18,103.40414,103.40414,0.0,0.9,-0.0,2367.4553251517564,0.0,0.9,-0.0,2307.598264336842
424,2024-01-18,106.6622,106.6622,0.0,0.9,-0.0,2367.4553251517564,0.0,0.9,-0.0,2307.598264336842
425,2024-01-18,114.20625,114.20625,-2.0,0.37368421052631584,228.4125,2595.8678251517563,0.0,0.9,-0.0,2307.598264336842
426,2024-01-18,110.0,110.0,-1.0400000000000003,0.1,114.40000000000003,2710.2678251517564,-2.0,0.37368421052631584,220.0,2527.598264336842
427,2024-01-18,109.71,109.71,0.0,0.1,-0.0,2710.2678251517564,-1.0400000000000003,0.1,114.09840000000003,2641.696664336842
428,2024-01-18,103.32,103.32,0.0,0.1,-0.0,2710.2678251517564,0.0,0.1,-0.0,2641.696664336842
429,2024-01-18,100.0,100.0,0.0,0.1,-0.0,2710.2678251517564,0.0,0.1,-0.0,2641.696664336842
430,2024-01-18,91.47,91.47,0.0,0.1,-0.0,2710.2678251517564,0.0,0.1,-0.0,2641.696664336842
431,2024-01-18,84.08,84.08,0.0,0.1,-0.0,2710.2678251517564,0.0,0.1,-0.0,2641.696664336842
432,2024-01-19,72.13,72.13,0.0,0.1,-0.0,2710.2678251517564,0.0,0.1,-0.0,2641.696664336842
433,2024-01-19,70.0,70.0,0.0,0.1,-0.0,2710.2678251517564,0.0,0.1,-0.0,2641.696664336842
434,2024-01-19,66.49387,66.49387,1.3684210526434648,0.4250000000028229,-90.99161157973771,2619.2762135720186,2.0,0.575,-132.98774,2508.708924336842
435,2024-01-19,66.4,66.4,1.9999999999881144,0.9,-132.7999999992108,2486.476213572808,1.3684210526315792,0.9,-90.86315789473687,2417.845766442105
436,2024-01-19,69.16,69.16,0.0,0.9,-0.0,2486.476213572808,0.0,0.9,-0.0,2417.845766442105
437,2024-01-19,74.8,74.8,0.0,0.9,-0.0,2486.476213572808,0.0,0.9,-0.0,2417.845766442105
438,2024-01-19,90.83,90.83,0.0,0.9,-0.0,2486.476213572808,0.0,0.9,-0.0,2417.845766442105
439,2024-01-19,98.64,98.64,0.0,0.9,-0.0,2486.476213572808,0.0,0.9,-0.0,2417.845766442105
440,2024-01-19,117.68,117.68,-2.0,0.37368421052631584,235.36,2721.836213572808,-2.0,0.37368421052631584,235.36,2653.205766442105
441,2024-01-19,110.0,110.0,-1.0400000000000003,0.1,114.40000000000003,2836.236213572808,-1.0400000000000003,0.1,114.40000000000003,2767.605766442105
442,2024-01-19,100.56,100.56,0.0,0.1,-0.0,2836.236213572808,0.0,0.1,-0.0,2767.605766442105
443,2024-01-19,96.43,96.43,0.0,0.1,-0.0,2836.236213572808,0.0,0.1,-0.0,2767.605766442105
444,2024-01-19,91.58072,91.58072,2.0,0.575,-183.16144,2653.074773572808,0.0,0.1,-0.0,2767.605766442105
445,2024-01-19,93.09,93.09,1.3684210526315792,0.9,-127.38631578947371,2525.6884577833343,2.0,0.575,-186.18,2581.425766442105
446,2024-01-19,95.63,95.63,0.0,0.9,-0.0,2525.6884577833343,1.3684210526315792,0.9,-130.8621052631579,2450.5636611789473
447,2024-01-19,99.05,99.05,0.0,0.9,-0.0,2525.6884577833343,0.0,0.9,-0.0,2450.5636611789473
448,2024-01-19,101.36,101.36,0.0,0.9,-0.0,2525.6884577833343,0.0,0.9,-0.0,2450.5636611789473
449,2024-01-19,107.67,107.67,-2.0,0.37368421052631584,215.34,2741.0284577833345,0.0,0.9,-0.0,2450.5636611789473
450,2024-01-19,107.17,107.17,-1.0400000000000003,0.1,111.45680000000003,2852.4852577833344,0.0,0.9,-0.0,2450.5636611789473
451,2024-01-19,106.95,106.95,0.0,0.1,-0.0,2852.4852577833344,-2.0,0.37368421052631584,213.9,2664.4636611789474
452,2024-01-19,99.03,99.03,0.0,0.1,-0.0,2852.4852577833344,-1.0400000000000003,0.1,102.99120000000002,2767.4548611789473
453,2024-01-19,98.49,98.49,0.0,0.1,-0.0,2852.4852577833344,0.0,0.1,-0.0,2767.4548611789473
454,2024-01-19,96.0,96.0,0.0,0.1,-0.0,2852.4852577833344,0.0,0.1,-0.0,2767.4548611789473
455,2024-01-19,92.9,92.9,0.0,0.1,-0.0,2852.4852577833344,0.0,0.1,-0.0,2767.4548611789473
456,2024-01-20,93.5,93.5,0.0,0.1,-0.0,2852.4852577833344,0.0,0.1,-0.0,2767.4548611789473
457,2024-01-20,85.4,85.4,0.0,0.1,-0.0,2852.4852577833344,0.0,0.1,-0.0,2767.4548611789473
458,2024-01-20,77.75,77.75,0.0,0.1,-0.0,2852.4852577833344,0.0,0.1,-0.0,2767.4548611789473
459,2024-01-20,76.93,76.93,2.0,0.575,-153.86,2698.6252577833343,2.0,0.575,-153.86,2613.594861178947
460,2024-01-20,76.93,76.93,1.3684210526315792,0.9,-105.2726315789474,2593.352626204387,1.3684210526315792,0.9,-105.2726315789474,2508.3222296
461,2024-01-20,76.93,76.93,0.0,0.9,-0.0,2593.352626204387,0.0,0.9,-0.0,2508.3222296
462,2024-01-20,87.37,87.37,0.0,0.9,-0.0,2593.352626204387,0.0,0.9,-0.0,2508.3222296
463,2024-01-20,96.07,96.07,0.0,0.9,-0.0,2593.352626204387,0.0,0.9,-0.0,2508.3222296
464,2024-01-20,100.0,100.0,0.0,0.9,-0.0,2593.352626204387,0.0,0.9,-0.0,2508.3222296
465,2024-01-20,99.0,99.0,0.0,0.9,-0.0,2593.352626204387,-2.0,0.37368421052631584,198.0,2706.3222296
466,2024-01-20,95.92,95.92,-2.0,0.37368421052631584,191.84,2785.192626204387,-1.0400000000000003,0.1,99.75680000000003,2806.0790296
467,2024-01-20,92.49,92.49,-1.0400000000000003,0.1,96.18960000000001,2881.3822262043873,0.0,0.1,-0.0,2806.0790296
468,2024-01-20,82.88,82.88,0.0,0.1,-0.0,2881.3822262043873,2.0,0.575,-165.76,2640.3190296000002
469,2024-01-20,77.75,77.75,2.0,0.575,-155.5,2725.8822262043873,1.3684210526315792,0.9,-106.39473684210529,2533.924292757895
470,2024-01-20,78.65,78.65,1.3684210526315792,0.9,-107.62631578947371,2618.2559104149136,0.0,0.9,-0.0,2533.924292757895
471,2024-01-20,90.85,90.85,0.0,0.9,-0.0,2618.2559104149136,0.0,0.9,-0.0,2533.924292757895
472,2024-01-20,96.07,96.07,0.0,0.9,-0.0,2618.2559104149136,0.0,0.9,-0.0,2533.924292757895
473,2024-01-20,105.0,105.0,-2.0,0.37368421052631584,210.0,2828.2559104149136,0.0,0.9,-0.0,2533.924292757895
474,2024-01-20,105.0,105.0,0.0,0.37368421052631584,-0.0,2828.2559104149136,-2.0,0.37368421052631584,210.0,2743.924292757895
475,2024-01-20,105.6,105.6,-1.0400000000000003,0.1,109.82400000000003,2938.0799104149137,-1.0400000000000003,0.1,109.82400000000003,2853.748292757895
476,2024-01-20,98.52,98.52,0.0,0.1,-0.0,2938.0799104149137,0.0,0.1,-0.0,2853.748292757895
477,2024-01-20,92.91,92.91,0.0,0.1,-0.0,2938.0799104149137,0.0,0.1,-0.0,2853.748292757895
478,2024-01-20,81.23,81.23,0.0,0.1,-0.0,2938.0799104149137,0.0,0.1,-0.0,2853.748292757895
479,2024-01-20,76.93,76.93,0.0,0.1,-0.0,2938.0799104149137,0.0,0.1,-0.0,2853.748292757895
480,2024-01-21,84.4,84.4,0.0,0.1,-0.0,2938.0799104149137,0.0,0.1,-0.0,2853.748292757895
481,2024-01-21,82.2,82.2,0.0,0.1,-0.0,2938.0799104149137,0.0,0.1,-0.0,2853.748292757895
482,2024-01-21,75.03,75.03,0.0,0.1,-0.0,2938.0799104149137,0.0,0.1,-0.0,2853.748292757895
483,2024-01-21,69.0,69.0,2.0,0.575,-138.0,2800.0799104149137,2.0,0.575,-138.0,2715.748292757895
484,2024-01-21,70.0,70.0,0.0,0.575,-0.0,2800.0799104149137,1.3684210526315792,0.9,-95.78947368421055,2619.9588190736845
485,2024-01-21,69.0,69.0,1.3684210526315792,0.9,-94.42105263157896,2705.6588577833345,0.0,0.9,-0.0,2619.9588190736845
486,2024-01-21,73.0,73.0,0.0,0.9,-0.0,2705.6588577833345,0.0,0.9,-0.0,2619.9588190736845
487,2024-01-21,90.0,90.0,-1.2000000045042025,0.584210525130473,108.00000040537823,2813.6588581887127,-2.0,0.37368421052631584,180.0,2799.9588190736845
488,2024-01-21,93.59,93.59,-1.8399999954957975,0.1,172.20559957845168,2985.8644577671644,-1.0400000000000003,0.1,97.33360000000003,2897.2924190736844
489,2024-01-21,89.34,89.34,0.0,0.1,-0.0,2985.8644577671644,0.0,0.1,-0.0,2897.2924190736844
490,2024-01-21,69.35615,69.35615,0.0,0.1,-0.0,2985.8644577671644,0.0,0.1,-0.0,2897.2924190736844
491,2024-01-21,62.89145,62.89145,0.0,0.1,-0.0,2985.8644577671644,0.0,0.1,-0.0,2897.2924190736844
492,2024-01-21,60.33551,60.33551,1.3684210529830212,0.4250000000834675,-82.5643821264676,2903.300075640697,2.0,0.575,-120.67102,2776.621399073684
493,2024-01-21,58.1183,58.1183,1.999999999648558,0.9,-116.23659997957479,2787.063475661122,1.3684210526315792,0.9,-79.53030526315791,2697.091093810526
494,2024-01-21,65.1,65.1,0.0,0.9,-0.0,2787.063475661122,0.0,0.9,-0.0,2697.091093810526
495,2024-01-21,88.38,88.38,0.0,0.9,-0.0,2787.063475661122,0.0,0.9,-0.0,2697.091093810526
496,2024-01-21,95.0,95.0,0.0,0.9,-0.0,2787.063475661122,0.0,0.9,-0.0,2697.091093810526
497,2024-01-21,98.81405,98.81405,0.0,0.9,-0.0,2787.063475661122,0.0,0.9,-0.0,2697.091093810526
498,2024-01-21,101.87,101.87,0.0,0.9,-0.0,2787.063475661122,-2.0,0.37368421052631584,203.74,2900.831093810526
499,2024-01-21,105.1,105.1,-2.0,0.37368421052631584,210.2,2997.263475661122,-1.0400000000000003,0.1,109.30400000000002,3010.135093810526
500,2024-01-21,105.1,105.1,-1.0400000000000003,0.1,109.30400000000002,3106.567475661122,0.0,0.1,-0.0,3010.135093810526
501,2024-01-21,102.41,102.41,0.0,0.1,-0.0,3106.567475661122,0.0,0.1,-0.0,3010.135093810526
502,2024-01-21,97.75,97.75,0.0,0.1,-0.0,3106.567475661122,0.0,0.1,-0.0,3010.135093810526
503,2024-01-21,95.0,95.0,0.0,0.1,-0.0,3106.567475661122,0.0,0.1,-0.0,3010.135093810526
504,2024-01-22,84.4,84.4,0.0,0.1,-0.0,3106.567475661122,0.0,0.1,-0.0,3010.135093810526
505,2024-01-22,82.2,82.2,0.0,0.1,-0.0,3106.567475661122,0.0,0.1,-0.0,3010.135093810526
506,2024-01-22,77.9,77.9,0.0,0.1,-0.0,3106.567475661122,2.0,0.575,-155.8,2854.335093810526
507,2024-01-22,77.9,77.9,2.0,0.575,-155.8,2950.767475661122,1.3684210526315792,0.9,-106.60000000000002,2747.735093810526
508,2024-01-22,82.49,82.49,1.3684210526315792,0.9,-112.88105263157897,2837.886423029543,0.0,0.9,-0.0,2747.735093810526
509,2024-01-22,95.68,95.68,0.0,0.9,-0.0,2837.886423029543,0.0,0.9,-0.0,2747.735093810526
510,2024-01-22,106.0,106.0,0.0,0.9,-0.0,2837.886423029543,0.0,0.9,-0.0,2747.735093810526
511,2024-01-22,114.5,114.5,0.0,0.9,-0.0,2837.886423029543,0.0,0.9,-0.0,2747.735093810526
512,2024-01-22,131.8,131.8,-2.0,0.37368421052631584,263.6,3101.486423029543,-2.0,0.37368421052631584,263.6,3011.335093810526
513,2024-01-22,114.0,114.0,-1.0400000000000003,0.1,118.56000000000003,3220.046423029543,-1.0400000000000003,0.1,118.56000000000003,3129.895093810526
514,2024-01-22,99.83,99.83,0.0,0.1,-0.0,3220.046423029543,0.0,0.1,-0.0,3129.895093810526
515,2024-01-22,97.73,97.73,0.0,0.1,-0.0,3220.046423029543,0.0,0.1,-0.0,3129.895093810526
516,2024-01-22,94.5,94.5,0.0,0.1,-0.0,3220.046423029543,2.0,0.575,-189.0,2940.895093810526
517,2024-01-22,95.0,95.0,2.0,0.575,-190.0,3030.046423029543,1.3684210526315792,0.9,-130.00000000000003,2810.895093810526
518,2024-01-22,99.46,99.46,1.3684210526315792,0.9,-136.10315789473685,2893.943265134806,0.0,0.9,-0.0,2810.895093810526
519,2024-01-22,113.41,113.41,0.0,0.9,-0.0,2893.943265134806,0.0,0.9,-0.0,2810.895093810526
520,2024-01-22,122.00407,122.00407,-1.2000000005675402,0.5842105261664368,146.4048840692422,3040.3481492040482,0.0,0.9,-0.0,2810.895093810526
521,2024-01-22,131.8,131.8,-1.8399999994324596,0.1,242.5119999251982,3282.8601491292466,-2.0,0.37368421052631584,263.6,3074.4950938105258
522,2024-01-22,119.75,119.75,0.0,0.1,-0.0,3282.8601491292466,-1.0400000000000003,0.1,124.54000000000003,3199.0350938105257
523,2024-01-22,114.5,114.5,0.0,0.1,-0.0,3282.8601491292466,0.0,0.1,-0.0,3199.0350938105257
524,2024-01-22,108.63,108.63,0.0,0.1,-0.0,3282.8601491292466,0.0,0.1,-0.0,3199.0350938105257
525,2024-01-22,99.83,99.83,0.0,0.1,-0.0,3282.8601491292466,0.0,0.1,-0.0,3199.0350938105257
526,2024-01-22,97.46612,97.46612,0.0,0.1,-0.0,3282.8601491292466,0.0,0.1,-0.0,3199.0350938105257
527,2024-01-22,90.01,90.01,0.0,0.1,-0.0,3282.8601491292466,0.0,0.1,-0.0,3199.0350938105257
528,2024-01-23,75.9,75.9,0.0,0.1,-0.0,3282.8601491292466,0.0,0.1,-0.0,3199.0350938105257
529,2024-01-23,72.0,72.0,0.0,0.1,-0.0,3282.8601491292466,0.0,0.1,-0.0,3199.0350938105257
530,2024-01-23,65.1,65.1,2.0,0.575,-130.2,3152.6601491292467,2.0,0.575,-130.2,3068.835093810526
531,2024-01-23,65.1,65.1,1.3684210526315792,0.9,-89.0842105263158,3063.575938602931,1.3684210526315792,0.9,-89.0842105263158,2979.75088328421
532,2024-01-23,70.33,70.33,0.0,0.9,-0.0,3063.575938602931,0.0,0.9,-0.0,2979.75088328421
533,2024-01-23,79.32,79.32,0.0,0.9,-0.0,3063.575938602931,0.0,0.9,-0.0,2979.75088328421
534,2024-01-23,95.13,95.13,0.0,0.9,-0.0,3063.575938602931,0.0,0.9,-0.0,2979.75088328421
535,2024-01-23,104.11,104.11,0.0,0.9,-0.0,3063.575938602931,0.0,0.9,-0.0,2979.75088328421
536,2024-01-23,122.00354,122.00354,-2.0,0.37368421052631584,244.00708,3307.5830186029307,-2.0,0.37368421052631584,244.00708,3223.75796328421
537,2024-01-23,105.0,105.0,-1.0400000000000003,0.1,109.20000000000003,3416.7830186029305,-1.0400000000000003,0.1,109.20000000000003,3332.9579632842097
538,2024-01-23,96.45,96.45,0.0,0.1,-0.0,3416.7830186029305,0.0,0.1,-0.0,3332.9579632842097
539,2024-01-23,90.0,90.0,0.0,0.1,-0.0,3416.7830186029305,0.0,0.1,-0.0,3332.9579632842097
540,2024-01-23,79.74703,79.74703,1.3684579689808196,0.4250087676329446,-109.13045870605248,3307.652559896878,2.0,0.575,-159.49406,3173.4639032842097
541,2024-01-23,79.567,79.567,1.9999630836507598,0.9,-159.13106267684,3148.521497220038,1.3684210526315792,0.9,-108.88115789473686,3064.5827453894726
542,2024-01-23,85.87885,85.87885,0.0,0.9,-0.0,3148.521497220038,0.0,0.9,-0.0,3064.5827453894726
543,2024-01-23,92.89909,92.89909,0.0,0.9,-0.0,3148.521497220038,0.0,0.9,-0.0,3064.5827453894726
544,2024-01-23,100.13,100.13,0.0,0.9,-0.0,3148.521497220038,0.0,0.9,-0.0,3064.5827453894726
545,2024-01-23,105.98,105.98,-2.0,0.37368421052631584,211.96,3360.481497220038,0.0,0.9,-0.0,3064.5827453894726
546,2024-01-23,103.04,103.04,-1.0400000000000003,0.1,107.16160000000004,3467.643097220038,-2.0,0.37368421052631584,206.08,3270.6627453894725
547,2024-01-23,101.61,101.61,0.0,0.1,-0.0,3467.643097220038,-1.0400000000000003,0.1,105.67440000000002,3376.3371453894724
548,2024-01-23,99.46,99.46,0.0,0.1,-0.0,3467.643097220038,0.0,0.1,-0.0,3376.3371453894724
549,2024-01-23,97.66,97.66,0.0,0.1,-0.0,3467.643097220038,0.0,0.1,-0.0,3376.3371453894724
550,2024-01-23,94.1,94.1,0.0,0.1,-0.0,3467.643097220038,0.0,0.1,-0.0,3376.3371453894724
551,2024-01-23,89.44,89.44,0.0,0.1,-0.0,3467.643097220038,0.0,0.1,-0.0,3376.3371453894724
552,2024-01-24,76.4,76.4,0.0,0.1,-0.0,3467.643097220038,0.0,0.1,-0.0,3376.3371453894724
553,2024-01-24,69.0,69.0,0.0,0.1,-0.0,3467.643097220038,0.0,0.1,-0.0,3376.3371453894724
554,2024-01-24,65.7,65.7,1.3684210685671778,0.4250000037847047,-89.90526420486358,3377.737833015174,2.0,0.575,-131.4,3244.9371453894723
555,2024-01-24,65.3,65.3,1.9999999840644014,0.9,-130.5999989594054,3247.1378340557685,1.3684210526315792,0.9,-89.35789473684211,3155.5792506526304
556,2024-01-24,66.85,66.85,0.0,0.9,-0.0,3247.1378340557685,0.0,0.9,-0.0,3155.5792506526304
557,2024-01-24,79.0,79.0,0.0,0.9,-0.0,3247.1378340557685,0.0,0.9,-0.0,3155.5792506526304
558,2024-01-24,97.01,97.01,0.0,0.9,-0.0,3247.1378340557685,0.0,0.9,-0.0,3155.5792506526304
559,2024-01-24,122.0061,122.0061,-2.0,0.37368421052631584,244.0122,3491.1500340557686,0.0,0.9,-0.0,3155.5792506526304
560,2024-01-24,128.0,128.0,-1.0400000000000003,0.1,133.12000000000003,3624.2700340557685,-2.0,0.37368421052631584,256.0,3411.5792506526304
561,2024-01-24,107.52,107.52,0.0,0.1,-0.0,3624.2700340557685,-1.0400000000000003,0.1,111.82080000000002,3523.4000506526304
562,2024-01-24,98.3,98.3,0.0,0.1,-0.0,3624.2700340557685,0.0,0.1,-0.0,3523.4000506526304
563,2024-01-24,95.25,95.25,0.0,0.1,-0.0,3624.2700340557685,0.0,0.1,-0.0,3523.4000506526304
564,2024-01-24,83.22628,83.22628,2.0,0.575,-166.45256,3457.8174740557683,2.0,0.575,-166.45256,3356.94749065263
565,2024-01-24,84.97,84.97,1.3684210526315792,0.9,-116.27473684210528,3341.5427372136633,1.3684210526315792,0.9,-116.27473684210528,3240.672753810525
566,2024-01-24,95.25,95.25,0.0,0.9,-0.0,3341.5427372136633,0.0,0.9,-0.0,3240.672753810525
567,2024-01-24,101.0,101.0,0.0,0.9,-0.0,3341.5427372136633,0.0,0.9,-0.0,3240.672753810525
568,2024-01-24,111.88,111.88,0.0,0.9,-0.0,3341.5427372136633,0.0,0.9,-0.0,3240.672753810525
569,2024-01-24,125.53,125.53,-2.0,0.37368421052631584,251.06,3592.602737213663,-2.0,0.37368421052631584,251.06,3491.732753810525
570,2024-01-24,123.54,123.54,-1.0400000000000003,0.1,128.48160000000004,3721.0843372136633,-1.0400000000000003,0.1,128.48160000000004,3620.214353810525
571,2024-01-24,119.27,119.27,0.0,0.1,-0.0,3721.0843372136633,0.0,0.1,-0.0,3620.214353810525
572,2024-01-24,105.04,105.04,0.0,0.1,-0.0,3721.0843372136633,0.0,0.1,-0.0,3620.214353810525
573,2024-01-24,101.94,101.94,0.0,0.1,-0.0,3721.0843372136633,0.0,0.1,-0.0,3620.214353810525
574,2024-01-24,97.09,97.09,0.0,0.1,-0.0,3721.0843372136633,0.0,0.1,-0.0,3620.214353810525
575,2024-01-24,94.0,94.0,0.0,0.1,-0.0,3721.0843372136633,0.0,0.1,-0.0,3620.214353810525
576,2024-01-25,80.34,80.34,0.0,0.1,-0.0,3721.0843372136633,0.0,0.1,-0.0,3620.214353810525
577,2024-01-25,72.23,72.23,0.0,0.1,-0.0,3721.0843372136633,0.0,0.1,-0.0,3620.214353810525
578,2024-01-25,69.6,69.6,1.368421052631826,0.42500000000005866,-95.24210526317508,3625.842231950488,2.0,0.575,-139.2,3481.0143538105253
579,2024-01-25,66.9,66.9,1.999999999999753,0.9,-133.7999999999835,3492.0422319505046,1.3684210526315792,0.9,-91.54736842105265,3389.4669853894725
580,2024-01-25,69.76,69.76,0.0,0.9,-0.0,3492.0422319505046,0.0,0.9,-0.0,3389.4669853894725
581,2024-01-25,80.0,80.0,0.0,0.9,-0.0,3492.0422319505046,0.0,0.9,-0.0,3389.4669853894725
582,2024-01-25,96.19,96.19,0.0,0.9,-0.0,3492.0422319505046,0.0,0.9,-0.0,3389.4669853894725
583,2024-01-25,106.13,106.13,0.0,0.9,-0.0,3492.0422319505046,0.0,0.9,-0.0,3389.4669853894725
584,2024-01-25,124.23,124.23,-2.0,0.37368421052631584,248.46,3740.5022319505047,-2.0,0.37368421052631584,248.46,3637.9269853894725
585,2024-01-25,106.3,106.3,-1.0400000000000003,0.1,110.55200000000002,3851.054231950505,-1.0400000000000003,0.1,110.55200000000002,3748.4789853894727
586,2024-01-25,94.19572,94.19572,0.0,0.1,-0.0,3851.054231950505,0.0,0.1,-0.0,3748.4789853894727
587,2024-01-25,89.10863,89.10863,0.0,0.1,-0.0,3851.054231950505,0.0,0.1,-0.0,3748.4789853894727
588,2024-01-25,78.212,78.212,2.0,0.575,-156.424,3694.630231950505,2.0,0.575,-156.424,3592.0549853894727
589,2024-01-25,78.39197,78.39197,1.3684210526315792,0.9,-107.27322210526317,3587.3570098452415,1.3684210526315792,0.9,-107.27322210526317,3484.7817632842093
590,2024-01-25,89.67638,89.67638,0.0,0.9,-0.0,3587.3570098452415,0.0,0.9,-0.0,3484.7817632842093
591,2024-01-25,98.43,98.43,0.0,0.9,-0.0,3587.3570098452415,0.0,0.9,-0.0,3484.7817632842093
592,2024-01-25,108.56,108.56,0.0,0.9,-0.0,3587.3570098452415,0.0,0.9,-0.0,3484.7817632842093
593,2024-01-25,126.56,126.56,-2.0,0.37368421052631584,253.12,3840.4770098452414,-2.0,0.37368421052631584,253.12,3737.901763284209
594,2024-01-25,122.00018,122.00018,-1.0400000000000003,0.1,126.88018720000004,3967.3571970452413,-1.0400000000000003,0.1,126.88018720000004,3864.781950484209
595,2024-01-25,120.0,120.0,0.0,0.1,-0.0,3967.3571970452413,0.0,0.1,-0.0,3864.781950484209
596,2024-01-25,106.13,106.13,0.0,0.1,-0.0,3967.3571970452413,0.0,0.1,-0.0,3864.781950484209
597,2024-01-25,99.89,99.89,0.0,0.1,-0.0,3967.3571970452413,0.0,0.1,-0.0,3864.781950484209
598,2024-01-25,96.82,96.82,0.0,0.1,-0.0,3967.3571970452413,0.0,0.1,-0.0,3864.781950484209
599,2024-01-25,95.68,95.68,0.0,0.1,-0.0,3967.3571970452413,0.0,0.1,-0.0,3864.781950484209
600,2024-01-26,93.8,93.8,0.0,0.1,-0.0,3967.3571970452413,0.0,0.1,-0.0,3864.781950484209
601,2024-01-26,88.89,88.89,0.0,0.1,-0.0,3967.3571970452413,0.0,0.1,-0.0,3864.781950484209
602,2024-01-26,85.8,85.8,0.0,0.1,-0.0,3967.3571970452413,0.0,0.1,-0.0,3864.781950484209
603,2024-01-26,83.0,83.0,2.0,0.575,-166.0,3801.3571970452413,2.0,0.575,-166.0,3698.781950484209
604,2024-01-26,85.0,85.0,1.3684210526315792,0.9,-116.31578947368423,3685.041407571557,1.3684210526315792,0.9,-116.31578947368423,3582.466161010525
605,2024-01-26,90.01,90.01,0.0,0.9,-0.0,3685.041407571557,0.0,0.9,-0.0,3582.466161010525
606,2024-01-26,99.3,99.3,0.0,0.9,-0.0,3685.041407571557,0.0,0.9,-0.0,3582.466161010525
607,2024-01-26,120.05,120.05,0.0,0.9,-0.0,3685.041407571557,0.0,0.9,-0.0,3582.466161010525
608,2024-01-26,135.0,135.0,-2.0,0.37368421052631584,270.0,3955.041407571557,-2.0,0.37368421052631584,270.0,3852.466161010525
609,2024-01-26,120.05,120.05,-1.0400000000000003,0.1,124.85200000000003,4079.893407571557,-1.0400000000000003,0.1,124.85200000000003,3977.318161010525
610,2024-01-26,100.31,100.31,0.0,0.1,-0.0,4079.893407571557,0.0,0.1,-0.0,3977.318161010525
611,2024-01-26,96.87346,96.87346,0.0,0.1,-0.0,4079.893407571557,0.0,0.1,-0.0,3977.318161010525
612,2024-01-26,86.44,86.44,2.0,0.575,-172.88,3907.013407571557,2.0,0.575,-172.88,3804.4381610105247
613,2024-01-26,87.52317,87.52317,1.3684210526315792,0.9,-119.76854842105264,3787.244859150504,1.3684210526315792,0.9,-119.76854842105264,3684.669612589472
614,2024-01-26,95.01,95.01,0.0,0.9,-0.0,3787.244859150504,0.0,0.9,-0.0,3684.669612589472
615,2024-01-26,101.6558,101.6558,0.0,0.9,-0.0,3787.244859150504,0.0,0.9,-0.0,3684.669612589472
616,2024-01-26,117.45,117.45,0.0,0.9,-0.0,3787.244859150504,0.0,0.9,-0.0,3684.669612589472
617,2024-01-26,128.0,128.0,-2.0,0.37368421052631584,256.0,4043.244859150504,-2.0,0.37368421052631584,256.0,3940.669612589472
618,2024-01-26,119.99,119.99,-1.0400000000000003,0.1,124.78960000000002,4168.034459150504,-1.0400000000000003,0.1,124.78960000000002,4065.459212589472
619,2024-01-26,115.0,115.0,0.0,0.1,-0.0,4168.034459150504,0.0,0.1,-0.0,4065.459212589472
620,2024-01-26,101.24552,101.24552,0.0,0.1,-0.0,4168.034459150504,0.0,0.1,-0.0,4065.459212589472
621,2024-01-26,98.57,98.57,0.0,0.1,-0.0,4168.034459150504,0.0,0.1,-0.0,4065.459212589472
622,2024-01-26,95.48,95.48,0.0,0.1,-0.0,4168.034459150504,0.0,0.1,-0.0,4065.459212589472
623,2024-01-26,94.05,94.05,0.0,0.1,-0.0,4168.034459150504,0.0,0.1,-0.0,4065.459212589472
624,2024-01-27,97.29,97.29,0.0,0.1,-0.0,4168.034459150504,0.0,0.1,-0.0,4065.459212589472
625,2024-01-27,93.27,93.27,0.0,0.1,-0.0,4168.034459150504,0.0,0.1,-0.0,4065.459212589472
626,2024-01-27,90.46,90.46,0.0,0.1,-0.0,4168.034459150504,2.0,0.575,-180.92,3884.539212589472
627,2024-01-27,86.44,86.44,2.0,0.575,-172.88,3995.1544591505035,1.3684210526315792,0.9,-118.2863157894737,3766.2528967999983
628,2024-01-27,85.7,85.7,1.3684210526315792,0.9,-117.27368421052634,3877.880774939977,0.0,0.9,-0.0,3766.2528967999983
629,2024-01-27,86.44,86.44,0.0,0.9,-0.0,3877.880774939977,0.0,0.9,-0.0,3766.2528967999983
630,2024-01-27,95.21,95.21,0.0,0.9,-0.0,3877.880774939977,0.0,0.9,-0.0,3766.2528967999983
631,2024-01-27,104.94,104.94,-1.2000000002005526,0.5842105262630124,125.92800002104599,4003.808774961023,0.0,0.9,-0.0,3766.2528967999983
632,2024-01-27,114.2,114.2,-1.8399999997994472,0.1,210.12799997709686,4213.93677493812,-2.0,0.37368421052631584,228.4,3994.6528967999984
633,2024-01-27,104.23,104.23,0.0,0.1,-0.0,4213.93677493812,-1.0400000000000003,0.1,108.39920000000004,4103.052096799998
634,2024-01-27,95.0,95.0,0.0,0.1,-0.0,4213.93677493812,0.0,0.1,-0.0,4103.052096799998
635,2024-01-27,85.0,85.0,0.0,0.1,-0.0,4213.93677493812,0.0,0.1,-0.0,4103.052096799998
636,2024-01-27,70.57,70.57,1.3684210526316982,0.42500000000002836,-96.56947368421893,4117.367301253901,2.0,0.575,-141.14,3961.9120967999984
637,2024-01-27,70.19,70.19,1.9999999999998808,0.9,-140.37999999999164,3976.9873012539097,1.3684210526315792,0.9,-96.04947368421054,3865.8626231157878
638,2024-01-27,71.95,71.95,0.0,0.9,-0.0,3976.9873012539097,0.0,0.9,-0.0,3865.8626231157878
639,2024-01-27,78.34,78.34,0.0,0.9,-0.0,3976.9873012539097,0.0,0.9,-0.0,3865.8626231157878
640,2024-01-27,96.33,96.33,0.0,0.9,-0.0,3976.9873012539097,0.0,0.9,-0.0,3865.8626231157878
641,2024-01-27,101.94,101.94,0.0,0.9,-0.0,3976.9873012539097,0.0,0.9,-0.0,3865.8626231157878
642,2024-01-27,105.78,105.78,-2.0,0.37368421052631584,211.56,4188.54730125391,-2.0,0.37368421052631584,211.56,4077.4226231157877
643,2024-01-27,105.33,105.33,-1.0400000000000003,0.1,109.54320000000003,4298.09050125391,-1.0400000000000003,0.1,109.54320000000003,4186.965823115787
644,2024-01-27,98.61,98.61,0.0,0.1,-0.0,4298.09050125391,0.0,0.1,-0.0,4186.965823115787
645,2024-01-27,97.29,97.29,0.0,0.1,-0.0,4298.09050125391,0.0,0.1,-0.0,4186.965823115787
646,2024-01-27,90.78,90.78,0.0,0.1,-0.0,4298.09050125391,0.0,0.1,-0.0,4186.965823115787
647,2024-01-27,84.0,84.0,0.0,0.1,-0.0,4298.09050125391,0.0,0.1,-0.0,4186.965823115787
648,2024-01-28,75.11,75.11,0.0,0.1,-0.0,4298.09050125391,0.0,0.1,-0.0,4186.965823115787
649,2024-01-28,73.27,73.27,0.0,0.1,-0.0,4298.09050125391,0.0,0.1,-0.0,4186.965823115787
650,2024-01-28,70.46,70.46,0.0,0.1,-0.0,4298.09050125391,0.0,0.1,-0.0,4186.965823115787
651,2024-01-28,66.44,66.44,0.0,0.1,-0.0,4298.09050125391,2.0,0.575,-132.88,4054.085823115787
652,2024-01-28,61.93,61.93,2.0,0.575,-123.86,4174.23050125391,1.3684210526315792,0.9,-84.7463157894737,3969.3395073263137
653,2024-01-28,61.82058,61.82058,1.3684210526315792,0.9,-84.59658315789476,4089.6339180960153,0.0,0.9,-0.0,3969.3395073263137
654,2024-01-28,70.4,70.4,0.0,0.9,-0.0,4089.6339180960153,0.0,0.9,-0.0,3969.3395073263137
655,2024-01-28,75.19,75.19,0.0,0.9,-0.0,4089.6339180960153,0.0,0.9,-0.0,3969.3395073263137
656,2024-01-28,90.0,90.0,0.0,0.9,-0.0,4089.6339180960153,-2.0,0.37368421052631584,180.0,4149.339507326314
657,2024-01-28,89.37,89.37,-2.0,0.37368421052631584,178.74,4268.373918096016,-1.0400000000000003,0.1,92.94480000000003,4242.284307326314
658,2024-01-28,65.0,65.0,-1.0400000000000003,0.1,67.60000000000002,4335.973918096016,0.0,0.1,-0.0,4242.284307326314
659,2024-01-28,49.99,49.99,0.0,0.1,-0.0,4335.973918096016,0.0,0.1,-0.0,4242.284307326314
660,2024-01-28,50.0,50.0,1.368421053660782,0.42500000024443574,-68.4210526830391,4267.552865412977,2.0,0.575,-100.0,4142.284307326314
661,2024-01-28,48.33318,48.33318,1.999999998970797,0.9,-96.66635995025534,4170.886505462721,1.3684210526315792,0.9,-66.14014105263159,4076.1441662736825
662,2024-01-28,67.08,67.08,0.0,0.9,-0.0,4170.886505462721,0.0,0.9,-0.0,4076.1441662736825
663,2024-01-28,77.30454,77.30454,0.0,0.9,-0.0,4170.886505462721,0.0,0.9,-0.0,4076.1441662736825
664,2024-01-28,88.28622,88.28622,0.0,0.9,-0.0,4170.886505462721,0.0,0.9,-0.0,4076.1441662736825
665,2024-01-28,98.35821,98.35821,0.0,0.9,-0.0,4170.886505462721,0.0,0.9,-0.0,4076.1441662736825
666,2024-01-28,100.0,100.0,-2.0,0.37368421052631584,200.0,4370.886505462721,-2.0,0.37368421052631584,200.0,4276.1441662736825
667,2024-01-28,100.56,100.56,-1.0400000000000003,0.1,104.58240000000004,4475.4689054627215,-1.0400000000000003,0.1,104.58240000000004,4380.726566273683
668,2024-01-28,97.44,97.44,0.0,0.1,-0.0,4475.4689054627215,0.0,0.1,-0.0,4380.726566273683
669,2024-01-28,97.0,97.0,0.0,0.1,-0.0,4475.4689054627215,0.0,0.1,-0.0,4380.726566273683
670,2024-01-28,90.93,90.93,0.0,0.1,-0.0,4475.4689054627215,0.0,0.1,-0.0,4380.726566273683
671,2024-01-28,75.11,75.11,0.0,0.1,-0.0,4475.4689054627215,0.0,0.1,-0.0,4380.726566273683
672,2024-01-29,75.11,75.11,0.0,0.1,-0.0,4475.4689054627215,0.0,0.1,-0.0,4380.726566273683
673,2024-01-29,68.11,68.11,0.0,0.1,-0.0,4475.4689054627215,0.0,0.1,-0.0,4380.726566273683
674,2024-01-29,70.46,70.46,0.0,0.1,-0.0,4475.4689054627215,2.0,0.575,-140.92,4239.806566273683
675,2024-01-29,66.44,66.44,1.3684210526316005,0.42500000000000515,-90.91789473684354,4384.551010725878,1.3684210526315792,0.9,-90.91789473684211,4148.888671536841
676,2024-01-29,62.77,62.77,1.9999999999999785,0.9,-125.53999999999866,4259.011010725879,0.0,0.9,-0.0,4148.888671536841
677,2024-01-29,78.8,78.8,0.0,0.9,-0.0,4259.011010725879,0.0,0.9,-0.0,4148.888671536841
678,2024-01-29,96.78,96.78,0.0,0.9,-0.0,4259.011010725879,0.0,0.9,-0.0,4148.888671536841
679,2024-01-29,103.14,103.14,0.0,0.9,-0.0,4259.011010725879,0.0,0.9,-0.0,4148.888671536841
680,2024-01-29,126.2,126.2,-2.0,0.37368421052631584,252.4,4511.411010725878,-2.0,0.37368421052631584,252.4,4401.28867153684
681,2024-01-29,105.0,105.0,-1.0400000000000003,0.1,109.20000000000003,4620.611010725878,-1.0400000000000003,0.1,109.20000000000003,4510.48867153684
682,2024-01-29,98.61,98.61,0.0,0.1,-0.0,4620.611010725878,0.0,0.1,-0.0,4510.48867153684
683,2024-01-29,95.96789,95.96789,0.0,0.1,-0.0,4620.611010725878,0.0,0.1,-0.0,4510.48867153684
684,2024-01-29,90.11,90.11,2.0,0.575,-180.22,4440.391010725878,2.0,0.575,-180.22,4330.26867153684
685,2024-01-29,90.5,90.5,1.3684210526315792,0.9,-123.84210526315792,4316.54890546272,1.3684210526315792,0.9,-123.84210526315792,4206.426566273682
686,2024-01-29,96.0,96.0,0.0,0.9,-0.0,4316.54890546272,0.0,0.9,-0.0,4206.426566273682
687,2024-01-29,100.42531,100.42531,0.0,0.9,-0.0,4316.54890546272,0.0,0.9,-0.0,4206.426566273682
688,2024-01-29,109.78,109.78,0.0,0.9,-0.0,4316.54890546272,0.0,0.9,-0.0,4206.426566273682
689,2024-01-29,126.3,126.3,-2.0,0.37368421052631584,252.6,4569.14890546272,-2.0,0.37368421052631584,252.6,4459.026566273682
690,2024-01-29,120.69,120.69,-1.0400000000000003,0.1,125.51760000000003,4694.66650546272,-1.0400000000000003,0.1,125.51760000000003,4584.544166273682
691,2024-01-29,113.28,113.28,0.0,0.1,-0.0,4694.66650546272,0.0,0.1,-0.0,4584.544166273682
692,2024-01-29,101.0,101.0,0.0,0.1,-0.0,4694.66650546272,0.0,0.1,-0.0,4584.544166273682
693,2024-01-29,99.0,99.0,0.0,0.1,-0.0,4694.66650546272,0.0,0.1,-0.0,4584.544166273682
694,2024-01-29,96.21,96.21,0.0,0.1,-0.0,4694.66650546272,0.0,0.1,-0.0,4584.544166273682
695,2024-01-29,92.52,92.52,0.0,0.1,-0.0,4694.66650546272,0.0,0.1,-0.0,4584.544166273682
696,2024-01-30,84.7,84.7,0.0,0.1,-0.0,4694.66650546272,0.0,0.1,-0.0,4584.544166273682
697,2024-01-30,83.03,83.03,0.0,0.1,-0.0,4694.66650546272,0.0,0.1,-0.0,4584.544166273682
698,2024-01-30,78.34,78.34,2.0,0.575,-156.68,4537.98650546272,2.0,0.575,-156.68,4427.864166273682
699,2024-01-30,79.91,79.91,1.3684210526315792,0.9,-109.3505263157895,4428.63597914693,1.3684210526315792,0.9,-109.3505263157895,4318.513639957892
700,2024-01-30,83.03,83.03,0.0,0.9,-0.0,4428.63597914693,0.0,0.9,-0.0,4318.513639957892
701,2024-01-30,83.78,83.78,0.0,0.9,-0.0,4428.63597914693,0.0,0.9,-0.0,4318.513639957892
702,2024-01-30,97.8,97.8,0.0,0.9,-0.0,4428.63597914693,0.0,0.9,-0.0,4318.513639957892
703,2024-01-30,107.61,107.61,0.0,0.9,-0.0,4428.63597914693,0.0,0.9,-0.0,4318.513639957892
704,2024-01-30,127.01,127.01,-2.0,0.37368421052631584,254.02,4682.655979146931,-2.0,0.37368421052631584,254.02,4572.533639957893
705,2024-01-30,110.16,110.16,-1.0400000000000003,0.1,114.56640000000003,4797.2223791469305,-1.0400000000000003,0.1,114.56640000000003,4687.1000399578925
706,2024-01-30,100.0,100.0,0.0,0.1,-0.0,4797.2223791469305,0.0,0.1,-0.0,4687.1000399578925
707,2024-01-30,95.5,95.5,0.0,0.1,-0.0,4797.2223791469305,0.0,0.1,-0.0,4687.1000399578925
708,2024-01-30,84.0,84.0,1.9917627985545354,0.5730436646567022,-167.30807507858097,4629.914304068349,2.0,0.575,-168.0,4519.1000399578925
709,2024-01-30,84.0,84.0,1.3766582540770436,0.9,-115.63929334247166,4514.275010725878,1.3684210526315792,0.9,-114.94736842105266,4404.15267153684
710,2024-01-30,94.52,94.52,0.0,0.9,-0.0,4514.275010725878,0.0,0.9,-0.0,4404.15267153684
711,2024-01-30,100.0,100.0,0.0,0.9,-0.0,4514.275010725878,0.0,0.9,-0.0,4404.15267153684
712,2024-01-30,110.0,110.0,0.0,0.9,-0.0,4514.275010725878,0.0,0.9,-0.0,4404.15267153684
713,2024-01-30,124.34,124.34,-2.0,0.37368421052631584,248.68,4762.955010725878,0.0,0.9,-0.0,4404.15267153684
714,2024-01-30,123.69,123.69,-1.0400000000000003,0.1,128.63760000000002,4891.592610725878,-2.0,0.37368421052631584,247.38,4651.53267153684
715,2024-01-30,118.14,118.14,0.0,0.1,-0.0,4891.592610725878,-1.0400000000000003,0.1,122.86560000000003,4774.39827153684
716,2024-01-30,108.14343,108.14343,0.0,0.1,-0.0,4891.592610725878,0.0,0.1,-0.0,4774.39827153684
717,2024-01-30,102.02,102.02,0.0,0.1,-0.0,4891.592610725878,0.0,0.1,-0.0,4774.39827153684
718,2024-01-30,98.0,98.0,0.0,0.1,-0.0,4891.592610725878,0.0,0.1,-0.0,4774.39827153684
719,2024-01-30,96.78,96.78,0.0,0.1,-0.0,4891.592610725878,0.0,0.1,-0.0,4774.39827153684
720,2024-01-31,95.2,95.2,0.0,0.1,-0.0,4891.592610725878,0.0,0.1,-0.0,4774.39827153684
721,2024-01-31,95.2,95.2,0.0,0.1,-0.0,4891.592610725878,0.0,0.1,-0.0,4774.39827153684
722,2024-01-31,85.52,85.52,2.0,0.575,-171.04,4720.552610725878,0.0,0.1,-0.0,4774.39827153684
723,2024-01-31,89.81,89.81,1.3684210526315792,0.9,-122.89789473684213,4597.654715989036,2.0,0.575,-179.62,4594.77827153684
724,2024-01-31,91.03,91.03,0.0,0.9,-0.0,4597.654715989036,1.3684210526315792,0.9,-124.56736842105266,4470.210903115788
725,2024-01-31,95.13,95.13,0.0,0.9,-0.0,4597.654715989036,0.0,0.9,-0.0,4470.210903115788
726,2024-01-31,103.37,103.37,0.0,0.9,-0.0,4597.654715989036,0.0,0.9,-0.0,4470.210903115788
727,2024-01-31,111.76,111.76,0.0,0.9,-0.0,4597.654715989036,-2.0,0.37368421052631584,223.52,4693.730903115788
728,2024-01-31,123.39974,123.39974,-2.0,0.37368421052631584,246.79948,4844.454195989036,-1.0400000000000003,0.1,128.33572960000004,4822.066632715789
729,2024-01-31,115.63,115.63,-1.0400000000000003,0.1,120.25520000000003,4964.709395989035,0.0,0.1,-0.0,4822.066632715789
730,2024-01-31,99.38,99.38,0.0,0.1,-0.0,4964.709395989035,0.0,0.1,-0.0,4822.066632715789
731,2024-01-31,94.73,94.73,0.0,0.1,-0.0,4964.709395989035,0.0,0.1,-0.0,4822.066632715789
732,2024-01-31,80.5,80.5,2.0,0.575,-161.0,4803.709395989035,2.0,0.575,-161.0,4661.066632715789
733,2024-01-31,79.99,79.99,1.3684210526315792,0.9,-109.46000000000001,4694.249395989035,1.3684210526315792,0.9,-109.46000000000001,4551.606632715789
734,2024-01-31,89.5,89.5,0.0,0.9,-0.0,4694.249395989035,0.0,0.9,-0.0,4551.606632715789
735,2024-01-31,97.53,97.53,0.0,0.9,-0.0,4694.249395989035,0.0,0.9,-0.0,4551.606632715789
736,2024-01-31,103.58,103.58,0.0,0.9,-0.0,4694.249395989035,0.0,0.9,-0.0,4551.606632715789
737,2024-01-31,116.52,116.52,-2.0,0.37368421052631584,233.04,4927.289395989035,-2.0,0.37368421052631584,233.04,4784.646632715789
738,2024-01-31,115.0,115.0,0.0,0.37368421052631584,-0.0,4927.289395989035,-1.0400000000000003,0.1,119.60000000000002,4904.246632715789
739,2024-01-31,117.15,117.15,-1.0400000000000003,0.1,121.83600000000004,5049.1253959890355,0.0,0.1,-0.0,4904.246632715789
740,2024-01-31,105.0,105.0,0.0,0.1,-0.0,5049.1253959890355,0.0,0.1,-0.0,4904.246632715789
741,2024-01-31,101.37,101.37,0.0,0.1,-0.0,5049.1253959890355,0.0,0.1,-0.0,4904.246632715789
742,2024-01-31,99.38,99.38,0.0,0.1,-0.0,5049.1253959890355,0.0,0.1,-0.0,4904.246632715789
743,2024-01-31,96.2,96.2,0.0,0.1,-0.0,5049.1253959890355,0.0,0.1,-0.0,4904.246632715789
744,2024-02-01,94.0,94.0,0.0,0.1,-0.0,5049.1253959890355,0.0,0.1,-0.0,4904.246632715789
745,2024-02-01,87.32,87.32,0.0,0.1,-0.0,5049.1253959890355,0.0,0.1,-0.0,4904.246632715789
746,2024-02-01,83.68,83.68,1.3684220570898746,0.42500023855884517,-114.50955773728072,4934.615838251755,0.0,0.1,-0.0,4904.246632715789
747,2024-02-01,79.56,79.56,1.9999989955417048,0.9,-159.11992008529805,4775.495918166457,2.0,0.575,-159.12,4745.126632715789
748,2024-02-01,83.8,83.8,0.0,0.9,-0.0,4775.495918166457,1.3684210526315792,0.9,-114.67368421052633,4630.452948505263
749,2024-02-01,91.8,91.8,0.0,0.9,-0.0,4775.495918166457,0.0,0.9,-0.0,4630.452948505263
750,2024-02-01,99.47,99.47,0.0,0.9,-0.0,4775.495918166457,0.0,0.9,-0.0,4630.452948505263
751,2024-02-01,107.68107,107.68107,-1.2000000123206196,0.5842105230735212,129.21728532669752,4904.713203493155,-2.0,0.37368421052631584,215.36214,4845.815088505263
752,2024-02-01,119.02,119.02,-1.8399999876793804,0.1,218.99679853359984,5123.710002026754,-1.0400000000000003,0.1,123.78080000000003,4969.595888505263
753,2024-02-01,103.18,103.18,0.0,0.1,-0.0,5123.710002026754,0.0,0.1,-0.0,4969.595888505263
754,2024-02-01,98.7,98.7,0.0,0.1,-0.0,5123.710002026754,0.0,0.1,-0.0,4969.595888505263
755,2024-02-01,97.28,97.28,0.0,0.1,-0.0,5123.710002026754,0.0,0.1,-0.0,4969.595888505263
756,2024-02-01,94.33,94.33,2.0,0.575,-188.66,4935.050002026755,0.0,0.1,-0.0,4969.595888505263
757,2024-02-01,90.79,90.79,1.3684210526315792,0.9,-124.23894736842108,4810.811054658334,2.0,0.575,-181.58,4788.015888505263
758,2024-02-01,97.53,97.53,0.0,0.9,-0.0,4810.811054658334,1.3684210526315792,0.9,-133.46210526315792,4654.553783242105
759,2024-02-01,99.02,99.02,0.0,0.9,-0.0,4810.811054658334,0.0,0.9,-0.0,4654.553783242105
760,2024-02-01,102.56,102.56,0.0,0.9,-0.0,4810.811054658334,0.0,0.9,-0.0,4654.553783242105
761,2024-02-01,110.49,110.49,0.0,0.9,-0.0,4810.811054658334,-2.0,0.37368421052631584,220.98,4875.533783242105
762,2024-02-01,119.0,119.0,-2.0,0.37368421052631584,238.0,5048.811054658334,-1.0400000000000003,0.1,123.76000000000003,4999.293783242105
763,2024-02-01,121.0,121.0,-1.0400000000000003,0.1,125.84000000000003,5174.651054658334,0.0,0.1,-0.0,4999.293783242105
764,2024-02-01,110.66907,110.66907,0.0,0.1,-0.0,5174.651054658334,0.0,0.1,-0.0,4999.293783242105
765,2024-02-01,105.18,105.18,0.0,0.1,-0.0,5174.651054658334,0.0,0.1,-0.0,4999.293783242105
766,2024-02-01,99.48,99.48,0.0,0.1,-0.0,5174.651054658334,0.0,0.1,-0.0,4999.293783242105
767,2024-02-01,98.0,98.0,0.0,0.1,-0.0,5174.651054658334,0.0,0.1,-0.0,4999.293783242105
768,2024-02-02,101.0,101.0,0.0,0.1,-0.0,5174.651054658334,0.0,0.1,-0.0,4999.293783242105
769,2024-02-02,100.05,100.05,0.0,0.1,-0.0,5174.651054658334,0.0,0.1,-0.0,4999.293783242105
770,2024-02-02,99.82,99.82,0.0,0.1,-0.0,5174.651054658334,0.0,0.1,-0.0,4999.293783242105
771,2024-02-02,98.9,98.9,0.0,0.1,-0.0,5174.651054658334,2.0,0.575,-197.8,4801.493783242105
772,2024-02-02,94.52,94.52,2.0,0.575,-189.04,4985.611054658334,1.3684210526315792,0.9,-129.34315789473686,4672.150625347368
773,2024-02-02,99.82,99.82,1.3684210526315792,0.9,-136.59578947368422,4849.01526518465,0.0,0.9,-0.0,4672.150625347368
774,2024-02-02,105.0,105.0,0.0,0.9,-0.0,4849.01526518465,0.0,0.9,-0.0,4672.150625347368
775,2024-02-02,135.0,135.0,-1.2000000941316844,0.5842105015442935,162.0000127077774,5011.015277892428,-2.0,0.37368421052631584,270.0,4942.150625347368
776,2024-02-02,150.0,150.0,-1.8399999058683154,0.1,275.9999858802473,5287.015263772675,-1.0400000000000003,0.1,156.00000000000003,5098.150625347368
777,2024-02-02,119.19,119.19,0.0,0.1,-0.0,5287.015263772675,0.0,0.1,-0.0,5098.150625347368
778,2024-02-02,95.44056,95.44056,0.0,0.1,-0.0,5287.015263772675,0.0,0.1,-0.0,5098.150625347368
779,2024-02-02,92.12043,92.12043,0.0,0.1,-0.0,5287.015263772675,0.0,0.1,-0.0,5098.150625347368
780,2024-02-02,83.5946,83.5946,2.0,0.575,-167.1892,5119.826063772675,2.0,0.575,-167.1892,4930.961425347368
781,2024-02-02,83.73474,83.73474,1.3684210526315792,0.9,-114.5843810526316,5005.241682720044,1.3684210526315792,0.9,-114.5843810526316,4816.377044294737
782,2024-02-02,92.6254,92.6254,0.0,0.9,-0.0,5005.241682720044,0.0,0.9,-0.0,4816.377044294737
783,2024-02-02,97.4878,97.4878,0.0,0.9,-0.0,5005.241682720044,0.0,0.9,-0.0,4816.377044294737
784,2024-02-02,106.41,106.41,0.0,0.9,-0.0,5005.241682720044,0.0,0.9,-0.0,4816.377044294737
785,2024-02-02,118.59,118.59,0.0,0.9,-0.0,5005.241682720044,-2.0,0.37368421052631584,237.18,5053.557044294737
786,2024-02-02,121.52,121.52,-2.0,0.37368421052631584,243.04,5248.281682720044,-1.0400000000000003,0.1,126.38080000000002,5179.937844294737
787,2024-02-02,120.0,120.0,-1.0400000000000003,0.1,124.80000000000003,5373.081682720044,0.0,0.1,-0.0,5179.937844294737
788,2024-02-02,109.0,109.0,0.0,0.1,-0.0,5373.081682720044,0.0,0.1,-0.0,5179.937844294737
789,2024-02-02,100.96,100.96,0.0,0.1,-0.0,5373.081682720044,0.0,0.1,-0.0,5179.937844294737
790,2024-02-02,99.82,99.82,0.0,0.1,-0.0,5373.081682720044,0.0,0.1,-0.0,5179.937844294737
791,2024-02-02,90.95,90.95,0.0,0.1,-0.0,5373.081682720044,0.0,0.1,-0.0,5179.937844294737
792,2024-02-03,91.09,91.09,0.0,0.1,-0.0,5373.081682720044,0.0,0.1,-0.0,5179.937844294737
793,2024-02-03,88.25,88.25,0.0,0.1,-0.0,5373.081682720044,0.0,0.1,-0.0,5179.937844294737
794,2024-02-03,83.0,83.0,0.0,0.1,-0.0,5373.081682720044,0.0,0.1,-0.0,5179.937844294737
795,2024-02-03,76.5,76.5,1.9260116433643002,0.5574277652990213,-147.33989071736897,5225.7417920026755,2.0,0.575,-153.0,5026.937844294737
796,2024-02-03,76.5,76.5,1.442409409267279,0.9,-110.34431980894685,5115.397472193728,1.3684210526315792,0.9,-104.68421052631581,4922.253633768421
797,2024-02-03,78.7,78.7,0.0,0.9,-0.0,5115.397472193728,0.0,0.9,-0.0,4922.253633768421
798,2024-02-03,98.09,98.09,0.0,0.9,-0.0,5115.397472193728,0.0,0.9,-0.0,4922.253633768421
799,2024-02-03,103.17,103.17,-1.200000000080696,0.5842105262945536,123.80400000832542,5239.201472202054,0.0,0.9,-0.0,4922.253633768421
800,2024-02-03,105.0,105.0,-1.8399999999193037,0.1,193.19999999152688,5432.401472193581,-2.0,0.37368421052631584,210.0,5132.253633768421
801,2024-02-03,100.0,100.0,0.0,0.1,-0.0,5432.401472193581,-1.0400000000000003,0.1,104.00000000000003,5236.253633768421
802,2024-02-03,94.18,94.18,0.0,0.1,-0.0,5432.401472193581,0.0,0.1,-0.0,5236.253633768421
803,2024-02-03,75.72,75.72,0.0,0.1,-0.0,5432.401472193581,0.0,0.1,-0.0,5236.253633768421
804,2024-02-03,65.29,65.29,0.0,0.1,-0.0,5432.401472193581,2.0,0.575,-130.58,5105.6736337684215
805,2024-02-03,65.05,65.05,1.3684210485877395,0.42499999903958807,-89.01578921063245,5343.385682982948,1.3684210526315792,0.9,-89.01578947368422,5016.6578442947375
806,2024-02-03,59.97,59.97,2.0,0.899999999039588,-119.94,5223.445682982949,0.0,0.9,-0.0,5016.6578442947375
807,2024-02-03,74.0,74.0,0.0,0.899999999039588,-0.0,5223.445682982949,0.0,0.9,-0.0,5016.6578442947375
808,2024-02-03,97.3,97.3,0.0,0.899999999039588,-0.0,5223.445682982949,0.0,0.9,-0.0,5016.6578442947375
809,2024-02-03,104.94249,104.94249,-2.0,0.37368420956590387,209.88498,5433.3306629829485,-2.0,0.37368421052631584,209.88498,5226.542824294737
810,2024-02-03,110.84025,110.84025,-1.0399999963504347,0.1,115.27385959548127,5548.60452257843,-1.0400000000000003,0.1,115.27386000000003,5341.816684294738
811,2024-02-03,111.14426,111.14426,0.0,0.1,-0.0,5548.60452257843,0.0,0.1,-0.0,5341.816684294738
812,2024-02-03,104.33,104.33,0.0,0.1,-0.0,5548.60452257843,0.0,0.1,-0.0,5341.816684294738
813,2024-02-03,99.34,99.34,0.0,0.1,-0.0,5548.60452257843,0.0,0.1,-0.0,5341.816684294738
814,2024-02-03,94.53,94.53,0.0,0.1,-0.0,5548.60452257843,0.0,0.1,-0.0,5341.816684294738
815,2024-02-03,85.1,85.1,0.0,0.1,-0.0,5548.60452257843,0.0,0.1,-0.0,5341.816684294738
816,2024-02-04,85.85,85.85,0.0,0.1,-0.0,5548.60452257843,0.0,0.1,-0.0,5341.816684294738
817,2024-02-04,85.0,85.0,0.0,0.1,-0.0,5548.60452257843,0.0,0.1,-0.0,5341.816684294738
818,2024-02-04,77.13,77.13,0.0,0.1,-0.0,5548.60452257843,0.0,0.1,-0.0,5341.816684294738
819,2024-02-04,71.01,71.01,0.0,0.1,-0.0,5548.60452257843,2.0,0.575,-142.02,5199.796684294737
820,2024-02-04,70.0,70.0,0.0,0.1,-0.0,5548.60452257843,1.3684210526315792,0.9,-95.78947368421055,5104.007210610526
821,2024-02-04,66.36,66.36,2.0,0.575,-132.72,5415.88452257843,0.0,0.9,-0.0,5104.007210610526
822,2024-02-04,77.13,77.13,1.3684210526315792,0.9,-105.5463157894737,5310.338206788956,0.0,0.9,-0.0,5104.007210610526
823,2024-02-04,86.15,86.15,-1.2000000000799362,0.5842105262947537,103.38000000688652,5413.718206795843,-2.0,0.37368421052631584,172.3,5276.307210610526
824,2024-02-04,95.5,95.5,-1.839999999920064,0.1,175.71999999236613,5589.438206788209,-1.0400000000000003,0.1,99.32000000000002,5375.627210610526
825,2024-02-04,84.5,84.5,0.0,0.1,-0.0,5589.438206788209,0.0,0.1,-0.0,5375.627210610526
826,2024-02-04,60.0,60.0,0.0,0.1,-0.0,5589.438206788209,0.0,0.1,-0.0,5375.627210610526
827,2024-02-04,48.12,48.12,1.3684210526677536,0.4250000000085915,-65.8484210543723,5523.589785733837,0.0,0.1,-0.0,5375.627210610526
828,2024-02-04,45.0,45.0,1.9999999999638254,0.9,-89.99999999837215,5433.589785735465,2.0,0.575,-90.0,5285.627210610526
829,2024-02-04,55.27,55.27,0.0,0.9,-0.0,5433.589785735465,1.3684210526315792,0.9,-75.63263157894738,5209.994579031579
830,2024-02-04,67.3,67.3,0.0,0.9,-0.0,5433.589785735465,0.0,0.9,-0.0,5209.994579031579
831,2024-02-04,85.0,85.0,0.0,0.9,-0.0,5433.589785735465,0.0,0.9,-0.0,5209.994579031579
832,2024-02-04,97.0,97.0,0.0,0.9,-0.0,5433.589785735465,0.0,0.9,-0.0,5209.994579031579
833,2024-02-04,101.68,101.68,0.0,0.9,-0.0,5433.589785735465,-2.0,0.37368421052631584,203.36,5413.354579031578
834,2024-02-04,105.0,105.0,0.0,0.9,-0.0,5433.589785735465,-1.0400000000000003,0.1,109.20000000000003,5522.554579031578
835,2024-02-04,111.0,111.0,-2.0,0.37368421052631584,222.0,5655.589785735465,0.0,0.1,-0.0,5522.554579031578
836,2024-02-04,107.12,107.12,-1.0400000000000003,0.1,111.40480000000004,5766.994585735465,0.0,0.1,-0.0,5522.554579031578
837,2024-02-04,100.0,100.0,0.0,0.1,-0.0,5766.994585735465,0.0,0.1,-0.0,5522.554579031578
838,2024-02-04,97.15,97.15,0.0,0.1,-0.0,5766.994585735465,0.0,0.1,-0.0,5522.554579031578
839,2024-02-04,85.0,85.0,0.0,0.1,-0.0,5766.994585735465,0.0,0.1,-0.0,5522.554579031578
840,2024-02-05,80.93,80.93,0.0,0.1,-0.0,5766.994585735465,0.0,0.1,-0.0,5522.554579031578
841,2024-02-05,79.7,79.7,0.0,0.1,-0.0,5766.994585735465,0.0,0.1,-0.0,5522.554579031578
842,2024-02-05,70.27,70.27,2.0,0.575,-140.54,5626.454585735465,0.0,0.1,-0.0,5522.554579031578
843,2024-02-05,70.3,70.3,0.0,0.575,-0.0,5626.454585735465,2.0,0.575,-140.6,5381.954579031578
844,2024-02-05,70.0,70.0,1.3684210526315792,0.9,-95.78947368421055,5530.665112051254,1.3684210526315792,0.9,-95.78947368421055,5286.165105347367
845,2024-02-05,74.37,74.37,0.0,0.9,-0.0,5530.665112051254,0.0,0.9,-0.0,5286.165105347367
846,2024-02-05,100.58,100.58,0.0,0.9,-0.0,5530.665112051254,0.0,0.9,-0.0,5286.165105347367
847,2024-02-05,110.0,110.0,-1.1999999999942252,0.5842105263173092,131.99999999936477,5662.665112050619,-2.0,0.37368421052631584,220.0,5506.165105347367
848,2024-02-05,120.0,120.0,-1.840000000005775,0.1,220.800000000693,5883.465112051313,-1.0400000000000003,0.1,124.80000000000003,5630.965105347367
849,2024-02-05,104.17409,104.17409,0.0,0.1,-0.0,5883.465112051313,0.0,0.1,-0.0,5630.965105347367
850,2024-02-05,98.91813,98.91813,0.0,0.1,-0.0,5883.465112051313,0.0,0.1,-0.0,5630.965105347367
851,2024-02-05,94.51509,94.51509,0.0,0.1,-0.0,5883.465112051313,0.0,0.1,-0.0,5630.965105347367
852,2024-02-05,86.53889,86.53889,1.368421053248225,0.42500000014645345,-118.42163900073228,5765.04347305058,2.0,0.575,-173.07778,5457.887325347368
853,2024-02-05,86.11561,86.11561,1.9999999993833542,0.9,-172.23121994689717,5592.812253103683,1.3684210526315792,0.9,-117.84241368421056,5340.044911663157
854,2024-02-05,93.47126,93.47126,0.0,0.9,-0.0,5592.812253103683,0.0,0.9,-0.0,5340.044911663157
855,2024-02-05,98.23,98.23,0.0,0.9,-0.0,5592.812253103683,0.0,0.9,-0.0,5340.044911663157
856,2024-02-05,105.21,105.21,0.0,0.9,-0.0,5592.812253103683,-2.0,0.37368421052631584,210.42,5550.464911663157
857,2024-02-05,110.57,110.57,0.0,0.9,-0.0,5592.812253103683,-1.0400000000000003,0.1,114.99280000000002,5665.457711663157
858,2024-02-05,116.0,116.0,-2.0,0.37368421052631584,232.0,5824.812253103683,0.0,0.1,-0.0,5665.457711663157
859,2024-02-05,111.38,111.38,-1.0400000000000003,0.1,115.83520000000003,5940.647453103684,0.0,0.1,-0.0,5665.457711663157
860,2024-02-05,100.87,100.87,0.0,0.1,-0.0,5940.647453103684,0.0,0.1,-0.0,5665.457711663157
861,2024-02-05,100.0,100.0,0.0,0.1,-0.0,5940.647453103684,0.0,0.1,-0.0,5665.457711663157
862,2024-02-05,97.49,97.49,0.0,0.1,-0.0,5940.647453103684,0.0,0.1,-0.0,5665.457711663157
863,2024-02-05,90.0,90.0,0.0,0.1,-0.0,5940.647453103684,0.0,0.1,-0.0,5665.457711663157
864,2024-02-06,83.85,83.85,0.0,0.1,-0.0,5940.647453103684,0.0,0.1,-0.0,5665.457711663157
865,2024-02-06,78.5,78.5,0.0,0.1,-0.0,5940.647453103684,0.0,0.1,-0.0,5665.457711663157
866,2024-02-06,72.6,72.6,1.368421054865542,0.4250000005305662,-99.34736858323834,5841.300084520445,0.0,0.1,-0.0,5665.457711663157
867,2024-02-06,72.25,72.25,1.9999999977660372,0.9,-144.49999983859618,5696.800084681849,2.0,0.575,-144.5,5520.957711663157
868,2024-02-06,73.08,73.08,0.0,0.9,-0.0,5696.800084681849,1.3684210526315792,0.9,-100.0042105263158,5420.953501136842
869,2024-02-06,83.03,83.03,0.0,0.9,-0.0,5696.800084681849,0.0,0.9,-0.0,5420.953501136842
870,2024-02-06,99.36,99.36,0.0,0.9,-0.0,5696.800084681849,0.0,0.9,-0.0,5420.953501136842
871,2024-02-06,107.52,107.52,0.0,0.9,-0.0,5696.800084681849,-2.0,0.37368421052631584,215.04,5635.993501136842
872,2024-02-06,114.93,114.93,-2.0,0.37368421052631584,229.86,5926.660084681848,-1.0400000000000003,0.1,119.52720000000004,5755.520701136842
873,2024-02-06,108.97,108.97,-1.0400000000000003,0.1,113.32880000000003,6039.9888846818485,0.0,0.1,-0.0,5755.520701136842
874,2024-02-06,99.35482,99.35482,0.0,0.1,-0.0,6039.9888846818485,0.0,0.1,-0.0,5755.520701136842
875,2024-02-06,92.74383,92.74383,0.0,0.1,-0.0,6039.9888846818485,0.0,0.1,-0.0,5755.520701136842
876,2024-02-06,86.29506,86.29506,1.3684210526315894,0.4250000000000025,-118.08797684210617,5921.900907839742,0.0,0.1,-0.0,5755.520701136842
877,2024-02-06,82.23109,82.23109,1.9999999999999898,0.9,-164.46217999999914,5757.438727839743,2.0,0.575,-164.46218,5591.058521136842
878,2024-02-06,92.5,92.5,0.0,0.9,-0.0,5757.438727839743,1.3684210526315792,0.9,-126.57894736842108,5464.479573768421
879,2024-02-06,98.42,98.42,0.0,0.9,-0.0,5757.438727839743,0.0,0.9,-0.0,5464.479573768421
880,2024-02-06,105.0,105.0,0.0,0.9,-0.0,5757.438727839743,0.0,0.9,-0.0,5464.479573768421
881,2024-02-06,114.42,114.42,0.0,0.9,-0.0,5757.438727839743,-2.0,0.37368421052631584,228.84,5693.319573768421
882,2024-02-06,120.0,120.0,-2.0,0.37368421052631584,240.0,5997.438727839743,-1.0400000000000003,0.1,124.80000000000003,5818.119573768421
883,2024-02-06,117.0,117.0,-1.0400000000000003,0.1,121.68000000000004,6119.118727839743,0.0,0.1,-0.0,5818.119573768421
884,2024-02-06,109.32,109.32,0.0,0.1,-0.0,6119.118727839743,0.0,0.1,-0.0,5818.119573768421
885,2024-02-06,101.1,101.1,0.0,0.1,-0.0,6119.118727839743,0.0,0.1,-0.0,5818.119573768421
886,2024-02-06,98.0,98.0,0.0,0.1,-0.0,6119.118727839743,0.0,0.1,-0.0,5818.119573768421
887,2024-02-06,91.72,91.72,0.0,0.1,-0.0,6119.118727839743,0.0,0.1,-0.0,5818.119573768421
888,2024-02-07,90.27,90.27,0.0,0.1,-0.0,6119.118727839743,0.0,0.1,-0.0,5818.119573768421
889,2024-02-07,86.25,86.25,0.0,0.1,-0.0,6119.118727839743,0.0,0.1,-0.0,5818.119573768421
890,2024-02-07,85.76,85.76,2.0,0.575,-171.52,5947.598727839742,0.0,0.1,-0.0,5818.119573768421
891,2024-02-07,85.96,85.96,1.3684210526315792,0.9,-117.62947368421054,5829.969254155532,2.0,0.575,-171.92,5646.199573768421
892,2024-02-07,85.96,85.96,0.0,0.9,-0.0,5829.969254155532,1.3684210526315792,0.9,-117.62947368421054,5528.570100084211
893,2024-02-07,87.18,87.18,0.0,0.9,-0.0,5829.969254155532,0.0,0.9,-0.0,5528.570100084211
894,2024-02-07,99.99,99.99,0.0,0.9,-0.0,5829.969254155532,0.0,0.9,-0.0,5528.570100084211
895,2024-02-07,120.99037,120.99037,0.0,0.9,-0.0,5829.969254155532,0.0,0.9,-0.0,5528.570100084211
896,2024-02-07,153.04499,153.04499,-2.0,0.37368421052631584,306.08998,6136.059234155532,-2.0,0.37368421052631584,306.08998,5834.660080084211
897,2024-02-07,140.63813,140.63813,-1.0400000000000003,0.1,146.26365520000002,6282.322889355532,-1.0400000000000003,0.1,146.26365520000002,5980.923735284211
898,2024-02-07,110.67516,110.67516,0.0,0.1,-0.0,6282.322889355532,0.0,0.1,-0.0,5980.923735284211
899,2024-02-07,100.18412,100.18412,0.0,0.1,-0.0,6282.322889355532,0.0,0.1,-0.0,5980.923735284211
900,2024-02-07,96.3538,96.3538,0.0,0.1,-0.0,6282.322889355532,2.0,0.575,-192.7076,5788.216135284211
901,2024-02-07,95.15939,95.15939,0.0,0.1,-0.0,6282.322889355532,1.3684210526315792,0.9,-130.21811263157898,5657.998022652632
902,2024-02-07,97.21476,97.21476,2.0,0.575,-194.42952,6087.893369355533,0.0,0.9,-0.0,5657.998022652632
903,2024-02-07,99.89746,99.89746,1.3684210526315792,0.9,-136.70178736842107,5951.191581987112,0.0,0.9,-0.0,5657.998022652632
904,2024-02-07,115.0,115.0,0.0,0.9,-0.0,5951.191581987112,0.0,0.9,-0.0,5657.998022652632
905,2024-02-07,131.48,131.48,0.0,0.9,-0.0,5951.191581987112,-2.0,0.37368421052631584,262.96,5920.958022652632
906,2024-02-07,140.0,140.0,-2.0,0.37368421052631584,280.0,6231.191581987112,-1.0400000000000003,0.1,145.60000000000002,6066.558022652633
907,2024-02-07,131.48,131.48,-1.0400000000000003,0.1,136.7392,6367.930781987112,0.0,0.1,-0.0,6066.558022652633
908,2024-02-07,117.55,117.55,0.0,0.1,-0.0,6367.930781987112,0.0,0.1,-0.0,6066.558022652633
909,2024-02-07,100.43,100.43,0.0,0.1,-0.0,6367.930781987112,0.0,0.1,-0.0,6066.558022652633
910,2024-02-07,97.0,97.0,0.0,0.1,-0.0,6367.930781987112,0.0,0.1,-0.0,6066.558022652633
911,2024-02-07,96.55,96.55,0.0,0.1,-0.0,6367.930781987112,0.0,0.1,-0.0,6066.558022652633
912,2024-02-08,77.17,77.17,0.0,0.1,-0.0,6367.930781987112,0.0,0.1,-0.0,6066.558022652633
913,2024-02-08,73.20403,73.20403,0.0,0.1,-0.0,6367.930781987112,0.0,0.1,-0.0,6066.558022652633
914,2024-02-08,72.1527,72.1527,0.0,0.1,-0.0,6367.930781987112,0.0,0.1,-0.0,6066.558022652633
915,2024-02-08,70.25072,70.25072,2.0,0.575,-140.50144,6227.429341987112,2.0,0.575,-140.50144,5926.056582652633
916,2024-02-08,70.81,70.81,1.3684210526315792,0.9,-96.89789473684213,6130.53144725027,1.3684210526315792,0.9,-96.89789473684213,5829.15868791579
917,2024-02-08,76.5,76.5,0.0,0.9,-0.0,6130.53144725027,0.0,0.9,-0.0,5829.15868791579
918,2024-02-08,96.1,96.1,0.0,0.9,-0.0,6130.53144725027,0.0,0.9,-0.0,5829.15868791579
919,2024-02-08,106.82,106.82,0.0,0.9,-0.0,6130.53144725027,0.0,0.9,-0.0,5829.15868791579
920,2024-02-08,125.94,125.94,-2.0,0.37368421052631584,251.88,6382.41144725027,-2.0,0.37368421052631584,251.88,6081.03868791579
921,2024-02-08,109.61705,109.61705,-1.0400000000000003,0.1,114.00173200000003,6496.413179250269,-1.0400000000000003,0.1,114.00173200000003,6195.04041991579
922,2024-02-08,96.26427,96.26427,0.0,0.1,-0.0,6496.413179250269,0.0,0.1,-0.0,6195.04041991579
923,2024-02-08,89.32555,89.32555,0.0,0.1,-0.0,6496.413179250269,0.0,0.1,-0.0,6195.04041991579
924,2024-02-08,83.28647,83.28647,1.3684210526315852,0.4250000000000015,-113.97095894736893,6382.442220302901,2.0,0.575,-166.57294,6028.46747991579
925,2024-02-08,79.50255,79.50255,1.999999999999994,0.9,-159.00509999999952,6223.437120302901,1.3684210526315792,0.9,-108.79296315789476,5919.674516757896
926,2024-02-08,89.23195,89.23195,0.0,0.9,-0.0,6223.437120302901,0.0,0.9,-0.0,5919.674516757896
927,2024-02-08,95.34501,95.34501,0.0,0.9,-0.0,6223.437120302901,0.0,0.9,-0.0,5919.674516757896
928,2024-02-08,100.0,100.0,0.0,0.9,-0.0,6223.437120302901,0.0,0.9,-0.0,5919.674516757896
929,2024-02-08,114.0,114.0,0.0,0.9,-0.0,6223.437120302901,-2.0,0.37368421052631584,228.0,6147.674516757896
930,2024-02-08,127.39,127.39,-2.0,0.37368421052631584,254.78,6478.217120302901,-1.0400000000000003,0.1,132.48560000000003,6280.160116757896
931,2024-02-08,120.37,120.37,-1.0400000000000003,0.1,125.18480000000004,6603.401920302901,0.0,0.1,-0.0,6280.160116757896
932,2024-02-08,105.0,105.0,0.0,0.1,-0.0,6603.401920302901,0.0,0.1,-0.0,6280.160116757896
933,2024-02-08,98.0,98.0,0.0,0.1,-0.0,6603.401920302901,0.0,0.1,-0.0,6280.160116757896
934,2024-02-08,94.49,94.49,0.0,0.1,-0.0,6603.401920302901,0.0,0.1,-0.0,6280.160116757896
935,2024-02-08,83.37,83.37,0.0,0.1,-0.0,6603.401920302901,0.0,0.1,-0.0,6280.160116757896
936,2024-02-09,85.27,85.27,0.0,0.1,-0.0,6603.401920302901,0.0,0.1,-0.0,6280.160116757896
937,2024-02-09,75.05,75.05,0.0,0.1,-0.0,6603.401920302901,0.0,0.1,-0.0,6280.160116757896
938,2024-02-09,73.84,73.84,0.0,0.1,-0.0,6603.401920302901,0.0,0.1,-0.0,6280.160116757896
939,2024-02-09,71.59,71.59,2.0,0.575,-143.18,6460.221920302901,2.0,0.575,-143.18,6136.980116757895
940,2024-02-09,71.73,71.73,1.3684210526315792,0.9,-98.15684210526318,6362.065078197637,1.3684210526315792,0.9,-98.15684210526318,6038.823274652632
941,2024-02-09,76.73,76.73,0.0,0.9,-0.0,6362.065078197637,0.0,0.9,-0.0,6038.823274652632
942,2024-02-09,95.76,95.76,0.0,0.9,-0.0,6362.065078197637,0.0,0.9,-0.0,6038.823274652632
943,2024-02-09,101.0,101.0,0.0,0.9,-0.0,6362.065078197637,0.0,0.9,-0.0,6038.823274652632
944,2024-02-09,109.2,109.2,-2.0,0.37368421052631584,218.4,6580.465078197637,-2.0,0.37368421052631584,218.4,6257.2232746526315
945,2024-02-09,102.52,102.52,-1.0400000000000003,0.1,106.62080000000002,6687.085878197637,-1.0400000000000003,0.1,106.62080000000002,6363.844074652631
946,2024-02-09,97.38932,97.38932,0.0,0.1,-0.0,6687.085878197637,0.0,0.1,-0.0,6363.844074652631
947,2024-02-09,91.54425,91.54425,0.0,0.1,-0.0,6687.085878197637,0.0,0.1,-0.0,6363.844074652631
948,2024-02-09,88.56153,88.56153,0.0,0.1,-0.0,6687.085878197637,2.0,0.575,-177.12306,6186.721014652631
949,2024-02-09,91.43646,91.43646,0.0,0.1,-0.0,6687.085878197637,1.3684210526315792,0.9,-125.12357684210528,6061.597437810526
950,2024-02-09,96.73427,96.73427,2.0,0.575,-193.46854,6493.617338197637,0.0,0.9,-0.0,6061.597437810526
951,2024-02-09,98.0,98.0,1.3684210526315792,0.9,-134.10526315789477,6359.512075039742,0.0,0.9,-0.0,6061.597437810526
952,2024-02-09,103.58,103.58,0.0,0.9,-0.0,6359.512075039742,0.0,0.9,-0.0,6061.597437810526
953,2024-02-09,101.21,101.21,0.0,0.9,-0.0,6359.512075039742,-2.0,0.37368421052631584,202.42,6264.017437810526
954,2024-02-09,110.11,110.11,-2.0,0.37368421052631584,220.22,6579.732075039742,-1.0400000000000003,0.1,114.51440000000002,6378.531837810526
955,2024-02-09,102.35,102.35,-1.0400000000000003,0.1,106.44400000000002,6686.1760750397425,0.0,0.1,-0.0,6378.531837810526
956,2024-02-09,98.1,98.1,0.0,0.1,-0.0,6686.1760750397425,0.0,0.1,-0.0,6378.531837810526
957,2024-02-09,96.6,96.6,0.0,0.1,-0.0,6686.1760750397425,0.0,0.1,-0.0,6378.531837810526
958,2024-02-09,86.07,86.07,0.0,0.1,-0.0,6686.1760750397425,0.0,0.1,-0.0,6378.531837810526
959,2024-02-09,77.1,77.1,2.0,0.575,-154.2,6531.976075039743,0.0,0.1,-0.0,6378.531837810526
960,2024-02-10,91.1,91.1,-1.805,0.1,164.4355,6696.411575039742,0.0,0.1,-0.0,6378.531837810526
961,2024-02-10,81.9,81.9,0.0,0.1,-0.0,6696.411575039742,0.0,0.1,-0.0,6378.531837810526
962,2024-02-10,71.13,71.13,0.0,0.1,-0.0,6696.411575039742,0.0,0.1,-0.0,6378.531837810526
963,2024-02-10,64.38763,64.38763,2.0,0.575,-128.77526,6567.636315039742,2.0,0.575,-128.77526,6249.756577810525
964,2024-02-10,64.41364,64.41364,1.3684210526315792,0.9,-88.14498105263159,6479.49133398711,1.3684210526315792,0.9,-88.14498105263159,6161.6115967578935
965,2024-02-10,65.81881,65.81881,0.0,0.9,-0.0,6479.49133398711,0.0,0.9,-0.0,6161.6115967578935
966,2024-02-10,78.0,78.0,0.0,0.9,-0.0,6479.49133398711,0.0,0.9,-0.0,6161.6115967578935
967,2024-02-10,95.07,95.07,0.0,0.9,-0.0,6479.49133398711,0.0,0.9,-0.0,6161.6115967578935
968,2024-02-10,97.0,97.0,-2.0,0.37368421052631584,194.0,6673.49133398711,0.0,0.9,-0.0,6161.6115967578935
969,2024-02-10,96.98,96.98,-1.0400000000000003,0.1,100.85920000000003,6774.35053398711,-2.0,0.37368421052631584,193.96,6355.5715967578935
970,2024-02-10,95.19883,95.19883,0.0,0.1,-0.0,6774.35053398711,-1.0400000000000003,0.1,99.00678320000003,6454.578379957894
971,2024-02-10,85.84,85.84,0.0,0.1,-0.0,6774.35053398711,0.0,0.1,-0.0,6454.578379957894
972,2024-02-10,81.4,81.4,0.0,0.1,-0.0,6774.35053398711,0.0,0.1,-0.0,6454.578379957894
973,2024-02-10,70.0,70.0,2.0,0.575,-140.0,6634.35053398711,2.0,0.575,-140.0,6314.578379957894
974,2024-02-10,69.53398,69.53398,1.3684210526315792,0.9,-95.15176210526317,6539.198771881846,1.3684210526315792,0.9,-95.15176210526317,6219.42661785263
975,2024-02-10,79.9,79.9,0.0,0.9,-0.0,6539.198771881846,0.0,0.9,-0.0,6219.42661785263
976,2024-02-10,85.32,85.32,0.0,0.9,-0.0,6539.198771881846,0.0,0.9,-0.0,6219.42661785263
977,2024-02-10,95.22,95.22,0.0,0.9,-0.0,6539.198771881846,0.0,0.9,-0.0,6219.42661785263
978,2024-02-10,97.97,97.97,-1.2000001890139533,0.5842104765752755,117.56401851769701,6656.7627903995435,-2.0,0.37368421052631584,195.94,6415.36661785263
979,2024-02-10,99.2,99.2,-1.8399998109860467,0.1,182.52798124981584,6839.290771649359,-1.0400000000000003,0.1,103.16800000000003,6518.53461785263
980,2024-02-10,95.93,95.93,0.0,0.1,-0.0,6839.290771649359,0.0,0.1,-0.0,6518.53461785263
981,2024-02-10,90.0,90.0,0.0,0.1,-0.0,6839.290771649359,0.0,0.1,-0.0,6518.53461785263
982,2024-02-10,72.2,72.2,0.0,0.1,-0.0,6839.290771649359,0.0,0.1,-0.0,6518.53461785263
983,2024-02-10,65.29,65.29,0.0,0.1,-0.0,6839.290771649359,0.0,0.1,-0.0,6518.53461785263
984,2024-02-11,60.48477,60.48477,0.0,0.1,-0.0,6839.290771649359,0.0,0.1,-0.0,6518.53461785263
985,2024-02-11,55.65679,55.65679,0.0,0.1,-0.0,6839.290771649359,0.0,0.1,-0.0,6518.53461785263
986,2024-02-11,52.60093,52.60093,0.0,0.1,-0.0,6839.290771649359,0.0,0.1,-0.0,6518.53461785263
987,2024-02-11,46.82558,46.82558,0.0,0.1,-0.0,6839.290771649359,0.0,0.1,-0.0,6518.53461785263
988,2024-02-11,43.4016,43.4016,2.0,0.575,-86.8032,6752.487571649359,2.0,0.575,-86.8032,6431.731417852629
989,2024-02-11,46.12373,46.12373,1.3684210526315792,0.9,-63.11668315789475,6689.370888491464,1.3684210526315792,0.9,-63.11668315789475,6368.614734694735
990,2024-02-11,49.21814,49.21814,0.0,0.9,-0.0,6689.370888491464,0.0,0.9,-0.0,6368.614734694735
991,2024-02-11,65.0,65.0,0.0,0.9,-0.0,6689.370888491464,0.0,0.9,-0.0,6368.614734694735
992,2024-02-11,70.0,70.0,0.0,0.9,-0.0,6689.370888491464,-2.0,0.37368421052631584,140.0,6508.614734694735
993,2024-02-11,73.84,73.84,-2.0,0.37368421052631584,147.68,6837.050888491464,-1.0400000000000003,0.1,76.79360000000003,6585.408334694735
994,2024-02-11,74.5,74.5,-1.0400000000000003,0.1,77.48000000000002,6914.530888491465,0.0,0.1,-0.0,6585.408334694735
995,2024-02-11,64.24596,64.24596,0.0,0.1,-0.0,6914.530888491465,0.0,0.1,-0.0,6585.408334694735
996,2024-02-11,60.49639,60.49639,0.0,0.1,-0.0,6914.530888491465,0.0,0.1,-0.0,6585.408334694735
997,2024-02-11,55.23588,55.23588,2.0,0.575,-110.47176,6804.059128491464,2.0,0.575,-110.47176,6474.936574694734
998,2024-02-11,56.16633,56.16633,1.3684210526315792,0.9,-76.85918842105265,6727.199940070412,1.3684210526315792,0.9,-76.85918842105265,6398.077386273681
999,2024-02-11,60.74,60.74,0.0,0.9,-0.0,6727.199940070412,0.0,0.9,-0.0,6398.077386273681
1000,2024-02-11,83.91,83.91,0.0,0.9,-0.0,6727.199940070412,0.0,0.9,-0.0,6398.077386273681
1001,2024-02-11,92.18,92.18,0.0,0.9,-0.0,6727.199940070412,-2.0,0.37368421052631584,184.36,6582.437386273681
1002,2024-02-11,95.29,95.29,0.0,0.9,-0.0,6727.199940070412,-1.0400000000000003,0.1,99.10160000000003,6681.538986273681
1003,2024-02-11,97.4,97.4,-2.0,0.37368421052631584,194.8,6921.999940070412,0.0,0.1,-0.0,6681.538986273681
1004,2024-02-11,95.69,95.69,-1.0400000000000003,0.1,99.51760000000002,7021.517540070412,0.0,0.1,-0.0,6681.538986273681
1005,2024-02-11,94.61,94.61,0.0,0.1,-0.0,7021.517540070412,0.0,0.1,-0.0,6681.538986273681
1006,2024-02-11,86.0,86.0,0.0,0.1,-0.0,7021.517540070412,0.0,0.1,-0.0,6681.538986273681
1007,2024-02-11,70.0,70.0,0.0,0.1,-0.0,7021.517540070412,0.0,0.1,-0.0,6681.538986273681
1008,2024-02-12,64.34652,64.34652,0.0,0.1,-0.0,7021.517540070412,0.0,0.1,-0.0,6681.538986273681
1009,2024-02-12,61.87346,61.87346,0.0,0.1,-0.0,7021.517540070412,0.0,0.1,-0.0,6681.538986273681
1010,2024-02-12,61.00578,61.00578,0.0,0.1,-0.0,7021.517540070412,0.0,0.1,-0.0,6681.538986273681
1011,2024-02-12,59.75026,59.75026,1.368421052632404,0.425000000000196,-81.76351368425982,6939.754026386152,2.0,0.575,-119.50052,6562.0384662736815
1012,2024-02-12,59.2127,59.2127,1.9999999999991749,0.9,-118.42539999995114,6821.328626386201,1.3684210526315792,0.9,-81.0279052631579,6481.010561010524
1013,2024-02-12,65.0,65.0,0.0,0.9,-0.0,6821.328626386201,0.0,0.9,-0.0,6481.010561010524
1014,2024-02-12,94.06,94.06,0.0,0.9,-0.0,6821.328626386201,0.0,0.9,-0.0,6481.010561010524
1015,2024-02-12,101.76,101.76,0.0,0.9,-0.0,6821.328626386201,0.0,0.9,-0.0,6481.010561010524
1016,2024-02-12,117.76,117.76,-2.0,0.37368421052631584,235.52,7056.848626386201,-2.0,0.37368421052631584,235.52,6716.530561010524
1017,2024-02-12,109.49734,109.49734,-1.0400000000000003,0.1,113.87723360000003,7170.725859986202,-1.0400000000000003,0.1,113.87723360000003,6830.407794610524
1018,2024-02-12,101.22,101.22,0.0,0.1,-0.0,7170.725859986202,0.0,0.1,-0.0,6830.407794610524
1019,2024-02-12,97.40508,97.40508,0.0,0.1,-0.0,7170.725859986202,0.0,0.1,-0.0,6830.407794610524
1020,2024-02-12,93.43,93.43,0.0,0.1,-0.0,7170.725859986202,2.0,0.575,-186.86,6643.547794610525
1021,2024-02-12,93.43,93.43,0.0,0.1,-0.0,7170.725859986202,1.3684210526315792,0.9,-127.85157894736845,6515.696215663156
1022,2024-02-12,95.19,95.19,2.0,0.575,-190.38,6980.3458599862015,0.0,0.9,-0.0,6515.696215663156
1023,2024-02-12,101.14,101.14,1.3684210526315792,0.9,-138.40210526315792,6841.943754723044,0.0,0.9,-0.0,6515.696215663156
1024,2024-02-12,110.0,110.0,0.0,0.9,-0.0,6841.943754723044,0.0,0.9,-0.0,6515.696215663156
1025,2024-02-12,112.95,112.95,-2.0,0.37368421052631584,225.9,7067.843754723043,-2.0,0.37368421052631584,225.9,6741.596215663156
1026,2024-02-12,117.17,117.17,-1.0400000000000003,0.1,121.85680000000004,7189.700554723044,-1.0400000000000003,0.1,121.85680000000004,6863.453015663156
1027,2024-02-12,115.71,115.71,0.0,0.1,-0.0,7189.700554723044,0.0,0.1,-0.0,6863.453015663156
1028,2024-02-12,110.0,110.0,0.0,0.1,-0.0,7189.700554723044,0.0,0.1,-0.0,6863.453015663156
1029,2024-02-12,101.24,101.24,0.0,0.1,-0.0,7189.700554723044,0.0,0.1,-0.0,6863.453015663156
1030,2024-02-12,97.0,97.0,0.0,0.1,-0.0,7189.700554723044,0.0,0.1,-0.0,6863.453015663156
1031,2024-02-12,93.43,93.43,0.0,0.1,-0.0,7189.700554723044,0.0,0.1,-0.0,6863.453015663156
1032,2024-02-13,90.0,90.0,0.0,0.1,-0.0,7189.700554723044,0.0,0.1,-0.0,6863.453015663156
1033,2024-02-13,84.58,84.58,0.0,0.1,-0.0,7189.700554723044,0.0,0.1,-0.0,6863.453015663156
1034,2024-02-13,83.0,83.0,1.3684212681045547,0.42500005117483175,-113.57896525267803,7076.1215894703655,0.0,0.1,-0.0,6863.453015663156
1035,2024-02-13,82.12,82.12,1.9999997845270243,0.9,-164.23998230535923,6911.881607165006,2.0,0.575,-164.24,6699.2130156631565
1036,2024-02-13,84.69,84.69,0.0,0.9,-0.0,6911.881607165006,1.3684210526315792,0.9,-115.89157894736844,6583.321436715788
1037,2024-02-13,89.0,89.0,0.0,0.9,-0.0,6911.881607165006,0.0,0.9,-0.0,6583.321436715788
1038,2024-02-13,95.0,95.0,0.0,0.9,-0.0,6911.881607165006,0.0,0.9,-0.0,6583.321436715788
1039,2024-02-13,100.66,100.66,0.0,0.9,-0.0,6911.881607165006,-2.0,0.37368421052631584,201.32,6784.641436715788
1040,2024-02-13,122.8,122.8,-2.0,0.37368421052631584,245.6,7157.481607165007,-1.0400000000000003,0.1,127.71200000000003,6912.353436715788
1041,2024-02-13,102.92,102.92,-1.0400000000000003,0.1,107.03680000000003,7264.5184071650065,0.0,0.1,-0.0,6912.353436715788
1042,2024-02-13,92.94,92.94,0.0,0.1,-0.0,7264.5184071650065,0.0,0.1,-0.0,6912.353436715788
1043,2024-02-13,85.0,85.0,0.0,0.1,-0.0,7264.5184071650065,0.0,0.1,-0.0,6912.353436715788
1044,2024-02-13,65.0,65.0,1.368421054498376,0.4250000004433643,-88.94736854239443,7175.571038622612,2.0,0.575,-130.0,6782.353436715788
1045,2024-02-13,63.8,63.8,1.9999999981332033,0.9,-127.59999988089837,7047.9710387417135,1.3684210526315792,0.9,-87.30526315789474,6695.048173557893
1046,2024-02-13,72.65,72.65,0.0,0.9,-0.0,7047.9710387417135,0.0,0.9,-0.0,6695.048173557893
1047,2024-02-13,81.22064,81.22064,0.0,0.9,-0.0,7047.9710387417135,0.0,0.9,-0.0,6695.048173557893
1048,2024-02-13,93.93,93.93,0.0,0.9,-0.0,7047.9710387417135,0.0,0.9,-0.0,6695.048173557893
1049,2024-02-13,99.3351,99.3351,-2.0,0.37368421052631584,198.6702,7246.641238741713,-2.0,0.37368421052631584,198.6702,6893.718373557893
1050,2024-02-13,104.46,104.46,-1.0400000000000003,0.1,108.63840000000002,7355.279638741713,-1.0400000000000003,0.1,108.63840000000002,7002.356773557893
1051,2024-02-13,98.1288,98.1288,0.0,0.1,-0.0,7355.279638741713,0.0,0.1,-0.0,7002.356773557893
1052,2024-02-13,94.0,94.0,0.0,0.1,-0.0,7355.279638741713,0.0,0.1,-0.0,7002.356773557893
1053,2024-02-13,93.43,93.43,0.0,0.1,-0.0,7355.279638741713,0.0,0.1,-0.0,7002.356773557893
1054,2024-02-13,85.0,85.0,0.0,0.1,-0.0,7355.279638741713,0.0,0.1,-0.0,7002.356773557893
1055,2024-02-13,76.0,76.0,0.0,0.1,-0.0,7355.279638741713,0.0,0.1,-0.0,7002.356773557893
1056,2024-02-14,71.95,71.95,0.0,0.1,-0.0,7355.279638741713,0.0,0.1,-0.0,7002.356773557893
1057,2024-02-14,64.58,64.58,0.0,0.1,-0.0,7355.279638741713,0.0,0.1,-0.0,7002.356773557893
1058,2024-02-14,60.96,60.96,0.0,0.1,-0.0,7355.279638741713,0.0,0.1,-0.0,7002.356773557893
1059,2024-02-14,58.9,58.9,2.0,0.575,-117.8,7237.479638741713,2.0,0.575,-117.8,6884.5567735578925
1060,2024-02-14,58.9,58.9,1.3684210526315792,0.9,-80.60000000000001,7156.879638741712,1.3684210526315792,0.9,-80.60000000000001,6803.956773557892
1061,2024-02-14,68.77825,68.77825,0.0,0.9,-0.0,7156.879638741712,0.0,0.9,-0.0,6803.956773557892
1062,2024-02-14,92.06,92.06,0.0,0.9,-0.0,7156.879638741712,0.0,0.9,-0.0,6803.956773557892
1063,2024-02-14,102.93,102.93,-1.2000000020911752,0.5842105257654802,123.51600021524467,7280.395638956957,-2.0,0.37368421052631584,205.86,7009.816773557892
1064,2024-02-14,111.81,111.81,-1.8399999979088246,0.1,205.73039976618568,7486.126038723142,-1.0400000000000003,0.1,116.28240000000004,7126.099173557892
1065,2024-02-14,99.84371,99.84371,0.0,0.1,-0.0,7486.126038723142,0.0,0.1,-0.0,7126.099173557892
1066,2024-02-14,80.64013,80.64013,0.0,0.1,-0.0,7486.126038723142,0.0,0.1,-0.0,7126.099173557892
1067,2024-02-14,63.62543,63.62543,0.0,0.1,-0.0,7486.126038723142,0.0,0.1,-0.0,7126.099173557892
1068,2024-02-14,43.60435,43.60435,2.0,0.575,-87.2087,7398.917338723142,2.0,0.575,-87.2087,7038.890473557892
1069,2024-02-14,45.82904,45.82904,1.3684210526315792,0.9,-62.713423157894745,7336.203915565247,1.3684210526315792,0.9,-62.713423157894745,6976.177050399997
1070,2024-02-14,71.82487,71.82487,0.0,0.9,-0.0,7336.203915565247,0.0,0.9,-0.0,6976.177050399997
1071,2024-02-14,86.75373,86.75373,0.0,0.9,-0.0,7336.203915565247,0.0,0.9,-0.0,6976.177050399997
1072,2024-02-14,103.93,103.93,0.0,0.9,-0.0,7336.203915565247,0.0,0.9,-0.0,6976.177050399997
1073,2024-02-14,129.34,129.34,-2.0,0.37368421052631584,258.68,7594.883915565248,-2.0,0.37368421052631584,258.68,7234.857050399997
1074,2024-02-14,127.93,127.93,-1.0400000000000003,0.1,133.04720000000003,7727.931115565248,-1.0400000000000003,0.1,133.04720000000003,7367.904250399997
1075,2024-02-14,128.13,128.13,0.0,0.1,-0.0,7727.931115565248,0.0,0.1,-0.0,7367.904250399997
1076,2024-02-14,111.0,111.0,0.0,0.1,-0.0,7727.931115565248,0.0,0.1,-0.0,7367.904250399997
1077,2024-02-14,98.07,98.07,0.0,0.1,-0.0,7727.931115565248,0.0,0.1,-0.0,7367.904250399997
1078,2024-02-14,92.77,92.77,0.0,0.1,-0.0,7727.931115565248,0.0,0.1,-0.0,7367.904250399997
1079,2024-02-14,92.0,92.0,0.0,0.1,-0.0,7727.931115565248,0.0,0.1,-0.0,7367.904250399997
1080,2024-02-15,80.6,80.6,0.0,0.1,-0.0,7727.931115565248,0.0,0.1,-0.0,7367.904250399997
1081,2024-02-15,72.19,72.19,0.0,0.1,-0.0,7727.931115565248,0.0,0.1,-0.0,7367.904250399997
1082,2024-02-15,70.95,70.95,2.0,0.575,-141.9,7586.031115565248,0.0,0.1,-0.0,7367.904250399997
1083,2024-02-15,70.95,70.95,1.3684210526315792,0.9,-97.08947368421055,7488.941641881038,2.0,0.575,-141.9,7226.0042503999975
1084,2024-02-15,70.95,70.95,0.0,0.9,-0.0,7488.941641881038,1.3684210526315792,0.9,-97.08947368421055,7128.914776715787
1085,2024-02-15,78.27,78.27,0.0,0.9,-0.0,7488.941641881038,0.0,0.9,-0.0,7128.914776715787
1086,2024-02-15,91.42,91.42,0.0,0.9,-0.0,7488.941641881038,0.0,0.9,-0.0,7128.914776715787
1087,2024-02-15,110.0,110.0,-1.2000000002478097,0.5842105262505763,132.00000002725906,7620.941641908297,-2.0,0.37368421052631584,220.0,7348.914776715787
1088,2024-02-15,128.02398,128.02398,-1.83999999975219,0.1,235.5641231682744,7856.505765076572,-1.0400000000000003,0.1,133.14493920000004,7482.059715915788
1089,2024-02-15,109.16132,109.16132,0.0,0.1,-0.0,7856.505765076572,0.0,0.1,-0.0,7482.059715915788
1090,2024-02-15,91.58,91.58,0.0,0.1,-0.0,7856.505765076572,0.0,0.1,-0.0,7482.059715915788
1091,2024-02-15,85.0,85.0,0.0,0.1,-0.0,7856.505765076572,0.0,0.1,-0.0,7482.059715915788
1092,2024-02-15,72.53,72.53,2.0,0.575,-145.06,7711.445765076572,2.0,0.575,-145.06,7336.999715915787
1093,2024-02-15,75.0,75.0,1.3684210526315792,0.9,-102.63157894736844,7608.814186129203,1.3684210526315792,0.9,-102.63157894736844,7234.368136968419
1094,2024-02-15,83.46,83.46,0.0,0.9,-0.0,7608.814186129203,0.0,0.9,-0.0,7234.368136968419
1095,2024-02-15,93.40797,93.40797,0.0,0.9,-0.0,7608.814186129203,0.0,0.9,-0.0,7234.368136968419
1096,2024-02-15,98.0,98.0,0.0,0.9,-0.0,7608.814186129203,0.0,0.9,-0.0,7234.368136968419
1097,2024-02-15,112.85,112.85,0.0,0.9,-0.0,7608.814186129203,-2.0,0.37368421052631584,225.7,7460.068136968419
1098,2024-02-15,115.0,115.0,-2.0,0.37368421052631584,230.0,7838.814186129203,-1.0400000000000003,0.1,119.60000000000002,7579.668136968419
1099,2024-02-15,118.7,118.7,-1.0400000000000003,0.1,123.44800000000004,7962.262186129204,0.0,0.1,-0.0,7579.668136968419
1100,2024-02-15,104.08,104.08,0.0,0.1,-0.0,7962.262186129204,0.0,0.1,-0.0,7579.668136968419
1101,2024-02-15,91.78,91.78,0.0,0.1,-0.0,7962.262186129204,0.0,0.1,-0.0,7579.668136968419
1102,2024-02-15,91.28,91.28,0.0,0.1,-0.0,7962.262186129204,0.0,0.1,-0.0,7579.668136968419
1103,2024-02-15,89.0,89.0,0.0,0.1,-0.0,7962.262186129204,0.0,0.1,-0.0,7579.668136968419
1104,2024-02-16,87.32,87.32,0.0,0.1,-0.0,7962.262186129204,0.0,0.1,-0.0,7579.668136968419
1105,2024-02-16,81.62,81.62,0.0,0.1,-0.0,7962.262186129204,0.0,0.1,-0.0,7579.668136968419
1106,2024-02-16,79.9,79.9,0.0,0.1,-0.0,7962.262186129204,0.0,0.1,-0.0,7579.668136968419
1107,2024-02-16,78.32,78.32,2.0,0.575,-156.64,7805.622186129203,2.0,0.575,-156.64,7423.028136968419
1108,2024-02-16,78.32,78.32,1.3684210526315792,0.9,-107.17473684210528,7698.447449287098,1.3684210526315792,0.9,-107.17473684210528,7315.853400126313
1109,2024-02-16,82.86,82.86,0.0,0.9,-0.0,7698.447449287098,0.0,0.9,-0.0,7315.853400126313
1110,2024-02-16,89.93,89.93,0.0,0.9,-0.0,7698.447449287098,0.0,0.9,-0.0,7315.853400126313
1111,2024-02-16,99.07,99.07,-1.2000000003866205,0.5842105262140472,118.88400003830249,7817.3314493254,-2.0,0.37368421052631584,198.14,7513.993400126314
1112,2024-02-16,110.27,110.27,-1.8399999996133796,0.1,202.89679995736736,8020.228249282767,-1.0400000000000003,0.1,114.68080000000002,7628.674200126314
1113,2024-02-16,97.79,97.79,0.0,0.1,-0.0,8020.228249282767,0.0,0.1,-0.0,7628.674200126314
1114,2024-02-16,89.21,89.21,0.0,0.1,-0.0,8020.228249282767,0.0,0.1,-0.0,7628.674200126314
1115,2024-02-16,84.21,84.21,0.0,0.1,-0.0,8020.228249282767,0.0,0.1,-0.0,7628.674200126314
1116,2024-02-16,75.72,75.72,2.0,0.575,-151.44,7868.7882492827675,2.0,0.575,-151.44,7477.234200126314
1117,2024-02-16,75.72,75.72,1.3684210526315792,0.9,-103.61684210526317,7765.171407177504,1.3684210526315792,0.9,-103.61684210526317,7373.617358021051
1118,2024-02-16,84.21,84.21,0.0,0.9,-0.0,7765.171407177504,0.0,0.9,-0.0,7373.617358021051
1119,2024-02-16,88.99,88.99,0.0,0.9,-0.0,7765.171407177504,0.0,0.9,-0.0,7373.617358021051
1120,2024-02-16,94.0,94.0,0.0,0.9,-0.0,7765.171407177504,0.0,0.9,-0.0,7373.617358021051
1121,2024-02-16,101.13,101.13,0.0,0.9,-0.0,7765.171407177504,0.0,0.9,-0.0,7373.617358021051
1122,2024-02-16,109.7,109.7,-2.0,0.37368421052631584,219.4,7984.571407177504,-2.0,0.37368421052631584,219.4,7593.01735802105
1123,2024-02-16,110.0,110.0,-1.0400000000000003,0.1,114.40000000000003,8098.971407177503,-1.0400000000000003,0.1,114.40000000000003,7707.41735802105
1124,2024-02-16,97.2,97.2,0.0,0.1,-0.0,8098.971407177503,0.0,0.1,-0.0,7707.41735802105
1125,2024-02-16,90.36497,90.36497,0.0,0.1,-0.0,8098.971407177503,0.0,0.1,-0.0,7707.41735802105
1126,2024-02-16,90.0,90.0,0.0,0.1,-0.0,8098.971407177503,0.0,0.1,-0.0,7707.41735802105
1127,2024-02-16,88.88,88.88,0.0,0.1,-0.0,8098.971407177503,0.0,0.1,-0.0,7707.41735802105
1128,2024-02-17,88.38,88.38,0.0,0.1,-0.0,8098.971407177503,0.0,0.1,-0.0,7707.41735802105
1129,2024-02-17,88.0,88.0,0.0,0.1,-0.0,8098.971407177503,0.0,0.1,-0.0,7707.41735802105
1130,2024-02-17,80.2,80.2,0.0,0.1,-0.0,8098.971407177503,0.0,0.1,-0.0,7707.41735802105
1131,2024-02-17,75.82,75.82,2.0,0.575,-151.64,7947.331407177503,0.0,0.1,-0.0,7707.41735802105
1132,2024-02-17,79.73,79.73,1.3684210526315792,0.9,-109.10421052631581,7838.227196651187,2.0,0.575,-159.46,7547.95735802105
1133,2024-02-17,80.0,80.0,0.0,0.9,-0.0,7838.227196651187,1.3684210526315792,0.9,-109.47368421052633,7438.483673810523
1134,2024-02-17,90.0,90.0,0.0,0.9,-0.0,7838.227196651187,0.0,0.9,-0.0,7438.483673810523
1135,2024-02-17,102.25,102.25,-2.0,0.37368421052631584,204.5,8042.727196651187,-2.0,0.37368421052631584,204.5,7642.983673810523
1136,2024-02-17,100.0,100.0,-1.0400000000000003,0.1,104.00000000000003,8146.727196651187,-1.0400000000000003,0.1,104.00000000000003,7746.983673810523
1137,2024-02-17,90.48,90.48,0.0,0.1,-0.0,8146.727196651187,0.0,0.1,-0.0,7746.983673810523
1138,2024-02-17,84.0,84.0,0.0,0.1,-0.0,8146.727196651187,0.0,0.1,-0.0,7746.983673810523
1139,2024-02-17,67.74,67.74,0.0,0.1,-0.0,8146.727196651187,0.0,0.1,-0.0,7746.983673810523
1140,2024-02-17,61.6,61.6,0.0,0.1,-0.0,8146.727196651187,2.0,0.575,-123.2,7623.783673810523
1141,2024-02-17,55.29,55.29,2.0,0.575,-110.58,8036.147196651187,1.3684210526315792,0.9,-75.66000000000001,7548.1236738105235
1142,2024-02-17,59.09376,59.09376,1.3684210526315792,0.9,-80.86514526315791,7955.28205138803,0.0,0.9,-0.0,7548.1236738105235
1143,2024-02-17,68.0,68.0,0.0,0.9,-0.0,7955.28205138803,0.0,0.9,-0.0,7548.1236738105235
1144,2024-02-17,88.45,88.45,0.0,0.9,-0.0,7955.28205138803,0.0,0.9,-0.0,7548.1236738105235
1145,2024-02-17,102.62,102.62,0.0,0.9,-0.0,7955.28205138803,0.0,0.9,-0.0,7548.1236738105235
1146,2024-02-17,119.7,119.7,-2.0,0.37368421052631584,239.4,8194.68205138803,-2.0,0.37368421052631584,239.4,7787.523673810523
1147,2024-02-17,120.0,120.0,-1.0400000000000003,0.1,124.80000000000003,8319.48205138803,-1.0400000000000003,0.1,124.80000000000003,7912.323673810523
1148,2024-02-17,111.97,111.97,0.0,0.1,-0.0,8319.48205138803,0.0,0.1,-0.0,7912.323673810523
1149,2024-02-17,100.0,100.0,0.0,0.1,-0.0,8319.48205138803,0.0,0.1,-0.0,7912.323673810523
1150,2024-02-17,90.0,90.0,0.0,0.1,-0.0,8319.48205138803,0.0,0.1,-0.0,7912.323673810523
1151,2024-02-17,88.73,88.73,0.0,0.1,-0.0,8319.48205138803,0.0,0.1,-0.0,7912.323673810523
1152,2024-02-18,90.0,90.0,0.0,0.1,-0.0,8319.48205138803,0.0,0.1,-0.0,7912.323673810523
1153,2024-02-18,88.48,88.48,0.0,0.1,-0.0,8319.48205138803,0.0,0.1,-0.0,7912.323673810523
1154,2024-02-18,85.92,85.92,0.0,0.1,-0.0,8319.48205138803,0.0,0.1,-0.0,7912.323673810523
1155,2024-02-18,80.2,80.2,1.3684210677483777,0.4250000035902397,-109.7473696334199,8209.73468175461,0.0,0.1,-0.0,7912.323673810523
1156,2024-02-18,77.69,77.69,1.9999999848832015,0.9,-155.3799988255759,8054.3546829290335,2.0,0.575,-155.38,7756.943673810523
1157,2024-02-18,84.51,84.51,0.0,0.9,-0.0,8054.3546829290335,1.3684210526315792,0.9,-115.64526315789476,7641.298410652628
1158,2024-02-18,86.92,86.92,-2.0,0.37368421052631584,173.84,8228.194682929034,0.0,0.9,-0.0,7641.298410652628
1159,2024-02-18,87.17,87.17,-1.0400000000000003,0.1,90.65680000000002,8318.851482929034,-2.0,0.37368421052631584,174.34,7815.638410652628
1160,2024-02-18,86.63,86.63,0.0,0.1,-0.0,8318.851482929034,-1.0400000000000003,0.1,90.09520000000002,7905.733610652628
1161,2024-02-18,81.0,81.0,0.0,0.1,-0.0,8318.851482929034,0.0,0.1,-0.0,7905.733610652628
1162,2024-02-18,70.0,70.0,0.0,0.1,-0.0,8318.851482929034,0.0,0.1,-0.0,7905.733610652628
1163,2024-02-18,70.0,70.0,0.0,0.1,-0.0,8318.851482929034,0.0,0.1,-0.0,7905.733610652628
1164,2024-02-18,70.0,70.0,0.0,0.1,-0.0,8318.851482929034,0.0,0.1,-0.0,7905.733610652628
1165,2024-02-18,64.41,64.41,0.0,0.1,-0.0,8318.851482929034,2.0,0.575,-128.82,7776.913610652628
1166,2024-02-18,59.59,59.59,2.0,0.575,-119.18,8199.671482929034,1.3684210526315792,0.9,-81.54421052631581,7695.369400126313
1167,2024-02-18,52.56531,52.56531,1.3684210526315792,0.9,-71.93147684210527,8127.740006086929,0.0,0.9,-0.0,7695.369400126313
1168,2024-02-18,80.76,80.76,0.0,0.9,-0.0,8127.740006086929,0.0,0.9,-0.0,7695.369400126313
1169,2024-02-18,92.0,92.0,0.0,0.9,-0.0,8127.740006086929,0.0,0.9,-0.0,7695.369400126313
1170,2024-02-18,105.67,105.67,0.0,0.9,-0.0,8127.740006086929,-2.0,0.37368421052631584,211.34,7906.709400126313
1171,2024-02-18,113.77,113.77,-2.0,0.37368421052631584,227.54,8355.280006086929,-1.0400000000000003,0.1,118.32080000000002,8025.0302001263135
1172,2024-02-18,106.25,106.25,-1.0400000000000003,0.1,110.50000000000003,8465.780006086929,0.0,0.1,-0.0,8025.0302001263135
1173,2024-02-18,96.96,96.96,0.0,0.1,-0.0,8465.780006086929,0.0,0.1,-0.0,8025.0302001263135
1174,2024-02-18,91.57,91.57,0.0,0.1,-0.0,8465.780006086929,0.0,0.1,-0.0,8025.0302001263135
1175,2024-02-18,88.0,88.0,0.0,0.1,-0.0,8465.780006086929,0.0,0.1,-0.0,8025.0302001263135
1176,2024-02-19,85.0,85.0,0.0,0.1,-0.0,8465.780006086929,0.0,0.1,-0.0,8025.0302001263135
1177,2024-02-19,77.33,77.33,0.0,0.1,-0.0,8465.780006086929,0.0,0.1,-0.0,8025.0302001263135
1178,2024-02-19,70.0,70.0,0.0,0.1,-0.0,8465.780006086929,0.0,0.1,-0.0,8025.0302001263135
1179,2024-02-19,61.86,61.86,1.3684210548989613,0.4250000005385033,-84.65052645604975,8381.12947963088,2.0,0.575,-123.72,7901.310200126313
1180,2024-02-19,59.5,59.5,1.999999997732618,0.9,-118.99999986509077,8262.129479765788,1.3684210526315792,0.9,-81.42105263157896,7819.889147494734
1181,2024-02-19,77.9,77.9,0.0,0.9,-0.0,8262.129479765788,0.0,0.9,-0.0,7819.889147494734
1182,2024-02-19,91.0,91.0,0.0,0.9,-0.0,8262.129479765788,0.0,0.9,-0.0,7819.889147494734
1183,2024-02-19,98.57,98.57,0.0,0.9,-0.0,8262.129479765788,0.0,0.9,-0.0,7819.889147494734
1184,2024-02-19,114.56,114.56,-2.0,0.37368421052631584,229.12,8491.24947976579,-2.0,0.37368421052631584,229.12,8049.009147494734
1185,2024-02-19,105.0,105.0,-1.0400000000000003,0.1,109.20000000000003,8600.44947976579,-1.0400000000000003,0.1,109.20000000000003,8158.209147494734
1186,2024-02-19,92.57,92.57,0.0,0.1,-0.0,8600.44947976579,0.0,0.1,-0.0,8158.209147494734
1187,2024-02-19,88.88,88.88,0.0,0.1,-0.0,8600.44947976579,0.0,0.1,-0.0,8158.209147494734
1188,2024-02-19,80.0,80.0,2.0,0.575,-160.0,8440.44947976579,2.0,0.575,-160.0,7998.209147494734
1189,2024-02-19,81.54,81.54,1.3684210526315792,0.9,-111.58105263157897,8328.868427134212,1.3684210526315792,0.9,-111.58105263157897,7886.628094863155
1190,2024-02-19,88.88,88.88,0.0,0.9,-0.0,8328.868427134212,0.0,0.9,-0.0,7886.628094863155
1191,2024-02-19,91.13,91.13,0.0,0.9,-0.0,8328.868427134212,0.0,0.9,-0.0,7886.628094863155
1192,2024-02-19,96.88,96.88,0.0,0.9,-0.0,8328.868427134212,0.0,0.9,-0.0,7886.628094863155
1193,2024-02-19,109.2,109.2,0.0,0.9,-0.0,8328.868427134212,-2.0,0.37368421052631584,218.4,8105.028094863154
1194,2024-02-19,116.5,116.5,-1.2000000070674146,0.5842105244559435,139.8000008233538,8468.668427957566,-1.0400000000000003,0.1,121.16000000000003,8226.188094863155
1195,2024-02-19,118.77,118.77,-1.8399999929325852,0.1,218.53679916060312,8687.20522711817,0.0,0.1,-0.0,8226.188094863155
1196,2024-02-19,103.28,103.28,0.0,0.1,-0.0,8687.20522711817,0.0,0.1,-0.0,8226.188094863155
1197,2024-02-19,91.66,91.66,0.0,0.1,-0.0,8687.20522711817,0.0,0.1,-0.0,8226.188094863155
1198,2024-02-19,88.82,88.82,0.0,0.1,-0.0,8687.20522711817,0.0,0.1,-0.0,8226.188094863155
1199,2024-02-19,85.0,85.0,0.0,0.1,-0.0,8687.20522711817,0.0,0.1,-0.0,8226.188094863155
1200,2024-02-20,79.3,79.3,0.0,0.1,-0.0,8687.20522711817,0.0,0.1,-0.0,8226.188094863155
1201,2024-02-20,69.5,69.5,0.0,0.1,-0.0,8687.20522711817,0.0,0.1,-0.0,8226.188094863155
1202,2024-02-20,57.16,57.16,2.0,0.575,-114.32,8572.88522711817,2.0,0.575,-114.32,8111.868094863155
1203,2024-02-20,57.16,57.16,1.3684210526315792,0.9,-78.21894736842107,8494.666279749748,1.3684210526315792,0.9,-78.21894736842107,8033.649147494734
1204,2024-02-20,59.9,59.9,0.0,0.9,-0.0,8494.666279749748,0.0,0.9,-0.0,8033.649147494734
1205,2024-02-20,78.55617,78.55617,0.0,0.9,-0.0,8494.666279749748,0.0,0.9,-0.0,8033.649147494734
1206,2024-02-20,89.0,89.0,0.0,0.9,-0.0,8494.666279749748,0.0,0.9,-0.0,8033.649147494734
1207,2024-02-20,97.3,97.3,-1.2000000000409412,0.5842105263050155,116.76000000398358,8611.426279753732,-2.0,0.37368421052631584,194.6,8228.249147494735
1208,2024-02-20,110.58,110.58,-1.8399999999590588,0.1,203.46719999547273,8814.893479749206,-1.0400000000000003,0.1,115.00320000000002,8343.252347494734
1209,2024-02-20,95.35,95.35,0.0,0.1,-0.0,8814.893479749206,0.0,0.1,-0.0,8343.252347494734
1210,2024-02-20,88.88,88.88,0.0,0.1,-0.0,8814.893479749206,0.0,0.1,-0.0,8343.252347494734
1211,2024-02-20,80.2,80.2,0.0,0.1,-0.0,8814.893479749206,0.0,0.1,-0.0,8343.252347494734
1212,2024-02-20,72.5,72.5,1.3684210530455996,0.42500000009832994,-99.21052634580597,8715.6829534034,2.0,0.575,-145.0,8198.252347494734
1213,2024-02-20,70.87,70.87,1.9999999995859794,0.9,-141.73999997065837,8573.942953432743,1.3684210526315792,0.9,-96.98000000000002,8101.272347494734
1214,2024-02-20,79.15,79.15,0.0,0.9,-0.0,8573.942953432743,0.0,0.9,-0.0,8101.272347494734
1215,2024-02-20,87.0,87.0,0.0,0.9,-0.0,8573.942953432743,0.0,0.9,-0.0,8101.272347494734
1216,2024-02-20,91.66,91.66,0.0,0.9,-0.0,8573.942953432743,0.0,0.9,-0.0,8101.272347494734
1217,2024-02-20,99.5,99.5,0.0,0.9,-0.0,8573.942953432743,-2.0,0.37368421052631584,199.0,8300.272347494734
1218,2024-02-20,110.47,110.47,-2.0,0.37368421052631584,220.94,8794.882953432743,-1.0400000000000003,0.1,114.88880000000003,8415.161147494735
1219,2024-02-20,105.0,105.0,-1.0400000000000003,0.1,109.20000000000003,8904.082953432744,0.0,0.1,-0.0,8415.161147494735
1220,2024-02-20,94.0,94.0,0.0,0.1,-0.0,8904.082953432744,0.0,0.1,-0.0,8415.161147494735
1221,2024-02-20,89.0,89.0,0.0,0.1,-0.0,8904.082953432744,0.0,0.1,-0.0,8415.161147494735
1222,2024-02-20,86.08,86.08,0.0,0.1,-0.0,8904.082953432744,0.0,0.1,-0.0,8415.161147494735
1223,2024-02-20,80.13,80.13,0.0,0.1,-0.0,8904.082953432744,0.0,0.1,-0.0,8415.161147494735
1224,2024-02-21,75.04,75.04,0.0,0.1,-0.0,8904.082953432744,0.0,0.1,-0.0,8415.161147494735
1225,2024-02-21,66.8,66.8,0.0,0.1,-0.0,8904.082953432744,0.0,0.1,-0.0,8415.161147494735
1226,2024-02-21,60.0,60.0,2.0,0.575,-120.0,8784.082953432744,2.0,0.575,-120.0,8295.161147494735
1227,2024-02-21,60.75,60.75,1.3684210526315792,0.9,-83.13157894736844,8700.951374485376,1.3684210526315792,0.9,-83.13157894736844,8212.029568547367
1228,2024-02-21,70.87,70.87,0.0,0.9,-0.0,8700.951374485376,0.0,0.9,-0.0,8212.029568547367
1229,2024-02-21,81.44,81.44,0.0,0.9,-0.0,8700.951374485376,0.0,0.9,-0.0,8212.029568547367
1230,2024-02-21,90.0,90.0,0.0,0.9,-0.0,8700.951374485376,0.0,0.9,-0.0,8212.029568547367
1231,2024-02-21,100.0,100.0,-2.0,0.37368421052631584,200.0,8900.951374485376,-2.0,0.37368421052631584,200.0,8412.029568547367
1232,2024-02-21,103.95,103.95,-1.0400000000000003,0.1,108.10800000000003,9009.059374485376,-1.0400000000000003,0.1,108.10800000000003,8520.137568547367
1233,2024-02-21,90.0,90.0,0.0,0.1,-0.0,9009.059374485376,0.0,0.1,-0.0,8520.137568547367
1234,2024-02-21,84.91,84.91,0.0,0.1,-0.0,9009.059374485376,0.0,0.1,-0.0,8520.137568547367
1235,2024-02-21,62.9,62.9,0.0,0.1,-0.0,9009.059374485376,0.0,0.1,-0.0,8520.137568547367
1236,2024-02-21,53.00768,53.00768,2.0,0.575,-106.01536,8903.044014485376,2.0,0.575,-106.01536,8414.122208547367
1237,2024-02-21,54.1,54.1,1.3684210526315792,0.9,-74.03157894736843,8829.012435538009,1.3684210526315792,0.9,-74.03157894736843,8340.0906296
1238,2024-02-21,71.84,71.84,0.0,0.9,-0.0,8829.012435538009,0.0,0.9,-0.0,8340.0906296
1239,2024-02-21,86.1,86.1,0.0,0.9,-0.0,8829.012435538009,0.0,0.9,-0.0,8340.0906296
1240,2024-02-21,89.55,89.55,0.0,0.9,-0.0,8829.012435538009,0.0,0.9,-0.0,8340.0906296
1241,2024-02-21,104.0,104.0,0.0,0.9,-0.0,8829.012435538009,-2.0,0.37368421052631584,208.0,8548.0906296
1242,2024-02-21,118.61,118.61,-2.0,0.37368421052631584,237.22,9066.232435538008,-1.0400000000000003,0.1,123.35440000000003,8671.4450296
1243,2024-02-21,116.25642,116.25642,-1.0400000000000003,0.1,120.90667680000004,9187.139112338007,0.0,0.1,-0.0,8671.4450296
1244,2024-02-21,96.87421,96.87421,0.0,0.1,-0.0,9187.139112338007,0.0,0.1,-0.0,8671.4450296
1245,2024-02-21,90.0,90.0,0.0,0.1,-0.0,9187.139112338007,0.0,0.1,-0.0,8671.4450296
1246,2024-02-21,88.36,88.36,0.0,0.1,-0.0,9187.139112338007,0.0,0.1,-0.0,8671.4450296
1247,2024-02-21,86.84,86.84,0.0,0.1,-0.0,9187.139112338007,0.0,0.1,-0.0,8671.4450296
1248,2024-02-22,78.92189,78.92189,0.0,0.1,-0.0,9187.139112338007,0.0,0.1,-0.0,8671.4450296
1249,2024-02-22,72.38666,72.38666,0.0,0.1,-0.0,9187.139112338007,0.0,0.1,-0.0,8671.4450296
1250,2024-02-22,66.0,66.0,1.3684210526316616,0.4250000000000196,-90.31578947368966,9096.823322864317,2.0,0.575,-132.0,8539.4450296
1251,2024-02-22,65.77132,65.77132,1.9999999999999176,0.9,-131.54263999999458,8965.280682864322,1.3684210526315792,0.9,-90.00285894736844,8449.442170652632
1252,2024-02-22,73.23,73.23,0.0,0.9,-0.0,8965.280682864322,0.0,0.9,-0.0,8449.442170652632
1253,2024-02-22,80.97,80.97,0.0,0.9,-0.0,8965.280682864322,0.0,0.9,-0.0,8449.442170652632
1254,2024-02-22,90.0,90.0,0.0,0.9,-0.0,8965.280682864322,0.0,0.9,-0.0,8449.442170652632
1255,2024-02-22,116.59321,116.59321,0.0,0.9,-0.0,8965.280682864322,0.0,0.9,-0.0,8449.442170652632
1256,2024-02-22,145.65306,145.65306,-2.0,0.37368421052631584,291.30612,9256.586802864322,-2.0,0.37368421052631584,291.30612,8740.748290652631
1257,2024-02-22,145.08292,145.08292,-1.0400000000000003,0.1,150.88623680000003,9407.473039664323,-1.0400000000000003,0.1,150.88623680000003,8891.634527452632
1258,2024-02-22,96.22255,96.22255,0.0,0.1,-0.0,9407.473039664323,0.0,0.1,-0.0,8891.634527452632
1259,2024-02-22,85.93725,85.93725,0.0,0.1,-0.0,9407.473039664323,0.0,0.1,-0.0,8891.634527452632
1260,2024-02-22,78.72052,78.72052,2.0,0.575,-157.44104,9250.031999664323,2.0,0.575,-157.44104,8734.193487452632
1261,2024-02-22,79.86301,79.86301,1.3684210526315792,0.9,-109.28622421052634,9140.745775453797,1.3684210526315792,0.9,-109.28622421052634,8624.907263242107
1262,2024-02-22,84.89667,84.89667,0.0,0.9,-0.0,9140.745775453797,0.0,0.9,-0.0,8624.907263242107
1263,2024-02-22,92.75424,92.75424,0.0,0.9,-0.0,9140.745775453797,0.0,0.9,-0.0,8624.907263242107
1264,2024-02-22,90.68,90.68,0.0,0.9,-0.0,9140.745775453797,0.0,0.9,-0.0,8624.907263242107
1265,2024-02-22,95.78,95.78,0.0,0.9,-0.0,9140.745775453797,-2.0,0.37368421052631584,191.56,8816.467263242106
1266,2024-02-22,103.34,103.34,-2.0,0.37368421052631584,206.68,9347.425775453798,-1.0400000000000003,0.1,107.47360000000003,8923.940863242105
1267,2024-02-22,97.61,97.61,-1.0400000000000003,0.1,101.51440000000002,9448.940175453798,0.0,0.1,-0.0,8923.940863242105
1268,2024-02-22,88.42,88.42,0.0,0.1,-0.0,9448.940175453798,0.0,0.1,-0.0,8923.940863242105
1269,2024-02-22,85.68,85.68,0.0,0.1,-0.0,9448.940175453798,0.0,0.1,-0.0,8923.940863242105
1270,2024-02-22,81.1,81.1,0.0,0.1,-0.0,9448.940175453798,0.0,0.1,-0.0,8923.940863242105
1271,2024-02-22,70.6,70.6,0.0,0.1,-0.0,9448.940175453798,0.0,0.1,-0.0,8923.940863242105
1272,2024-02-23,60.59,60.59,0.0,0.1,-0.0,9448.940175453798,0.0,0.1,-0.0,8923.940863242105
1273,2024-02-23,52.31,52.31,0.0,0.1,-0.0,9448.940175453798,0.0,0.1,-0.0,8923.940863242105
1274,2024-02-23,46.0,46.0,2.0,0.575,-92.0,9356.940175453798,2.0,0.575,-92.0,8831.940863242105
1275,2024-02-23,46.0,46.0,1.3684210526315792,0.9,-62.947368421052644,9293.992807032744,1.3684210526315792,0.9,-62.947368421052644,8768.993494821052
1276,2024-02-23,49.99,49.99,0.0,0.9,-0.0,9293.992807032744,0.0,0.9,-0.0,8768.993494821052
1277,2024-02-23,55.4,55.4,0.0,0.9,-0.0,9293.992807032744,0.0,0.9,-0.0,8768.993494821052
1278,2024-02-23,83.12,83.12,0.0,0.9,-0.0,9293.992807032744,0.0,0.9,-0.0,8768.993494821052
1279,2024-02-23,91.76,91.76,0.0,0.9,-0.0,9293.992807032744,0.0,0.9,-0.0,8768.993494821052
1280,2024-02-23,100.23,100.23,-2.0,0.37368421052631584,200.46,9494.452807032743,-2.0,0.37368421052631584,200.46,8969.453494821051
1281,2024-02-23,97.70493,97.70493,-1.0400000000000003,0.1,101.61312720000004,9596.065934232744,-1.0400000000000003,0.1,101.61312720000004,9071.066622021051
1282,2024-02-23,90.83296,90.83296,0.0,0.1,-0.0,9596.065934232744,0.0,0.1,-0.0,9071.066622021051
1283,2024-02-23,83.90194,83.90194,0.0,0.1,-0.0,9596.065934232744,0.0,0.1,-0.0,9071.066622021051
1284,2024-02-23,79.51433,79.51433,0.0,0.1,-0.0,9596.065934232744,2.0,0.575,-159.02866,8912.037962021051
1285,2024-02-23,77.01942,77.01942,2.0,0.575,-154.03884,9442.027094232744,1.3684210526315792,0.9,-105.3949957894737,8806.642966231579
1286,2024-02-23,83.82026,83.82026,1.3684210526315792,0.9,-114.70140842105266,9327.325685811691,0.0,0.9,-0.0,8806.642966231579
1287,2024-02-23,86.77,86.77,0.0,0.9,-0.0,9327.325685811691,0.0,0.9,-0.0,8806.642966231579
1288,2024-02-23,90.0,90.0,0.0,0.9,-0.0,9327.325685811691,0.0,0.9,-0.0,8806.642966231579
1289,2024-02-23,92.08,92.08,0.0,0.9,-0.0,9327.325685811691,0.0,0.9,-0.0,8806.642966231579
1290,2024-02-23,103.68,103.68,-2.0,0.37368421052631584,207.36,9534.685685811692,-2.0,0.37368421052631584,207.36,9014.00296623158
1291,2024-02-23,101.63,101.63,-1.0400000000000003,0.1,105.69520000000003,9640.380885811692,-1.0400000000000003,0.1,105.69520000000003,9119.69816623158
1292,2024-02-23,91.76,91.76,0.0,0.1,-0.0,9640.380885811692,0.0,0.1,-0.0,9119.69816623158
1293,2024-02-23,85.73,85.73,0.0,0.1,-0.0,9640.380885811692,0.0,0.1,-0.0,9119.69816623158
1294,2024-02-23,73.89,73.89,0.0,0.1,-0.0,9640.380885811692,0.0,0.1,-0.0,9119.69816623158
1295,2024-02-23,65.1,65.1,0.0,0.1,-0.0,9640.380885811692,0.0,0.1,-0.0,9119.69816623158
1296,2024-02-24,66.46545,66.46545,0.0,0.1,-0.0,9640.380885811692,0.0,0.1,-0.0,9119.69816623158
1297,2024-02-24,63.9,63.9,0.0,0.1,-0.0,9640.380885811692,0.0,0.1,-0.0,9119.69816623158
1298,2024-02-24,59.5,59.5,0.0,0.1,-0.0,9640.380885811692,0.0,0.1,-0.0,9119.69816623158
1299,2024-02-24,55.2,55.2,2.0,0.575,-110.4,9529.980885811692,2.0,0.575,-110.4,9009.29816623158
1300,2024-02-24,55.39,55.39,1.3684210526315792,0.9,-75.79684210526317,9454.18404370643,1.3684210526315792,0.9,-75.79684210526317,8933.501324126317
1301,2024-02-24,60.37,60.37,0.0,0.9,-0.0,9454.18404370643,0.0,0.9,-0.0,8933.501324126317
1302,2024-02-24,75.1,75.1,0.0,0.9,-0.0,9454.18404370643,0.0,0.9,-0.0,8933.501324126317
1303,2024-02-24,86.0,86.0,0.0,0.9,-0.0,9454.18404370643,0.0,0.9,-0.0,8933.501324126317
1304,2024-02-24,86.52342,86.52342,-2.0,0.37368421052631584,173.04684,9627.23088370643,-2.0,0.37368421052631584,173.04684,9106.548164126318
1305,2024-02-24,86.60025,86.60025,-1.0400000000000003,0.1,90.06426000000002,9717.29514370643,-1.0400000000000003,0.1,90.06426000000002,9196.612424126317
1306,2024-02-24,80.8607,80.8607,0.0,0.1,-0.0,9717.29514370643,0.0,0.1,-0.0,9196.612424126317
1307,2024-02-24,64.2043,64.2043,0.0,0.1,-0.0,9717.29514370643,0.0,0.1,-0.0,9196.612424126317
1308,2024-02-24,63.12845,63.12845,0.0,0.1,-0.0,9717.29514370643,0.0,0.1,-0.0,9196.612424126317
1309,2024-02-24,59.41281,59.41281,0.0,0.1,-0.0,9717.29514370643,2.0,0.575,-118.82562,9077.786804126317
1310,2024-02-24,57.62705,57.62705,2.0,0.575,-115.2541,9602.04104370643,1.3684210526315792,0.9,-78.85806842105264,8998.928735705265
1311,2024-02-24,57.58837,57.58837,1.3684210526315792,0.9,-78.80513789473686,9523.235905811693,0.0,0.9,-0.0,8998.928735705265
1312,2024-02-24,79.46,79.46,0.0,0.9,-0.0,9523.235905811693,0.0,0.9,-0.0,8998.928735705265
1313,2024-02-24,86.26,86.26,0.0,0.9,-0.0,9523.235905811693,0.0,0.9,-0.0,8998.928735705265
1314,2024-02-24,103.72,103.72,-1.1999999962088672,0.584210527313456,124.4639996067837,9647.699905418476,-2.0,0.37368421052631584,207.44,9206.368735705266
1315,2024-02-24,108.63,108.63,-1.8400000037911328,0.1,199.87920041183074,9847.579105830308,-1.0400000000000003,0.1,112.97520000000003,9319.343935705267
1316,2024-02-24,93.49,93.49,0.0,0.1,-0.0,9847.579105830308,0.0,0.1,-0.0,9319.343935705267
1317,2024-02-24,86.14,86.14,0.0,0.1,-0.0,9847.579105830308,0.0,0.1,-0.0,9319.343935705267
1318,2024-02-24,80.95,80.95,0.0,0.1,-0.0,9847.579105830308,0.0,0.1,-0.0,9319.343935705267
1319,2024-02-24,71.01,71.01,2.0,0.575,-142.02,9705.559105830307,0.0,0.1,-0.0,9319.343935705267
1320,2024-02-25,75.1,75.1,-1.805,0.1,135.5555,9841.114605830307,0.0,0.1,-0.0,9319.343935705267
1321,2024-02-25,66.62,66.62,0.0,0.1,-0.0,9841.114605830307,0.0,0.1,-0.0,9319.343935705267
1322,2024-02-25,69.83,69.83,0.0,0.1,-0.0,9841.114605830307,0.0,0.1,-0.0,9319.343935705267
1323,2024-02-25,65.9,65.9,1.368421052631579,0.42500000000000004,-90.17894736842106,9750.935658461887,0.0,0.1,-0.0,9319.343935705267
1324,2024-02-25,63.89,63.89,-1.235,0.1,78.90415,9829.839808461888,0.0,0.1,-0.0,9319.343935705267
1325,2024-02-25,66.61,66.61,0.0,0.1,-0.0,9829.839808461888,0.0,0.1,-0.0,9319.343935705267
1326,2024-02-25,66.62,66.62,2.0,0.575,-133.24,9696.599808461888,0.0,0.1,-0.0,9319.343935705267
1327,2024-02-25,71.0,71.0,-1.805,0.1,128.155,9824.754808461888,0.0,0.1,-0.0,9319.343935705267
1328,2024-02-25,66.62,66.62,2.0,0.575,-133.24,9691.514808461889,0.0,0.1,-0.0,9319.343935705267
1329,2024-02-25,66.62,66.62,1.3684210526315792,0.9,-91.16421052631581,9600.350597935572,0.0,0.1,-0.0,9319.343935705267
1330,2024-02-25,69.91,69.91,-1.1900001324253293,0.5868420704143871,83.19290925785477,9683.543507193426,0.0,0.1,-0.0,9319.343935705267
1331,2024-02-25,68.96,68.96,0.05540180825315505,0.5999999998745114,-3.820508697137572,9679.722998496289,0.0,0.1,-0.0,9319.343935705267
1332,2024-02-25,72.79,72.79,-1.8999999995231431,0.1,138.3009999652896,9818.023998461578,0.0,0.1,-0.0,9319.343935705267
1333,2024-02-25,66.61,66.61,0.0,0.1,-0.0,9818.023998461578,0.0,0.1,-0.0,9319.343935705267
1334,2024-02-25,58.54,58.54,2.0,0.575,-117.08,9700.943998461578,2.0,0.575,-117.08,9202.263935705267
1335,2024-02-25,66.61,66.61,1.3684210526315792,0.9,-91.15052631578949,9609.79347214579,1.3684210526315792,0.9,-91.15052631578949,9111.113409389478
1336,2024-02-25,66.85613,66.85613,0.0,0.9,-0.0,9609.79347214579,0.0,0.9,-0.0,9111.113409389478
1337,2024-02-25,82.77,82.77,0.0,0.9,-0.0,9609.79347214579,0.0,0.9,-0.0,9111.113409389478
1338,2024-02-25,90.44681,90.44681,0.0,0.9,-0.0,9609.79347214579,-2.0,0.37368421052631584,180.89362,9292.007029389479
1339,2024-02-25,95.0,95.0,-2.0,0.37368421052631584,190.0,9799.79347214579,-1.0400000000000003,0.1,98.80000000000003,9390.807029389478
1340,2024-02-25,91.78,91.78,-1.0400000000000003,0.1,95.45120000000003,9895.244672145789,0.0,0.1,-0.0,9390.807029389478
1341,2024-02-25,82.96,82.96,0.0,0.1,-0.0,9895.244672145789,0.0,0.1,-0.0,9390.807029389478
1342,2024-02-25,75.1,75.1,0.0,0.1,-0.0,9895.244672145789,0.0,0.1,-0.0,9390.807029389478
1343,2024-02-25,66.61,66.61,0.0,0.1,-0.0,9895.244672145789,0.0,0.1,-0.0,9390.807029389478
1344,2024-02-26,61.59,61.59,1.3684210526318503,0.42500000000006444,-84.28105263159567,9810.963619514194,0.0,0.1,-0.0,9390.807029389478
1345,2024-02-26,59.19,59.19,1.9999999999997289,0.9,-118.37999999998395,9692.58361951421,0.0,0.1,-0.0,9390.807029389478
1346,2024-02-26,65.0,65.0,0.0,0.9,-0.0,9692.58361951421,0.0,0.1,-0.0,9390.807029389478
1347,2024-02-26,65.0,65.0,0.0,0.9,-0.0,9692.58361951421,2.0,0.575,-130.0,9260.807029389478
1348,2024-02-26,67.99,67.99,0.0,0.9,-0.0,9692.58361951421,1.3684210526315792,0.9,-93.03894736842106,9167.768082021057
1349,2024-02-26,64.84,64.84,0.0,0.9,-0.0,9692.58361951421,0.0,0.9,-0.0,9167.768082021057
1350,2024-02-26,83.52,83.52,0.0,0.9,-0.0,9692.58361951421,0.0,0.9,-0.0,9167.768082021057
1351,2024-02-26,90.25923,90.25923,0.0,0.9,-0.0,9692.58361951421,0.0,0.9,-0.0,9167.768082021057
1352,2024-02-26,96.23269,96.23269,-2.0,0.37368421052631584,192.46538,9885.048999514209,-2.0,0.37368421052631584,192.46538,9360.233462021057
1353,2024-02-26,92.50479,92.50479,-1.0400000000000003,0.1,96.20498160000002,9981.253981114209,-1.0400000000000003,0.1,96.20498160000002,9456.438443621057
1354,2024-02-26,86.35918,86.35918,0.0,0.1,-0.0,9981.253981114209,0.0,0.1,-0.0,9456.438443621057
1355,2024-02-26,84.86859,84.86859,0.0,0.1,-0.0,9981.253981114209,0.0,0.1,-0.0,9456.438443621057
1356,2024-02-26,82.85,82.85,1.3684210526315865,0.4250000000000018,-113.37368421052693,9867.880296903682,0.0,0.1,-0.0,9456.438443621057
1357,2024-02-26,78.84173,78.84173,1.9999999999999925,0.9,-157.6834599999994,9710.196836903682,2.0,0.575,-157.68346,9298.754983621056
1358,2024-02-26,84.61357,84.61357,0.0,0.9,-0.0,9710.196836903682,1.3684210526315792,0.9,-115.7869905263158,9182.96799309474
1359,2024-02-26,85.4613,85.4613,0.0,0.9,-0.0,9710.196836903682,0.0,0.9,-0.0,9182.96799309474
1360,2024-02-26,88.82591,88.82591,0.0,0.9,-0.0,9710.196836903682,0.0,0.9,-0.0,9182.96799309474
1361,2024-02-26,93.0,93.0,0.0,0.9,-0.0,9710.196836903682,-2.0,0.37368421052631584,186.0,9368.96799309474
1362,2024-02-26,94.76,94.76,-1.2000000140223936,0.584210522625686,113.71200132876203,9823.908838232444,-1.0400000000000003,0.1,98.55040000000002,9467.51839309474
1363,2024-02-26,95.0,95.0,-1.8399999859776066,0.1,174.79999866787261,9998.708836900318,0.0,0.1,-0.0,9467.51839309474
1364,2024-02-26,88.72,88.72,0.0,0.1,-0.0,9998.708836900318,0.0,0.1,-0.0,9467.51839309474
1365,2024-02-26,84.1,84.1,0.0,0.1,-0.0,9998.708836900318,0.0,0.1,-0.0,9467.51839309474
1366,2024-02-26,81.46,81.46,0.0,0.1,-0.0,9998.708836900318,0.0,0.1,-0.0,9467.51839309474
1367,2024-02-26,73.57,73.57,0.0,0.1,-0.0,9998.708836900318,0.0,0.1,-0.0,9467.51839309474
1368,2024-02-27,73.52,73.52,0.0,0.1,-0.0,9998.708836900318,0.0,0.1,-0.0,9467.51839309474
1369,2024-02-27,69.0,69.0,2.0,0.575,-138.0,9860.708836900318,0.0,0.1,-0.0,9467.51839309474
1370,2024-02-27,69.0,69.0,0.658969350139351,0.7315052206580959,-45.46888515961522,9815.239951740703,0.0,0.1,-0.0,9467.51839309474
1371,2024-02-27,69.0,69.0,0.7094517024922281,0.9,-48.95216747196374,9766.28778426874,2.0,0.575,-138.0,9329.51839309474
1372,2024-02-27,69.0,69.0,0.0,0.9,-0.0,9766.28778426874,1.3684210526315792,0.9,-94.42105263157896,9235.097340463162
1373,2024-02-27,69.41,69.41,0.0,0.9,-0.0,9766.28778426874,0.0,0.9,-0.0,9235.097340463162
1374,2024-02-27,83.18,83.18,0.0,0.9,-0.0,9766.28778426874,0.0,0.9,-0.0,9235.097340463162
1375,2024-02-27,91.24995,91.24995,0.0,0.9,-0.0,9766.28778426874,0.0,0.9,-0.0,9235.097340463162
1376,2024-02-27,98.0,98.0,-2.0,0.37368421052631584,196.0,9962.28778426874,-2.0,0.37368421052631584,196.0,9431.097340463162
1377,2024-02-27,95.12,95.12,-1.0400000000000003,0.1,98.92480000000003,10061.21258426874,-1.0400000000000003,0.1,98.92480000000003,9530.022140463163
1378,2024-02-27,89.77032,89.77032,0.0,0.1,-0.0,10061.21258426874,0.0,0.1,-0.0,9530.022140463163
1379,2024-02-27,86.67626,86.67626,0.0,0.1,-0.0,10061.21258426874,0.0,0.1,-0.0,9530.022140463163
1380,2024-02-27,81.10574,81.10574,2.0,0.575,-162.21148,9899.00110426874,0.0,0.1,-0.0,9530.022140463163
1381,2024-02-27,81.12813,81.12813,1.3684210526315792,0.9,-111.0174410526316,9787.983663216108,2.0,0.575,-162.25626,9367.765880463163
1382,2024-02-27,82.97514,82.97514,0.0,0.9,-0.0,9787.983663216108,1.3684210526315792,0.9,-113.54492842105265,9254.22095204211
1383,2024-02-27,85.16236,85.16236,0.0,0.9,-0.0,9787.983663216108,0.0,0.9,-0.0,9254.22095204211
1384,2024-02-27,88.50257,88.50257,0.0,0.9,-0.0,9787.983663216108,0.0,0.9,-0.0,9254.22095204211
1385,2024-02-27,97.5,97.5,0.0,0.9,-0.0,9787.983663216108,-2.0,0.37368421052631584,195.0,9449.22095204211
1386,2024-02-27,110.25781,110.25781,-2.0,0.37368421052631584,220.51562,10008.499283216108,-1.0400000000000003,0.1,114.66812240000003,9563.88907444211
1387,2024-02-27,105.17,105.17,-1.0400000000000003,0.1,109.37680000000003,10117.876083216108,0.0,0.1,-0.0,9563.88907444211
1388,2024-02-27,90.63,90.63,0.0,0.1,-0.0,10117.876083216108,0.0,0.1,-0.0,9563.88907444211
1389,2024-02-27,84.72,84.72,0.0,0.1,-0.0,10117.876083216108,0.0,0.1,-0.0,9563.88907444211
1390,2024-02-27,82.39,82.39,0.0,0.1,-0.0,10117.876083216108,0.0,0.1,-0.0,9563.88907444211
1391,2024-02-27,77.7,77.7,0.0,0.1,-0.0,10117.876083216108,0.0,0.1,-0.0,9563.88907444211
1392,2024-02-28,73.21,73.21,0.0,0.1,-0.0,10117.876083216108,0.0,0.1,-0.0,9563.88907444211
1393,2024-02-28,70.33,70.33,0.0,0.1,-0.0,10117.876083216108,0.0,0.1,-0.0,9563.88907444211
1394,2024-02-28,68.19,68.19,0.0,0.1,-0.0,10117.876083216108,0.0,0.1,-0.0,9563.88907444211
1395,2024-02-28,67.4,67.4,2.0,0.575,-134.8,9983.076083216109,2.0,0.575,-134.8,9429.08907444211
1396,2024-02-28,67.4,67.4,1.3684210526315792,0.9,-92.23157894736845,9890.84450426874,1.3684210526315792,0.9,-92.23157894736845,9336.857495494742
1397,2024-02-28,70.47356,70.47356,0.0,0.9,-0.0,9890.84450426874,0.0,0.9,-0.0,9336.857495494742
1398,2024-02-28,87.02,87.02,0.0,0.9,-0.0,9890.84450426874,0.0,0.9,-0.0,9336.857495494742
1399,2024-02-28,96.55527,96.55527,0.0,0.9,-0.0,9890.84450426874,0.0,0.9,-0.0,9336.857495494742
1400,2024-02-28,104.49194,104.49194,-1.2000000624603933,0.5842105098788439,125.39033452660766,10016.234838795348,-2.0,0.37368421052631584,208.98388,9545.841375494741
1401,2024-02-28,109.22019,109.22019,-1.839999937539607,0.1,200.965142778064,10217.199981573413,-1.0400000000000003,0.1,113.58899760000003,9659.430373094741
1402,2024-02-28,92.40906,92.40906,0.0,0.1,-0.0,10217.199981573413,0.0,0.1,-0.0,9659.430373094741
1403,2024-02-28,87.28785,87.28785,0.0,0.1,-0.0,10217.199981573413,0.0,0.1,-0.0,9659.430373094741
1404,2024-02-28,82.25344,82.25344,1.3684210526316662,0.4250000000000207,-112.5573389473756,10104.642642626037,0.0,0.1,-0.0,9659.430373094741
1405,2024-02-28,80.53115,80.53115,1.999999999999913,0.9,-161.06229999999297,9943.580342626045,2.0,0.575,-161.0623,9498.368073094742
1406,2024-02-28,83.38397,83.38397,0.0,0.9,-0.0,9943.580342626045,1.3684210526315792,0.9,-114.10438000000003,9384.263693094741
1407,2024-02-28,86.22028,86.22028,0.0,0.9,-0.0,9943.580342626045,0.0,0.9,-0.0,9384.263693094741
1408,2024-02-28,90.16424,90.16424,0.0,0.9,-0.0,9943.580342626045,0.0,0.9,-0.0,9384.263693094741
1409,2024-02-28,92.66,92.66,0.0,0.9,-0.0,9943.580342626045,-2.0,0.37368421052631584,185.32,9569.58369309474
1410,2024-02-28,98.02255,98.02255,-2.0,0.37368421052631584,196.0451,10139.625442626044,-1.0400000000000003,0.1,101.94345200000002,9671.52714509474
1411,2024-02-28,96.15,96.15,-1.0400000000000003,0.1,99.99600000000004,10239.621442626043,0.0,0.1,-0.0,9671.52714509474
1412,2024-02-28,88.82,88.82,0.0,0.1,-0.0,10239.621442626043,0.0,0.1,-0.0,9671.52714509474
1413,2024-02-28,85.75,85.75,0.0,0.1,-0.0,10239.621442626043,0.0,0.1,-0.0,9671.52714509474
1414,2024-02-28,82.66,82.66,0.0,0.1,-0.0,10239.621442626043,0.0,0.1,-0.0,9671.52714509474
1415,2024-02-28,68.2,68.2,0.0,0.1,-0.0,10239.621442626043,0.0,0.1,-0.0,9671.52714509474
1416,2024-02-29,72.2,72.2,0.0,0.1,-0.0,10239.621442626043,0.0,0.1,-0.0,9671.52714509474
1417,2024-02-29,62.45,62.45,0.0,0.1,-0.0,10239.621442626043,0.0,0.1,-0.0,9671.52714509474
1418,2024-02-29,60.0,60.0,1.3684210538243744,0.4250000002832889,-82.10526322946247,10157.51617939658,0.0,0.1,-0.0,9671.52714509474
1419,2024-02-29,58.60895,58.60895,1.9999999988072048,0.9,-117.21789993009152,10040.298279466488,2.0,0.575,-117.2179,9554.30924509474
1420,2024-02-29,62.03,62.03,0.0,0.9,-0.0,10040.298279466488,1.3684210526315792,0.9,-84.88315789473685,9469.426087200003
1421,2024-02-29,72.2,72.2,0.0,0.9,-0.0,10040.298279466488,0.0,0.9,-0.0,9469.426087200003
1422,2024-02-29,85.18,85.18,0.0,0.9,-0.0,10040.298279466488,0.0,0.9,-0.0,9469.426087200003
1423,2024-02-29,90.0,90.0,0.0,0.9,-0.0,10040.298279466488,0.0,0.9,-0.0,9469.426087200003
1424,2024-02-29,93.44321,93.44321,-1.2000000267599444,0.5842105192736988,112.1318545005351,10152.430133967022,-2.0,0.37368421052631584,186.88642,9656.312507200004
1425,2024-02-29,93.87,93.87,-1.8399999732400556,0.1,172.720797488044,10325.150931455066,-1.0400000000000003,0.1,97.62480000000004,9753.937307200003
1426,2024-02-29,89.0,89.0,0.0,0.1,-0.0,10325.150931455066,0.0,0.1,-0.0,9753.937307200003
1427,2024-02-29,86.0864,86.0864,0.0,0.1,-0.0,10325.150931455066,0.0,0.1,-0.0,9753.937307200003
1428,2024-02-29,83.62,83.62,1.3684210526333438,0.42500000000041915,-114.42736842120021,10210.723563033866,0.0,0.1,-0.0,9753.937307200003
1429,2024-02-29,83.59,83.59,1.9999999999982354,0.9,-167.1799999998525,10043.543563034013,2.0,0.575,-167.18,9586.757307200003
1430,2024-02-29,85.31,85.31,0.0,0.9,-0.0,10043.543563034013,1.3684210526315792,0.9,-116.74000000000002,9470.017307200003
1431,2024-02-29,89.0,89.0,0.0,0.9,-0.0,10043.543563034013,0.0,0.9,-0.0,9470.017307200003
1432,2024-02-29,95.0,95.0,0.0,0.9,-0.0,10043.543563034013,0.0,0.9,-0.0,9470.017307200003
1433,2024-02-29,102.64,102.64,0.0,0.9,-0.0,10043.543563034013,-2.0,0.37368421052631584,205.28,9675.297307200004
1434,2024-02-29,108.07,108.07,-2.0,0.37368421052631584,216.14,10259.683563034012,-1.0400000000000003,0.1,112.39280000000002,9787.690107200004
1435,2024-02-29,106.1,106.1,-1.0400000000000003,0.1,110.34400000000002,10370.027563034011,0.0,0.1,-0.0,9787.690107200004
1436,2024-02-29,95.94,95.94,0.0,0.1,-0.0,10370.027563034011,0.0,0.1,-0.0,9787.690107200004
1437,2024-02-29,94.0,94.0,0.0,0.1,-0.0,10370.027563034011,0.0,0.1,-0.0,9787.690107200004
1438,2024-02-29,90.0,90.0,0.0,0.1,-0.0,10370.027563034011,0.0,0.1,-0.0,9787.690107200004
1439,2024-02-29,85.46,85.46,0.0,0.1,-0.0,10370.027563034011,0.0,0.1,-0.0,9787.690107200004
1440,2024-03-01,87.49,87.49,0.0,0.1,-0.0,10370.027563034011,0.0,0.1,-0.0,9787.690107200004
1441,2024-03-01,84.0,84.0,2.0,0.575,-168.0,10202.027563034011,0.0,0.1,-0.0,9787.690107200004
1442,2024-03-01,79.1,79.1,-0.5999999999998364,0.4171052631579377,47.45999999998706,10249.487563033998,0.0,0.1,-0.0,9787.690107200004
1443,2024-03-01,75.1,75.1,2.0,0.8921052631579377,-150.2,10099.287563033997,2.0,0.575,-150.2,9637.490107200003
1444,2024-03-01,77.42,77.42,0.03324099722973609,0.9,-2.5735180055261684,10096.714045028471,1.3684210526315792,0.9,-105.94315789473687,9531.546949305266
1445,2024-03-01,87.91,87.91,0.0,0.9,-0.0,10096.714045028471,0.0,0.9,-0.0,9531.546949305266
1446,2024-03-01,93.27,93.27,0.0,0.9,-0.0,10096.714045028471,0.0,0.9,-0.0,9531.546949305266
1447,2024-03-01,98.36,98.36,0.0,0.9,-0.0,10096.714045028471,0.0,0.9,-0.0,9531.546949305266
1448,2024-03-01,114.99,114.99,-2.0,0.37368421052631584,229.98,10326.694045028471,-2.0,0.37368421052631584,229.98,9761.526949305266
1449,2024-03-01,109.1,109.1,-1.0400000000000003,0.1,113.46400000000003,10440.158045028471,-1.0400000000000003,0.1,113.46400000000003,9874.990949305266
1450,2024-03-01,101.0,101.0,0.0,0.1,-0.0,10440.158045028471,0.0,0.1,-0.0,9874.990949305266
1451,2024-03-01,97.7,97.7,0.0,0.1,-0.0,10440.158045028471,0.0,0.1,-0.0,9874.990949305266
1452,2024-03-01,90.0,90.0,0.0,0.1,-0.0,10440.158045028471,0.0,0.1,-0.0,9874.990949305266
1453,2024-03-01,89.49,89.49,2.0,0.575,-178.98,10261.178045028471,2.0,0.575,-178.98,9696.010949305266
1454,2024-03-01,90.91,90.91,1.3684210526315792,0.9,-124.40315789473686,10136.774887133735,1.3684210526315792,0.9,-124.40315789473686,9571.60779141053
1455,2024-03-01,95.12,95.12,0.0,0.9,-0.0,10136.774887133735,0.0,0.9,-0.0,9571.60779141053
1456,2024-03-01,100.36,100.36,0.0,0.9,-0.0,10136.774887133735,0.0,0.9,-0.0,9571.60779141053
1457,2024-03-01,103.77,103.77,0.0,0.9,-0.0,10136.774887133735,0.0,0.9,-0.0,9571.60779141053
1458,2024-03-01,112.4,112.4,-2.0,0.37368421052631584,224.8,10361.574887133735,-2.0,0.37368421052631584,224.8,9796.40779141053
1459,2024-03-01,112.1,112.1,-1.0400000000000003,0.1,116.58400000000002,10478.158887133735,-1.0400000000000003,0.1,116.58400000000002,9912.99179141053
1460,2024-03-01,100.36,100.36,0.0,0.1,-0.0,10478.158887133735,0.0,0.1,-0.0,9912.99179141053
1461,2024-03-01,95.04,95.04,0.0,0.1,-0.0,10478.158887133735,0.0,0.1,-0.0,9912.99179141053
1462,2024-03-01,90.0,90.0,0.0,0.1,-0.0,10478.158887133735,0.0,0.1,-0.0,9912.99179141053
1463,2024-03-01,87.84,87.84,0.0,0.1,-0.0,10478.158887133735,0.0,0.1,-0.0,9912.99179141053
1464,2024-03-02,85.38,85.38,0.0,0.1,-0.0,10478.158887133735,0.0,0.1,-0.0,9912.99179141053
1465,2024-03-02,79.4,79.4,0.0,0.1,-0.0,10478.158887133735,0.0,0.1,-0.0,9912.99179141053
1466,2024-03-02,74.97762,74.97762,2.0,0.575,-149.95524,10328.203647133736,0.0,0.1,-0.0,9912.99179141053
1467,2024-03-02,76.3,76.3,1.3684210526315792,0.9,-104.41052631578948,10223.793120817947,0.0,0.1,-0.0,9912.99179141053
1468,2024-03-02,76.3,76.3,0.0,0.9,-0.0,10223.793120817947,2.0,0.575,-152.6,9760.39179141053
1469,2024-03-02,80.0,80.0,0.0,0.9,-0.0,10223.793120817947,1.3684210526315792,0.9,-109.47368421052633,9650.918107200003
1470,2024-03-02,89.98,89.98,0.0,0.9,-0.0,10223.793120817947,0.0,0.9,-0.0,9650.918107200003
1471,2024-03-02,93.04,93.04,-2.0,0.37368421052631584,186.08,10409.873120817947,0.0,0.9,-0.0,9650.918107200003
1472,2024-03-02,93.22,93.22,-1.0400000000000003,0.1,96.94880000000002,10506.821920817947,-2.0,0.37368421052631584,186.44,9837.358107200003
1473,2024-03-02,90.13,90.13,0.0,0.1,-0.0,10506.821920817947,-1.0400000000000003,0.1,93.73520000000002,9931.093307200003
1474,2024-03-02,85.13,85.13,0.0,0.1,-0.0,10506.821920817947,0.0,0.1,-0.0,9931.093307200003
1475,2024-03-02,75.9,75.9,0.0,0.1,-0.0,10506.821920817947,0.0,0.1,-0.0,9931.093307200003
1476,2024-03-02,71.03,71.03,0.0,0.1,-0.0,10506.821920817947,0.0,0.1,-0.0,9931.093307200003
1477,2024-03-02,66.68,66.68,2.0,0.575,-133.36,10373.461920817947,2.0,0.575,-133.36,9797.733307200002
1478,2024-03-02,70.0,70.0,0.0,0.575,-0.0,10373.461920817947,1.3684210526315792,0.9,-95.78947368421055,9701.943833515792
1479,2024-03-02,67.82,67.82,1.3684210526315792,0.9,-92.80631578947369,10280.655605028473,0.0,0.9,-0.0,9701.943833515792
1480,2024-03-02,80.0,80.0,0.0,0.9,-0.0,10280.655605028473,0.0,0.9,-0.0,9701.943833515792
1481,2024-03-02,90.9,90.9,0.0,0.9,-0.0,10280.655605028473,0.0,0.9,-0.0,9701.943833515792
1482,2024-03-02,112.4,112.4,-1.2000000062543477,0.5842105246699085,134.8800007029887,10415.535605731462,-2.0,0.37368421052631584,224.8,9926.743833515791
1483,2024-03-02,117.08,117.08,-1.8399999937456524,0.1,215.42719926774097,10630.962804999202,-1.0400000000000003,0.1,121.76320000000003,10048.50703351579
1484,2024-03-02,100.36,100.36,0.0,0.1,-0.0,10630.962804999202,0.0,0.1,-0.0,10048.50703351579
1485,2024-03-02,90.04,90.04,0.0,0.1,-0.0,10630.962804999202,0.0,0.1,-0.0,10048.50703351579
1486,2024-03-02,84.13,84.13,0.0,0.1,-0.0,10630.962804999202,0.0,0.1,-0.0,10048.50703351579
1487,2024-03-02,77.0,77.0,0.0,0.1,-0.0,10630.962804999202,0.0,0.1,-0.0,10048.50703351579
1488,2024-03-03,79.5,79.5,0.0,0.1,-0.0,10630.962804999202,0.0,0.1,-0.0,10048.50703351579
1489,2024-03-03,77.1,77.1,0.0,0.1,-0.0,10630.962804999202,0.0,0.1,-0.0,10048.50703351579
1490,2024-03-03,79.0,79.0,0.0,0.1,-0.0,10630.962804999202,0.0,0.1,-0.0,10048.50703351579
1491,2024-03-03,76.1,76.1,0.0,0.1,-0.0,10630.962804999202,0.0,0.1,-0.0,10048.50703351579
1492,2024-03-03,76.1,76.1,0.0,0.1,-0.0,10630.962804999202,0.0,0.1,-0.0,10048.50703351579
1493,2024-03-03,76.92,76.92,0.0,0.1,-0.0,10630.962804999202,0.0,0.1,-0.0,10048.50703351579
1494,2024-03-03,78.38,78.38,0.0,0.1,-0.0,10630.962804999202,0.0,0.1,-0.0,10048.50703351579
1495,2024-03-03,77.0,77.0,0.0,0.1,-0.0,10630.962804999202,0.0,0.1,-0.0,10048.50703351579
1496,2024-03-03,70.31,70.31,0.0,0.1,-0.0,10630.962804999202,0.0,0.1,-0.0,10048.50703351579
1497,2024-03-03,63.95,63.95,0.0,0.1,-0.0,10630.962804999202,0.0,0.1,-0.0,10048.50703351579
1498,2024-03-03,65.13,65.13,0.0,0.1,-0.0,10630.962804999202,0.0,0.1,-0.0,10048.50703351579
1499,2024-03-03,60.53483,60.53483,0.0,0.1,-0.0,10630.962804999202,0.0,0.1,-0.0,10048.50703351579
1500,2024-03-03,51.03,51.03,2.0,0.575,-102.06,10528.902804999203,0.0,0.1,-0.0,10048.50703351579
1501,2024-03-03,58.38,58.38,-0.5999999999883545,0.4171052631609593,35.02799999932014,10563.930804998523,0.0,0.1,-0.0,10048.50703351579
1502,2024-03-03,46.83831,46.83831,2.0,0.8921052631609593,-93.67662,10470.254184998523,2.0,0.575,-93.67662,9954.83041351579
1503,2024-03-03,66.24,66.24,0.03324099721701364,0.9,-2.2018836556549832,10468.052301342868,1.3684210526315792,0.9,-90.6442105263158,9864.186202989475
1504,2024-03-03,70.0,70.0,0.0,0.9,-0.0,10468.052301342868,0.0,0.9,-0.0,9864.186202989475
1505,2024-03-03,82.38,82.38,0.0,0.9,-0.0,10468.052301342868,0.0,0.9,-0.0,9864.186202989475
1506,2024-03-03,92.4,92.4,-1.2000015749930137,0.5842101118439438,110.88014552935448,10578.932446872222,-2.0,0.37368421052631584,184.8,10048.986202989474
1507,2024-03-03,95.0,95.0,-1.8399984250069863,0.1,174.7998503756637,10753.732297247887,-1.0400000000000003,0.1,98.80000000000003,10147.786202989473
1508,2024-03-03,91.24,91.24,0.0,0.1,-0.0,10753.732297247887,0.0,0.1,-0.0,10147.786202989473
1509,2024-03-03,89.5,89.5,0.0,0.1,-0.0,10753.732297247887,0.0,0.1,-0.0,10147.786202989473
1510,2024-03-03,82.0,82.0,0.0,0.1,-0.0,10753.732297247887,0.0,0.1,-0.0,10147.786202989473
1511,2024-03-03,74.0,74.0,0.0,0.1,-0.0,10753.732297247887,0.0,0.1,-0.0,10147.786202989473
1512,2024-03-04,73.67179,73.67179,0.0,0.1,-0.0,10753.732297247887,0.0,0.1,-0.0,10147.786202989473
1513,2024-03-04,73.2,73.2,0.0,0.1,-0.0,10753.732297247887,0.0,0.1,-0.0,10147.786202989473
1514,2024-03-04,73.3,73.3,2.0,0.575,-146.6,10607.132297247887,0.0,0.1,-0.0,10147.786202989473
1515,2024-03-04,73.3,73.3,0.0,0.575,-0.0,10607.132297247887,2.0,0.575,-146.6,10001.186202989473
1516,2024-03-04,70.7,70.7,1.3684210526315792,0.9,-96.74736842105266,10510.384928826834,1.3684210526315792,0.9,-96.74736842105266,9904.43883456842
1517,2024-03-04,70.8349,70.8349,0.0,0.9,-0.0,10510.384928826834,0.0,0.9,-0.0,9904.43883456842
1518,2024-03-04,87.5,87.5,0.0,0.9,-0.0,10510.384928826834,0.0,0.9,-0.0,9904.43883456842
1519,2024-03-04,96.67379,96.67379,0.0,0.9,-0.0,10510.384928826834,0.0,0.9,-0.0,9904.43883456842
1520,2024-03-04,102.97205,102.97205,-2.0,0.37368421052631584,205.9441,10716.329028826834,-2.0,0.37368421052631584,205.9441,10110.38293456842
1521,2024-03-04,98.66,98.66,-1.0400000000000003,0.1,102.60640000000002,10818.935428826835,-1.0400000000000003,0.1,102.60640000000002,10212.989334568421
1522,2024-03-04,94.00817,94.00817,0.0,0.1,-0.0,10818.935428826835,0.0,0.1,-0.0,10212.989334568421
1523,2024-03-04,91.53,91.53,0.0,0.1,-0.0,10818.935428826835,0.0,0.1,-0.0,10212.989334568421
1524,2024-03-04,87.34,87.34,1.3684211244525335,0.4250000170574767,-119.51790100968428,10699.417527817151,0.0,0.1,-0.0,10212.989334568421
1525,2024-03-04,86.28,86.28,1.9999999281790457,0.9,-172.55999380328805,10526.857534013863,2.0,0.575,-172.56,10040.429334568422
1526,2024-03-04,89.87,89.87,0.0,0.9,-0.0,10526.857534013863,1.3684210526315792,0.9,-122.98000000000003,9917.449334568422
1527,2024-03-04,91.02,91.02,0.0,0.9,-0.0,10526.857534013863,0.0,0.9,-0.0,9917.449334568422
1528,2024-03-04,93.63,93.63,0.0,0.9,-0.0,10526.857534013863,0.0,0.9,-0.0,9917.449334568422
1529,2024-03-04,97.34,97.34,0.0,0.9,-0.0,10526.857534013863,0.0,0.9,-0.0,9917.449334568422
1530,2024-03-04,105.18452,105.18452,-1.2000007258029521,0.5842103353150125,126.22150034323515,10653.079034357099,-2.0,0.37368421052631584,210.36904,10127.818374568422
1531,2024-03-04,108.0,108.0,-1.8399992741970477,0.1,198.71992161328114,10851.79895597038,-1.0400000000000003,0.1,112.32000000000002,10240.138374568422
1532,2024-03-04,99.0,99.0,0.0,0.1,-0.0,10851.79895597038,0.0,0.1,-0.0,10240.138374568422
1533,2024-03-04,94.07,94.07,0.0,0.1,-0.0,10851.79895597038,0.0,0.1,-0.0,10240.138374568422
1534,2024-03-04,91.2,91.2,0.0,0.1,-0.0,10851.79895597038,0.0,0.1,-0.0,10240.138374568422
1535,2024-03-04,89.87,89.87,0.0,0.1,-0.0,10851.79895597038,0.0,0.1,-0.0,10240.138374568422
1536,2024-03-05,79.15,79.15,0.0,0.1,-0.0,10851.79895597038,0.0,0.1,-0.0,10240.138374568422
1537,2024-03-05,76.5,76.5,0.0,0.1,-0.0,10851.79895597038,0.0,0.1,-0.0,10240.138374568422
1538,2024-03-05,72.46,72.46,2.0,0.575,-144.92,10706.87895597038,0.0,0.1,-0.0,10240.138374568422
1539,2024-03-05,72.46,72.46,1.3684210526315792,0.9,-99.15578947368422,10607.723166496697,2.0,0.575,-144.92,10095.218374568421
1540,2024-03-05,72.46,72.46,0.0,0.9,-0.0,10607.723166496697,1.3684210526315792,0.9,-99.15578947368422,9996.062585094738
1541,2024-03-05,78.1,78.1,0.0,0.9,-0.0,10607.723166496697,0.0,0.9,-0.0,9996.062585094738
1542,2024-03-05,89.74,89.74,0.0,0.9,-0.0,10607.723166496697,0.0,0.9,-0.0,9996.062585094738
1543,2024-03-05,94.93663,94.93663,0.0,0.9,-0.0,10607.723166496697,-2.0,0.37368421052631584,189.87326,10185.935845094738
1544,2024-03-05,97.46258,97.46258,-2.0,0.37368421052631584,194.92516,10802.648326496697,-1.0400000000000003,0.1,101.36108320000002,10287.296928294738
1545,2024-03-05,89.91549,89.91549,-1.0400000000000003,0.1,93.51210960000003,10896.160436096698,0.0,0.1,-0.0,10287.296928294738
1546,2024-03-05,83.64853,83.64853,0.0,0.1,-0.0,10896.160436096698,0.0,0.1,-0.0,10287.296928294738
1547,2024-03-05,75.50691,75.50691,0.0,0.1,-0.0,10896.160436096698,0.0,0.1,-0.0,10287.296928294738
1548,2024-03-05,72.6431,72.6431,2.0,0.575,-145.2862,10750.874236096697,2.0,0.575,-145.2862,10142.010728294737
1549,2024-03-05,75.38452,75.38452,1.3684210526315792,0.9,-103.15776421052632,10647.716471886171,1.3684210526315792,0.9,-103.15776421052632,10038.852964084212
1550,2024-03-05,84.7479,84.7479,0.0,0.9,-0.0,10647.716471886171,0.0,0.9,-0.0,10038.852964084212
1551,2024-03-05,87.69411,87.69411,0.0,0.9,-0.0,10647.716471886171,0.0,0.9,-0.0,10038.852964084212
1552,2024-03-05,95.0,95.0,0.0,0.9,-0.0,10647.716471886171,0.0,0.9,-0.0,10038.852964084212
1553,2024-03-05,101.47,101.47,0.0,0.9,-0.0,10647.716471886171,0.0,0.9,-0.0,10038.852964084212
1554,2024-03-05,124.9,124.9,-1.2000006732841524,0.5842103491357493,149.88008409319065,10797.596555979362,-2.0,0.37368421052631584,249.8,10288.65296408421
1555,2024-03-05,125.69,125.69,-1.8399993267158474,0.1,231.26951537491485,11028.866071354278,-1.0400000000000003,0.1,130.71760000000003,10419.37056408421
1556,2024-03-05,104.28577,104.28577,0.0,0.1,-0.0,11028.866071354278,0.0,0.1,-0.0,10419.37056408421
1557,2024-03-05,92.22,92.22,0.0,0.1,-0.0,11028.866071354278,0.0,0.1,-0.0,10419.37056408421
1558,2024-03-05,90.24,90.24,0.0,0.1,-0.0,11028.866071354278,0.0,0.1,-0.0,10419.37056408421
1559,2024-03-05,85.0,85.0,0.0,0.1,-0.0,11028.866071354278,0.0,0.1,-0.0,10419.37056408421
1560,2024-03-06,85.0,85.0,0.0,0.1,-0.0,11028.866071354278,0.0,0.1,-0.0,10419.37056408421
1561,2024-03-06,78.35,78.35,0.0,0.1,-0.0,11028.866071354278,0.0,0.1,-0.0,10419.37056408421
1562,2024-03-06,74.22,74.22,2.0,0.575,-148.44,10880.426071354277,0.0,0.1,-0.0,10419.37056408421
1563,2024-03-06,74.45,74.45,1.3684210526315792,0.9,-101.87894736842108,10778.547123985856,2.0,0.575,-148.9,10270.470564084211
1564,2024-03-06,75.43,75.43,0.0,0.9,-0.0,10778.547123985856,1.3684210526315792,0.9,-103.22000000000003,10167.250564084212
1565,2024-03-06,81.9,81.9,0.0,0.9,-0.0,10778.547123985856,0.0,0.9,-0.0,10167.250564084212
1566,2024-03-06,96.55,96.55,0.0,0.9,-0.0,10778.547123985856,0.0,0.9,-0.0,10167.250564084212
1567,2024-03-06,106.92,106.92,-1.200000002477753,0.5842105256637492,128.30400026492137,10906.851124250778,-2.0,0.37368421052631584,213.84,10381.090564084212
1568,2024-03-06,113.99564,113.99564,-1.839999997522247,0.1,209.75197731754696,11116.603101568324,-1.0400000000000003,0.1,118.55546560000002,10499.646029684212
1569,2024-03-06,102.86901,102.86901,0.0,0.1,-0.0,11116.603101568324,0.0,0.1,-0.0,10499.646029684212
1570,2024-03-06,94.39677,94.39677,0.0,0.1,-0.0,11116.603101568324,0.0,0.1,-0.0,10499.646029684212
1571,2024-03-06,85.9812,85.9812,0.0,0.1,-0.0,11116.603101568324,0.0,0.1,-0.0,10499.646029684212
1572,2024-03-06,78.64906,78.64906,2.0,0.575,-157.29812,10959.304981568324,0.0,0.1,-0.0,10499.646029684212
1573,2024-03-06,79.46862,79.46862,1.3684210526315792,0.9,-108.74653263157897,10850.558448936745,2.0,0.575,-158.93724,10340.708789684213
1574,2024-03-06,82.42082,82.42082,0.0,0.9,-0.0,10850.558448936745,1.3684210526315792,0.9,-112.78638526315792,10227.922404421055
1575,2024-03-06,87.29051,87.29051,0.0,0.9,-0.0,10850.558448936745,0.0,0.9,-0.0,10227.922404421055
1576,2024-03-06,93.89,93.89,0.0,0.9,-0.0,10850.558448936745,0.0,0.9,-0.0,10227.922404421055
1577,2024-03-06,101.26,101.26,0.0,0.9,-0.0,10850.558448936745,0.0,0.9,-0.0,10227.922404421055
1578,2024-03-06,122.02,122.02,-2.0,0.37368421052631584,244.04,11094.598448936746,-2.0,0.37368421052631584,244.04,10471.962404421056
1579,2024-03-06,122.46,122.46,-1.0400000000000003,0.1,127.35840000000003,11221.956848936745,-1.0400000000000003,0.1,127.35840000000003,10599.320804421055
1580,2024-03-06,102.11,102.11,0.0,0.1,-0.0,11221.956848936745,0.0,0.1,-0.0,10599.320804421055
1581,2024-03-06,99.88,99.88,0.0,0.1,-0.0,11221.956848936745,0.0,0.1,-0.0,10599.320804421055
1582,2024-03-06,91.35,91.35,0.0,0.1,-0.0,11221.956848936745,0.0,0.1,-0.0,10599.320804421055
1583,2024-03-06,89.73,89.73,0.0,0.1,-0.0,11221.956848936745,0.0,0.1,-0.0,10599.320804421055
1584,2024-03-07,83.0,83.0,0.0,0.1,-0.0,11221.956848936745,0.0,0.1,-0.0,10599.320804421055
1585,2024-03-07,76.89,76.89,1.3160073976502136,0.4125517569419257,-101.18780880532492,11120.76904013142,0.0,0.1,-0.0,10599.320804421055
1586,2024-03-07,76.0,76.0,2.0,0.8875517569419257,-152.0,10968.76904013142,2.0,0.575,-152.0,10447.320804421055
1587,2024-03-07,76.89,76.89,0.05241365498136568,0.9,-4.030085931517207,10964.738954199902,1.3684210526315792,0.9,-105.21789473684213,10342.102909684212
1588,2024-03-07,76.89,76.89,0.0,0.9,-0.0,10964.738954199902,0.0,0.9,-0.0,10342.102909684212
1589,2024-03-07,87.1,87.1,0.0,0.9,-0.0,10964.738954199902,0.0,0.9,-0.0,10342.102909684212
1590,2024-03-07,103.31,103.31,0.0,0.9,-0.0,10964.738954199902,0.0,0.9,-0.0,10342.102909684212
1591,2024-03-07,105.36735,105.36735,-2.0,0.37368421052631584,210.7347,11175.473654199903,-2.0,0.37368421052631584,210.7347,10552.837609684213
1592,2024-03-07,108.59,108.59,-1.0400000000000003,0.1,112.93360000000003,11288.407254199903,-1.0400000000000003,0.1,112.93360000000003,10665.771209684213
1593,2024-03-07,99.21,99.21,0.0,0.1,-0.0,11288.407254199903,0.0,0.1,-0.0,10665.771209684213
1594,2024-03-07,91.17,91.17,0.0,0.1,-0.0,11288.407254199903,0.0,0.1,-0.0,10665.771209684213
1595,2024-03-07,84.67,84.67,0.0,0.1,-0.0,11288.407254199903,0.0,0.1,-0.0,10665.771209684213
1596,2024-03-07,78.42,78.42,2.0,0.575,-156.84,11131.567254199903,0.0,0.1,-0.0,10665.771209684213
1597,2024-03-07,78.7,78.7,1.3684210526315792,0.9,-107.69473684210529,11023.872517357797,2.0,0.575,-157.4,10508.371209684214
1598,2024-03-07,84.5,84.5,0.0,0.9,-0.0,11023.872517357797,1.3684210526315792,0.9,-115.63157894736844,10392.739630736845
1599,2024-03-07,92.62,92.62,0.0,0.9,-0.0,11023.872517357797,0.0,0.9,-0.0,10392.739630736845
1600,2024-03-07,100.41,100.41,0.0,0.9,-0.0,11023.872517357797,0.0,0.9,-0.0,10392.739630736845
1601,2024-03-07,103.59,103.59,0.0,0.9,-0.0,11023.872517357797,0.0,0.9,-0.0,10392.739630736845
1602,2024-03-07,131.21,131.21,-1.200000000968683,0.5842105260608729,157.45200012710092,11181.324517484898,-2.0,0.37368421052631584,262.42,10655.159630736845
1603,2024-03-07,137.47,137.47,-1.839999999031317,0.1,252.94479986683513,11434.269317351733,-1.0400000000000003,0.1,142.96880000000004,10798.128430736846
1604,2024-03-07,118.46,118.46,0.0,0.1,-0.0,11434.269317351733,0.0,0.1,-0.0,10798.128430736846
1605,2024-03-07,103.94,103.94,0.0,0.1,-0.0,11434.269317351733,0.0,0.1,-0.0,10798.128430736846
1606,2024-03-07,99.62,99.62,0.0,0.1,-0.0,11434.269317351733,0.0,0.1,-0.0,10798.128430736846
1607,2024-03-07,97.0,97.0,0.0,0.1,-0.0,11434.269317351733,0.0,0.1,-0.0,10798.128430736846
1608,2024-03-08,89.98,89.98,0.0,0.1,-0.0,11434.269317351733,0.0,0.1,-0.0,10798.128430736846
1609,2024-03-08,83.1,83.1,0.0,0.1,-0.0,11434.269317351733,0.0,0.1,-0.0,10798.128430736846
1610,2024-03-08,81.33,81.33,2.0,0.575,-162.66,11271.609317351733,0.0,0.1,-0.0,10798.128430736846
1611,2024-03-08,82.42,82.42,1.3684210526315792,0.9,-112.78526315789476,11158.824054193838,2.0,0.575,-164.84,10633.288430736846
1612,2024-03-08,83.1,83.1,0.0,0.9,-0.0,11158.824054193838,1.3684210526315792,0.9,-113.71578947368423,10519.572641263161
1613,2024-03-08,90.0,90.0,0.0,0.9,-0.0,11158.824054193838,0.0,0.9,-0.0,10519.572641263161
1614,2024-03-08,103.48,103.48,0.0,0.9,-0.0,11158.824054193838,0.0,0.9,-0.0,10519.572641263161
1615,2024-03-08,110.0,110.0,-1.2000000000007092,0.5842105263156029,132.00000000007802,11290.824054193916,0.0,0.9,-0.0,10519.572641263161
1616,2024-03-08,128.28,128.28,-1.8399999999992909,0.1,236.03519999990903,11526.859254193825,-2.0,0.37368421052631584,256.56,10776.13264126316
1617,2024-03-08,104.28,104.28,0.0,0.1,-0.0,11526.859254193825,-1.0400000000000003,0.1,108.45120000000003,10884.58384126316
1618,2024-03-08,98.15,98.15,0.0,0.1,-0.0,11526.859254193825,0.0,0.1,-0.0,10884.58384126316
1619,2024-03-08,95.0,95.0,0.0,0.1,-0.0,11526.859254193825,0.0,0.1,-0.0,10884.58384126316
1620,2024-03-08,88.0,88.0,2.0,0.575,-176.0,11350.859254193825,0.0,0.1,-0.0,10884.58384126316
1621,2024-03-08,88.8,88.8,1.3684210526315792,0.9,-121.51578947368424,11229.343464720141,2.0,0.575,-177.6,10706.98384126316
1622,2024-03-08,96.76,96.76,0.0,0.9,-0.0,11229.343464720141,1.3684210526315792,0.9,-132.4084210526316,10574.575420210529
1623,2024-03-08,98.38,98.38,0.0,0.9,-0.0,11229.343464720141,0.0,0.9,-0.0,10574.575420210529
1624,2024-03-08,104.44,104.44,0.0,0.9,-0.0,11229.343464720141,0.0,0.9,-0.0,10574.575420210529
1625,2024-03-08,105.53,105.53,0.0,0.9,-0.0,11229.343464720141,0.0,0.9,-0.0,10574.575420210529
1626,2024-03-08,122.43,122.43,-2.0,0.37368421052631584,244.86,11474.203464720142,-2.0,0.37368421052631584,244.86,10819.43542021053
1627,2024-03-08,123.43,123.43,-1.0400000000000003,0.1,128.36720000000003,11602.570664720142,-1.0400000000000003,0.1,128.36720000000003,10947.80262021053
1628,2024-03-08,111.38745,111.38745,0.0,0.1,-0.0,11602.570664720142,0.0,0.1,-0.0,10947.80262021053
1629,2024-03-08,99.69,99.69,0.0,0.1,-0.0,11602.570664720142,0.0,0.1,-0.0,10947.80262021053
1630,2024-03-08,97.5,97.5,0.0,0.1,-0.0,11602.570664720142,0.0,0.1,-0.0,10947.80262021053
1631,2024-03-08,94.01,94.01,0.0,0.1,-0.0,11602.570664720142,0.0,0.1,-0.0,10947.80262021053
1632,2024-03-09,93.12,93.12,0.0,0.1,-0.0,11602.570664720142,0.0,0.1,-0.0,10947.80262021053
1633,2024-03-09,90.0,90.0,0.0,0.1,-0.0,11602.570664720142,0.0,0.1,-0.0,10947.80262021053
1634,2024-03-09,85.0,85.0,0.0,0.1,-0.0,11602.570664720142,0.0,0.1,-0.0,10947.80262021053
1635,2024-03-09,82.1,82.1,2.0,0.575,-164.2,11438.370664720142,0.0,0.1,-0.0,10947.80262021053
1636,2024-03-09,82.0,82.0,1.3684210526315792,0.9,-112.2105263157895,11326.160138404352,2.0,0.575,-164.0,10783.80262021053
1637,2024-03-09,84.3,84.3,0.0,0.9,-0.0,11326.160138404352,1.3684210526315792,0.9,-115.35789473684213,10668.444725473688
1638,2024-03-09,93.0,93.0,0.0,0.9,-0.0,11326.160138404352,0.0,0.9,-0.0,10668.444725473688
1639,2024-03-09,97.01,97.01,0.0,0.9,-0.0,11326.160138404352,0.0,0.9,-0.0,10668.444725473688
1640,2024-03-09,101.16,101.16,-2.0,0.37368421052631584,202.32,11528.480138404351,-2.0,0.37368421052631584,202.32,10870.764725473688
1641,2024-03-09,99.16,99.16,-1.0400000000000003,0.1,103.12640000000002,11631.60653840435,-1.0400000000000003,0.1,103.12640000000002,10973.891125473687
1642,2024-03-09,95.0,95.0,0.0,0.1,-0.0,11631.60653840435,0.0,0.1,-0.0,10973.891125473687
1643,2024-03-09,90.52,90.52,0.0,0.1,-0.0,11631.60653840435,0.0,0.1,-0.0,10973.891125473687
1644,2024-03-09,81.0,81.0,0.0,0.1,-0.0,11631.60653840435,0.0,0.1,-0.0,10973.891125473687
1645,2024-03-09,71.4,71.4,2.0,0.575,-142.8,11488.806538404351,2.0,0.575,-142.8,10831.091125473687
1646,2024-03-09,72.24,72.24,1.3684210526315792,0.9,-98.85473684210527,11389.951801562245,1.3684210526315792,0.9,-98.85473684210527,10732.236388631582
1647,2024-03-09,75.0,75.0,0.0,0.9,-0.0,11389.951801562245,0.0,0.9,-0.0,10732.236388631582
1648,2024-03-09,90.0,90.0,0.0,0.9,-0.0,11389.951801562245,0.0,0.9,-0.0,10732.236388631582
1649,2024-03-09,97.09,97.09,0.0,0.9,-0.0,11389.951801562245,0.0,0.9,-0.0,10732.236388631582
1650,2024-03-09,115.0,115.0,-1.2000000000018918,0.5842105263152917,138.00000000021757,11527.951801562464,-2.0,0.37368421052631584,230.0,10962.236388631582
1651,2024-03-09,120.94,120.94,-1.8399999999981085,0.1,222.52959999977122,11750.481401562234,-1.0400000000000003,0.1,125.77760000000004,11088.013988631581
1652,2024-03-09,101.08,101.08,0.0,0.1,-0.0,11750.481401562234,0.0,0.1,-0.0,11088.013988631581
1653,2024-03-09,95.55,95.55,0.0,0.1,-0.0,11750.481401562234,0.0,0.1,-0.0,11088.013988631581
1654,2024-03-09,93.0,93.0,0.0,0.1,-0.0,11750.481401562234,0.0,0.1,-0.0,11088.013988631581
1655,2024-03-09,90.0,90.0,0.0,0.1,-0.0,11750.481401562234,0.0,0.1,-0.0,11088.013988631581
1656,2024-03-10,84.38,84.38,1.3684153146200644,0.4249986372222653,-115.46688424764103,11635.014517314594,0.0,0.1,-0.0,11088.013988631581
1657,2024-03-10,85.0,85.0,0.0,0.4249986372222653,-0.0,11635.014517314594,0.0,0.1,-0.0,11088.013988631581
1658,2024-03-10,82.1,82.1,2.0,0.8999986372222653,-164.2,11470.814517314593,0.0,0.1,-0.0,11088.013988631581
1659,2024-03-10,88.88,88.88,0.0,0.8999986372222653,-0.0,11470.814517314593,0.0,0.1,-0.0,11088.013988631581
1660,2024-03-10,89.0,89.0,-2.0,0.37368284774858107,178.0,11648.814517314593,0.0,0.1,-0.0,11088.013988631581
1661,2024-03-10,89.0,89.0,-1.0399948214446082,0.1,92.55953910857014,11741.374056423163,0.0,0.1,-0.0,11088.013988631581
1662,2024-03-10,85.0,85.0,0.0,0.1,-0.0,11741.374056423163,0.0,0.1,-0.0,11088.013988631581
1663,2024-03-10,88.0,88.0,0.0,0.1,-0.0,11741.374056423163,0.0,0.1,-0.0,11088.013988631581
1664,2024-03-10,85.0,85.0,0.0,0.1,-0.0,11741.374056423163,0.0,0.1,-0.0,11088.013988631581
1665,2024-03-10,70.7,70.7,0.0,0.1,-0.0,11741.374056423163,0.0,0.1,-0.0,11088.013988631581
1666,2024-03-10,64.12,64.12,0.0,0.1,-0.0,11741.374056423163,0.0,0.1,-0.0,11088.013988631581
1667,2024-03-10,53.85445,53.85445,0.0,0.1,-0.0,11741.374056423163,0.0,0.1,-0.0,11088.013988631581
1668,2024-03-10,50.07548,50.07548,0.0,0.1,-0.0,11741.374056423163,0.0,0.1,-0.0,11088.013988631581
1669,2024-03-10,31.37821,31.37821,2.0,0.575,-62.75642,11678.617636423163,2.0,0.575,-62.75642,11025.257568631581
1670,2024-03-10,28.22321,28.22321,1.3684210526315792,0.9,-38.62123473684211,11639.996401686321,1.3684210526315792,0.9,-38.62123473684211,10986.63633389474
1671,2024-03-10,45.81,45.81,0.0,0.9,-0.0,11639.996401686321,0.0,0.9,-0.0,10986.63633389474
1672,2024-03-10,77.93,77.93,0.0,0.9,-0.0,11639.996401686321,0.0,0.9,-0.0,10986.63633389474
1673,2024-03-10,89.0,89.0,0.0,0.9,-0.0,11639.996401686321,0.0,0.9,-0.0,10986.63633389474
1674,2024-03-10,95.0,95.0,0.0,0.9,-0.0,11639.996401686321,-2.0,0.37368421052631584,190.0,11176.63633389474
1675,2024-03-10,100.0,100.0,-2.0,0.37368421052631584,200.0,11839.996401686321,-1.0400000000000003,0.1,104.00000000000003,11280.63633389474
1676,2024-03-10,96.02,96.02,-1.0400000000000003,0.1,99.86080000000003,11939.857201686322,0.0,0.1,-0.0,11280.63633389474
1677,2024-03-10,92.92,92.92,0.0,0.1,-0.0,11939.857201686322,0.0,0.1,-0.0,11280.63633389474
1678,2024-03-10,94.02,94.02,0.0,0.1,-0.0,11939.857201686322,0.0,0.1,-0.0,11280.63633389474
1679,2024-03-10,89.24,89.24,0.0,0.1,-0.0,11939.857201686322,0.0,0.1,-0.0,11280.63633389474
1680,2024-03-11,83.85,83.85,2.0,0.575,-167.7,11772.157201686321,0.0,0.1,-0.0,11280.63633389474
1681,2024-03-11,92.0,92.0,-1.805,0.1,166.06,11938.21720168632,0.0,0.1,-0.0,11280.63633389474
1682,2024-03-11,91.27,91.27,0.0,0.1,-0.0,11938.21720168632,0.0,0.1,-0.0,11280.63633389474
1683,2024-03-11,88.11,88.11,0.0,0.1,-0.0,11938.21720168632,2.0,0.575,-176.22,11104.41633389474
1684,2024-03-11,84.78,84.78,1.3684210526807776,0.4250000000116847,-116.01473684627634,11822.202464840044,1.3684210526315792,0.9,-116.0147368421053,10988.401597052634
1685,2024-03-11,82.34,82.34,1.9999999999508014,0.9,-164.679999995949,11657.522464844094,0.0,0.9,-0.0,10988.401597052634
1686,2024-03-11,98.36,98.36,0.0,0.9,-0.0,11657.522464844094,0.0,0.9,-0.0,10988.401597052634
1687,2024-03-11,104.46,104.46,-1.1999999998007944,0.584210526368212,125.35199997919098,11782.874464823286,-2.0,0.37368421052631584,208.92,11197.321597052634
1688,2024-03-11,117.53,117.53,-1.8400000001992056,0.1,216.25520002341264,11999.129664846698,-1.0400000000000003,0.1,122.23120000000003,11319.552797052635
1689,2024-03-11,98.02,98.02,0.0,0.1,-0.0,11999.129664846698,0.0,0.1,-0.0,11319.552797052635
1690,2024-03-11,95.0,95.0,0.0,0.1,-0.0,11999.129664846698,0.0,0.1,-0.0,11319.552797052635
1691,2024-03-11,90.87584,90.87584,0.0,0.1,-0.0,11999.129664846698,0.0,0.1,-0.0,11319.552797052635
1692,2024-03-11,79.22661,79.22661,2.0,0.575,-158.45322,11840.676444846698,2.0,0.575,-158.45322,11161.099577052635
1693,2024-03-11,81.4317,81.4317,1.3684210526315792,0.9,-111.43285263157898,11729.24359221512,1.3684210526315792,0.9,-111.43285263157898,11049.666724421057
1694,2024-03-11,88.11181,88.11181,0.0,0.9,-0.0,11729.24359221512,0.0,0.9,-0.0,11049.666724421057
1695,2024-03-11,92.80914,92.80914,0.0,0.9,-0.0,11729.24359221512,0.0,0.9,-0.0,11049.666724421057
1696,2024-03-11,97.99,97.99,0.0,0.9,-0.0,11729.24359221512,0.0,0.9,-0.0,11049.666724421057
1697,2024-03-11,100.0,100.0,0.0,0.9,-0.0,11729.24359221512,0.0,0.9,-0.0,11049.666724421057
1698,2024-03-11,120.0,120.0,-2.0,0.37368421052631584,240.0,11969.24359221512,-2.0,0.37368421052631584,240.0,11289.666724421057
1699,2024-03-11,124.16,124.16,-1.0400000000000003,0.1,129.12640000000002,12098.369992215119,-1.0400000000000003,0.1,129.12640000000002,11418.793124421056
1700,2024-03-11,110.64,110.64,0.0,0.1,-0.0,12098.369992215119,0.0,0.1,-0.0,11418.793124421056
1701,2024-03-11,96.7,96.7,0.0,0.1,-0.0,12098.369992215119,0.0,0.1,-0.0,11418.793124421056
1702,2024-03-11,95.36,95.36,0.0,0.1,-0.0,12098.369992215119,0.0,0.1,-0.0,11418.793124421056
1703,2024-03-11,89.99,89.99,0.0,0.1,-0.0,12098.369992215119,0.0,0.1,-0.0,11418.793124421056
1704,2024-03-12,80.0,80.0,0.0,0.1,-0.0,12098.369992215119,0.0,0.1,-0.0,11418.793124421056
1705,2024-03-12,76.14,76.14,0.0,0.1,-0.0,12098.369992215119,0.0,0.1,-0.0,11418.793124421056
1706,2024-03-12,72.3,72.3,0.0,0.1,-0.0,12098.369992215119,0.0,0.1,-0.0,11418.793124421056
1707,2024-03-12,71.95,71.95,2.0,0.575,-143.9,11954.46999221512,2.0,0.575,-143.9,11274.893124421056
1708,2024-03-12,71.2,71.2,1.3684210526315792,0.9,-97.43157894736844,11857.038413267752,1.3684210526315792,0.9,-97.43157894736844,11177.461545473689
1709,2024-03-12,76.3,76.3,0.0,0.9,-0.0,11857.038413267752,0.0,0.9,-0.0,11177.461545473689
1710,2024-03-12,93.57,93.57,0.0,0.9,-0.0,11857.038413267752,0.0,0.9,-0.0,11177.461545473689
1711,2024-03-12,95.09976,95.09976,-1.1999999999933337,0.5842105263175438,114.11971199936605,11971.158125267119,-2.0,0.37368421052631584,190.19952,11367.661065473689
1712,2024-03-12,100.40362,100.40362,-1.8400000000066663,0.1,184.74266080066934,12155.900786067788,-1.0400000000000003,0.1,104.41976480000002,11472.08083027369
1713,2024-03-12,93.57,93.57,0.0,0.1,-0.0,12155.900786067788,0.0,0.1,-0.0,11472.08083027369
1714,2024-03-12,80.44381,80.44381,0.0,0.1,-0.0,12155.900786067788,0.0,0.1,-0.0,11472.08083027369
1715,2024-03-12,75.38467,75.38467,0.0,0.1,-0.0,12155.900786067788,0.0,0.1,-0.0,11472.08083027369
1716,2024-03-12,71.58201,71.58201,1.3684210526315992,0.4250000000000048,-97.95432947368566,12057.946456594103,2.0,0.575,-143.16402,11328.91681027369
1717,2024-03-12,71.39805,71.39805,1.9999999999999798,0.9,-142.79609999999855,11915.150356594106,1.3684210526315792,0.9,-97.70259473684212,11231.214215536847
1718,2024-03-12,74.21627,74.21627,0.0,0.9,-0.0,11915.150356594106,0.0,0.9,-0.0,11231.214215536847
1719,2024-03-12,81.06551,81.06551,0.0,0.9,-0.0,11915.150356594106,0.0,0.9,-0.0,11231.214215536847
1720,2024-03-12,91.37297,91.37297,0.0,0.9,-0.0,11915.150356594106,0.0,0.9,-0.0,11231.214215536847
1721,2024-03-12,99.05668,99.05668,0.0,0.9,-0.0,11915.150356594106,0.0,0.9,-0.0,11231.214215536847
1722,2024-03-12,122.39697,122.39697,-2.0,0.37368421052631584,244.79394,12159.944296594105,-2.0,0.37368421052631584,244.79394,11476.008155536847
1723,2024-03-12,119.53231,119.53231,-1.0400000000000003,0.1,124.31360240000002,12284.257898994105,-1.0400000000000003,0.1,124.31360240000002,11600.321757936847
1724,2024-03-12,102.0,102.0,0.0,0.1,-0.0,12284.257898994105,0.0,0.1,-0.0,11600.321757936847
1725,2024-03-12,95.0,95.0,0.0,0.1,-0.0,12284.257898994105,0.0,0.1,-0.0,11600.321757936847
1726,2024-03-12,93.57,93.57,0.0,0.1,-0.0,12284.257898994105,0.0,0.1,-0.0,11600.321757936847
1727,2024-03-12,90.08,90.08,0.0,0.1,-0.0,12284.257898994105,0.0,0.1,-0.0,11600.321757936847
1728,2024-03-13,86.47,86.47,0.0,0.1,-0.0,12284.257898994105,0.0,0.1,-0.0,11600.321757936847
1729,2024-03-13,77.14,77.14,0.0,0.1,-0.0,12284.257898994105,0.0,0.1,-0.0,11600.321757936847
1730,2024-03-13,76.41,76.41,2.0,0.575,-152.82,12131.437898994105,0.0,0.1,-0.0,11600.321757936847
1731,2024-03-13,76.41,76.41,1.3684210526315792,0.9,-104.56105263157896,12026.876846362526,2.0,0.575,-152.82,11447.501757936847
1732,2024-03-13,77.0,77.0,0.0,0.9,-0.0,12026.876846362526,1.3684210526315792,0.9,-105.3684210526316,11342.133336884215
1733,2024-03-13,89.0,89.0,0.0,0.9,-0.0,12026.876846362526,0.0,0.9,-0.0,11342.133336884215
1734,2024-03-13,100.0,100.0,0.0,0.9,-0.0,12026.876846362526,0.0,0.9,-0.0,11342.133336884215
1735,2024-03-13,108.65,108.65,-1.9343690553446797,0.3909555117514001,210.16919786319946,12237.046044225724,-2.0,0.37368421052631584,217.3,11559.433336884214
1736,2024-03-13,108.65,108.65,-1.1056309446553203,0.1,120.12680213680056,12357.172846362526,-1.0400000000000003,0.1,112.99600000000004,11672.429336884214
1737,2024-03-13,94.0,94.0,0.0,0.1,-0.0,12357.172846362526,0.0,0.1,-0.0,11672.429336884214
1738,2024-03-13,85.87,85.87,0.0,0.1,-0.0,12357.172846362526,0.0,0.1,-0.0,11672.429336884214
1739,2024-03-13,71.9,71.9,0.0,0.1,-0.0,12357.172846362526,0.0,0.1,-0.0,11672.429336884214
1740,2024-03-13,70.21,70.21,1.3684210755357078,0.4250000054397306,-96.07684371336204,12261.096002649163,2.0,0.575,-140.42,11532.009336884214
1741,2024-03-13,70.0,70.0,1.9999999770958714,0.9,-139.999998396711,12121.096004252451,1.3684210526315792,0.9,-95.78947368421055,11436.219863200004
1742,2024-03-13,80.23,80.23,0.0,0.9,-0.0,12121.096004252451,0.0,0.9,-0.0,11436.219863200004
1743,2024-03-13,89.0,89.0,0.0,0.9,-0.0,12121.096004252451,0.0,0.9,-0.0,11436.219863200004
1744,2024-03-13,92.0,92.0,0.0,0.9,-0.0,12121.096004252451,0.0,0.9,-0.0,11436.219863200004
1745,2024-03-13,115.0,115.0,0.0,0.9,-0.0,12121.096004252451,-2.0,0.37368421052631584,230.0,11666.219863200004
1746,2024-03-13,119.76,119.76,-1.2000000024253552,0.5842105256775381,143.71200029046054,12264.808004542912,-1.0400000000000003,0.1,124.55040000000004,11790.770263200004
1747,2024-03-13,122.04,122.04,-1.8399999975746446,0.1,224.55359970400963,12489.361604246922,0.0,0.1,-0.0,11790.770263200004
1748,2024-03-13,105.25,105.25,0.0,0.1,-0.0,12489.361604246922,0.0,0.1,-0.0,11790.770263200004
1749,2024-03-13,95.27,95.27,0.0,0.1,-0.0,12489.361604246922,0.0,0.1,-0.0,11790.770263200004
1750,2024-03-13,92.89,92.89,0.0,0.1,-0.0,12489.361604246922,0.0,0.1,-0.0,11790.770263200004
1751,2024-03-13,91.81,91.81,0.0,0.1,-0.0,12489.361604246922,0.0,0.1,-0.0,11790.770263200004
1752,2024-03-14,91.83,91.83,0.0,0.1,-0.0,12489.361604246922,0.0,0.1,-0.0,11790.770263200004
1753,2024-03-14,90.66,90.66,0.0,0.1,-0.0,12489.361604246922,0.0,0.1,-0.0,11790.770263200004
1754,2024-03-14,89.44,89.44,0.0,0.1,-0.0,12489.361604246922,2.0,0.575,-178.88,11611.890263200004
1755,2024-03-14,88.05,88.05,2.0,0.575,-176.1,12313.261604246922,1.3684210526315792,0.9,-120.48947368421055,11491.400789515794
1756,2024-03-14,89.0,89.0,1.3684210526315792,0.9,-121.78947368421055,12191.472130562712,0.0,0.9,-0.0,11491.400789515794
1757,2024-03-14,91.07,91.07,0.0,0.9,-0.0,12191.472130562712,0.0,0.9,-0.0,11491.400789515794
1758,2024-03-14,115.66,115.66,-1.200103517513632,0.5841832848648336,138.8039728356267,12330.276103398339,-2.0,0.37368421052631584,231.32,11722.720789515794
1759,2024-03-14,116.44,116.44,-1.8398964824863677,0.1,214.23754642071265,12544.513649819051,-1.0400000000000003,0.1,121.09760000000003,11843.818389515793
1760,2024-03-14,112.83575,112.83575,0.0,0.1,-0.0,12544.513649819051,0.0,0.1,-0.0,11843.818389515793
1761,2024-03-14,100.0,100.0,0.0,0.1,-0.0,12544.513649819051,0.0,0.1,-0.0,11843.818389515793
1762,2024-03-14,89.01,89.01,0.0,0.1,-0.0,12544.513649819051,0.0,0.1,-0.0,11843.818389515793
1763,2024-03-14,82.94,82.94,0.0,0.1,-0.0,12544.513649819051,0.0,0.1,-0.0,11843.818389515793
1764,2024-03-14,74.16,74.16,2.0,0.575,-148.32,12396.193649819052,2.0,0.575,-148.32,11695.498389515793
1765,2024-03-14,75.66,75.66,1.3684210526315792,0.9,-103.53473684210527,12292.658912976947,1.3684210526315792,0.9,-103.53473684210527,11591.963652673689
1766,2024-03-14,83.0,83.0,0.0,0.9,-0.0,12292.658912976947,0.0,0.9,-0.0,11591.963652673689
1767,2024-03-14,89.69,89.69,0.0,0.9,-0.0,12292.658912976947,0.0,0.9,-0.0,11591.963652673689
1768,2024-03-14,93.96963,93.96963,0.0,0.9,-0.0,12292.658912976947,0.0,0.9,-0.0,11591.963652673689
1769,2024-03-14,101.63213,101.63213,0.0,0.9,-0.0,12292.658912976947,0.0,0.9,-0.0,11591.963652673689
1770,2024-03-14,114.8405,114.8405,-2.0,0.37368421052631584,229.681,12522.339912976948,-2.0,0.37368421052631584,229.681,11821.644652673689
1771,2024-03-14,120.63,120.63,-1.0400000000000003,0.1,125.45520000000003,12647.795112976948,-1.0400000000000003,0.1,125.45520000000003,11947.09985267369
1772,2024-03-14,103.95516,103.95516,0.0,0.1,-0.0,12647.795112976948,0.0,0.1,-0.0,11947.09985267369
1773,2024-03-14,98.24565,98.24565,0.0,0.1,-0.0,12647.795112976948,0.0,0.1,-0.0,11947.09985267369
1774,2024-03-14,91.07,91.07,0.0,0.1,-0.0,12647.795112976948,0.0,0.1,-0.0,11947.09985267369
1775,2024-03-14,90.56,90.56,0.0,0.1,-0.0,12647.795112976948,0.0,0.1,-0.0,11947.09985267369
1776,2024-03-15,90.0,90.0,0.0,0.1,-0.0,12647.795112976948,0.0,0.1,-0.0,11947.09985267369
1777,2024-03-15,78.23,78.23,0.0,0.1,-0.0,12647.795112976948,0.0,0.1,-0.0,11947.09985267369
1778,2024-03-15,74.2,74.2,2.0,0.575,-148.4,12499.395112976948,0.0,0.1,-0.0,11947.09985267369
1779,2024-03-15,74.25,74.25,1.3684210526315792,0.9,-101.60526315789475,12397.789849819053,2.0,0.575,-148.5,11798.59985267369
1780,2024-03-15,76.0,76.0,0.0,0.9,-0.0,12397.789849819053,1.3684210526315792,0.9,-104.00000000000001,11694.59985267369
1781,2024-03-15,85.0,85.0,0.0,0.9,-0.0,12397.789849819053,0.0,0.9,-0.0,11694.59985267369
1782,2024-03-15,95.66,95.66,0.0,0.9,-0.0,12397.789849819053,0.0,0.9,-0.0,11694.59985267369
1783,2024-03-15,99.98,99.98,-1.2000006683914566,0.5842103504233009,119.97606682577783,12517.765916644832,-2.0,0.37368421052631584,199.96,11894.559852673689
1784,2024-03-15,105.0,105.0,-1.8399993316085437,0.1,193.1999298188971,12710.965846463729,-1.0400000000000003,0.1,109.20000000000003,12003.75985267369
1785,2024-03-15,98.6,98.6,0.0,0.1,-0.0,12710.965846463729,0.0,0.1,-0.0,12003.75985267369
1786,2024-03-15,89.98,89.98,0.0,0.1,-0.0,12710.965846463729,0.0,0.1,-0.0,12003.75985267369
1787,2024-03-15,86.14,86.14,0.0,0.1,-0.0,12710.965846463729,0.0,0.1,-0.0,12003.75985267369
1788,2024-03-15,74.8654,74.8654,2.0,0.575,-149.7308,12561.23504646373,2.0,0.575,-149.7308,11854.02905267369
1789,2024-03-15,76.5,76.5,1.3684210526315792,0.9,-104.68421052631581,12456.550835937414,1.3684210526315792,0.9,-104.68421052631581,11749.344842147375
1790,2024-03-15,84.37,84.37,0.0,0.9,-0.0,12456.550835937414,0.0,0.9,-0.0,11749.344842147375
1791,2024-03-15,90.0,90.0,0.0,0.9,-0.0,12456.550835937414,0.0,0.9,-0.0,11749.344842147375
1792,2024-03-15,92.87,92.87,0.0,0.9,-0.0,12456.550835937414,0.0,0.9,-0.0,11749.344842147375
1793,2024-03-15,97.14,97.14,0.0,0.9,-0.0,12456.550835937414,0.0,0.9,-0.0,11749.344842147375
1794,2024-03-15,103.48,103.48,-2.0,0.37368421052631584,206.96,12663.510835937414,-2.0,0.37368421052631584,206.96,11956.304842147374
1795,2024-03-15,107.0,107.0,-1.0400000000000003,0.1,111.28000000000003,12774.790835937414,-1.0400000000000003,0.1,111.28000000000003,12067.584842147375
1796,2024-03-15,101.73,101.73,0.0,0.1,-0.0,12774.790835937414,0.0,0.1,-0.0,12067.584842147375
1797,2024-03-15,94.1,94.1,0.0,0.1,-0.0,12774.790835937414,0.0,0.1,-0.0,12067.584842147375
1798,2024-03-15,90.05,90.05,0.0,0.1,-0.0,12774.790835937414,0.0,0.1,-0.0,12067.584842147375
1799,2024-03-15,89.3,89.3,0.0,0.1,-0.0,12774.790835937414,0.0,0.1,-0.0,12067.584842147375
1800,2024-03-16,90.43,90.43,0.0,0.1,-0.0,12774.790835937414,0.0,0.1,-0.0,12067.584842147375
1801,2024-03-16,85.23,85.23,0.0,0.1,-0.0,12774.790835937414,0.0,0.1,-0.0,12067.584842147375
1802,2024-03-16,80.84,80.84,0.0,0.1,-0.0,12774.790835937414,0.0,0.1,-0.0,12067.584842147375
1803,2024-03-16,79.81,79.81,0.0,0.1,-0.0,12774.790835937414,0.0,0.1,-0.0,12067.584842147375
1804,2024-03-16,80.0,80.0,2.0,0.575,-160.0,12614.790835937414,2.0,0.575,-160.0,11907.584842147375
1805,2024-03-16,82.54,82.54,1.3684210526315792,0.9,-112.94947368421056,12501.841362253204,1.3684210526315792,0.9,-112.94947368421056,11794.635368463165
1806,2024-03-16,90.43,90.43,0.0,0.9,-0.0,12501.841362253204,0.0,0.9,-0.0,11794.635368463165
1807,2024-03-16,94.86,94.86,-2.0,0.37368421052631584,189.72,12691.561362253204,-2.0,0.37368421052631584,189.72,11984.355368463164
1808,2024-03-16,94.11,94.11,-1.0400000000000003,0.1,97.87440000000002,12789.435762253204,-1.0400000000000003,0.1,97.87440000000002,12082.229768463165
1809,2024-03-16,90.0,90.0,0.0,0.1,-0.0,12789.435762253204,0.0,0.1,-0.0,12082.229768463165
1810,2024-03-16,67.97,67.97,0.0,0.1,-0.0,12789.435762253204,0.0,0.1,-0.0,12082.229768463165
1811,2024-03-16,59.66137,59.66137,0.0,0.1,-0.0,12789.435762253204,0.0,0.1,-0.0,12082.229768463165
1812,2024-03-16,37.16042,37.16042,0.0,0.1,-0.0,12789.435762253204,2.0,0.575,-74.32084,12007.908928463165
1813,2024-03-16,31.37687,31.37687,2.0,0.575,-62.75374,12726.682022253204,1.3684210526315792,0.9,-42.93676947368422,11964.97215898948
1814,2024-03-16,36.37406,36.37406,1.3684210526315792,0.9,-49.77502947368422,12676.90699277952,0.0,0.9,-0.0,11964.97215898948
1815,2024-03-16,48.43411,48.43411,0.0,0.9,-0.0,12676.90699277952,0.0,0.9,-0.0,11964.97215898948
1816,2024-03-16,74.27763,74.27763,0.0,0.9,-0.0,12676.90699277952,0.0,0.9,-0.0,11964.97215898948
1817,2024-03-16,92.85217,92.85217,0.0,0.9,-0.0,12676.90699277952,0.0,0.9,-0.0,11964.97215898948
1818,2024-03-16,111.9066,111.9066,0.0,0.9,-0.0,12676.90699277952,-2.0,0.37368421052631584,223.8132,12188.78535898948
1819,2024-03-16,123.83085,123.83085,-2.0,0.37368421052631584,247.6617,12924.568692779521,-1.0400000000000003,0.1,128.78408400000004,12317.569442989481
1820,2024-03-16,111.27901,111.27901,-1.0400000000000003,0.1,115.73017040000003,13040.298863179522,0.0,0.1,-0.0,12317.569442989481
1821,2024-03-16,98.6,98.6,0.0,0.1,-0.0,13040.298863179522,0.0,0.1,-0.0,12317.569442989481
1822,2024-03-16,92.74,92.74,0.0,0.1,-0.0,13040.298863179522,0.0,0.1,-0.0,12317.569442989481
1823,2024-03-16,90.36,90.36,0.0,0.1,-0.0,13040.298863179522,0.0,0.1,-0.0,12317.569442989481
1824,2024-03-17,91.25322,91.25322,0.0,0.1,-0.0,13040.298863179522,0.0,0.1,-0.0,12317.569442989481
1825,2024-03-17,90.0,90.0,0.0,0.1,-0.0,13040.298863179522,0.0,0.1,-0.0,12317.569442989481
1826,2024-03-17,84.8,84.8,0.0,0.1,-0.0,13040.298863179522,0.0,0.1,-0.0,12317.569442989481
1827,2024-03-17,82.1,82.1,0.0,0.1,-0.0,13040.298863179522,2.0,0.575,-164.2,12153.36944298948
1828,2024-03-17,83.63,83.63,0.0,0.1,-0.0,13040.298863179522,1.3684210526315792,0.9,-114.44105263157897,12038.928390357902
1829,2024-03-17,85.0,85.0,0.0,0.1,-0.0,13040.298863179522,0.0,0.9,-0.0,12038.928390357902
1830,2024-03-17,85.0,85.0,0.0,0.1,-0.0,13040.298863179522,-2.0,0.37368421052631584,170.0,12208.928390357902
1831,2024-03-17,87.97,87.97,0.0,0.1,-0.0,13040.298863179522,-1.0400000000000003,0.1,91.48880000000003,12300.4171903579
1832,2024-03-17,75.0,75.0,0.0,0.1,-0.0,13040.298863179522,0.0,0.1,-0.0,12300.4171903579
1833,2024-03-17,54.0,54.0,0.0,0.1,-0.0,13040.298863179522,0.0,0.1,-0.0,12300.4171903579
1834,2024-03-17,39.2,39.2,0.0,0.1,-0.0,13040.298863179522,0.0,0.1,-0.0,12300.4171903579
1835,2024-03-17,34.78,34.78,2.0,0.575,-69.56,12970.738863179522,0.0,0.1,-0.0,12300.4171903579
1836,2024-03-17,37.7121,37.7121,-0.5999999999999606,0.4171052631579051,22.62725999999851,12993.366123179521,0.0,0.1,-0.0,12300.4171903579
1837,2024-03-17,29.35609,29.35609,2.0,0.8921052631579051,-58.71218,12934.65394317952,2.0,0.575,-58.71218,12241.7050103579
1838,2024-03-17,40.0,40.0,0.03324099722987353,0.9,-1.3296398891949412,12933.324303290326,1.3684210526315792,0.9,-54.736842105263165,12186.968168252637
1839,2024-03-17,51.72456,51.72456,0.0,0.9,-0.0,12933.324303290326,0.0,0.9,-0.0,12186.968168252637
1840,2024-03-17,70.82,70.82,0.0,0.9,-0.0,12933.324303290326,0.0,0.9,-0.0,12186.968168252637
1841,2024-03-17,95.0,95.0,0.0,0.9,-0.0,12933.324303290326,0.0,0.9,-0.0,12186.968168252637
1842,2024-03-17,105.0,105.0,0.0,0.9,-0.0,12933.324303290326,0.0,0.9,-0.0,12186.968168252637
1843,2024-03-17,113.77973,113.77973,-2.0,0.37368421052631584,227.55946,13160.883763290327,-2.0,0.37368421052631584,227.55946,12414.527628252637
1844,2024-03-17,109.32181,109.32181,-1.0400000000000003,0.1,113.69468240000003,13274.578445690327,-1.0400000000000003,0.1,113.69468240000003,12528.222310652638
1845,2024-03-17,101.9323,101.9323,0.0,0.1,-0.0,13274.578445690327,0.0,0.1,-0.0,12528.222310652638
1846,2024-03-17,95.77913,95.77913,0.0,0.1,-0.0,13274.578445690327,0.0,0.1,-0.0,12528.222310652638
1847,2024-03-17,89.77902,89.77902,0.0,0.1,-0.0,13274.578445690327,0.0,0.1,-0.0,12528.222310652638
1848,2024-03-18,82.1,82.1,0.0,0.1,-0.0,13274.578445690327,0.0,0.1,-0.0,12528.222310652638
1849,2024-03-18,75.7,75.7,0.0,0.1,-0.0,13274.578445690327,0.0,0.1,-0.0,12528.222310652638
1850,2024-03-18,72.07,72.07,0.0,0.1,-0.0,13274.578445690327,0.0,0.1,-0.0,12528.222310652638
1851,2024-03-18,69.77,69.77,0.0,0.1,-0.0,13274.578445690327,2.0,0.575,-139.54,12388.682310652637
1852,2024-03-18,63.07,63.07,2.0,0.575,-126.14,13148.438445690328,1.3684210526315792,0.9,-86.3063157894737,12302.375994863163
1853,2024-03-18,68.4,68.4,1.3684210526315792,0.9,-93.60000000000002,13054.838445690328,0.0,0.9,-0.0,12302.375994863163
1854,2024-03-18,95.6,95.6,0.0,0.9,-0.0,13054.838445690328,0.0,0.9,-0.0,12302.375994863163
1855,2024-03-18,100.57,100.57,0.0,0.9,-0.0,13054.838445690328,-2.0,0.37368421052631584,201.14,12503.515994863163
1856,2024-03-18,110.0,110.0,-2.0,0.37368421052631584,220.0,13274.838445690328,-1.0400000000000003,0.1,114.40000000000003,12617.915994863162
1857,2024-03-18,101.78,101.78,-1.0400000000000003,0.1,105.85120000000003,13380.689645690327,0.0,0.1,-0.0,12617.915994863162
1858,2024-03-18,94.7,94.7,0.0,0.1,-0.0,13380.689645690327,0.0,0.1,-0.0,12617.915994863162
1859,2024-03-18,90.87259,90.87259,0.0,0.1,-0.0,13380.689645690327,0.0,0.1,-0.0,12617.915994863162
1860,2024-03-18,83.50858,83.50858,2.0,0.575,-167.01716,13213.672485690327,2.0,0.575,-167.01716,12450.898834863163
1861,2024-03-18,85.24141,85.24141,1.3684210526315792,0.9,-116.64614000000003,13097.026345690327,1.3684210526315792,0.9,-116.64614000000003,12334.252694863162
1862,2024-03-18,92.32085,92.32085,0.0,0.9,-0.0,13097.026345690327,0.0,0.9,-0.0,12334.252694863162
1863,2024-03-18,96.7,96.7,0.0,0.9,-0.0,13097.026345690327,0.0,0.9,-0.0,12334.252694863162
1864,2024-03-18,102.67,102.67,0.0,0.9,-0.0,13097.026345690327,0.0,0.9,-0.0,12334.252694863162
1865,2024-03-18,102.83,102.83,0.0,0.9,-0.0,13097.026345690327,0.0,0.9,-0.0,12334.252694863162
1866,2024-03-18,113.91,113.91,-1.1999999924952516,0.5842105282907233,136.6919991451341,13233.71834483546,-2.0,0.37368421052631584,227.82,12562.072694863162
1867,2024-03-18,125.16,125.16,-1.8400000075047485,0.1,230.29440093929432,13464.012745774755,-1.0400000000000003,0.1,130.16640000000004,12692.239094863162
1868,2024-03-18,107.46,107.46,0.0,0.1,-0.0,13464.012745774755,0.0,0.1,-0.0,12692.239094863162
1869,2024-03-18,97.0,97.0,0.0,0.1,-0.0,13464.012745774755,0.0,0.1,-0.0,12692.239094863162
1870,2024-03-18,94.7,94.7,0.0,0.1,-0.0,13464.012745774755,0.0,0.1,-0.0,12692.239094863162
1871,2024-03-18,92.92,92.92,0.0,0.1,-0.0,13464.012745774755,0.0,0.1,-0.0,12692.239094863162
1872,2024-03-19,90.94,90.94,0.0,0.1,-0.0,13464.012745774755,0.0,0.1,-0.0,12692.239094863162
1873,2024-03-19,82.5,82.5,1.3684210528885667,0.42500000006103456,-112.89473686330676,13351.118008911448,0.0,0.1,-0.0,12692.239094863162
1874,2024-03-19,82.1,82.1,1.9999999997430127,0.9,-164.19999997890133,13186.918008932547,2.0,0.575,-164.2,12528.039094863161
1875,2024-03-19,85.3,85.3,0.0,0.9,-0.0,13186.918008932547,1.3684210526315792,0.9,-116.7263157894737,12411.312779073687
1876,2024-03-19,92.0,92.0,0.0,0.9,-0.0,13186.918008932547,0.0,0.9,-0.0,12411.312779073687
1877,2024-03-19,94.6,94.6,0.0,0.9,-0.0,13186.918008932547,0.0,0.9,-0.0,12411.312779073687
1878,2024-03-19,103.87,103.87,-2.0,0.37368421052631584,207.74,13394.658008932547,0.0,0.9,-0.0,12411.312779073687
1879,2024-03-19,109.88868,109.88868,-1.0400000000000003,0.1,114.28422720000002,13508.942236132547,-2.0,0.37368421052631584,219.77736,12631.090139073687
1880,2024-03-19,108.41,108.41,0.0,0.1,-0.0,13508.942236132547,-1.0400000000000003,0.1,112.74640000000002,12743.836539073687
1881,2024-03-19,97.99,97.99,0.0,0.1,-0.0,13508.942236132547,0.0,0.1,-0.0,12743.836539073687
1882,2024-03-19,89.03,89.03,0.0,0.1,-0.0,13508.942236132547,0.0,0.1,-0.0,12743.836539073687
1883,2024-03-19,78.9,78.9,0.0,0.1,-0.0,13508.942236132547,0.0,0.1,-0.0,12743.836539073687
1884,2024-03-19,64.13,64.13,2.0,0.575,-128.26,13380.682236132547,2.0,0.575,-128.26,12615.576539073687
1885,2024-03-19,65.0,65.0,1.3684210526315792,0.9,-88.94736842105264,13291.734867711493,1.3684210526315792,0.9,-88.94736842105264,12526.629170652634
1886,2024-03-19,75.25,75.25,0.0,0.9,-0.0,13291.734867711493,0.0,0.9,-0.0,12526.629170652634
1887,2024-03-19,80.29,80.29,0.0,0.9,-0.0,13291.734867711493,0.0,0.9,-0.0,12526.629170652634
1888,2024-03-19,94.46,94.46,0.0,0.9,-0.0,13291.734867711493,0.0,0.9,-0.0,12526.629170652634
1889,2024-03-19,102.02,102.02,0.0,0.9,-0.0,13291.734867711493,0.0,0.9,-0.0,12526.629170652634
1890,2024-03-19,124.7,124.7,-1.2000000004179217,0.5842105262058102,149.64000005211483,13441.374867763609,-2.0,0.37368421052631584,249.4,12776.029170652633
1891,2024-03-19,128.96006,128.96006,-1.8399999995820786,0.1,237.28651034610482,13678.661378109713,-1.0400000000000003,0.1,134.11846240000003,12910.147633052633
1892,2024-03-19,110.0,110.0,0.0,0.1,-0.0,13678.661378109713,0.0,0.1,-0.0,12910.147633052633
1893,2024-03-19,98.23,98.23,0.0,0.1,-0.0,13678.661378109713,0.0,0.1,-0.0,12910.147633052633
1894,2024-03-19,94.77,94.77,0.0,0.1,-0.0,13678.661378109713,0.0,0.1,-0.0,12910.147633052633
1895,2024-03-19,94.46,94.46,0.0,0.1,-0.0,13678.661378109713,0.0,0.1,-0.0,12910.147633052633
1896,2024-03-20,91.46,91.46,0.0,0.1,-0.0,13678.661378109713,0.0,0.1,-0.0,12910.147633052633
1897,2024-03-20,85.1,85.1,0.9891488627225037,0.3349228548965946,-84.17656821768506,13594.484809892028,0.0,0.1,-0.0,12910.147633052633
1898,2024-03-20,84.5,84.5,2.0,0.8099228548965947,-169.0,13425.484809892028,2.0,0.575,-169.0,12741.147633052633
1899,2024-03-20,85.1,85.1,0.37927218990907524,0.9,-32.2760633612623,13393.208746530767,1.3684210526315792,0.9,-116.45263157894738,12624.695001473685
1900,2024-03-20,85.1,85.1,0.0,0.9,-0.0,13393.208746530767,0.0,0.9,-0.0,12624.695001473685
1901,2024-03-20,94.62,94.62,0.0,0.9,-0.0,13393.208746530767,0.0,0.9,-0.0,12624.695001473685
1902,2024-03-20,107.07,107.07,-1.2000000000742275,0.5842105262962559,128.48400000794751,13521.692746538714,0.0,0.9,-0.0,12624.695001473685
1903,2024-03-20,120.0,120.0,-1.8399999999257726,0.1,220.7999999910927,13742.492746529808,-2.0,0.37368421052631584,240.0,12864.695001473685
1904,2024-03-20,105.0,105.0,0.0,0.1,-0.0,13742.492746529808,-1.0400000000000003,0.1,109.20000000000003,12973.895001473686
1905,2024-03-20,102.65,102.65,0.0,0.1,-0.0,13742.492746529808,0.0,0.1,-0.0,12973.895001473686
1906,2024-03-20,95.19,95.19,0.0,0.1,-0.0,13742.492746529808,0.0,0.1,-0.0,12973.895001473686
1907,2024-03-20,83.11173,83.11173,0.0,0.1,-0.0,13742.492746529808,0.0,0.1,-0.0,12973.895001473686
1908,2024-03-20,68.0,68.0,2.0,0.575,-136.0,13606.492746529808,2.0,0.575,-136.0,12837.895001473686
1909,2024-03-20,74.0,74.0,1.3684210526315792,0.9,-101.26315789473686,13505.229588635071,1.3684210526315792,0.9,-101.26315789473686,12736.631843578949
1910,2024-03-20,84.14211,84.14211,0.0,0.9,-0.0,13505.229588635071,0.0,0.9,-0.0,12736.631843578949
1911,2024-03-20,94.18,94.18,0.0,0.9,-0.0,13505.229588635071,0.0,0.9,-0.0,12736.631843578949
1912,2024-03-20,99.19,99.19,0.0,0.9,-0.0,13505.229588635071,0.0,0.9,-0.0,12736.631843578949
1913,2024-03-20,117.02,117.02,0.0,0.9,-0.0,13505.229588635071,0.0,0.9,-0.0,12736.631843578949
1914,2024-03-20,145.0,145.0,-1.2000000070708958,0.5842105244550274,174.0000010252799,13679.229589660352,-2.0,0.37368421052631584,290.0,13026.631843578949
1915,2024-03-20,156.39,156.39,-1.8399999929291042,0.1,287.7575988941826,13966.987188554534,-1.0400000000000003,0.1,162.64560000000003,13189.277443578949
1916,2024-03-20,125.35735,125.35735,0.0,0.1,-0.0,13966.987188554534,0.0,0.1,-0.0,13189.277443578949
1917,2024-03-20,105.79,105.79,0.0,0.1,-0.0,13966.987188554534,0.0,0.1,-0.0,13189.277443578949
1918,2024-03-20,100.9,100.9,0.0,0.1,-0.0,13966.987188554534,0.0,0.1,-0.0,13189.277443578949
1919,2024-03-20,98.22,98.22,0.0,0.1,-0.0,13966.987188554534,0.0,0.1,-0.0,13189.277443578949
1920,2024-03-21,95.8,95.8,0.0,0.1,-0.0,13966.987188554534,0.0,0.1,-0.0,13189.277443578949
1921,2024-03-21,90.0,90.0,0.0,0.1,-0.0,13966.987188554534,0.0,0.1,-0.0,13189.277443578949
1922,2024-03-21,85.0,85.0,2.0,0.575,-170.0,13796.987188554534,0.0,0.1,-0.0,13189.277443578949
1923,2024-03-21,85.1,85.1,0.420771169295382,0.6749331527076532,-35.80762650703701,13761.179562047497,2.0,0.575,-170.2,13019.077443578948
1924,2024-03-21,85.1,85.1,0.9476498833361973,0.9,-80.64500507191038,13680.534556975586,1.3684210526315792,0.9,-116.45263157894738,12902.624812
1925,2024-03-21,95.0,95.0,0.0,0.9,-0.0,13680.534556975586,0.0,0.9,-0.0,12902.624812
1926,2024-03-21,105.0,105.0,0.0,0.9,-0.0,13680.534556975586,0.0,0.9,-0.0,12902.624812
1927,2024-03-21,115.0,115.0,-2.0,0.37368421052631584,230.0,13910.534556975586,-2.0,0.37368421052631584,230.0,13132.624812
1928,2024-03-21,115.0,115.0,-1.0400000000000003,0.1,119.60000000000002,14030.134556975587,-1.0400000000000003,0.1,119.60000000000002,13252.224812
1929,2024-03-21,99.49,99.49,0.0,0.1,-0.0,14030.134556975587,0.0,0.1,-0.0,13252.224812
1930,2024-03-21,92.28,92.28,0.0,0.1,-0.0,14030.134556975587,0.0,0.1,-0.0,13252.224812
1931,2024-03-21,83.1,83.1,0.0,0.1,-0.0,14030.134556975587,0.0,0.1,-0.0,13252.224812
1932,2024-03-21,76.82649,76.82649,1.3684210532639807,0.42500000015019535,-105.13098636437469,13925.003570611212,2.0,0.575,-153.65298,13098.571832
1933,2024-03-21,70.38,70.38,1.9999999993675988,0.9,-140.7599999554916,13784.24357065572,1.3684210526315792,0.9,-96.30947368421054,13002.26235831579
1934,2024-03-21,85.1,85.1,0.0,0.9,-0.0,13784.24357065572,0.0,0.9,-0.0,13002.26235831579
1935,2024-03-21,91.65,91.65,0.0,0.9,-0.0,13784.24357065572,0.0,0.9,-0.0,13002.26235831579
1936,2024-03-21,95.6,95.6,0.0,0.9,-0.0,13784.24357065572,0.0,0.9,-0.0,13002.26235831579
1937,2024-03-21,99.89,99.89,0.0,0.9,-0.0,13784.24357065572,0.0,0.9,-0.0,13002.26235831579
1938,2024-03-21,121.89,121.89,-2.0,0.37368421052631584,243.78,14028.023570655721,-2.0,0.37368421052631584,243.78,13246.04235831579
1939,2024-03-21,122.00578,122.00578,-1.0400000000000003,0.1,126.88601120000003,14154.909581855722,-1.0400000000000003,0.1,126.88601120000003,13372.92836951579
1940,2024-03-21,104.89,104.89,0.0,0.1,-0.0,14154.909581855722,0.0,0.1,-0.0,13372.92836951579
1941,2024-03-21,97.5,97.5,0.0,0.1,-0.0,14154.909581855722,0.0,0.1,-0.0,13372.92836951579
1942,2024-03-21,95.0,95.0,0.0,0.1,-0.0,14154.909581855722,0.0,0.1,-0.0,13372.92836951579
1943,2024-03-21,91.5,91.5,0.0,0.1,-0.0,14154.909581855722,0.0,0.1,-0.0,13372.92836951579
1944,2024-03-22,92.01,92.01,0.0,0.1,-0.0,14154.909581855722,0.0,0.1,-0.0,13372.92836951579
1945,2024-03-22,88.1,88.1,0.0,0.1,-0.0,14154.909581855722,0.0,0.1,-0.0,13372.92836951579
1946,2024-03-22,87.13,87.13,2.0,0.575,-174.26,13980.649581855721,0.0,0.1,-0.0,13372.92836951579
1947,2024-03-22,87.44,87.44,1.3684210526315792,0.9,-119.65473684210528,13860.994845013616,2.0,0.575,-174.88,13198.048369515791
1948,2024-03-22,88.1,88.1,0.0,0.9,-0.0,13860.994845013616,1.3684210526315792,0.9,-120.55789473684212,13077.49047477895
1949,2024-03-22,92.5,92.5,0.0,0.9,-0.0,13860.994845013616,0.0,0.9,-0.0,13077.49047477895
1950,2024-03-22,101.68,101.68,0.0,0.9,-0.0,13860.994845013616,0.0,0.9,-0.0,13077.49047477895
1951,2024-03-22,105.0,105.0,-1.2000000000543047,0.5842105263014987,126.00000000570199,13986.994845019319,-2.0,0.37368421052631584,210.0,13287.49047477895
1952,2024-03-22,109.0,109.0,-1.839999999945695,0.1,200.55999999408075,14187.5548450134,-1.0400000000000003,0.1,113.36000000000003,13400.85047477895
1953,2024-03-22,97.17,97.17,0.0,0.1,-0.0,14187.5548450134,0.0,0.1,-0.0,13400.85047477895
1954,2024-03-22,92.01,92.01,0.0,0.1,-0.0,14187.5548450134,0.0,0.1,-0.0,13400.85047477895
1955,2024-03-22,85.81924,85.81924,0.0,0.1,-0.0,14187.5548450134,0.0,0.1,-0.0,13400.85047477895
1956,2024-03-22,76.62681,76.62681,1.3684210592682087,0.42500000157619955,-104.85774050854377,14082.697104504856,2.0,0.575,-153.25362,13247.59685477895
1957,2024-03-22,74.47011,74.47011,1.9999999933633705,0.9,-148.94021950576948,13933.756884999086,1.3684210526315792,0.9,-101.9064663157895,13145.690388463161
1958,2024-03-22,85.1,85.1,0.0,0.9,-0.0,13933.756884999086,0.0,0.9,-0.0,13145.690388463161
1959,2024-03-22,92.01,92.01,0.0,0.9,-0.0,13933.756884999086,0.0,0.9,-0.0,13145.690388463161
1960,2024-03-22,95.21,95.21,0.0,0.9,-0.0,13933.756884999086,0.0,0.9,-0.0,13145.690388463161
1961,2024-03-22,100.96,100.96,0.0,0.9,-0.0,13933.756884999086,0.0,0.9,-0.0,13145.690388463161
1962,2024-03-22,110.85908,110.85908,-1.200000000001237,0.584210526315464,133.03089600013715,14066.787780999222,-2.0,0.37368421052631584,221.71816,13367.408548463161
1963,2024-03-22,113.4657,113.4657,-1.8399999999987633,0.1,208.77688799985967,14275.564668999083,-1.0400000000000003,0.1,118.00432800000003,13485.412876463162
1964,2024-03-22,103.74,103.74,0.0,0.1,-0.0,14275.564668999083,0.0,0.1,-0.0,13485.412876463162
1965,2024-03-22,98.16,98.16,0.0,0.1,-0.0,14275.564668999083,0.0,0.1,-0.0,13485.412876463162
1966,2024-03-22,95.78,95.78,0.0,0.1,-0.0,14275.564668999083,0.0,0.1,-0.0,13485.412876463162
1967,2024-03-22,94.34,94.34,0.0,0.1,-0.0,14275.564668999083,0.0,0.1,-0.0,13485.412876463162
1968,2024-03-23,95.05,95.05,0.0,0.1,-0.0,14275.564668999083,0.0,0.1,-0.0,13485.412876463162
1969,2024-03-23,93.5,93.5,0.0,0.1,-0.0,14275.564668999083,0.0,0.1,-0.0,13485.412876463162
1970,2024-03-23,94.06,94.06,0.0,0.1,-0.0,14275.564668999083,0.0,0.1,-0.0,13485.412876463162
1971,2024-03-23,94.39,94.39,0.0,0.1,-0.0,14275.564668999083,0.0,0.1,-0.0,13485.412876463162
1972,2024-03-23,95.08,95.08,0.0,0.1,-0.0,14275.564668999083,0.0,0.1,-0.0,13485.412876463162
1973,2024-03-23,96.25,96.25,0.0,0.1,-0.0,14275.564668999083,0.0,0.1,-0.0,13485.412876463162
1974,2024-03-23,97.25,97.25,0.0,0.1,-0.0,14275.564668999083,0.0,0.1,-0.0,13485.412876463162
1975,2024-03-23,95.0,95.0,0.0,0.1,-0.0,14275.564668999083,0.0,0.1,-0.0,13485.412876463162
1976,2024-03-23,90.0,90.0,0.0,0.1,-0.0,14275.564668999083,0.0,0.1,-0.0,13485.412876463162
1977,2024-03-23,81.69,81.69,0.0,0.1,-0.0,14275.564668999083,0.0,0.1,-0.0,13485.412876463162
1978,2024-03-23,74.43884,74.43884,0.0,0.1,-0.0,14275.564668999083,0.0,0.1,-0.0,13485.412876463162
1979,2024-03-23,63.24,63.24,0.0,0.1,-0.0,14275.564668999083,0.0,0.1,-0.0,13485.412876463162
1980,2024-03-23,45.0,45.0,0.0,0.1,-0.0,14275.564668999083,2.0,0.575,-90.0,13395.412876463162
1981,2024-03-23,31.02793,31.02793,2.0,0.575,-62.05586,14213.508808999082,1.3684210526315792,0.9,-42.459272631578955,13352.953603831584
1982,2024-03-23,36.05597,36.05597,1.3684210526315792,0.9,-49.33974842105265,14164.16906057803,0.0,0.9,-0.0,13352.953603831584
1983,2024-03-23,54.2735,54.2735,0.0,0.9,-0.0,14164.16906057803,0.0,0.9,-0.0,13352.953603831584
1984,2024-03-23,54.77377,54.77377,0.0,0.9,-0.0,14164.16906057803,0.0,0.9,-0.0,13352.953603831584
1985,2024-03-23,80.0,80.0,0.0,0.9,-0.0,14164.16906057803,0.0,0.9,-0.0,13352.953603831584
1986,2024-03-23,102.02,102.02,-1.2000000522600793,0.584210512563137,122.42400533157328,14286.593065909603,0.0,0.9,-0.0,13352.953603831584
1987,2024-03-23,109.0,109.0,-1.8399999477399207,0.1,200.55999430365137,14487.153060213255,-2.0,0.37368421052631584,218.0,13570.953603831584
1988,2024-03-23,97.0,97.0,0.0,0.1,-0.0,14487.153060213255,-1.0400000000000003,0.1,100.88000000000002,13671.833603831583
1989,2024-03-23,93.79,93.79,0.0,0.1,-0.0,14487.153060213255,0.0,0.1,-0.0,13671.833603831583
1990,2024-03-23,87.0,87.0,0.0,0.1,-0.0,14487.153060213255,0.0,0.1,-0.0,13671.833603831583
1991,2024-03-23,80.0,80.0,0.0,0.1,-0.0,14487.153060213255,0.0,0.1,-0.0,13671.833603831583
1992,2024-03-24,84.0,84.0,0.0,0.1,-0.0,14487.153060213255,0.0,0.1,-0.0,13671.833603831583
1993,2024-03-24,78.02881,78.02881,0.0,0.1,-0.0,14487.153060213255,0.0,0.1,-0.0,13671.833603831583
1994,2024-03-24,75.0,75.0,0.0,0.1,-0.0,14487.153060213255,0.0,0.1,-0.0,13671.833603831583
1995,2024-03-24,63.0,63.0,2.0,0.575,-126.0,14361.153060213255,0.0,0.1,-0.0,13671.833603831583
1996,2024-03-24,71.35,71.35,0.0,0.575,-0.0,14361.153060213255,0.0,0.1,-0.0,13671.833603831583
1997,2024-03-24,75.0,75.0,-1.805,0.1,135.375,14496.528060213255,0.0,0.1,-0.0,13671.833603831583
1998,2024-03-24,75.0,75.0,0.0,0.1,-0.0,14496.528060213255,0.0,0.1,-0.0,13671.833603831583
1999,2024-03-24,50.55502,50.55502,0.0,0.1,-0.0,14496.528060213255,0.0,0.1,-0.0,13671.833603831583
2000,2024-03-24,39.99,39.99,0.0,0.1,-0.0,14496.528060213255,0.0,0.1,-0.0,13671.833603831583
2001,2024-03-24,15.00423,15.00423,0.0,0.1,-0.0,14496.528060213255,0.0,0.1,-0.0,13671.833603831583
2002,2024-03-24,5.0,5.0,1.3684206271080097,0.42499989893815227,-6.842103135540048,14489.685957077716,0.0,0.1,-0.0,13671.833603831583
2003,2024-03-24,1.88959,1.88959,2.0,0.8999998989381522,-3.77918,14485.906777077716,0.0,0.1,-0.0,13671.833603831583
2004,2024-03-24,9.33157,9.33157,-2.0,0.37368410946446806,18.66314,14504.569917077717,0.0,0.1,-0.0,13671.833603831583
2005,2024-03-24,0.61999,0.61999,2.0,0.848684109464468,-1.23998,14503.329937077717,2.0,0.575,-1.23998,13670.593623831583
2006,2024-03-24,13.32428,13.32428,0.2160669075180294,0.9,-2.8789359745043286,14500.451001103213,1.3684210526315792,0.9,-18.233225263157898,13652.360398568424
2007,2024-03-24,9.5035,9.5035,0.0,0.9,-0.0,14500.451001103213,0.0,0.9,-0.0,13652.360398568424
2008,2024-03-24,47.01856,47.01856,0.0,0.9,-0.0,14500.451001103213,0.0,0.9,-0.0,13652.360398568424
2009,2024-03-24,72.52436,72.52436,0.0,0.9,-0.0,14500.451001103213,0.0,0.9,-0.0,13652.360398568424
2010,2024-03-24,92.72573,92.72573,0.0,0.9,-0.0,14500.451001103213,-1.8,0.4263157894736842,166.906314,13819.266712568424
2011,2024-03-24,95.47,95.47,-2.0,0.37368421052631584,190.94,14691.391001103213,-1.24,0.1,118.3828,13937.649512568423
2012,2024-03-24,95.0,95.0,0.0,0.37368421052631584,-0.0,14691.391001103213,0.0,0.1,-0.0,13937.649512568423
2013,2024-03-24,94.84,94.84,-1.0400000000000003,0.1,98.63360000000003,14790.024601103212,0.0,0.1,-0.0,13937.649512568423
2014,2024-03-24,91.66,91.66,0.0,0.1,-0.0,14790.024601103212,0.0,0.1,-0.0,13937.649512568423
2015,2024-03-24,80.0,80.0,2.0,0.575,-160.0,14630.024601103212,0.0,0.1,-0.0,13937.649512568423
2016,2024-03-25,91.0,91.0,0.0,0.575,-0.0,14630.024601103212,0.0,0.1,-0.0,13937.649512568423
2017,2024-03-25,90.0,90.0,1.3684210526315792,0.9,-123.15789473684212,14506.86670636637,0.0,0.1,-0.0,13937.649512568423
2018,2024-03-25,90.0,90.0,0.0,0.9,-0.0,14506.86670636637,2.0,0.575,-180.0,13757.649512568423
2019,2024-03-25,90.0,90.0,0.0,0.9,-0.0,14506.86670636637,1.3684210526315792,0.9,-123.15789473684212,13634.491617831582
2020,2024-03-25,90.0,90.0,0.0,0.9,-0.0,14506.86670636637,0.0,0.9,-0.0,13634.491617831582
2021,2024-03-25,93.85,93.85,0.0,0.9,-0.0,14506.86670636637,0.0,0.9,-0.0,13634.491617831582
2022,2024-03-25,106.42,106.42,0.0,0.9,-0.0,14506.86670636637,0.0,0.9,-0.0,13634.491617831582
2023,2024-03-25,115.0,115.0,-2.0,0.37368421052631584,230.0,14736.86670636637,-2.0,0.37368421052631584,230.0,13864.491617831582
2024,2024-03-25,110.0,110.0,-1.0400000000000003,0.1,114.40000000000003,14851.26670636637,-1.0400000000000003,0.1,114.40000000000003,13978.891617831581
2025,2024-03-25,97.73,97.73,0.0,0.1,-0.0,14851.26670636637,0.0,0.1,-0.0,13978.891617831581
2026,2024-03-25,93.64,93.64,0.0,0.1,-0.0,14851.26670636637,0.0,0.1,-0.0,13978.891617831581
2027,2024-03-25,87.1,87.1,0.0,0.1,-0.0,14851.26670636637,0.0,0.1,-0.0,13978.891617831581
2028,2024-03-25,69.68,69.68,2.0,0.575,-139.36,14711.90670636637,2.0,0.575,-139.36,13839.53161783158
2029,2024-03-25,78.0,78.0,1.3684210526315792,0.9,-106.73684210526318,14605.169864261106,1.3684210526315792,0.9,-106.73684210526318,13732.794775726317
2030,2024-03-25,93.0,93.0,0.0,0.9,-0.0,14605.169864261106,0.0,0.9,-0.0,13732.794775726317
2031,2024-03-25,96.78,96.78,0.0,0.9,-0.0,14605.169864261106,0.0,0.9,-0.0,13732.794775726317
2032,2024-03-25,100.52,100.52,0.0,0.9,-0.0,14605.169864261106,0.0,0.9,-0.0,13732.794775726317
2033,2024-03-25,106.18,106.18,0.0,0.9,-0.0,14605.169864261106,0.0,0.9,-0.0,13732.794775726317
2034,2024-03-25,130.0,130.0,-1.2000000000028286,0.5842105263150451,156.00000000036772,14761.169864261474,-2.0,0.37368421052631584,260.0,13992.794775726317
2035,2024-03-25,145.0,145.0,-1.8399999999971715,0.1,266.7999999995899,15027.969864261064,-1.0400000000000003,0.1,150.80000000000004,14143.594775726317
2036,2024-03-25,113.11,113.11,0.0,0.1,-0.0,15027.969864261064,0.0,0.1,-0.0,14143.594775726317
2037,2024-03-25,100.36,100.36,0.0,0.1,-0.0,15027.969864261064,0.0,0.1,-0.0,14143.594775726317
2038,2024-03-25,94.5,94.5,0.0,0.1,-0.0,15027.969864261064,0.0,0.1,-0.0,14143.594775726317
2039,2024-03-25,90.34,90.34,0.0,0.1,-0.0,15027.969864261064,0.0,0.1,-0.0,14143.594775726317
2040,2024-03-26,83.95,83.95,0.0,0.1,-0.0,15027.969864261064,0.0,0.1,-0.0,14143.594775726317
2041,2024-03-26,79.5,79.5,2.0,0.575,-159.0,14868.969864261064,0.0,0.1,-0.0,14143.594775726317
2042,2024-03-26,79.15,79.15,1.3684210526315792,0.9,-108.3105263157895,14760.659337945275,0.0,0.1,-0.0,14143.594775726317
2043,2024-03-26,82.29,82.29,0.0,0.9,-0.0,14760.659337945275,2.0,0.575,-164.58,13979.014775726317
2044,2024-03-26,83.22,83.22,0.0,0.9,-0.0,14760.659337945275,1.3684210526315792,0.9,-113.88000000000002,13865.134775726317
2045,2024-03-26,89.26,89.26,0.0,0.9,-0.0,14760.659337945275,0.0,0.9,-0.0,13865.134775726317
2046,2024-03-26,96.0,96.0,0.0,0.9,-0.0,14760.659337945275,0.0,0.9,-0.0,13865.134775726317
2047,2024-03-26,109.67,109.67,0.0,0.9,-0.0,14760.659337945275,0.0,0.9,-0.0,13865.134775726317
2048,2024-03-26,119.84081,119.84081,-2.0,0.37368421052631584,239.68162,15000.340957945275,-2.0,0.37368421052631584,239.68162,14104.816395726317
2049,2024-03-26,118.36,118.36,-1.0400000000000003,0.1,123.09440000000004,15123.435357945275,-1.0400000000000003,0.1,123.09440000000004,14227.910795726317
2050,2024-03-26,107.62309,107.62309,0.0,0.1,-0.0,15123.435357945275,0.0,0.1,-0.0,14227.910795726317
2051,2024-03-26,103.23978,103.23978,0.0,0.1,-0.0,15123.435357945275,0.0,0.1,-0.0,14227.910795726317
2052,2024-03-26,98.0,98.0,2.0,0.575,-196.0,14927.435357945275,0.0,0.1,-0.0,14227.910795726317
2053,2024-03-26,98.98867,98.98867,1.3684210526315792,0.9,-135.45818000000003,14791.977177945275,2.0,0.575,-197.97734,14029.933455726317
2054,2024-03-26,101.34476,101.34476,0.0,0.9,-0.0,14791.977177945275,1.3684210526315792,0.9,-138.68230315789475,13891.251152568422
2055,2024-03-26,103.55641,103.55641,0.0,0.9,-0.0,14791.977177945275,0.0,0.9,-0.0,13891.251152568422
2056,2024-03-26,104.12,104.12,0.0,0.9,-0.0,14791.977177945275,0.0,0.9,-0.0,13891.251152568422
2057,2024-03-26,101.9,101.9,0.0,0.9,-0.0,14791.977177945275,0.0,0.9,-0.0,13891.251152568422
2058,2024-03-26,108.36,108.36,-1.1999999999999842,0.5842105263157936,130.03199999999828,14922.009177945272,-1.8,0.4263157894736842,195.048,14086.299152568423
2059,2024-03-26,114.77,114.77,-1.8400000000000158,0.1,211.1768000000018,15133.185977945273,-1.24,0.1,142.3148,14228.613952568423
2060,2024-03-26,104.13,104.13,0.0,0.1,-0.0,15133.185977945273,0.0,0.1,-0.0,14228.613952568423
2061,2024-03-26,98.67,98.67,0.0,0.1,-0.0,15133.185977945273,0.0,0.1,-0.0,14228.613952568423
2062,2024-03-26,94.93,94.93,0.0,0.1,-0.0,15133.185977945273,0.0,0.1,-0.0,14228.613952568423
2063,2024-03-26,90.0,90.0,0.0,0.1,-0.0,15133.185977945273,0.0,0.1,-0.0,14228.613952568423
2064,2024-03-27,90.1,90.1,0.0,0.1,-0.0,15133.185977945273,0.0,0.1,-0.0,14228.613952568423
2065,2024-03-27,80.56,80.56,0.0,0.1,-0.0,15133.185977945273,0.0,0.1,-0.0,14228.613952568423
2066,2024-03-27,78.9,78.9,0.0,0.1,-0.0,15133.185977945273,0.0,0.1,-0.0,14228.613952568423
2067,2024-03-27,78.9,78.9,2.0,0.575,-157.8,14975.385977945274,2.0,0.575,-157.8,14070.813952568424
2068,2024-03-27,78.9,78.9,1.3684210526315792,0.9,-107.96842105263161,14867.417556892642,1.3684210526315792,0.9,-107.96842105263161,13962.845531515792
2069,2024-03-27,88.0,88.0,0.0,0.9,-0.0,14867.417556892642,0.0,0.9,-0.0,13962.845531515792
2070,2024-03-27,98.0,98.0,0.0,0.9,-0.0,14867.417556892642,0.0,0.9,-0.0,13962.845531515792
2071,2024-03-27,110.54,110.54,0.0,0.9,-0.0,14867.417556892642,0.0,0.9,-0.0,13962.845531515792
2072,2024-03-27,121.0,121.0,-2.0,0.37368421052631584,242.0,15109.417556892642,-2.0,0.37368421052631584,242.0,14204.845531515792
2073,2024-03-27,116.57406,116.57406,-1.0400000000000003,0.1,121.23702240000003,15230.654579292643,-1.0400000000000003,0.1,121.23702240000003,14326.082553915792
2074,2024-03-27,109.24886,109.24886,0.0,0.1,-0.0,15230.654579292643,0.0,0.1,-0.0,14326.082553915792
2075,2024-03-27,99.61725,99.61725,0.0,0.1,-0.0,15230.654579292643,0.0,0.1,-0.0,14326.082553915792
2076,2024-03-27,91.19404,91.19404,2.0,0.575,-182.38808,15048.266499292642,0.0,0.1,-0.0,14326.082553915792
2077,2024-03-27,91.41357,91.41357,1.3684210526315792,0.9,-125.09225368421056,14923.174245608432,2.0,0.575,-182.82714,14143.255413915793
2078,2024-03-27,93.38013,93.38013,0.0,0.9,-0.0,14923.174245608432,1.3684210526315792,0.9,-127.7833357894737,14015.472078126319
2079,2024-03-27,94.76112,94.76112,0.0,0.9,-0.0,14923.174245608432,0.0,0.9,-0.0,14015.472078126319
2080,2024-03-27,94.95914,94.95914,0.0,0.9,-0.0,14923.174245608432,0.0,0.9,-0.0,14015.472078126319
2081,2024-03-27,99.366,99.366,0.0,0.9,-0.0,14923.174245608432,0.0,0.9,-0.0,14015.472078126319
2082,2024-03-27,115.91336,115.91336,-2.0,0.37368421052631584,231.82672,15155.000965608431,-2.0,0.37368421052631584,231.82672,14247.298798126318
2083,2024-03-27,117.38211,117.38211,-1.0400000000000003,0.1,122.07739440000003,15277.07836000843,-1.0400000000000003,0.1,122.07739440000003,14369.376192526317
2084,2024-03-27,103.05,103.05,0.0,0.1,-0.0,15277.07836000843,0.0,0.1,-0.0,14369.376192526317
2085,2024-03-27,98.73,98.73,0.0,0.1,-0.0,15277.07836000843,0.0,0.1,-0.0,14369.376192526317
2086,2024-03-27,90.1,90.1,0.0,0.1,-0.0,15277.07836000843,0.0,0.1,-0.0,14369.376192526317
2087,2024-03-27,78.9,78.9,0.0,0.1,-0.0,15277.07836000843,0.0,0.1,-0.0,14369.376192526317
2088,2024-03-28,78.35,78.35,0.0,0.1,-0.0,15277.07836000843,0.0,0.1,-0.0,14369.376192526317
2089,2024-03-28,75.85,75.85,1.3684236713968185,0.4250006219567444,-103.79493547544868,15173.283424532981,0.0,0.1,-0.0,14369.376192526317
2090,2024-03-28,78.35,78.35,0.0,0.4250006219567444,-0.0,15173.283424532981,0.0,0.1,-0.0,14369.376192526317
2091,2024-03-28,78.35,78.35,0.0,0.4250006219567444,-0.0,15173.283424532981,2.0,0.575,-156.7,14212.676192526316
2092,2024-03-28,74.93,74.93,1.9999973812347607,0.9,-149.85980377592062,15023.423620757061,1.3684210526315792,0.9,-102.53578947368423,14110.140403052632
2093,2024-03-28,76.99377,76.99377,0.0,0.9,-0.0,15023.423620757061,0.0,0.9,-0.0,14110.140403052632
2094,2024-03-28,94.73534,94.73534,0.0,0.9,-0.0,15023.423620757061,0.0,0.9,-0.0,14110.140403052632
2095,2024-03-28,99.37681,99.37681,-2.0,0.37368421052631584,198.75362,15222.17724075706,-2.0,0.37368421052631584,198.75362,14308.894023052631
2096,2024-03-28,101.81,101.81,-1.0400000000000003,0.1,105.88240000000003,15328.059640757061,-1.0400000000000003,0.1,105.88240000000003,14414.776423052632
2097,2024-03-28,92.33297,92.33297,0.0,0.1,-0.0,15328.059640757061,0.0,0.1,-0.0,14414.776423052632
2098,2024-03-28,87.05976,87.05976,0.0,0.1,-0.0,15328.059640757061,0.0,0.1,-0.0,14414.776423052632
2099,2024-03-28,84.95578,84.95578,0.0,0.1,-0.0,15328.059640757061,0.0,0.1,-0.0,14414.776423052632
2100,2024-03-28,73.8964,73.8964,2.0,0.575,-147.7928,15180.266840757062,0.0,0.1,-0.0,14414.776423052632
2101,2024-03-28,74.15855,74.15855,1.3684210526315792,0.9,-101.4801210526316,15078.78671970443,2.0,0.575,-148.3171,14266.459323052632
2102,2024-03-28,76.0719,76.0719,0.0,0.9,-0.0,15078.78671970443,1.3684210526315792,0.9,-104.09838947368424,14162.360933578948
2103,2024-03-28,78.34033,78.34033,0.0,0.9,-0.0,15078.78671970443,0.0,0.9,-0.0,14162.360933578948
2104,2024-03-28,93.78651,93.78651,0.0,0.9,-0.0,15078.78671970443,0.0,0.9,-0.0,14162.360933578948
2105,2024-03-28,100.0,100.0,0.0,0.9,-0.0,15078.78671970443,0.0,0.9,-0.0,14162.360933578948
2106,2024-03-28,111.68,111.68,-1.1999999353001958,0.5842105433420537,134.01599277432587,15212.802712478757,-2.0,0.37368421052631584,223.36,14385.720933578948
2107,2024-03-28,115.63,115.63,-1.840000064699804,0.1,212.75920748123832,15425.561919959995,-1.0400000000000003,0.1,120.25520000000003,14505.976133578948
2108,2024-03-28,110.0,110.0,0.0,0.1,-0.0,15425.561919959995,0.0,0.1,-0.0,14505.976133578948
2109,2024-03-28,100.85,100.85,0.0,0.1,-0.0,15425.561919959995,0.0,0.1,-0.0,14505.976133578948
2110,2024-03-28,92.33,92.33,0.0,0.1,-0.0,15425.561919959995,0.0,0.1,-0.0,14505.976133578948
2111,2024-03-28,85.0,85.0,0.0,0.1,-0.0,15425.561919959995,0.0,0.1,-0.0,14505.976133578948
2112,2024-03-29,74.83,74.83,0.0,0.1,-0.0,15425.561919959995,0.0,0.1,-0.0,14505.976133578948
2113,2024-03-29,70.0,70.0,2.0,0.575,-140.0,15285.561919959995,0.0,0.1,-0.0,14505.976133578948
2114,2024-03-29,73.59,73.59,0.0,0.575,-0.0,15285.561919959995,0.0,0.1,-0.0,14505.976133578948
2115,2024-03-29,72.4,72.4,0.0,0.575,-0.0,15285.561919959995,2.0,0.575,-144.8,14361.176133578949
2116,2024-03-29,71.49,71.49,1.3684210526315792,0.9,-97.8284210526316,15187.733498907364,1.3684210526315792,0.9,-97.8284210526316,14263.347712526318
2117,2024-03-29,79.8,79.8,0.0,0.9,-0.0,15187.733498907364,0.0,0.9,-0.0,14263.347712526318
2118,2024-03-29,98.7,98.7,0.0,0.9,-0.0,15187.733498907364,0.0,0.9,-0.0,14263.347712526318
2119,2024-03-29,103.23,103.23,-1.2000000000000224,0.5842105263157835,123.87600000000232,15311.609498907366,-1.8,0.4263157894736842,185.81400000000002,14449.161712526318
2120,2024-03-29,106.0,106.0,-1.8399999999999774,0.1,195.0399999999976,15506.649498907364,-1.24,0.1,131.44,14580.601712526319
2121,2024-03-29,100.28,100.28,0.0,0.1,-0.0,15506.649498907364,0.0,0.1,-0.0,14580.601712526319
2122,2024-03-29,95.76176,95.76176,0.0,0.1,-0.0,15506.649498907364,0.0,0.1,-0.0,14580.601712526319
2123,2024-03-29,88.391,88.391,0.0,0.1,-0.0,15506.649498907364,0.0,0.1,-0.0,14580.601712526319
2124,2024-03-29,78.0,78.0,2.0,0.575,-156.0,15350.649498907364,2.0,0.575,-156.0,14424.601712526319
2125,2024-03-29,78.50346,78.50346,1.3684210526315792,0.9,-107.42578736842108,15243.223711538942,1.3684210526315792,0.9,-107.42578736842108,14317.175925157897
2126,2024-03-29,87.19296,87.19296,0.0,0.9,-0.0,15243.223711538942,0.0,0.9,-0.0,14317.175925157897
2127,2024-03-29,91.81673,91.81673,0.0,0.9,-0.0,15243.223711538942,0.0,0.9,-0.0,14317.175925157897
2128,2024-03-29,98.8,98.8,0.0,0.9,-0.0,15243.223711538942,0.0,0.9,-0.0,14317.175925157897
2129,2024-03-29,100.63,100.63,0.0,0.9,-0.0,15243.223711538942,0.0,0.9,-0.0,14317.175925157897
2130,2024-03-29,110.0,110.0,0.0,0.9,-0.0,15243.223711538942,-2.0,0.37368421052631584,220.0,14537.175925157897
2131,2024-03-29,116.29,116.29,-2.0,0.37368421052631584,232.58,15475.803711538942,-1.0400000000000003,0.1,120.94160000000004,14658.117525157897
2132,2024-03-29,110.05,110.05,-1.0400000000000003,0.1,114.45200000000003,15590.25571153894,0.0,0.1,-0.0,14658.117525157897
2133,2024-03-29,100.63,100.63,0.0,0.1,-0.0,15590.25571153894,0.0,0.1,-0.0,14658.117525157897
2134,2024-03-29,96.05,96.05,0.0,0.1,-0.0,15590.25571153894,0.0,0.1,-0.0,14658.117525157897
2135,2024-03-29,89.46,89.46,2.0,0.575,-178.92,15411.33571153894,0.0,0.1,-0.0,14658.117525157897
2136,2024-03-30,97.91,97.91,-1.805,0.1,176.72754999999998,15588.06326153894,0.0,0.1,-0.0,14658.117525157897
2137,2024-03-30,97.84,97.84,0.0,0.1,-0.0,15588.06326153894,0.0,0.1,-0.0,14658.117525157897
2138,2024-03-30,97.91,97.91,0.0,0.1,-0.0,15588.06326153894,0.0,0.1,-0.0,14658.117525157897
2139,2024-03-30,95.0,95.0,0.0,0.1,-0.0,15588.06326153894,0.0,0.1,-0.0,14658.117525157897
2140,2024-03-30,95.0,95.0,0.0,0.1,-0.0,15588.06326153894,0.0,0.1,-0.0,14658.117525157897
2141,2024-03-30,97.84,97.84,0.0,0.1,-0.0,15588.06326153894,0.0,0.1,-0.0,14658.117525157897
2142,2024-03-30,95.84,95.84,0.0,0.1,-0.0,15588.06326153894,0.0,0.1,-0.0,14658.117525157897
2143,2024-03-30,98.49,98.49,0.0,0.1,-0.0,15588.06326153894,0.0,0.1,-0.0,14658.117525157897
2144,2024-03-30,95.0,95.0,0.0,0.1,-0.0,15588.06326153894,0.0,0.1,-0.0,14658.117525157897
2145,2024-03-30,80.0,80.0,0.0,0.1,-0.0,15588.06326153894,0.0,0.1,-0.0,14658.117525157897
2146,2024-03-30,47.6512,47.6512,0.0,0.1,-0.0,15588.06326153894,0.0,0.1,-0.0,14658.117525157897
2147,2024-03-30,25.75411,25.75411,0.0,0.1,-0.0,15588.06326153894,0.0,0.1,-0.0,14658.117525157897
2148,2024-03-30,24.0618,24.0618,0.0,0.1,-0.0,15588.06326153894,0.0,0.1,-0.0,14658.117525157897
2149,2024-03-30,23.13211,23.13211,1.3684210526315976,0.4250000000000044,-31.654466315789907,15556.408795223151,2.0,0.575,-46.26422,14611.853305157898
2150,2024-03-30,11.39528,11.39528,1.9999999999999818,0.9,-22.790559999999793,15533.618235223152,1.3684210526315792,0.9,-15.593541052631581,14596.259764105267
2151,2024-03-30,24.70756,24.70756,0.0,0.9,-0.0,15533.618235223152,0.0,0.9,-0.0,14596.259764105267
2152,2024-03-30,68.0,68.0,0.0,0.9,-0.0,15533.618235223152,0.0,0.9,-0.0,14596.259764105267
2153,2024-03-30,91.46,91.46,0.0,0.9,-0.0,15533.618235223152,0.0,0.9,-0.0,14596.259764105267
2154,2024-03-30,95.0,95.0,0.0,0.9,-0.0,15533.618235223152,-2.0,0.37368421052631584,190.0,14786.259764105267
2155,2024-03-30,101.98,101.98,-2.0,0.37368421052631584,203.96,15737.57823522315,-1.0400000000000003,0.1,106.05920000000003,14892.318964105267
2156,2024-03-30,99.09,99.09,-1.0400000000000003,0.1,103.05360000000003,15840.63183522315,0.0,0.1,-0.0,14892.318964105267
2157,2024-03-30,95.0,95.0,0.0,0.1,-0.0,15840.63183522315,0.0,0.1,-0.0,14892.318964105267
2158,2024-03-30,95.0,95.0,0.0,0.1,-0.0,15840.63183522315,0.0,0.1,-0.0,14892.318964105267
2159,2024-03-30,89.45,89.45,2.0,0.575,-178.9,15661.73183522315,2.0,0.575,-178.9,14713.418964105267
2160,2024-03-31,93.77,93.77,0.0,0.575,-0.0,15661.73183522315,1.3684210526315792,0.9,-128.31684210526316,14585.102122000004
2161,2024-03-31,95.0,95.0,0.0,0.575,-0.0,15661.73183522315,0.0,0.9,-0.0,14585.102122000004
2162,2024-03-31,95.24,95.24,0.0,0.575,-0.0,15661.73183522315,0.0,0.9,-0.0,14585.102122000004
2163,2024-03-31,95.0,95.0,0.0,0.575,-0.0,15661.73183522315,0.0,0.9,-0.0,14585.102122000004
2164,2024-03-31,95.46,95.46,1.3684210526315792,0.9,-130.62947368421055,15531.10236153894,0.0,0.9,-0.0,14585.102122000004
2165,2024-03-31,95.52,95.52,0.0,0.9,-0.0,15531.10236153894,0.0,0.9,-0.0,14585.102122000004
2166,2024-03-31,96.38,96.38,-2.0,0.37368421052631584,192.76,15723.86236153894,0.0,0.9,-0.0,14585.102122000004
2167,2024-03-31,96.38,96.38,-1.0400000000000003,0.1,100.23520000000002,15824.09756153894,-2.0,0.37368421052631584,192.76,14777.862122000004
2168,2024-03-31,94.07,94.07,0.0,0.1,-0.0,15824.09756153894,-1.0400000000000003,0.1,97.83280000000002,14875.694922000004
2169,2024-03-31,91.02,91.02,0.0,0.1,-0.0,15824.09756153894,0.0,0.1,-0.0,14875.694922000004
2170,2024-03-31,74.99638,74.99638,0.0,0.1,-0.0,15824.09756153894,0.0,0.1,-0.0,14875.694922000004
2171,2024-03-31,50.56283,50.56283,0.0,0.1,-0.0,15824.09756153894,0.0,0.1,-0.0,14875.694922000004
2172,2024-03-31,32.78476,32.78476,0.0,0.1,-0.0,15824.09756153894,2.0,0.575,-65.56952,14810.125402000005
2173,2024-03-31,2.20053,2.20053,2.0,0.575,-4.40106,15819.69650153894,1.3684210526315792,0.9,-3.0112515789473693,14807.114150421057
2174,2024-03-31,8.88454,8.88454,1.3684210526315792,0.9,-12.15779157894737,15807.538709959992,0.0,0.9,-0.0,14807.114150421057
2175,2024-03-31,59.0,59.0,0.0,0.9,-0.0,15807.538709959992,0.0,0.9,-0.0,14807.114150421057
2176,2024-03-31,95.52,95.52,0.0,0.9,-0.0,15807.538709959992,0.0,0.9,-0.0,14807.114150421057
2177,2024-03-31,102.94,102.94,0.0,0.9,-0.0,15807.538709959992,0.0,0.9,-0.0,14807.114150421057
2178,2024-03-31,124.02,124.02,0.0,0.9,-0.0,15807.538709959992,-2.0,0.37368421052631584,248.04,15055.154150421058
2179,2024-03-31,134.9,134.9,-2.0,0.37368421052631584,269.8,16077.338709959991,-1.0400000000000003,0.1,140.29600000000005,15195.450150421058
2180,2024-03-31,127.34,127.34,-1.0400000000000003,0.1,132.43360000000004,16209.772309959992,0.0,0.1,-0.0,15195.450150421058
2181,2024-03-31,111.2,111.2,0.0,0.1,-0.0,16209.772309959992,0.0,0.1,-0.0,15195.450150421058
2182,2024-03-31,99.44,99.44,0.0,0.1,-0.0,16209.772309959992,0.0,0.1,-0.0,15195.450150421058
2183,2024-04-01,90.84,90.84,0.0,0.1,-0.0,16209.772309959992,0.0,0.1,-0.0,15195.450150421058
2184,2024-04-01,90.0,90.0,0.0,0.1,-0.0,16209.772309959992,0.0,0.1,-0.0,15195.450150421058
2185,2024-04-01,87.67,87.67,0.0,0.1,-0.0,16209.772309959992,0.0,0.1,-0.0,15195.450150421058
2186,2024-04-01,85.67,85.67,0.0,0.1,-0.0,16209.772309959992,0.0,0.1,-0.0,15195.450150421058
2187,2024-04-01,87.26,87.26,0.0,0.1,-0.0,16209.772309959992,2.0,0.575,-174.52,15020.930150421058
2188,2024-04-01,85.61,85.61,0.0,0.1,-0.0,16209.772309959992,1.3684210526315792,0.9,-117.15052631578949,14903.77962410527
2189,2024-04-01,87.61,87.61,0.0,0.1,-0.0,16209.772309959992,0.0,0.9,-0.0,14903.77962410527
2190,2024-04-01,87.67,87.67,0.0,0.1,-0.0,16209.772309959992,-2.0,0.37368421052631584,175.34,15079.11962410527
2191,2024-04-01,86.55,86.55,0.0,0.1,-0.0,16209.772309959992,-1.0400000000000003,0.1,90.01200000000001,15169.13162410527
2192,2024-04-01,87.07,87.07,0.0,0.1,-0.0,16209.772309959992,0.0,0.1,-0.0,15169.13162410527
2193,2024-04-01,71.35161,71.35161,0.0,0.1,-0.0,16209.772309959992,0.0,0.1,-0.0,15169.13162410527
2194,2024-04-01,41.51275,41.51275,0.0,0.1,-0.0,16209.772309959992,0.0,0.1,-0.0,15169.13162410527
2195,2024-04-01,18.74783,18.74783,0.0,0.1,-0.0,16209.772309959992,0.0,0.1,-0.0,15169.13162410527
2196,2024-04-01,0.71091,0.71091,2.0,0.575,-1.42182,16208.350489959992,2.0,0.575,-1.42182,15167.70980410527
2197,2024-04-01,3.09048,3.09048,1.3684210526315792,0.9,-4.229077894736843,16204.121412065255,1.3684210526315792,0.9,-4.229077894736843,15163.480726210533
2198,2024-04-01,4.12191,4.12191,0.0,0.9,-0.0,16204.121412065255,0.0,0.9,-0.0,15163.480726210533
2199,2024-04-01,29.23278,29.23278,0.0,0.9,-0.0,16204.121412065255,0.0,0.9,-0.0,15163.480726210533
2200,2024-04-01,83.30383,83.30383,0.0,0.9,-0.0,16204.121412065255,0.0,0.9,-0.0,15163.480726210533
2201,2024-04-01,88.7018,88.7018,-2.0,0.37368421052631584,177.4036,16381.525012065254,-2.0,0.37368421052631584,177.4036,15340.884326210533
2202,2024-04-01,90.08,90.08,-1.0400000000000003,0.1,93.68320000000003,16475.208212065256,-1.0400000000000003,0.1,93.68320000000003,15434.567526210532
2203,2024-04-01,90.38,90.38,0.0,0.1,-0.0,16475.208212065256,0.0,0.1,-0.0,15434.567526210532
2204,2024-04-01,80.18,80.18,0.0,0.1,-0.0,16475.208212065256,0.0,0.1,-0.0,15434.567526210532
2205,2024-04-01,78.61,78.61,0.0,0.1,-0.0,16475.208212065256,0.0,0.1,-0.0,15434.567526210532
2206,2024-04-01,77.9,77.9,0.0,0.1,-0.0,16475.208212065256,0.0,0.1,-0.0,15434.567526210532
2207,2024-04-02,65.29,65.29,0.0,0.1,-0.0,16475.208212065256,0.0,0.1,-0.0,15434.567526210532
2208,2024-04-02,65.86,65.86,0.0,0.1,-0.0,16475.208212065256,0.0,0.1,-0.0,15434.567526210532
2209,2024-04-02,60.0,60.0,0.0,0.1,-0.0,16475.208212065256,0.0,0.1,-0.0,15434.567526210532
2210,2024-04-02,46.13,46.13,2.0,0.575,-92.26,16382.948212065256,2.0,0.575,-92.26,15342.307526210532
2211,2024-04-02,50.0,50.0,1.3684210526315792,0.9,-68.42105263157896,16314.527159433677,1.3684210526315792,0.9,-68.42105263157896,15273.886473578954
2212,2024-04-02,69.95,69.95,0.0,0.9,-0.0,16314.527159433677,0.0,0.9,-0.0,15273.886473578954
2213,2024-04-02,87.6,87.6,0.0,0.9,-0.0,16314.527159433677,0.0,0.9,-0.0,15273.886473578954
2214,2024-04-02,95.0,95.0,-1.2000000019037997,0.5842105258147896,114.00000018086098,16428.52715961454,-2.0,0.37368421052631584,190.0,15463.886473578954
2215,2024-04-02,102.92,102.92,-1.8399999980962005,0.1,189.37279980406095,16617.8999594186,-1.0400000000000003,0.1,107.03680000000003,15570.923273578954
2216,2024-04-02,94.37,94.37,0.0,0.1,-0.0,16617.8999594186,0.0,0.1,-0.0,15570.923273578954
2217,2024-04-02,87.1,87.1,0.0,0.1,-0.0,16617.8999594186,0.0,0.1,-0.0,15570.923273578954
2218,2024-04-02,74.07,74.07,0.0,0.1,-0.0,16617.8999594186,0.0,0.1,-0.0,15570.923273578954
2219,2024-04-02,44.12234,44.12234,0.0,0.1,-0.0,16617.8999594186,0.0,0.1,-0.0,15570.923273578954
2220,2024-04-02,35.76733,35.76733,2.0,0.575,-71.53466,16546.365299418598,2.0,0.575,-71.53466,15499.388613578954
2221,2024-04-02,42.74096,42.74096,1.3684210526315792,0.9,-58.48762947368422,16487.87766994491,1.3684210526315792,0.9,-58.48762947368422,15440.90098410527
2222,2024-04-02,44.60227,44.60227,0.0,0.9,-0.0,16487.87766994491,0.0,0.9,-0.0,15440.90098410527
2223,2024-04-02,68.27,68.27,0.0,0.9,-0.0,16487.87766994491,0.0,0.9,-0.0,15440.90098410527
2224,2024-04-02,82.55,82.55,0.0,0.9,-0.0,16487.87766994491,0.0,0.9,-0.0,15440.90098410527
2225,2024-04-02,101.56,101.56,0.0,0.9,-0.0,16487.87766994491,0.0,0.9,-0.0,15440.90098410527
2226,2024-04-02,120.0,120.0,-2.0,0.37368421052631584,240.0,16727.87766994491,-2.0,0.37368421052631584,240.0,15680.90098410527
2227,2024-04-02,119.17,119.17,-1.0400000000000003,0.1,123.93680000000003,16851.81446994491,-1.0400000000000003,0.1,123.93680000000003,15804.83778410527
2228,2024-04-02,102.0,102.0,0.0,0.1,-0.0,16851.81446994491,0.0,0.1,-0.0,15804.83778410527
2229,2024-04-02,90.11,90.11,0.0,0.1,-0.0,16851.81446994491,0.0,0.1,-0.0,15804.83778410527
2230,2024-04-02,87.86,87.86,0.0,0.1,-0.0,16851.81446994491,0.0,0.1,-0.0,15804.83778410527
2231,2024-04-03,85.54,85.54,0.0,0.1,-0.0,16851.81446994491,0.0,0.1,-0.0,15804.83778410527
2232,2024-04-03,73.79,73.79,0.0,0.1,-0.0,16851.81446994491,0.0,0.1,-0.0,15804.83778410527
2233,2024-04-03,71.7,71.7,2.0,0.575,-143.4,16708.41446994491,2.0,0.575,-143.4,15661.43778410527
2234,2024-04-03,72.45,72.45,1.3684210526315792,0.9,-99.14210526315792,16609.27236468175,1.3684210526315792,0.9,-99.14210526315792,15562.295678842112
2235,2024-04-03,78.83,78.83,0.0,0.9,-0.0,16609.27236468175,0.0,0.9,-0.0,15562.295678842112
2236,2024-04-03,87.43,87.43,0.0,0.9,-0.0,16609.27236468175,0.0,0.9,-0.0,15562.295678842112
2237,2024-04-03,106.44,106.44,0.0,0.9,-0.0,16609.27236468175,0.0,0.9,-0.0,15562.295678842112
2238,2024-04-03,125.0,125.0,0.0,0.9,-0.0,16609.27236468175,0.0,0.9,-0.0,15562.295678842112
2239,2024-04-03,147.81851,147.81851,-2.0,0.37368421052631584,295.63702,16904.90938468175,-2.0,0.37368421052631584,295.63702,15857.932698842113
2240,2024-04-03,131.78038,131.78038,-1.0400000000000003,0.1,137.05159520000004,17041.960979881747,-1.0400000000000003,0.1,137.05159520000004,15994.984294042113
2241,2024-04-03,106.09278,106.09278,0.0,0.1,-0.0,17041.960979881747,0.0,0.1,-0.0,15994.984294042113
2242,2024-04-03,93.54367,93.54367,0.0,0.1,-0.0,17041.960979881747,0.0,0.1,-0.0,15994.984294042113
2243,2024-04-03,86.96,86.96,0.0,0.1,-0.0,17041.960979881747,0.0,0.1,-0.0,15994.984294042113
2244,2024-04-03,79.34013,79.34013,2.0,0.575,-158.68026,16883.280719881746,2.0,0.575,-158.68026,15836.304034042114
2245,2024-04-03,81.92348,81.92348,1.3684210526315792,0.9,-112.10581473684212,16771.174905144904,1.3684210526315792,0.9,-112.10581473684212,15724.198219305272
2246,2024-04-03,84.89456,84.89456,0.0,0.9,-0.0,16771.174905144904,0.0,0.9,-0.0,15724.198219305272
2247,2024-04-03,87.43,87.43,0.0,0.9,-0.0,16771.174905144904,0.0,0.9,-0.0,15724.198219305272
2248,2024-04-03,90.1,90.1,0.0,0.9,-0.0,16771.174905144904,0.0,0.9,-0.0,15724.198219305272
2249,2024-04-03,101.46029,101.46029,0.0,0.9,-0.0,16771.174905144904,0.0,0.9,-0.0,15724.198219305272
2250,2024-04-03,125.0,125.0,-2.0,0.37368421052631584,250.0,17021.174905144904,-2.0,0.37368421052631584,250.0,15974.198219305272
2251,2024-04-03,113.62,113.62,-1.0400000000000003,0.1,118.16480000000003,17139.339705144903,-1.0400000000000003,0.1,118.16480000000003,16092.363019305272
2252,2024-04-03,95.0,95.0,0.0,0.1,-0.0,17139.339705144903,0.0,0.1,-0.0,16092.363019305272
2253,2024-04-03,90.0,90.0,0.0,0.1,-0.0,17139.339705144903,0.0,0.1,-0.0,16092.363019305272
2254,2024-04-03,87.2,87.2,0.0,0.1,-0.0,17139.339705144903,0.0,0.1,-0.0,16092.363019305272
2255,2024-04-04,68.1,68.1,0.0,0.1,-0.0,17139.339705144903,0.0,0.1,-0.0,16092.363019305272
2256,2024-04-04,60.0,60.0,0.0,0.1,-0.0,17139.339705144903,0.0,0.1,-0.0,16092.363019305272
2257,2024-04-04,56.91,56.91,2.0,0.575,-113.82,17025.519705144903,2.0,0.575,-113.82,15978.543019305273
2258,2024-04-04,57.72,57.72,1.3684210526315792,0.9,-78.98526315789475,16946.53444198701,1.3684210526315792,0.9,-78.98526315789475,15899.557756147378
2259,2024-04-04,61.95,61.95,0.0,0.9,-0.0,16946.53444198701,0.0,0.9,-0.0,15899.557756147378
2260,2024-04-04,70.59,70.59,0.0,0.9,-0.0,16946.53444198701,0.0,0.9,-0.0,15899.557756147378
2261,2024-04-04,87.86,87.86,0.0,0.9,-0.0,16946.53444198701,0.0,0.9,-0.0,15899.557756147378
2262,2024-04-04,94.75,94.75,-1.1999999976080538,0.584210526945249,113.69999977336309,17060.23444176037,-2.0,0.37368421052631584,189.5,16089.057756147378
2263,2024-04-04,105.21,105.21,-1.8400000023919463,0.1,193.58640025165667,17253.820842012028,-1.0400000000000003,0.1,109.41840000000002,16198.476156147379
2264,2024-04-04,91.64446,91.64446,0.0,0.1,-0.0,17253.820842012028,0.0,0.1,-0.0,16198.476156147379
2265,2024-04-04,81.65,81.65,0.0,0.1,-0.0,17253.820842012028,0.0,0.1,-0.0,16198.476156147379
2266,2024-04-04,69.0,69.0,0.0,0.1,-0.0,17253.820842012028,0.0,0.1,-0.0,16198.476156147379
2267,2024-04-04,51.92593,51.92593,1.368422277864567,0.42500029099283465,-71.05659941083606,17182.76424260119,2.0,0.575,-103.85186,16094.624296147378
2268,2024-04-04,50.59463,50.59463,1.9999987747670123,0.9,-101.18919800979033,17081.575044591402,1.3684210526315792,0.9,-69.23475684210528,16025.389539305274
2269,2024-04-04,58.99364,58.99364,0.0,0.9,-0.0,17081.575044591402,0.0,0.9,-0.0,16025.389539305274
2270,2024-04-04,69.18,69.18,0.0,0.9,-0.0,17081.575044591402,0.0,0.9,-0.0,16025.389539305274
2271,2024-04-04,78.0,78.0,0.0,0.9,-0.0,17081.575044591402,0.0,0.9,-0.0,16025.389539305274
2272,2024-04-04,84.18,84.18,0.0,0.9,-0.0,17081.575044591402,0.0,0.9,-0.0,16025.389539305274
2273,2024-04-04,92.7,92.7,0.0,0.9,-0.0,17081.575044591402,0.0,0.9,-0.0,16025.389539305274
2274,2024-04-04,110.0,110.0,-2.0,0.37368421052631584,220.0,17301.575044591402,-2.0,0.37368421052631584,220.0,16245.389539305274
2275,2024-04-04,101.03,101.03,-1.0400000000000003,0.1,105.07120000000003,17406.6462445914,-1.0400000000000003,0.1,105.07120000000003,16350.460739305274
2276,2024-04-04,92.7,92.7,0.0,0.1,-0.0,17406.6462445914,0.0,0.1,-0.0,16350.460739305274
2277,2024-04-04,88.06,88.06,0.0,0.1,-0.0,17406.6462445914,0.0,0.1,-0.0,16350.460739305274
2278,2024-04-04,87.0,87.0,0.0,0.1,-0.0,17406.6462445914,0.0,0.1,-0.0,16350.460739305274
2279,2024-04-05,77.46,77.46,0.0,0.1,-0.0,17406.6462445914,0.0,0.1,-0.0,16350.460739305274
2280,2024-04-05,70.7,70.7,0.0,0.1,-0.0,17406.6462445914,0.0,0.1,-0.0,16350.460739305274
2281,2024-04-05,69.25,69.25,0.0,0.1,-0.0,17406.6462445914,0.0,0.1,-0.0,16350.460739305274
2282,2024-04-05,68.42,68.42,1.3684210545783042,0.4250000004623472,-93.62736855424758,17313.018876037153,2.0,0.575,-136.84,16213.620739305274
2283,2024-04-05,67.8,67.8,1.9999999980532752,0.9,-135.59999986801205,17177.41887616914,1.3684210526315792,0.9,-92.77894736842107,16120.841791936853
2284,2024-04-05,77.3,77.3,0.0,0.9,-0.0,17177.41887616914,0.0,0.9,-0.0,16120.841791936853
2285,2024-04-05,88.71,88.71,0.0,0.9,-0.0,17177.41887616914,0.0,0.9,-0.0,16120.841791936853
2286,2024-04-05,95.0,95.0,-1.2000000000000015,0.5842105263157891,114.00000000000014,17291.41887616914,-2.0,0.37368421052631584,190.0,16310.841791936853
2287,2024-04-05,104.3,104.3,-1.8399999999999985,0.1,191.91199999999984,17483.33087616914,-1.0400000000000003,0.1,108.47200000000002,16419.313791936853
2288,2024-04-05,87.58,87.58,0.0,0.1,-0.0,17483.33087616914,0.0,0.1,-0.0,16419.313791936853
2289,2024-04-05,79.3,79.3,0.0,0.1,-0.0,17483.33087616914,0.0,0.1,-0.0,16419.313791936853
2290,2024-04-05,65.23,65.23,0.0,0.1,-0.0,17483.33087616914,0.0,0.1,-0.0,16419.313791936853
2291,2024-04-05,50.0,50.0,2.0,0.575,-100.0,17383.33087616914,2.0,0.575,-100.0,16319.313791936853
2292,2024-04-05,50.0,50.0,1.3684210526315792,0.9,-68.42105263157896,17314.90982353756,1.3684210526315792,0.9,-68.42105263157896,16250.892739305275
2293,2024-04-05,54.75,54.75,0.0,0.9,-0.0,17314.90982353756,0.0,0.9,-0.0,16250.892739305275
2294,2024-04-05,61.97,61.97,0.0,0.9,-0.0,17314.90982353756,0.0,0.9,-0.0,16250.892739305275
2295,2024-04-05,75.7,75.7,0.0,0.9,-0.0,17314.90982353756,0.0,0.9,-0.0,16250.892739305275
2296,2024-04-05,84.45,84.45,0.0,0.9,-0.0,17314.90982353756,0.0,0.9,-0.0,16250.892739305275
2297,2024-04-05,91.31,91.31,0.0,0.9,-0.0,17314.90982353756,0.0,0.9,-0.0,16250.892739305275
2298,2024-04-05,105.42,105.42,0.0,0.9,-0.0,17314.90982353756,-2.0,0.37368421052631584,210.84,16461.732739305273
2299,2024-04-05,105.42504,105.42504,-2.0,0.37368421052631584,210.85008,17525.75990353756,-1.0400000000000003,0.1,109.64204160000003,16571.374780905273
2300,2024-04-05,90.61261,90.61261,-1.0400000000000003,0.1,94.23711440000002,17619.99701793756,0.0,0.1,-0.0,16571.374780905273
2301,2024-04-05,86.52,86.52,0.0,0.1,-0.0,17619.99701793756,0.0,0.1,-0.0,16571.374780905273
2302,2024-04-05,85.02421,85.02421,0.0,0.1,-0.0,17619.99701793756,0.0,0.1,-0.0,16571.374780905273
2303,2024-04-06,83.74,83.74,0.0,0.1,-0.0,17619.99701793756,0.0,0.1,-0.0,16571.374780905273
2304,2024-04-06,83.55,83.55,0.0,0.1,-0.0,17619.99701793756,0.0,0.1,-0.0,16571.374780905273
2305,2024-04-06,82.8,82.8,0.0,0.1,-0.0,17619.99701793756,0.0,0.1,-0.0,16571.374780905273
2306,2024-04-06,81.46,81.46,1.3599745186830061,0.4229939481872139,-110.78352429191767,17509.213493645642,0.0,0.1,-0.0,16571.374780905273
2307,2024-04-06,80.90811,80.90811,2.0,0.8979939481872139,-161.81622,17347.39727364564,0.0,0.1,-0.0,16571.374780905273
2308,2024-04-06,82.1,82.1,0.0,0.8979939481872139,-0.0,17347.39727364564,0.0,0.1,-0.0,16571.374780905273
2309,2024-04-06,84.51,84.51,-1.1919801403393802,0.584314963887377,100.73424166008103,17448.131515305722,0.0,0.1,-0.0,16571.374780905273
2310,2024-04-06,89.46,89.46,-1.8403968627720326,0.1,164.64190334358602,17612.773418649307,0.0,0.1,-0.0,16571.374780905273
2311,2024-04-06,83.68,83.68,0.0,0.1,-0.0,17612.773418649307,0.0,0.1,-0.0,16571.374780905273
2312,2024-04-06,71.07,71.07,0.0,0.1,-0.0,17612.773418649307,0.0,0.1,-0.0,16571.374780905273
2313,2024-04-06,50.0,50.0,2.0,0.575,-100.0,17512.773418649307,0.0,0.1,-0.0,16571.374780905273
2314,2024-04-06,54.52,54.52,0.10526243579830473,0.5999998285020973,-5.738907999723574,17507.034510649584,0.0,0.1,-0.0,16571.374780905273
2315,2024-04-06,60.0,60.0,-1.8999993483079698,0.1,113.9999608984782,17621.034471548064,0.0,0.1,-0.0,16571.374780905273
2316,2024-04-06,45.5,45.5,0.0,0.1,-0.0,17621.034471548064,0.0,0.1,-0.0,16571.374780905273
2317,2024-04-06,36.44,36.44,1.368421053080731,0.4250000001066736,-49.865263174261834,17571.1692083738,2.0,0.575,-72.88,16498.494780905272
2318,2024-04-06,29.6,29.6,1.9999999995508482,0.9,-59.19999998670511,17511.969208387098,1.3684210526315792,0.9,-40.505263157894746,16457.989517747377
2319,2024-04-06,39.0,39.0,0.0,0.9,-0.0,17511.969208387098,0.0,0.9,-0.0,16457.989517747377
2320,2024-04-06,64.77,64.77,0.0,0.9,-0.0,17511.969208387098,0.0,0.9,-0.0,16457.989517747377
2321,2024-04-06,83.86,83.86,0.0,0.9,-0.0,17511.969208387098,0.0,0.9,-0.0,16457.989517747377
2322,2024-04-06,93.87798,93.87798,-2.0,0.37368421052631584,187.75596,17699.725168387096,-2.0,0.37368421052631584,187.75596,16645.745477747376
2323,2024-04-06,98.24949,98.24949,-1.0400000000000003,0.1,102.17946960000002,17801.904637987096,-1.0400000000000003,0.1,102.17946960000002,16747.924947347376
2324,2024-04-06,91.32,91.32,0.0,0.1,-0.0,17801.904637987096,0.0,0.1,-0.0,16747.924947347376
2325,2024-04-06,83.95528,83.95528,0.0,0.1,-0.0,17801.904637987096,0.0,0.1,-0.0,16747.924947347376
2326,2024-04-06,83.55,83.55,0.0,0.1,-0.0,17801.904637987096,0.0,0.1,-0.0,16747.924947347376
2327,2024-04-07,83.5,83.5,0.0,0.1,-0.0,17801.904637987096,0.0,0.1,-0.0,16747.924947347376
2328,2024-04-07,80.46,80.46,0.0,0.1,-0.0,17801.904637987096,0.0,0.1,-0.0,16747.924947347376
2329,2024-04-07,78.7,78.7,0.0,0.1,-0.0,17801.904637987096,0.0,0.1,-0.0,16747.924947347376
2330,2024-04-07,72.44,72.44,0.0,0.1,-0.0,17801.904637987096,0.0,0.1,-0.0,16747.924947347376
2331,2024-04-07,70.1,70.1,0.0,0.1,-0.0,17801.904637987096,0.0,0.1,-0.0,16747.924947347376
2332,2024-04-07,70.1,70.1,2.0,0.575,-140.2,17661.704637987095,0.0,0.1,-0.0,16747.924947347376
2333,2024-04-07,75.0,75.0,-1.805,0.1,135.375,17797.079637987095,0.0,0.1,-0.0,16747.924947347376
2334,2024-04-07,69.46,69.46,0.0,0.1,-0.0,17797.079637987095,0.0,0.1,-0.0,16747.924947347376
2335,2024-04-07,63.68,63.68,2.0,0.575,-127.36,17669.719637987095,0.0,0.1,-0.0,16747.924947347376
2336,2024-04-07,75.61,75.61,-1.805,0.1,136.47605,17806.195687987096,0.0,0.1,-0.0,16747.924947347376
2337,2024-04-07,37.0,37.0,0.0,0.1,-0.0,17806.195687987096,0.0,0.1,-0.0,16747.924947347376
2338,2024-04-07,30.0,30.0,0.0,0.1,-0.0,17806.195687987096,0.0,0.1,-0.0,16747.924947347376
2339,2024-04-07,7.01,7.01,0.0,0.1,-0.0,17806.195687987096,0.0,0.1,-0.0,16747.924947347376
2340,2024-04-07,0.1,0.1,2.0,0.575,-0.2,17805.995687987095,2.0,0.575,-0.2,16747.724947347375
2341,2024-04-07,1.0,1.0,1.3684210526315792,0.9,-1.3684210526315792,17804.627266934465,1.3684210526315792,0.9,-1.3684210526315792,16746.356526294745
2342,2024-04-07,4.54,4.54,0.0,0.9,-0.0,17804.627266934465,0.0,0.9,-0.0,16746.356526294745
2343,2024-04-07,37.0,37.0,0.0,0.9,-0.0,17804.627266934465,0.0,0.9,-0.0,16746.356526294745
2344,2024-04-07,62.1,62.1,0.0,0.9,-0.0,17804.627266934465,0.0,0.9,-0.0,16746.356526294745
2345,2024-04-07,87.0,87.0,0.0,0.9,-0.0,17804.627266934465,0.0,0.9,-0.0,16746.356526294745
2346,2024-04-07,98.69,98.69,-2.0,0.37368421052631584,197.38,18002.007266934466,-2.0,0.37368421052631584,197.38,16943.736526294746
2347,2024-04-07,100.85,100.85,-1.0400000000000003,0.1,104.88400000000001,18106.891266934465,-1.0400000000000003,0.1,104.88400000000001,17048.620526294748
2348,2024-04-07,85.85,85.85,0.0,0.1,-0.0,18106.891266934465,0.0,0.1,-0.0,17048.620526294748
2349,2024-04-07,85.48,85.48,0.0,0.1,-0.0,18106.891266934465,0.0,0.1,-0.0,17048.620526294748
2350,2024-04-07,80.46,80.46,0.0,0.1,-0.0,18106.891266934465,0.0,0.1,-0.0,17048.620526294748
2351,2024-04-08,69.74,69.74,0.0,0.1,-0.0,18106.891266934465,0.0,0.1,-0.0,17048.620526294748
2352,2024-04-08,65.27404,65.27404,0.0,0.1,-0.0,18106.891266934465,0.0,0.1,-0.0,17048.620526294748
2353,2024-04-08,62.40925,62.40925,2.0,0.575,-124.8185,17982.072766934463,2.0,0.575,-124.8185,16923.802026294747
2354,2024-04-08,64.18852,64.18852,1.3684210526315792,0.9,-87.83692210526317,17894.2358448292,1.3684210526315792,0.9,-87.83692210526317,16835.965104189483
2355,2024-04-08,67.66,67.66,0.0,0.9,-0.0,17894.2358448292,0.0,0.9,-0.0,16835.965104189483
2356,2024-04-08,74.94,74.94,0.0,0.9,-0.0,17894.2358448292,0.0,0.9,-0.0,16835.965104189483
2357,2024-04-08,90.1,90.1,0.0,0.9,-0.0,17894.2358448292,0.0,0.9,-0.0,16835.965104189483
2358,2024-04-08,121.8,121.8,-2.0,0.37368421052631584,243.6,18137.8358448292,-2.0,0.37368421052631584,243.6,17079.56510418948
2359,2024-04-08,112.99,112.99,-1.0400000000000003,0.1,117.50960000000002,18255.3454448292,-1.0400000000000003,0.1,117.50960000000002,17197.074704189483
2360,2024-04-08,88.73,88.73,0.0,0.1,-0.0,18255.3454448292,0.0,0.1,-0.0,17197.074704189483
2361,2024-04-08,75.6,75.6,0.0,0.1,-0.0,18255.3454448292,0.0,0.1,-0.0,17197.074704189483
2362,2024-04-08,59.45,59.45,0.0,0.1,-0.0,18255.3454448292,0.0,0.1,-0.0,17197.074704189483
2363,2024-04-08,29.99,29.99,2.0,0.575,-59.98,18195.3654448292,2.0,0.575,-59.98,17137.094704189483
2364,2024-04-08,27.43,27.43,1.3684210526315792,0.9,-37.53578947368422,18157.829655355516,1.3684210526315792,0.9,-37.53578947368422,17099.5589147158
2365,2024-04-08,46.8,46.8,0.0,0.9,-0.0,18157.829655355516,0.0,0.9,-0.0,17099.5589147158
2366,2024-04-08,57.9,57.9,0.0,0.9,-0.0,18157.829655355516,0.0,0.9,-0.0,17099.5589147158
2367,2024-04-08,70.0,70.0,0.0,0.9,-0.0,18157.829655355516,0.0,0.9,-0.0,17099.5589147158
2368,2024-04-08,80.46,80.46,0.0,0.9,-0.0,18157.829655355516,0.0,0.9,-0.0,17099.5589147158
2369,2024-04-08,92.54,92.54,0.0,0.9,-0.0,18157.829655355516,0.0,0.9,-0.0,17099.5589147158
2370,2024-04-08,121.75,121.75,-2.0,0.37368421052631584,243.5,18401.329655355516,-2.0,0.37368421052631584,243.5,17343.0589147158
2371,2024-04-08,120.0,120.0,-1.0400000000000003,0.1,124.80000000000003,18526.129655355515,-1.0400000000000003,0.1,124.80000000000003,17467.858914715798
2372,2024-04-08,97.88,97.88,0.0,0.1,-0.0,18526.129655355515,0.0,0.1,-0.0,17467.858914715798
2373,2024-04-08,90.0,90.0,0.0,0.1,-0.0,18526.129655355515,0.0,0.1,-0.0,17467.858914715798
2374,2024-04-08,86.23,86.23,0.0,0.1,-0.0,18526.129655355515,0.0,0.1,-0.0,17467.858914715798
2375,2024-04-09,75.77821,75.77821,0.0,0.1,-0.0,18526.129655355515,0.0,0.1,-0.0,17467.858914715798
2376,2024-04-09,69.5,69.5,0.0,0.1,-0.0,18526.129655355515,0.0,0.1,-0.0,17467.858914715798
2377,2024-04-09,63.87,63.87,1.3684210536289625,0.42500000023687856,-87.40105269528183,18438.728602660234,2.0,0.575,-127.74,17340.118914715797
2378,2024-04-09,64.28,64.28,1.9999999990026167,0.9,-128.55999993588821,18310.168602724345,1.3684210526315792,0.9,-87.96210526315791,17252.156809452637
2379,2024-04-09,63.5,63.5,0.0,0.9,-0.0,18310.168602724345,0.0,0.9,-0.0,17252.156809452637
2380,2024-04-09,73.24,73.24,0.0,0.9,-0.0,18310.168602724345,0.0,0.9,-0.0,17252.156809452637
2381,2024-04-09,89.09,89.09,0.0,0.9,-0.0,18310.168602724345,0.0,0.9,-0.0,17252.156809452637
2382,2024-04-09,102.0,102.0,-1.2000000000069184,0.5842105263139689,122.40000000070567,18432.568602725052,-2.0,0.37368421052631584,204.0,17456.156809452637
2383,2024-04-09,117.76,117.76,-1.8399999999930816,0.1,216.6783999991853,18649.247002724238,-1.0400000000000003,0.1,122.47040000000004,17578.627209452636
2384,2024-04-09,90.1,90.1,0.0,0.1,-0.0,18649.247002724238,0.0,0.1,-0.0,17578.627209452636
2385,2024-04-09,86.23,86.23,0.0,0.1,-0.0,18649.247002724238,0.0,0.1,-0.0,17578.627209452636
2386,2024-04-09,76.4,76.4,0.0,0.1,-0.0,18649.247002724238,0.0,0.1,-0.0,17578.627209452636
2387,2024-04-09,53.0,53.0,1.147836353946578,0.3726111340623123,-60.83532675916863,18588.411675965068,0.0,0.1,-0.0,17578.627209452636
2388,2024-04-09,50.0,50.0,2.0,0.8476111340623123,-100.0,18488.411675965068,2.0,0.575,-100.0,17478.627209452636
2389,2024-04-09,53.0,53.0,0.22058469868500113,0.9,-11.69098903030506,18476.72068693476,1.3684210526315792,0.9,-72.5263157894737,17406.100893663162
2390,2024-04-09,61.0,61.0,0.0,0.9,-0.0,18476.72068693476,0.0,0.9,-0.0,17406.100893663162
2391,2024-04-09,78.71,78.71,0.0,0.9,-0.0,18476.72068693476,0.0,0.9,-0.0,17406.100893663162
2392,2024-04-09,80.7,80.7,0.0,0.9,-0.0,18476.72068693476,0.0,0.9,-0.0,17406.100893663162
2393,2024-04-09,90.0,90.0,0.0,0.9,-0.0,18476.72068693476,0.0,0.9,-0.0,17406.100893663162
2394,2024-04-09,105.13,105.13,-2.0,0.37368421052631584,210.26,18686.98068693476,-2.0,0.37368421052631584,210.26,17616.36089366316
2395,2024-04-09,104.22,104.22,-1.0400000000000003,0.1,108.38880000000003,18795.36948693476,-1.0400000000000003,0.1,108.38880000000003,17724.74969366316
2396,2024-04-09,90.0,90.0,0.0,0.1,-0.0,18795.36948693476,0.0,0.1,-0.0,17724.74969366316
2397,2024-04-09,85.02,85.02,0.0,0.1,-0.0,18795.36948693476,0.0,0.1,-0.0,17724.74969366316
2398,2024-04-09,78.34,78.34,0.0,0.1,-0.0,18795.36948693476,0.0,0.1,-0.0,17724.74969366316
2399,2024-04-10,71.9,71.9,0.0,0.1,-0.0,18795.36948693476,0.0,0.1,-0.0,17724.74969366316
2400,2024-04-10,63.22,63.22,0.0,0.1,-0.0,18795.36948693476,0.0,0.1,-0.0,17724.74969366316
2401,2024-04-10,58.55,58.55,0.0,0.1,-0.0,18795.36948693476,0.0,0.1,-0.0,17724.74969366316
2402,2024-04-10,55.4,55.4,2.0,0.575,-110.8,18684.56948693476,2.0,0.575,-110.8,17613.949693663162
2403,2024-04-10,56.5,56.5,1.3684210526315792,0.9,-77.31578947368422,18607.253697461078,1.3684210526315792,0.9,-77.31578947368422,17536.63390418948
2404,2024-04-10,61.68,61.68,0.0,0.9,-0.0,18607.253697461078,0.0,0.9,-0.0,17536.63390418948
2405,2024-04-10,87.87,87.87,0.0,0.9,-0.0,18607.253697461078,0.0,0.9,-0.0,17536.63390418948
2406,2024-04-10,107.55,107.55,0.0,0.9,-0.0,18607.253697461078,0.0,0.9,-0.0,17536.63390418948
2407,2024-04-10,125.0,125.0,-2.0,0.37368421052631584,250.0,18857.253697461078,-2.0,0.37368421052631584,250.0,17786.63390418948
2408,2024-04-10,118.86396,118.86396,-1.0400000000000003,0.1,123.61851840000004,18980.872215861076,-1.0400000000000003,0.1,123.61851840000004,17910.252422589478
2409,2024-04-10,99.97727,99.97727,0.0,0.1,-0.0,18980.872215861076,0.0,0.1,-0.0,17910.252422589478
2410,2024-04-10,88.54648,88.54648,0.0,0.1,-0.0,18980.872215861076,0.0,0.1,-0.0,17910.252422589478
2411,2024-04-10,70.9354,70.9354,0.0,0.1,-0.0,18980.872215861076,0.0,0.1,-0.0,17910.252422589478
2412,2024-04-10,58.79378,58.79378,2.0,0.575,-117.58756,18863.284655861076,2.0,0.575,-117.58756,17792.664862589478
2413,2024-04-10,70.0,70.0,1.3684210526315792,0.9,-95.78947368421055,18767.495182176866,1.3684210526315792,0.9,-95.78947368421055,17696.875388905268
2414,2024-04-10,77.19,77.19,0.0,0.9,-0.0,18767.495182176866,0.0,0.9,-0.0,17696.875388905268
2415,2024-04-10,84.65637,84.65637,0.0,0.9,-0.0,18767.495182176866,0.0,0.9,-0.0,17696.875388905268
2416,2024-04-10,82.74128,82.74128,0.0,0.9,-0.0,18767.495182176866,0.0,0.9,-0.0,17696.875388905268
2417,2024-04-10,93.98023,93.98023,0.0,0.9,-0.0,18767.495182176866,0.0,0.9,-0.0,17696.875388905268
2418,2024-04-10,134.84,134.84,-2.0,0.37368421052631584,269.68,19037.175182176867,-2.0,0.37368421052631584,269.68,17966.555388905268
2419,2024-04-10,134.22,134.22,-1.0400000000000003,0.1,139.58880000000002,19176.763982176868,-1.0400000000000003,0.1,139.58880000000002,18106.14418890527
2420,2024-04-10,106.48344,106.48344,0.0,0.1,-0.0,19176.763982176868,0.0,0.1,-0.0,18106.14418890527
2421,2024-04-10,90.1,90.1,0.0,0.1,-0.0,19176.763982176868,0.0,0.1,-0.0,18106.14418890527
2422,2024-04-10,86.35,86.35,0.0,0.1,-0.0,19176.763982176868,0.0,0.1,-0.0,18106.14418890527
2423,2024-04-11,80.0,80.0,0.0,0.1,-0.0,19176.763982176868,0.0,0.1,-0.0,18106.14418890527
2424,2024-04-11,79.08,79.08,0.0,0.1,-0.0,19176.763982176868,0.0,0.1,-0.0,18106.14418890527
2425,2024-04-11,70.0,70.0,0.0,0.1,-0.0,19176.763982176868,2.0,0.575,-140.0,17966.14418890527
2426,2024-04-11,70.0,70.0,0.0,0.1,-0.0,19176.763982176868,1.3684210526315792,0.9,-95.78947368421055,17870.35471522106
2427,2024-04-11,67.3,67.3,2.0,0.575,-134.6,19042.16398217687,0.0,0.9,-0.0,17870.35471522106
2428,2024-04-11,75.29,75.29,1.3684210526315792,0.9,-103.0284210526316,18939.135561124236,0.0,0.9,-0.0,17870.35471522106
2429,2024-04-11,92.55,92.55,0.0,0.9,-0.0,18939.135561124236,0.0,0.9,-0.0,17870.35471522106
2430,2024-04-11,118.0,118.0,-2.0,0.37368421052631584,236.0,19175.135561124236,-2.0,0.37368421052631584,236.0,18106.35471522106
2431,2024-04-11,126.0,126.0,-1.0400000000000003,0.1,131.04000000000002,19306.175561124237,-1.0400000000000003,0.1,131.04000000000002,18237.39471522106
2432,2024-04-11,95.46,95.46,0.0,0.1,-0.0,19306.175561124237,0.0,0.1,-0.0,18237.39471522106
2433,2024-04-11,84.92,84.92,0.0,0.1,-0.0,19306.175561124237,0.0,0.1,-0.0,18237.39471522106
2434,2024-04-11,67.3,67.3,0.0,0.1,-0.0,19306.175561124237,0.0,0.1,-0.0,18237.39471522106
2435,2024-04-11,31.0,31.0,2.0,0.575,-62.0,19244.175561124237,0.0,0.1,-0.0,18237.39471522106
2436,2024-04-11,30.0,30.0,1.3684210526315792,0.9,-41.05263157894738,19203.12292954529,2.0,0.575,-60.0,18177.39471522106
2437,2024-04-11,35.85,35.85,0.0,0.9,-0.0,19203.12292954529,1.3684210526315792,0.9,-49.057894736842115,18128.33682048422
2438,2024-04-11,45.0,45.0,0.0,0.9,-0.0,19203.12292954529,0.0,0.9,-0.0,18128.33682048422
2439,2024-04-11,50.15014,50.15014,0.0,0.9,-0.0,19203.12292954529,0.0,0.9,-0.0,18128.33682048422
2440,2024-04-11,71.99,71.99,0.0,0.9,-0.0,19203.12292954529,0.0,0.9,-0.0,18128.33682048422
2441,2024-04-11,88.81,88.81,0.0,0.9,-0.0,19203.12292954529,0.0,0.9,-0.0,18128.33682048422
2442,2024-04-11,119.97086,119.97086,-1.19000131049189,0.586841760396871,142.76548062083907,19345.888410166128,-2.0,0.37368421052631584,239.94172,18368.278540484218
2443,2024-04-11,126.0,126.0,-1.8499986895081098,0.1,233.09983487802182,19578.98824504415,-1.0400000000000003,0.1,131.04000000000002,18499.31854048422
2444,2024-04-11,94.98,94.98,0.0,0.1,-0.0,19578.98824504415,0.0,0.1,-0.0,18499.31854048422
2445,2024-04-11,89.39,89.39,0.0,0.1,-0.0,19578.98824504415,0.0,0.1,-0.0,18499.31854048422
2446,2024-04-11,85.0,85.0,0.0,0.1,-0.0,19578.98824504415,0.0,0.1,-0.0,18499.31854048422
2447,2024-04-12,76.27,76.27,0.0,0.1,-0.0,19578.98824504415,0.0,0.1,-0.0,18499.31854048422
2448,2024-04-12,65.2,65.2,0.0,0.1,-0.0,19578.98824504415,0.0,0.1,-0.0,18499.31854048422
2449,2024-04-12,61.1,61.1,1.3684221688196103,0.4250002650946575,-83.61059451487819,19495.377650529274,2.0,0.575,-122.2,18377.118540484218
2450,2024-04-12,60.00063,60.00063,1.9999988838119687,0.9,-120.00119302801492,19375.376457501257,1.3684210526315792,0.9,-82.1061252631579,18295.01241522106
2451,2024-04-12,63.73,63.73,0.0,0.9,-0.0,19375.376457501257,0.0,0.9,-0.0,18295.01241522106
2452,2024-04-12,72.76403,72.76403,0.0,0.9,-0.0,19375.376457501257,0.0,0.9,-0.0,18295.01241522106
2453,2024-04-12,94.89,94.89,0.0,0.9,-0.0,19375.376457501257,0.0,0.9,-0.0,18295.01241522106
2454,2024-04-12,119.33,119.33,-1.2000000000503155,0.5842105263025485,143.19600000600414,19518.57245750726,-2.0,0.37368421052631584,238.66,18533.67241522106
2455,2024-04-12,127.1,127.1,-1.8399999999496846,0.1,233.8639999936049,19752.436457500866,-1.0400000000000003,0.1,132.18400000000003,18665.85641522106
2456,2024-04-12,90.1,90.1,0.0,0.1,-0.0,19752.436457500866,0.0,0.1,-0.0,18665.85641522106
2457,2024-04-12,70.74,70.74,0.0,0.1,-0.0,19752.436457500866,0.0,0.1,-0.0,18665.85641522106
2458,2024-04-12,40.0,40.0,0.0,0.1,-0.0,19752.436457500866,0.0,0.1,-0.0,18665.85641522106
2459,2024-04-12,33.13,33.13,0.0,0.1,-0.0,19752.436457500866,0.0,0.1,-0.0,18665.85641522106
2460,2024-04-12,24.88,24.88,2.0,0.575,-49.76,19702.676457500867,2.0,0.575,-49.76,18616.09641522106
2461,2024-04-12,32.8,32.8,1.3684210526315792,0.9,-44.8842105263158,19657.79224697455,1.3684210526315792,0.9,-44.8842105263158,18571.212204694744
2462,2024-04-12,38.17,38.17,0.0,0.9,-0.0,19657.79224697455,0.0,0.9,-0.0,18571.212204694744
2463,2024-04-12,39.16,39.16,0.0,0.9,-0.0,19657.79224697455,0.0,0.9,-0.0,18571.212204694744
2464,2024-04-12,69.74,69.74,0.0,0.9,-0.0,19657.79224697455,0.0,0.9,-0.0,18571.212204694744
2465,2024-04-12,91.1,91.1,0.0,0.9,-0.0,19657.79224697455,0.0,0.9,-0.0,18571.212204694744
2466,2024-04-12,125.6,125.6,-2.0,0.37368421052631584,251.2,19908.99224697455,-2.0,0.37368421052631584,251.2,18822.412204694745
2467,2024-04-12,130.2,130.2,-1.0400000000000003,0.1,135.40800000000002,20044.40024697455,-1.0400000000000003,0.1,135.40800000000002,18957.820204694744
2468,2024-04-12,98.51,98.51,0.0,0.1,-0.0,20044.40024697455,0.0,0.1,-0.0,18957.820204694744
2469,2024-04-12,90.74,90.74,0.0,0.1,-0.0,20044.40024697455,0.0,0.1,-0.0,18957.820204694744
2470,2024-04-12,88.0,88.0,0.0,0.1,-0.0,20044.40024697455,0.0,0.1,-0.0,18957.820204694744
2471,2024-04-13,90.65,90.65,0.0,0.1,-0.0,20044.40024697455,0.0,0.1,-0.0,18957.820204694744
2472,2024-04-13,85.98,85.98,0.0,0.1,-0.0,20044.40024697455,0.0,0.1,-0.0,18957.820204694744
2473,2024-04-13,71.1,71.1,0.0,0.1,-0.0,20044.40024697455,0.0,0.1,-0.0,18957.820204694744
2474,2024-04-13,70.83,70.83,2.0,0.575,-141.66,19902.74024697455,2.0,0.575,-141.66,18816.160204694745
2475,2024-04-13,71.0,71.0,1.3684210526315792,0.9,-97.15789473684212,19805.582352237707,1.3684210526315792,0.9,-97.15789473684212,18719.0023099579
2476,2024-04-13,72.02,72.02,0.0,0.9,-0.0,19805.582352237707,0.0,0.9,-0.0,18719.0023099579
2477,2024-04-13,85.58,85.58,0.0,0.9,-0.0,19805.582352237707,0.0,0.9,-0.0,18719.0023099579
2478,2024-04-13,91.69,91.69,-2.0,0.37368421052631584,183.38,19988.962352237708,-2.0,0.37368421052631584,183.38,18902.382309957902
2479,2024-04-13,90.65,90.65,-1.0400000000000003,0.1,94.27600000000002,20083.23835223771,-1.0400000000000003,0.1,94.27600000000002,18996.658309957904
2480,2024-04-13,74.86,74.86,0.0,0.1,-0.0,20083.23835223771,0.0,0.1,-0.0,18996.658309957904
2481,2024-04-13,36.99,36.99,2.0,0.575,-73.98,20009.25835223771,0.0,0.1,-0.0,18996.658309957904
2482,2024-04-13,42.0,42.0,-1.805,0.1,75.81,20085.06835223771,0.0,0.1,-0.0,18996.658309957904
2483,2024-04-13,26.0,26.0,0.0,0.1,-0.0,20085.06835223771,0.0,0.1,-0.0,18996.658309957904
2484,2024-04-13,15.0,15.0,2.0,0.575,-30.0,20055.06835223771,2.0,0.575,-30.0,18966.658309957904
2485,2024-04-13,26.0,26.0,1.3684210526315792,0.9,-35.57894736842106,20019.48940486929,1.3684210526315792,0.9,-35.57894736842106,18931.079362589484
2486,2024-04-13,30.89,30.89,0.0,0.9,-0.0,20019.48940486929,0.0,0.9,-0.0,18931.079362589484
2487,2024-04-13,35.0,35.0,0.0,0.9,-0.0,20019.48940486929,0.0,0.9,-0.0,18931.079362589484
2488,2024-04-13,64.87,64.87,0.0,0.9,-0.0,20019.48940486929,0.0,0.9,-0.0,18931.079362589484
2489,2024-04-13,93.83,93.83,0.0,0.9,-0.0,20019.48940486929,-2.0,0.37368421052631584,187.66,19118.739362589484
2490,2024-04-13,100.02,100.02,-2.0,0.37368421052631584,200.04,20219.529404869292,-1.0400000000000003,0.1,104.02080000000002,19222.760162589482
2491,2024-04-13,100.29,100.29,-1.0400000000000003,0.1,104.30160000000004,20323.83100486929,0.0,0.1,-0.0,19222.760162589482
2492,2024-04-13,91.51,91.51,0.0,0.1,-0.0,20323.83100486929,0.0,0.1,-0.0,19222.760162589482
2493,2024-04-13,91.08038,91.08038,0.0,0.1,-0.0,20323.83100486929,0.0,0.1,-0.0,19222.760162589482
2494,2024-04-13,88.83,88.83,0.0,0.1,-0.0,20323.83100486929,0.0,0.1,-0.0,19222.760162589482
2495,2024-04-14,92.99,92.99,0.0,0.1,-0.0,20323.83100486929,0.0,0.1,-0.0,19222.760162589482
2496,2024-04-14,90.0,90.0,0.0,0.1,-0.0,20323.83100486929,0.0,0.1,-0.0,19222.760162589482
2497,2024-04-14,92.0,92.0,0.0,0.1,-0.0,20323.83100486929,0.0,0.1,-0.0,19222.760162589482
2498,2024-04-14,82.08,82.08,0.0,0.1,-0.0,20323.83100486929,2.0,0.575,-164.16,19058.600162589482
2499,2024-04-14,74.55,74.55,1.3684210526315763,0.4249999999999994,-102.01578947368401,20221.815215395607,1.3684210526315792,0.9,-102.01578947368422,18956.5843731158
2500,2024-04-14,71.55,71.55,2.0,0.8999999999999994,-143.1,20078.71521539561,0.0,0.9,-0.0,18956.5843731158
2501,2024-04-14,94.65,94.65,0.0,0.8999999999999994,-0.0,20078.71521539561,0.0,0.9,-0.0,18956.5843731158
2502,2024-04-14,95.95,95.95,-2.0,0.3736842105263152,191.9,20270.61521539561,-2.0,0.37368421052631584,191.9,19148.4843731158
2503,2024-04-14,94.9,94.9,-1.0399999999999976,0.10000000000000003,98.69599999999977,20369.31121539561,-1.0400000000000003,0.1,98.69600000000003,19247.1803731158
2504,2024-04-14,94.65,94.65,0.0,0.10000000000000003,-0.0,20369.31121539561,0.0,0.1,-0.0,19247.1803731158
2505,2024-04-14,36.0,36.0,0.0,0.10000000000000003,-0.0,20369.31121539561,0.0,0.1,-0.0,19247.1803731158
2506,2024-04-14,15.0,15.0,0.0,0.10000000000000003,-0.0,20369.31121539561,0.0,0.1,-0.0,19247.1803731158
2507,2024-04-14,9.65,9.65,0.0,0.10000000000000003,-0.0,20369.31121539561,0.0,0.1,-0.0,19247.1803731158
2508,2024-04-14,8.0,8.0,2.0,0.575,-16.0,20353.31121539561,2.0,0.575,-16.0,19231.1803731158
2509,2024-04-14,8.0,8.0,1.3684210526315792,0.9,-10.947368421052634,20342.363846974557,1.3684210526315792,0.9,-10.947368421052634,19220.233004694746
2510,2024-04-14,9.65,9.65,0.0,0.9,-0.0,20342.363846974557,0.0,0.9,-0.0,19220.233004694746
2511,2024-04-14,38.15,38.15,0.0,0.9,-0.0,20342.363846974557,0.0,0.9,-0.0,19220.233004694746
2512,2024-04-14,94.65,94.65,0.0,0.9,-0.0,20342.363846974557,0.0,0.9,-0.0,19220.233004694746
2513,2024-04-14,109.15,109.15,0.0,0.9,-0.0,20342.363846974557,0.0,0.9,-0.0,19220.233004694746
2514,2024-04-14,135.0,135.0,-1.2000033330491378,0.5842096491975953,162.0004499616336,20504.36429693619,-2.0,0.37368421052631584,270.0,19490.233004694746
2515,2024-04-14,135.2,135.2,-1.8399966669508623,0.1,248.76754937175656,20753.131846307948,-1.0400000000000003,0.1,140.60800000000003,19630.841004694747
2516,2024-04-14,120.0,120.0,0.0,0.1,-0.0,20753.131846307948,0.0,0.1,-0.0,19630.841004694747
2517,2024-04-14,99.68063,99.68063,0.0,0.1,-0.0,20753.131846307948,0.0,0.1,-0.0,19630.841004694747
2518,2024-04-14,95.23973,95.23973,0.0,0.1,-0.0,20753.131846307948,0.0,0.1,-0.0,19630.841004694747
2519,2024-04-15,86.0,86.0,0.0,0.1,-0.0,20753.131846307948,0.0,0.1,-0.0,19630.841004694747
2520,2024-04-15,76.61431,76.61431,0.0,0.1,-0.0,20753.131846307948,0.0,0.1,-0.0,19630.841004694747
2521,2024-04-15,73.80053,73.80053,2.0,0.575,-147.60106,20605.530786307947,2.0,0.575,-147.60106,19483.239944694746
2522,2024-04-15,75.3,75.3,1.3684210526315792,0.9,-103.04210526315791,20502.48868104479,1.3684210526315792,0.9,-103.04210526315791,19380.19783943159
2523,2024-04-15,71.84166,71.84166,0.0,0.9,-0.0,20502.48868104479,0.0,0.9,-0.0,19380.19783943159
2524,2024-04-15,82.49634,82.49634,0.0,0.9,-0.0,20502.48868104479,0.0,0.9,-0.0,19380.19783943159
2525,2024-04-15,106.99,106.99,0.0,0.9,-0.0,20502.48868104479,0.0,0.9,-0.0,19380.19783943159
2526,2024-04-15,145.95,145.95,-2.0,0.37368421052631584,291.9,20794.38868104479,-2.0,0.37368421052631584,291.9,19672.09783943159
2527,2024-04-15,143.13432,143.13432,-1.0400000000000003,0.1,148.85969280000003,20943.24837384479,-1.0400000000000003,0.1,148.85969280000003,19820.95753223159
2528,2024-04-15,103.72,103.72,0.0,0.1,-0.0,20943.24837384479,0.0,0.1,-0.0,19820.95753223159
2529,2024-04-15,94.62,94.62,0.0,0.1,-0.0,20943.24837384479,0.0,0.1,-0.0,19820.95753223159
2530,2024-04-15,82.37,82.37,0.0,0.1,-0.0,20943.24837384479,0.0,0.1,-0.0,19820.95753223159
2531,2024-04-15,69.5,69.5,1.368421053403566,0.42500000018334694,-95.10526321154784,20848.143110633246,0.0,0.1,-0.0,19820.95753223159
2532,2024-04-15,61.04,61.04,1.999999999228013,0.9,-122.07999995287791,20726.063110680367,2.0,0.575,-122.08,19698.87753223159
2533,2024-04-15,70.0,70.0,0.0,0.9,-0.0,20726.063110680367,1.3684210526315792,0.9,-95.78947368421055,19603.08805854738
2534,2024-04-15,75.0,75.0,0.0,0.9,-0.0,20726.063110680367,0.0,0.9,-0.0,19603.08805854738
2535,2024-04-15,85.0,85.0,0.0,0.9,-0.0,20726.063110680367,0.0,0.9,-0.0,19603.08805854738
2536,2024-04-15,90.1,90.1,0.0,0.9,-0.0,20726.063110680367,0.0,0.9,-0.0,19603.08805854738
2537,2024-04-15,96.64,96.64,0.0,0.9,-0.0,20726.063110680367,0.0,0.9,-0.0,19603.08805854738
2538,2024-04-15,127.6,127.6,-2.0,0.37368421052631584,255.2,20981.263110680367,-2.0,0.37368421052631584,255.2,19858.28805854738
2539,2024-04-15,126.23,126.23,-1.0400000000000003,0.1,131.27920000000003,21112.54231068037,-1.0400000000000003,0.1,131.27920000000003,19989.56725854738
2540,2024-04-15,102.41,102.41,0.0,0.1,-0.0,21112.54231068037,0.0,0.1,-0.0,19989.56725854738
2541,2024-04-15,95.0,95.0,0.0,0.1,-0.0,21112.54231068037,0.0,0.1,-0.0,19989.56725854738
2542,2024-04-15,87.74,87.74,0.0,0.1,-0.0,21112.54231068037,0.0,0.1,-0.0,19989.56725854738
2543,2024-04-16,73.89,73.89,0.0,0.1,-0.0,21112.54231068037,0.0,0.1,-0.0,19989.56725854738
2544,2024-04-16,48.75975,48.75975,2.0,0.575,-97.5195,21015.02281068037,0.0,0.1,-0.0,19989.56725854738
2545,2024-04-16,55.0,55.0,1.3684210526315792,0.9,-75.26315789473685,20939.759652785633,0.0,0.1,-0.0,19989.56725854738
2546,2024-04-16,55.0,55.0,0.0,0.9,-0.0,20939.759652785633,2.0,0.575,-110.0,19879.56725854738
2547,2024-04-16,55.80689,55.80689,0.0,0.9,-0.0,20939.759652785633,1.3684210526315792,0.9,-76.36732315789476,19803.199935389486
2548,2024-04-16,62.72,62.72,0.0,0.9,-0.0,20939.759652785633,0.0,0.9,-0.0,19803.199935389486
2549,2024-04-16,95.0,95.0,0.0,0.9,-0.0,20939.759652785633,0.0,0.9,-0.0,19803.199935389486
2550,2024-04-16,106.36,106.36,-1.2000000017426509,0.5842105258571971,127.63200018534835,21067.391652970982,-2.0,0.37368421052631584,212.72,20015.919935389487
2551,2024-04-16,120.43,120.43,-1.8399999982573492,0.1,221.59119979013258,21288.982852761113,-1.0400000000000003,0.1,125.24720000000003,20141.16713538949
2552,2024-04-16,96.58,96.58,0.0,0.1,-0.0,21288.982852761113,0.0,0.1,-0.0,20141.16713538949
2553,2024-04-16,75.0,75.0,0.0,0.1,-0.0,21288.982852761113,0.0,0.1,-0.0,20141.16713538949
2554,2024-04-16,61.07761,61.07761,0.0,0.1,-0.0,21288.982852761113,0.0,0.1,-0.0,20141.16713538949
2555,2024-04-16,38.95719,38.95719,2.0,0.575,-77.91438,21211.068472761115,0.0,0.1,-0.0,20141.16713538949
2556,2024-04-16,38.98524,38.98524,1.3684210526315792,0.9,-53.34822315789474,21157.72024960322,2.0,0.575,-77.97048,20063.19665538949
2557,2024-04-16,42.97837,42.97837,0.0,0.9,-0.0,21157.72024960322,1.3684210526315792,0.9,-58.812506315789484,20004.3841490737
2558,2024-04-16,53.67407,53.67407,0.0,0.9,-0.0,21157.72024960322,0.0,0.9,-0.0,20004.3841490737
2559,2024-04-16,65.0,65.0,0.0,0.9,-0.0,21157.72024960322,0.0,0.9,-0.0,20004.3841490737
2560,2024-04-16,78.21022,78.21022,0.0,0.9,-0.0,21157.72024960322,0.0,0.9,-0.0,20004.3841490737
2561,2024-04-16,94.97,94.97,0.0,0.9,-0.0,21157.72024960322,0.0,0.9,-0.0,20004.3841490737
2562,2024-04-16,113.65,113.65,-1.2000000251947478,0.5842105196855927,136.38000286338308,21294.1002524666,-2.0,0.37368421052631584,227.3,20231.6841490737
2563,2024-04-16,122.52,122.52,-1.8399999748052522,0.1,225.4367969131395,21519.537049379738,-1.0400000000000003,0.1,127.42080000000003,20359.1049490737
2564,2024-04-16,98.76,98.76,0.0,0.1,-0.0,21519.537049379738,0.0,0.1,-0.0,20359.1049490737
2565,2024-04-16,93.0,93.0,0.0,0.1,-0.0,21519.537049379738,0.0,0.1,-0.0,20359.1049490737
2566,2024-04-16,80.4,80.4,2.0,0.575,-160.8,21358.73704937974,0.0,0.1,-0.0,20359.1049490737
2567,2024-04-17,90.0,90.0,1.3684210526315792,0.9,-123.15789473684212,21235.579154642895,0.0,0.1,-0.0,20359.1049490737
2568,2024-04-17,90.0,90.0,0.0,0.9,-0.0,21235.579154642895,0.0,0.1,-0.0,20359.1049490737
2569,2024-04-17,90.0,90.0,0.0,0.9,-0.0,21235.579154642895,2.0,0.575,-180.0,20179.1049490737
2570,2024-04-17,90.0,90.0,0.0,0.9,-0.0,21235.579154642895,1.3684210526315792,0.9,-123.15789473684212,20055.947054336855
2571,2024-04-17,89.67,89.67,0.0,0.9,-0.0,21235.579154642895,0.0,0.9,-0.0,20055.947054336855
2572,2024-04-17,90.1,90.1,0.0,0.9,-0.0,21235.579154642895,0.0,0.9,-0.0,20055.947054336855
2573,2024-04-17,109.81,109.81,0.0,0.9,-0.0,21235.579154642895,0.0,0.9,-0.0,20055.947054336855
2574,2024-04-17,140.0,140.0,-2.0,0.37368421052631584,280.0,21515.579154642895,-2.0,0.37368421052631584,280.0,20335.947054336855
2575,2024-04-17,131.61,131.61,-1.0400000000000003,0.1,136.87440000000004,21652.453554642896,-1.0400000000000003,0.1,136.87440000000004,20472.821454336856
2576,2024-04-17,108.04,108.04,0.0,0.1,-0.0,21652.453554642896,0.0,0.1,-0.0,20472.821454336856
2577,2024-04-17,102.52656,102.52656,0.0,0.1,-0.0,21652.453554642896,0.0,0.1,-0.0,20472.821454336856
2578,2024-04-17,97.70879,97.70879,0.0,0.1,-0.0,21652.453554642896,0.0,0.1,-0.0,20472.821454336856
2579,2024-04-17,81.73899,81.73899,2.0,0.575,-163.47798,21488.975574642896,0.0,0.1,-0.0,20472.821454336856
2580,2024-04-17,76.78823,76.78823,1.3684210526315792,0.9,-105.0786305263158,21383.89694411658,2.0,0.575,-153.57646,20319.244994336856
2581,2024-04-17,85.49884,85.49884,0.0,0.9,-0.0,21383.89694411658,1.3684210526315792,0.9,-116.99841263157897,20202.246581705276
2582,2024-04-17,95.66708,95.66708,0.0,0.9,-0.0,21383.89694411658,0.0,0.9,-0.0,20202.246581705276
2583,2024-04-17,98.56871,98.56871,0.0,0.9,-0.0,21383.89694411658,0.0,0.9,-0.0,20202.246581705276
2584,2024-04-17,101.63629,101.63629,0.0,0.9,-0.0,21383.89694411658,0.0,0.9,-0.0,20202.246581705276
2585,2024-04-17,108.34,108.34,0.0,0.9,-0.0,21383.89694411658,0.0,0.9,-0.0,20202.246581705276
2586,2024-04-17,146.1,146.1,-1.200000001479689,0.5842105259263977,175.32000021618256,21559.216944332762,-2.0,0.37368421052631584,292.2,20494.446581705277
2587,2024-04-17,151.62,151.62,-1.839999998520311,0.1,278.9807997756496,21838.197744108413,-1.0400000000000003,0.1,157.68480000000005,20652.131381705276
2588,2024-04-17,125.0,125.0,0.0,0.1,-0.0,21838.197744108413,0.0,0.1,-0.0,20652.131381705276
2589,2024-04-17,106.9,106.9,0.0,0.1,-0.0,21838.197744108413,0.0,0.1,-0.0,20652.131381705276
2590,2024-04-17,100.9,100.9,0.0,0.1,-0.0,21838.197744108413,0.0,0.1,-0.0,20652.131381705276
2591,2024-04-18,93.57,93.57,0.0,0.1,-0.0,21838.197744108413,0.0,0.1,-0.0,20652.131381705276
2592,2024-04-18,87.1,87.1,2.0,0.575,-174.2,21663.997744108412,0.0,0.1,-0.0,20652.131381705276
2593,2024-04-18,86.48,86.48,1.3684210526315792,0.9,-118.34105263157898,21545.656691476834,2.0,0.575,-172.96,20479.171381705277
2594,2024-04-18,87.76,87.76,0.0,0.9,-0.0,21545.656691476834,1.3684210526315792,0.9,-120.0926315789474,20359.07875012633
2595,2024-04-18,88.0,88.0,0.0,0.9,-0.0,21545.656691476834,0.0,0.9,-0.0,20359.07875012633
2596,2024-04-18,99.76,99.76,0.0,0.9,-0.0,21545.656691476834,0.0,0.9,-0.0,20359.07875012633
2597,2024-04-18,120.66,120.66,0.0,0.9,-0.0,21545.656691476834,0.0,0.9,-0.0,20359.07875012633
2598,2024-04-18,155.0,155.0,-2.0,0.37368421052631584,310.0,21855.656691476834,-2.0,0.37368421052631584,310.0,20669.07875012633
2599,2024-04-18,152.85,152.85,-1.0400000000000003,0.1,158.96400000000003,22014.620691476834,-1.0400000000000003,0.1,158.96400000000003,20828.04275012633
2600,2024-04-18,113.41171,113.41171,0.0,0.1,-0.0,22014.620691476834,0.0,0.1,-0.0,20828.04275012633
2601,2024-04-18,101.41069,101.41069,0.0,0.1,-0.0,22014.620691476834,0.0,0.1,-0.0,20828.04275012633
2602,2024-04-18,92.12894,92.12894,0.0,0.1,-0.0,22014.620691476834,0.0,0.1,-0.0,20828.04275012633
2603,2024-04-18,85.52314,85.52314,2.0,0.575,-171.04628,21843.574411476835,0.0,0.1,-0.0,20828.04275012633
2604,2024-04-18,90.65507,90.65507,0.0,0.575,-0.0,21843.574411476835,2.0,0.575,-181.31014,20646.732610126328
2605,2024-04-18,87.93989,87.93989,1.3684210526315792,0.9,-120.3387968421053,21723.23561463473,1.3684210526315792,0.9,-120.3387968421053,20526.393813284223
2606,2024-04-18,101.34672,101.34672,0.0,0.9,-0.0,21723.23561463473,0.0,0.9,-0.0,20526.393813284223
2607,2024-04-18,102.44643,102.44643,0.0,0.9,-0.0,21723.23561463473,0.0,0.9,-0.0,20526.393813284223
2608,2024-04-18,105.9,105.9,0.0,0.9,-0.0,21723.23561463473,0.0,0.9,-0.0,20526.393813284223
2609,2024-04-18,108.23,108.23,0.0,0.9,-0.0,21723.23561463473,0.0,0.9,-0.0,20526.393813284223
2610,2024-04-18,146.21,146.21,-1.2000000247186633,0.584210519810878,175.45200361411577,21898.687618248845,-2.0,0.37368421052631584,292.42,20818.81381328422
2611,2024-04-18,151.12,151.12,-1.8399999752813365,0.1,278.0607962645156,22176.74841451336,-1.0400000000000003,0.1,157.16480000000004,20975.97861328422
2612,2024-04-18,129.95,129.95,0.0,0.1,-0.0,22176.74841451336,0.0,0.1,-0.0,20975.97861328422
2613,2024-04-18,107.0,107.0,0.0,0.1,-0.0,22176.74841451336,0.0,0.1,-0.0,20975.97861328422
2614,2024-04-18,104.99,104.99,0.0,0.1,-0.0,22176.74841451336,0.0,0.1,-0.0,20975.97861328422
2615,2024-04-19,90.49,90.49,0.0,0.1,-0.0,22176.74841451336,0.0,0.1,-0.0,20975.97861328422
2616,2024-04-19,90.09,90.09,0.0,0.1,-0.0,22176.74841451336,0.0,0.1,-0.0,20975.97861328422
2617,2024-04-19,84.92,84.92,0.0,0.1,-0.0,22176.74841451336,0.0,0.1,-0.0,20975.97861328422
2618,2024-04-19,79.5,79.5,1.3583979955176915,0.42261952393545177,-107.99264064365647,22068.755773869703,2.0,0.575,-159.0,20816.97861328422
2619,2024-04-19,75.73,75.73,2.0,0.8976195239354517,-151.46,21917.295773869704,1.3684210526315792,0.9,-103.6305263157895,20713.34808696843
2620,2024-04-19,79.76,79.76,0.010023057113887478,0.9,-0.7994390354036652,21916.4963348343,0.0,0.9,-0.0,20713.34808696843
2621,2024-04-19,106.11,106.11,0.0,0.9,-0.0,21916.4963348343,0.0,0.9,-0.0,20713.34808696843
2622,2024-04-19,119.28,119.28,-2.0,0.37368421052631584,238.56,22155.056334834302,-2.0,0.37368421052631584,238.56,20951.908086968433
2623,2024-04-19,115.06,115.06,-1.0400000000000003,0.1,119.66240000000003,22274.718734834303,-1.0400000000000003,0.1,119.66240000000003,21071.570486968434
2624,2024-04-19,105.0,105.0,0.0,0.1,-0.0,22274.718734834303,0.0,0.1,-0.0,21071.570486968434
2625,2024-04-19,90.1,90.1,0.0,0.1,-0.0,22274.718734834303,0.0,0.1,-0.0,21071.570486968434
2626,2024-04-19,83.5,83.5,0.0,0.1,-0.0,22274.718734834303,0.0,0.1,-0.0,21071.570486968434
2627,2024-04-19,78.19949,78.19949,0.0,0.1,-0.0,22274.718734834303,0.0,0.1,-0.0,21071.570486968434
2628,2024-04-19,67.28057,67.28057,0.0,0.1,-0.0,22274.718734834303,0.0,0.1,-0.0,21071.570486968434
2629,2024-04-19,65.43596,65.43596,1.3684210665246437,0.42500000329960286,-89.54394617226392,22185.17478866204,2.0,0.575,-130.87192,20940.698566968433
2630,2024-04-19,58.80096,58.80096,1.9999999861069355,0.9,-117.60191918307447,22067.572869478965,1.3684210526315792,0.9,-80.46447157894738,20860.234095389485
2631,2024-04-19,66.19,66.19,0.0,0.9,-0.0,22067.572869478965,0.0,0.9,-0.0,20860.234095389485
2632,2024-04-19,74.21,74.21,0.0,0.9,-0.0,22067.572869478965,0.0,0.9,-0.0,20860.234095389485
2633,2024-04-19,96.09,96.09,0.0,0.9,-0.0,22067.572869478965,0.0,0.9,-0.0,20860.234095389485
2634,2024-04-19,119.4,119.4,-1.1999999999923732,0.5842105263177966,143.27999999908937,22210.852869478054,-2.0,0.37368421052631584,238.8,21099.034095389485
2635,2024-04-19,125.18,125.18,-1.840000000007627,0.1,230.33120000095477,22441.184069479008,-1.0400000000000003,0.1,130.18720000000005,21229.221295389485
2636,2024-04-19,106.64,106.64,0.0,0.1,-0.0,22441.184069479008,0.0,0.1,-0.0,21229.221295389485
2637,2024-04-19,102.99,102.99,0.0,0.1,-0.0,22441.184069479008,0.0,0.1,-0.0,21229.221295389485
2638,2024-04-19,96.23,96.23,0.0,0.1,-0.0,22441.184069479008,0.0,0.1,-0.0,21229.221295389485
2639,2024-04-20,100.43,100.43,0.0,0.1,-0.0,22441.184069479008,0.0,0.1,-0.0,21229.221295389485
2640,2024-04-20,95.26,95.26,0.0,0.1,-0.0,22441.184069479008,0.0,0.1,-0.0,21229.221295389485
2641,2024-04-20,90.0,90.0,0.0,0.1,-0.0,22441.184069479008,0.0,0.1,-0.0,21229.221295389485
2642,2024-04-20,91.08,91.08,1.3684210882689496,0.42500000846387553,-124.63579271953593,22316.548276759473,0.0,0.1,-0.0,21229.221295389485
2643,2024-04-20,90.1,90.1,1.9999999643626296,0.9,-180.1999967890729,22136.3482799704,2.0,0.575,-180.2,21049.021295389484
2644,2024-04-20,97.0,97.0,0.0,0.9,-0.0,22136.3482799704,1.3684210526315792,0.9,-132.73684210526318,20916.28445328422
2645,2024-04-20,101.74,101.74,0.0,0.9,-0.0,22136.3482799704,0.0,0.9,-0.0,20916.28445328422
2646,2024-04-20,109.29,109.29,-1.200000000000238,0.5842105263157269,131.14800000002603,22267.496279970426,-2.0,0.37368421052631584,218.58,21134.864453284223
2647,2024-04-20,110.07,110.07,-1.8399999999997623,0.1,202.5287999999738,22470.0250799704,-1.0400000000000003,0.1,114.47280000000002,21249.337253284222
2648,2024-04-20,102.87384,102.87384,0.0,0.1,-0.0,22470.0250799704,0.0,0.1,-0.0,21249.337253284222
2649,2024-04-20,93.64272,93.64272,0.0,0.1,-0.0,22470.0250799704,0.0,0.1,-0.0,21249.337253284222
2650,2024-04-20,57.68,57.68,0.0,0.1,-0.0,22470.0250799704,0.0,0.1,-0.0,21249.337253284222
2651,2024-04-20,32.4,32.4,1.3151892752391252,0.41235745286929226,-42.61213251774765,22427.412947452653,2.0,0.575,-64.8,21184.537253284223
2652,2024-04-20,31.13765,31.13765,2.0,0.8873574528692922,-62.2753,22365.13764745265,1.3684210526315792,0.9,-42.609415789473694,21141.92783749475
2653,2024-04-20,32.4,32.4,0.05323177739245382,0.9,-1.7247095875155036,22363.412937865134,0.0,0.9,-0.0,21141.92783749475
2654,2024-04-20,50.0,50.0,0.0,0.9,-0.0,22363.412937865134,0.0,0.9,-0.0,21141.92783749475
2655,2024-04-20,87.39158,87.39158,0.0,0.9,-0.0,22363.412937865134,0.0,0.9,-0.0,21141.92783749475
2656,2024-04-20,98.88711,98.88711,0.0,0.9,-0.0,22363.412937865134,0.0,0.9,-0.0,21141.92783749475
2657,2024-04-20,108.13,108.13,0.0,0.9,-0.0,22363.412937865134,-2.0,0.37368421052631584,216.26,21358.18783749475
2658,2024-04-20,128.6,128.6,-2.0,0.37368421052631584,257.2,22620.612937865135,-1.0400000000000003,0.1,133.74400000000003,21491.931837494747
2659,2024-04-20,118.07,118.07,-1.0400000000000003,0.1,122.79280000000003,22743.405737865134,0.0,0.1,-0.0,21491.931837494747
2660,2024-04-20,108.09,108.09,0.0,0.1,-0.0,22743.405737865134,0.0,0.1,-0.0,21491.931837494747
2661,2024-04-20,101.46,101.46,0.0,0.1,-0.0,22743.405737865134,0.0,0.1,-0.0,21491.931837494747
2662,2024-04-20,100.43,100.43,0.0,0.1,-0.0,22743.405737865134,0.0,0.1,-0.0,21491.931837494747
2663,2024-04-21,102.47,102.47,0.0,0.1,-0.0,22743.405737865134,0.0,0.1,-0.0,21491.931837494747
2664,2024-04-21,102.43,102.43,0.0,0.1,-0.0,22743.405737865134,0.0,0.1,-0.0,21491.931837494747
2665,2024-04-21,102.4,102.4,0.0,0.1,-0.0,22743.405737865134,0.0,0.1,-0.0,21491.931837494747
2666,2024-04-21,102.27,102.27,0.0,0.1,-0.0,22743.405737865134,0.0,0.1,-0.0,21491.931837494747
2667,2024-04-21,102.27,102.27,0.0,0.1,-0.0,22743.405737865134,2.0,0.575,-204.54,21287.391837494746
2668,2024-04-21,100.43,100.43,0.0,0.1,-0.0,22743.405737865134,1.3684210526315792,0.9,-137.4305263157895,21149.961311178955
2669,2024-04-21,102.27,102.27,0.0,0.1,-0.0,22743.405737865134,-2.0,0.37368421052631584,204.54,21354.501311178956
2670,2024-04-21,102.3,102.3,0.0,0.1,-0.0,22743.405737865134,-1.0400000000000003,0.1,106.39200000000002,21460.893311178956
2671,2024-04-21,90.0,90.0,0.0,0.1,-0.0,22743.405737865134,0.0,0.1,-0.0,21460.893311178956
2672,2024-04-21,85.0,85.0,0.0,0.1,-0.0,22743.405737865134,0.0,0.1,-0.0,21460.893311178956
2673,2024-04-21,20.0,20.0,0.0,0.1,-0.0,22743.405737865134,0.0,0.1,-0.0,21460.893311178956
2674,2024-04-21,9.65,9.65,0.0,0.1,-0.0,22743.405737865134,0.0,0.1,-0.0,21460.893311178956
2675,2024-04-21,9.65,9.65,0.0,0.1,-0.0,22743.405737865134,0.0,0.1,-0.0,21460.893311178956
2676,2024-04-21,4.0,4.0,2.0,0.575,-8.0,22735.405737865134,2.0,0.575,-8.0,21452.893311178956
2677,2024-04-21,5.0,5.0,1.3684210526315792,0.9,-6.842105263157896,22728.563632601978,1.3684210526315792,0.9,-6.842105263157896,21446.0512059158
2678,2024-04-21,28.41458,28.41458,0.0,0.9,-0.0,22728.563632601978,0.0,0.9,-0.0,21446.0512059158
2679,2024-04-21,86.45,86.45,0.0,0.9,-0.0,22728.563632601978,0.0,0.9,-0.0,21446.0512059158
2680,2024-04-21,100.43,100.43,0.0,0.9,-0.0,22728.563632601978,0.0,0.9,-0.0,21446.0512059158
2681,2024-04-21,105.11,105.11,0.0,0.9,-0.0,22728.563632601978,0.0,0.9,-0.0,21446.0512059158
2682,2024-04-21,120.0,120.0,-2.0,0.37368421052631584,240.0,22968.563632601978,-2.0,0.37368421052631584,240.0,21686.0512059158
2683,2024-04-21,117.23748,117.23748,-1.0400000000000003,0.1,121.92697920000003,23090.49061180198,-1.0400000000000003,0.1,121.92697920000003,21807.9781851158
2684,2024-04-21,111.01241,111.01241,0.0,0.1,-0.0,23090.49061180198,0.0,0.1,-0.0,21807.9781851158
2685,2024-04-21,103.29399,103.29399,0.0,0.1,-0.0,23090.49061180198,0.0,0.1,-0.0,21807.9781851158
2686,2024-04-21,100.0,100.0,0.0,0.1,-0.0,23090.49061180198,0.0,0.1,-0.0,21807.9781851158
2687,2024-04-22,101.14,101.14,0.0,0.1,-0.0,23090.49061180198,0.0,0.1,-0.0,21807.9781851158
2688,2024-04-22,93.99,93.99,0.0,0.1,-0.0,23090.49061180198,0.0,0.1,-0.0,21807.9781851158
2689,2024-04-22,93.99,93.99,0.0,0.1,-0.0,23090.49061180198,0.0,0.1,-0.0,21807.9781851158
2690,2024-04-22,90.1,90.1,2.0,0.575,-180.2,22910.29061180198,2.0,0.575,-180.2,21627.7781851158
2691,2024-04-22,90.1,90.1,1.3684210526315792,0.9,-123.29473684210528,22786.995874959874,1.3684210526315792,0.9,-123.29473684210528,21504.483448273695
2692,2024-04-22,90.1,90.1,0.0,0.9,-0.0,22786.995874959874,0.0,0.9,-0.0,21504.483448273695
2693,2024-04-22,106.06,106.06,0.0,0.9,-0.0,22786.995874959874,0.0,0.9,-0.0,21504.483448273695
2694,2024-04-22,130.05811,130.05811,0.0,0.9,-0.0,22786.995874959874,-2.0,0.37368421052631584,260.11622,21764.599668273695
2695,2024-04-22,140.2,140.2,-2.0,0.37368421052631584,280.4,23067.395874959875,-1.0400000000000003,0.1,145.80800000000002,21910.407668273696
2696,2024-04-22,133.0,133.0,-1.0400000000000003,0.1,138.32000000000002,23205.715874959875,0.0,0.1,-0.0,21910.407668273696
2697,2024-04-22,103.66723,103.66723,0.0,0.1,-0.0,23205.715874959875,0.0,0.1,-0.0,21910.407668273696
2698,2024-04-22,102.88458,102.88458,0.0,0.1,-0.0,23205.715874959875,0.0,0.1,-0.0,21910.407668273696
2699,2024-04-22,100.42118,100.42118,1.3684210664510805,0.4250000032821316,-137.41845822987594,23068.297416729998,0.0,0.1,-0.0,21910.407668273696
2700,2024-04-22,100.28135,100.28135,1.9999999861804987,0.9,-200.56269861416175,22867.734718115837,0.0,0.1,-0.0,21910.407668273696
2701,2024-04-22,101.2276,101.2276,0.0,0.9,-0.0,22867.734718115837,2.0,0.575,-202.4552,21707.952468273696
2702,2024-04-22,101.24003,101.24003,0.0,0.9,-0.0,22867.734718115837,1.3684210526315792,0.9,-138.53898842105266,21569.413479852643
2703,2024-04-22,103.48665,103.48665,0.0,0.9,-0.0,22867.734718115837,0.0,0.9,-0.0,21569.413479852643
2704,2024-04-22,106.06,106.06,0.0,0.9,-0.0,22867.734718115837,0.0,0.9,-0.0,21569.413479852643
2705,2024-04-22,115.23128,115.23128,0.0,0.9,-0.0,22867.734718115837,0.0,0.9,-0.0,21569.413479852643
2706,2024-04-22,151.04,151.04,-2.0,0.37368421052631584,302.08,23169.81471811584,-2.0,0.37368421052631584,302.08,21871.493479852645
2707,2024-04-22,162.54687,162.54687,-1.0400000000000003,0.1,169.04874480000007,23338.863462915837,-1.0400000000000003,0.1,169.04874480000007,22040.542224652643
2708,2024-04-22,132.0,132.0,0.0,0.1,-0.0,23338.863462915837,0.0,0.1,-0.0,22040.542224652643
2709,2024-04-22,106.34,106.34,0.0,0.1,-0.0,23338.863462915837,0.0,0.1,-0.0,22040.542224652643
2710,2024-04-22,109.08,109.08,0.0,0.1,-0.0,23338.863462915837,0.0,0.1,-0.0,22040.542224652643
2711,2024-04-23,99.4,99.4,0.0,0.1,-0.0,23338.863462915837,0.0,0.1,-0.0,22040.542224652643
2712,2024-04-23,100.0,100.0,0.0,0.1,-0.0,23338.863462915837,0.0,0.1,-0.0,22040.542224652643
2713,2024-04-23,90.23,90.23,0.0,0.1,-0.0,23338.863462915837,2.0,0.575,-180.46,21860.082224652644
2714,2024-04-23,90.1,90.1,2.0,0.575,-180.2,23158.663462915836,1.3684210526315792,0.9,-123.29473684210528,21736.78748781054
2715,2024-04-23,90.1,90.1,1.3684210526315792,0.9,-123.29473684210528,23035.36872607373,0.0,0.9,-0.0,21736.78748781054
2716,2024-04-23,99.02,99.02,0.0,0.9,-0.0,23035.36872607373,0.0,0.9,-0.0,21736.78748781054
2717,2024-04-23,118.8,118.8,0.0,0.9,-0.0,23035.36872607373,0.0,0.9,-0.0,21736.78748781054
2718,2024-04-23,146.48,146.48,-2.0,0.37368421052631584,292.96,23328.32872607373,-2.0,0.37368421052631584,292.96,22029.74748781054
2719,2024-04-23,138.18,138.18,-1.0400000000000003,0.1,143.70720000000003,23472.03592607373,-1.0400000000000003,0.1,143.70720000000003,22173.45468781054
2720,2024-04-23,130.0,130.0,0.0,0.1,-0.0,23472.03592607373,0.0,0.1,-0.0,22173.45468781054
2721,2024-04-23,103.5055,103.5055,0.0,0.1,-0.0,23472.03592607373,0.0,0.1,-0.0,22173.45468781054
2722,2024-04-23,101.43766,101.43766,0.0,0.1,-0.0,23472.03592607373,0.0,0.1,-0.0,22173.45468781054
2723,2024-04-23,88.24734,88.24734,0.0,0.1,-0.0,23472.03592607373,0.0,0.1,-0.0,22173.45468781054
2724,2024-04-23,85.78234,85.78234,2.0,0.575,-171.56468,23300.471246073732,0.0,0.1,-0.0,22173.45468781054
2725,2024-04-23,88.05743,88.05743,1.3684210526315792,0.9,-120.4996410526316,23179.9716050211,2.0,0.575,-176.11486,21997.339827810538
2726,2024-04-23,89.78852,89.78852,0.0,0.9,-0.0,23179.9716050211,1.3684210526315792,0.9,-122.86850105263161,21874.471326757906
2727,2024-04-23,93.6908,93.6908,0.0,0.9,-0.0,23179.9716050211,0.0,0.9,-0.0,21874.471326757906
2728,2024-04-23,96.13964,96.13964,0.0,0.9,-0.0,23179.9716050211,0.0,0.9,-0.0,21874.471326757906
2729,2024-04-23,105.35,105.35,0.0,0.9,-0.0,23179.9716050211,0.0,0.9,-0.0,21874.471326757906
2730,2024-04-23,126.92,126.92,0.0,0.9,-0.0,23179.9716050211,-2.0,0.37368421052631584,253.84,22128.311326757906
2731,2024-04-23,133.36,133.36,-2.0,0.37368421052631584,266.72,23446.6916050211,-1.0400000000000003,0.1,138.69440000000006,22267.005726757907
2732,2024-04-23,112.81,112.81,-1.0400000000000003,0.1,117.32240000000003,23564.0140050211,0.0,0.1,-0.0,22267.005726757907
2733,2024-04-23,101.5,101.5,0.0,0.1,-0.0,23564.0140050211,0.0,0.1,-0.0,22267.005726757907
2734,2024-04-23,99.02,99.02,0.0,0.1,-0.0,23564.0140050211,0.0,0.1,-0.0,22267.005726757907
2735,2024-04-24,88.75,88.75,0.0,0.1,-0.0,23564.0140050211,0.0,0.1,-0.0,22267.005726757907
2736,2024-04-24,90.1,90.1,0.0,0.1,-0.0,23564.0140050211,0.0,0.1,-0.0,22267.005726757907
2737,2024-04-24,84.1,84.1,2.0,0.575,-168.2,23395.8140050211,2.0,0.575,-168.2,22098.805726757906
2738,2024-04-24,88.0,88.0,0.0,0.575,-0.0,23395.8140050211,1.3684210526315792,0.9,-120.42105263157897,21978.384674126326
2739,2024-04-24,86.03,86.03,1.3684210526315792,0.9,-117.72526315789476,23278.088741863205,0.0,0.9,-0.0,21978.384674126326
2740,2024-04-24,90.1,90.1,0.0,0.9,-0.0,23278.088741863205,0.0,0.9,-0.0,21978.384674126326
2741,2024-04-24,105.46,105.46,0.0,0.9,-0.0,23278.088741863205,0.0,0.9,-0.0,21978.384674126326
2742,2024-04-24,125.86935,125.86935,-2.0,0.37368421052631584,251.7387,23529.827441863206,-2.0,0.37368421052631584,251.7387,22230.123374126328
2743,2024-04-24,120.0,120.0,-1.0400000000000003,0.1,124.80000000000003,23654.627441863206,-1.0400000000000003,0.1,124.80000000000003,22354.923374126327
2744,2024-04-24,105.39,105.39,0.0,0.1,-0.0,23654.627441863206,0.0,0.1,-0.0,22354.923374126327
2745,2024-04-24,100.0,100.0,0.0,0.1,-0.0,23654.627441863206,0.0,0.1,-0.0,22354.923374126327
2746,2024-04-24,88.06016,88.06016,0.0,0.1,-0.0,23654.627441863206,0.0,0.1,-0.0,22354.923374126327
2747,2024-04-24,86.76316,86.76316,0.0,0.1,-0.0,23654.627441863206,0.0,0.1,-0.0,22354.923374126327
2748,2024-04-24,83.73438,83.73438,1.3684213401180374,0.4250000682780338,-114.58391249355299,23540.043529369654,0.0,0.1,-0.0,22354.923374126327
2749,2024-04-24,87.07743,87.07743,-1.2350002594565286,0.1,107.54064864280771,23647.58417801246,2.0,0.575,-174.15486,22180.76851412633
2750,2024-04-24,81.93768,81.93768,2.0,0.575,-163.87536,23483.708818012463,1.3684210526315792,0.9,-112.1252463157895,22068.643267810538
2751,2024-04-24,86.8546,86.8546,1.3684210526315792,0.9,-118.85366315789477,23364.85515485457,0.0,0.9,-0.0,22068.643267810538
2752,2024-04-24,92.25947,92.25947,0.0,0.9,-0.0,23364.85515485457,0.0,0.9,-0.0,22068.643267810538
2753,2024-04-24,105.39,105.39,0.0,0.9,-0.0,23364.85515485457,0.0,0.9,-0.0,22068.643267810538
2754,2024-04-24,140.0,140.0,-1.2000000000506126,0.5842105263024704,168.00000000708576,23532.855154861656,-2.0,0.37368421052631584,280.0,22348.643267810538
2755,2024-04-24,145.43,145.43,-1.8399999999493875,0.1,267.5911999926394,23800.446354854295,-1.0400000000000003,0.1,151.24720000000005,22499.89046781054
2756,2024-04-24,120.0,120.0,0.0,0.1,-0.0,23800.446354854295,0.0,0.1,-0.0,22499.89046781054
2757,2024-04-24,105.46,105.46,0.0,0.1,-0.0,23800.446354854295,0.0,0.1,-0.0,22499.89046781054
2758,2024-04-24,98.81,98.81,0.0,0.1,-0.0,23800.446354854295,0.0,0.1,-0.0,22499.89046781054
2759,2024-04-25,96.61,96.61,2.0,0.575,-193.22,23607.226354854294,0.0,0.1,-0.0,22499.89046781054
2760,2024-04-25,96.84,96.84,1.3684210526315792,0.9,-132.51789473684212,23474.708460117454,2.0,0.575,-193.68,22306.21046781054
2761,2024-04-25,100.0,100.0,0.0,0.9,-0.0,23474.708460117454,1.3684210526315792,0.9,-136.84210526315792,22169.368362547382
2762,2024-04-25,103.37,103.37,0.0,0.9,-0.0,23474.708460117454,0.0,0.9,-0.0,22169.368362547382
2763,2024-04-25,105.05,105.05,0.0,0.9,-0.0,23474.708460117454,0.0,0.9,-0.0,22169.368362547382
2764,2024-04-25,105.05,105.05,0.0,0.9,-0.0,23474.708460117454,0.0,0.9,-0.0,22169.368362547382
2765,2024-04-25,105.0,105.0,-2.0,0.37368421052631584,210.0,23684.708460117454,-1.8,0.4263157894736842,189.0,22358.368362547382
2766,2024-04-25,106.9,106.9,-1.0400000000000003,0.1,111.17600000000003,23795.884460117453,-1.24,0.1,132.556,22490.924362547383
2767,2024-04-25,105.05,105.05,0.0,0.1,-0.0,23795.884460117453,0.0,0.1,-0.0,22490.924362547383
2768,2024-04-25,92.8,92.8,0.0,0.1,-0.0,23795.884460117453,0.0,0.1,-0.0,22490.924362547383
2769,2024-04-25,77.65826,77.65826,0.0,0.1,-0.0,23795.884460117453,0.0,0.1,-0.0,22490.924362547383
2770,2024-04-25,75.94144,75.94144,0.0,0.1,-0.0,23795.884460117453,0.0,0.1,-0.0,22490.924362547383
2771,2024-04-25,71.79387,71.79387,0.0,0.1,-0.0,23795.884460117453,0.0,0.1,-0.0,22490.924362547383
2772,2024-04-25,59.59845,59.59845,0.0,0.1,-0.0,23795.884460117453,0.0,0.1,-0.0,22490.924362547383
2773,2024-04-25,55.36861,55.36861,2.0,0.575,-110.73722,23685.147240117454,2.0,0.575,-110.73722,22380.187142547384
2774,2024-04-25,58.40637,58.40637,1.3684210526315792,0.9,-79.92450631578949,23605.222733801664,1.3684210526315792,0.9,-79.92450631578949,22300.262636231593
2775,2024-04-25,73.31,73.31,0.0,0.9,-0.0,23605.222733801664,0.0,0.9,-0.0,22300.262636231593
2776,2024-04-25,94.59,94.59,0.0,0.9,-0.0,23605.222733801664,0.0,0.9,-0.0,22300.262636231593
2777,2024-04-25,105.0,105.0,0.0,0.9,-0.0,23605.222733801664,0.0,0.9,-0.0,22300.262636231593
2778,2024-04-25,134.1,134.1,0.0,0.9,-0.0,23605.222733801664,-1.8,0.4263157894736842,241.38,22541.642636231594
2779,2024-04-25,150.0,150.0,-2.0,0.37368421052631584,300.0,23905.222733801664,-1.24,0.1,186.0,22727.642636231594
2780,2024-04-25,142.0,142.0,-1.0400000000000003,0.1,147.68000000000004,24052.902733801664,0.0,0.1,-0.0,22727.642636231594
2781,2024-04-25,136.1,136.1,0.0,0.1,-0.0,24052.902733801664,0.0,0.1,-0.0,22727.642636231594
2782,2024-04-25,106.09,106.09,0.0,0.1,-0.0,24052.902733801664,0.0,0.1,-0.0,22727.642636231594
2783,2024-04-26,98.08,98.08,0.0,0.1,-0.0,24052.902733801664,0.0,0.1,-0.0,22727.642636231594
2784,2024-04-26,96.53,96.53,0.0,0.1,-0.0,24052.902733801664,0.0,0.1,-0.0,22727.642636231594
2785,2024-04-26,85.45,85.45,0.0,0.1,-0.0,24052.902733801664,0.0,0.1,-0.0,22727.642636231594
2786,2024-04-26,85.0,85.0,2.0,0.575,-170.0,23882.902733801664,2.0,0.575,-170.0,22557.642636231594
2787,2024-04-26,85.0,85.0,1.3684210526315792,0.9,-116.31578947368423,23766.58694432798,1.3684210526315792,0.9,-116.31578947368423,22441.32684675791
2788,2024-04-26,94.0,94.0,0.0,0.9,-0.0,23766.58694432798,0.0,0.9,-0.0,22441.32684675791
2789,2024-04-26,102.74,102.74,0.0,0.9,-0.0,23766.58694432798,0.0,0.9,-0.0,22441.32684675791
2790,2024-04-26,145.0,145.0,0.0,0.9,-0.0,23766.58694432798,0.0,0.9,-0.0,22441.32684675791
2791,2024-04-26,156.0,156.0,-2.0,0.37368421052631584,312.0,24078.58694432798,-2.0,0.37368421052631584,312.0,22753.32684675791
2792,2024-04-26,155.0,155.0,-1.0400000000000003,0.1,161.20000000000005,24239.78694432798,-1.0400000000000003,0.1,161.20000000000005,22914.52684675791
2793,2024-04-26,140.2,140.2,0.0,0.1,-0.0,24239.78694432798,0.0,0.1,-0.0,22914.52684675791
2794,2024-04-26,131.19,131.19,0.0,0.1,-0.0,24239.78694432798,0.0,0.1,-0.0,22914.52684675791
2795,2024-04-26,103.03,103.03,1.3684210538983306,0.4250000003008535,-140.988421183145,24098.798523144837,2.0,0.575,-206.06,22708.46684675791
2796,2024-04-26,100.09,100.09,1.9999999987332486,0.9,-200.17999987321087,23898.618523271627,1.3684210526315792,0.9,-136.96526315789475,22571.501583600017
2797,2024-04-26,106.52,106.52,0.0,0.9,-0.0,23898.618523271627,0.0,0.9,-0.0,22571.501583600017
2798,2024-04-26,131.19,131.19,0.0,0.9,-0.0,23898.618523271627,0.0,0.9,-0.0,22571.501583600017
2799,2024-04-26,144.0,144.0,-1.2000000000000293,0.5842105263157817,172.80000000000422,24071.41852327163,0.0,0.9,-0.0,22571.501583600017
2800,2024-04-26,150.0,150.0,-1.8399999999999705,0.1,275.99999999999557,24347.418523271626,0.0,0.9,-0.0,22571.501583600017
2801,2024-04-26,140.0,140.0,0.0,0.1,-0.0,24347.418523271626,-2.0,0.37368421052631584,280.0,22851.501583600017
2802,2024-04-26,144.0,144.0,0.0,0.1,-0.0,24347.418523271626,-1.0400000000000003,0.1,149.76000000000005,23001.261583600015
2803,2024-04-26,146.9,146.9,0.0,0.1,-0.0,24347.418523271626,0.0,0.1,-0.0,23001.261583600015
2804,2024-04-26,121.79,121.79,0.0,0.1,-0.0,24347.418523271626,0.0,0.1,-0.0,23001.261583600015
2805,2024-04-26,105.0,105.0,0.0,0.1,-0.0,24347.418523271626,0.0,0.1,-0.0,23001.261583600015
2806,2024-04-26,97.81,97.81,0.0,0.1,-0.0,24347.418523271626,0.0,0.1,-0.0,23001.261583600015
2807,2024-04-27,97.2,97.2,0.0,0.1,-0.0,24347.418523271626,0.0,0.1,-0.0,23001.261583600015
2808,2024-04-27,96.09,96.09,0.0,0.1,-0.0,24347.418523271626,0.0,0.1,-0.0,23001.261583600015
2809,2024-04-27,90.1,90.1,1.9708702203075061,0.5680816773230327,-177.5754068497063,24169.84311642192,0.0,0.1,-0.0,23001.261583600015
2810,2024-04-27,90.1,90.1,1.3975508323240728,0.9,-125.91932999239896,24043.92378642952,0.0,0.1,-0.0,23001.261583600015
2811,2024-04-27,90.1,90.1,0.0,0.9,-0.0,24043.92378642952,2.0,0.575,-180.2,22821.061583600014
2812,2024-04-27,93.09,93.09,0.0,0.9,-0.0,24043.92378642952,1.3684210526315792,0.9,-127.38631578947371,22693.67526781054
2813,2024-04-27,98.6,98.6,0.0,0.9,-0.0,24043.92378642952,0.0,0.9,-0.0,22693.67526781054
2814,2024-04-27,105.0,105.0,0.0,0.9,-0.0,24043.92378642952,0.0,0.9,-0.0,22693.67526781054
2815,2024-04-27,117.73,117.73,-2.0,0.37368421052631584,235.46,24279.38378642952,-2.0,0.37368421052631584,235.46,22929.13526781054
2816,2024-04-27,106.0,106.0,-1.0400000000000003,0.1,110.24000000000002,24389.62378642952,-1.0400000000000003,0.1,110.24000000000002,23039.37526781054
2817,2024-04-27,99.91,99.91,0.0,0.1,-0.0,24389.62378642952,0.0,0.1,-0.0,23039.37526781054
2818,2024-04-27,97.09,97.09,0.0,0.1,-0.0,24389.62378642952,0.0,0.1,-0.0,23039.37526781054
2819,2024-04-27,93.53,93.53,0.0,0.1,-0.0,24389.62378642952,0.0,0.1,-0.0,23039.37526781054
2820,2024-04-27,84.57,84.57,0.0,0.1,-0.0,24389.62378642952,2.0,0.575,-169.14,22870.23526781054
2821,2024-04-27,82.56367,82.56367,2.0,0.575,-165.12734,24224.496446429523,1.3684210526315792,0.9,-112.98186421052634,22757.253403600014
2822,2024-04-27,89.5,89.5,1.3684210526315792,0.9,-122.47368421052634,24102.022762218996,0.0,0.9,-0.0,22757.253403600014
2823,2024-04-27,97.2,97.2,0.0,0.9,-0.0,24102.022762218996,0.0,0.9,-0.0,22757.253403600014
2824,2024-04-27,101.28,101.28,0.0,0.9,-0.0,24102.022762218996,0.0,0.9,-0.0,22757.253403600014
2825,2024-04-27,105.0,105.0,0.0,0.9,-0.0,24102.022762218996,0.0,0.9,-0.0,22757.253403600014
2826,2024-04-27,120.0,120.0,-2.0,0.37368421052631584,240.0,24342.022762218996,-2.0,0.37368421052631584,240.0,22997.253403600014
2827,2024-04-27,116.16804,116.16804,-1.0400000000000003,0.1,120.81476160000004,24462.837523818995,-1.0400000000000003,0.1,120.81476160000004,23118.068165200013
2828,2024-04-27,101.50479,101.50479,0.0,0.1,-0.0,24462.837523818995,0.0,0.1,-0.0,23118.068165200013
2829,2024-04-27,97.60795,97.60795,0.0,0.1,-0.0,24462.837523818995,0.0,0.1,-0.0,23118.068165200013
2830,2024-04-27,94.1,94.1,0.0,0.1,-0.0,24462.837523818995,0.0,0.1,-0.0,23118.068165200013
2831,2024-04-28,98.93769,98.93769,0.0,0.1,-0.0,24462.837523818995,0.0,0.1,-0.0,23118.068165200013
2832,2024-04-28,93.44328,93.44328,0.0,0.1,-0.0,24462.837523818995,0.0,0.1,-0.0,23118.068165200013
2833,2024-04-28,91.22529,91.22529,0.0,0.1,-0.0,24462.837523818995,0.0,0.1,-0.0,23118.068165200013
2834,2024-04-28,88.23791,88.23791,0.0,0.1,-0.0,24462.837523818995,0.0,0.1,-0.0,23118.068165200013
2835,2024-04-28,90.6,90.6,0.0,0.1,-0.0,24462.837523818995,2.0,0.575,-181.2,22936.868165200012
2836,2024-04-28,94.0,94.0,2.0,0.575,-188.0,24274.837523818995,1.3684210526315792,0.9,-128.63157894736844,22808.236586252642
2837,2024-04-28,96.47,96.47,0.0,0.575,-0.0,24274.837523818995,0.0,0.9,-0.0,22808.236586252642
2838,2024-04-28,96.95,96.95,1.3684210526315792,0.9,-132.6684210526316,24142.169102766362,0.0,0.9,-0.0,22808.236586252642
2839,2024-04-28,100.09,100.09,-2.0,0.37368421052631584,200.18,24342.349102766362,-2.0,0.37368421052631584,200.18,23008.416586252642
2840,2024-04-28,96.47,96.47,-1.0400000000000003,0.1,100.32880000000003,24442.67790276636,-1.0400000000000003,0.1,100.32880000000003,23108.74538625264
2841,2024-04-28,93.69726,93.69726,0.0,0.1,-0.0,24442.67790276636,0.0,0.1,-0.0,23108.74538625264
2842,2024-04-28,84.49433,84.49433,0.0,0.1,-0.0,24442.67790276636,0.0,0.1,-0.0,23108.74538625264
2843,2024-04-28,67.8728,67.8728,0.0,0.1,-0.0,24442.67790276636,0.0,0.1,-0.0,23108.74538625264
2844,2024-04-28,25.81432,25.81432,1.3684210526316416,0.4250000000000149,-35.32485894737004,24407.353043818992,2.0,0.575,-51.62864,23057.116746252643
2845,2024-04-28,14.69451,14.69451,1.9999999999999374,0.9,-29.38901999999908,24377.964023818993,1.3684210526315792,0.9,-20.108276842105266,23037.00846941054
2846,2024-04-28,48.61828,48.61828,0.0,0.9,-0.0,24377.964023818993,0.0,0.9,-0.0,23037.00846941054
2847,2024-04-28,76.5102,76.5102,0.0,0.9,-0.0,24377.964023818993,0.0,0.9,-0.0,23037.00846941054
2848,2024-04-28,96.95,96.95,0.0,0.9,-0.0,24377.964023818993,0.0,0.9,-0.0,23037.00846941054
2849,2024-04-28,97.21,97.21,0.0,0.9,-0.0,24377.964023818993,0.0,0.9,-0.0,23037.00846941054
2850,2024-04-28,104.48,104.48,-1.2000000549066407,0.5842105118666735,125.37600573664584,24503.34002955564,-2.0,0.37368421052631584,208.96,23245.968469410538
2851,2024-04-28,107.2,107.2,-1.8399999450933593,0.1,197.24799411400812,24700.588023669647,-1.0400000000000003,0.1,111.48800000000003,23357.45646941054
2852,2024-04-28,99.31736,99.31736,0.0,0.1,-0.0,24700.588023669647,0.0,0.1,-0.0,23357.45646941054
2853,2024-04-28,96.47,96.47,0.0,0.1,-0.0,24700.588023669647,0.0,0.1,-0.0,23357.45646941054
2854,2024-04-28,91.0,91.0,0.0,0.1,-0.0,24700.588023669647,0.0,0.1,-0.0,23357.45646941054
2855,2024-04-29,82.15,82.15,0.0,0.1,-0.0,24700.588023669647,0.0,0.1,-0.0,23357.45646941054
2856,2024-04-29,77.7,77.7,0.0,0.1,-0.0,24700.588023669647,0.0,0.1,-0.0,23357.45646941054
2857,2024-04-29,76.12,76.12,0.0,0.1,-0.0,24700.588023669647,2.0,0.575,-152.24,23205.216469410538
2858,2024-04-29,79.0,79.0,0.0,0.1,-0.0,24700.588023669647,1.3684210526315792,0.9,-108.10526315789475,23097.111206252644
2859,2024-04-29,75.64,75.64,2.0,0.575,-151.28,24549.308023669648,0.0,0.9,-0.0,23097.111206252644
2860,2024-04-29,82.0,82.0,1.3684210526315792,0.9,-112.2105263157895,24437.097497353858,0.0,0.9,-0.0,23097.111206252644
2861,2024-04-29,98.48552,98.48552,0.0,0.9,-0.0,24437.097497353858,0.0,0.9,-0.0,23097.111206252644
2862,2024-04-29,108.12433,108.12433,-2.0,0.37368421052631584,216.24866,24653.34615735386,-2.0,0.37368421052631584,216.24866,23313.359866252646
2863,2024-04-29,101.1,101.1,-1.0400000000000003,0.1,105.14400000000002,24758.49015735386,-1.0400000000000003,0.1,105.14400000000002,23418.503866252646
2864,2024-04-29,99.39,99.39,0.0,0.1,-0.0,24758.49015735386,0.0,0.1,-0.0,23418.503866252646
2865,2024-04-29,91.0,91.0,0.0,0.1,-0.0,24758.49015735386,0.0,0.1,-0.0,23418.503866252646
2866,2024-04-29,77.7,77.7,0.0,0.1,-0.0,24758.49015735386,0.0,0.1,-0.0,23418.503866252646
2867,2024-04-29,64.04252,64.04252,0.0,0.1,-0.0,24758.49015735386,0.0,0.1,-0.0,23418.503866252646
2868,2024-04-29,58.72194,58.72194,2.0,0.575,-117.44388,24641.04627735386,2.0,0.575,-117.44388,23301.059986252647
2869,2024-04-29,63.25257,63.25257,1.3684210526315792,0.9,-86.55614842105264,24554.490128932808,1.3684210526315792,0.9,-86.55614842105264,23214.503837831595
2870,2024-04-29,66.04409,66.04409,0.0,0.9,-0.0,24554.490128932808,0.0,0.9,-0.0,23214.503837831595
2871,2024-04-29,69.03643,69.03643,0.0,0.9,-0.0,24554.490128932808,0.0,0.9,-0.0,23214.503837831595
2872,2024-04-29,85.77,85.77,0.0,0.9,-0.0,24554.490128932808,0.0,0.9,-0.0,23214.503837831595
2873,2024-04-29,98.86,98.86,0.0,0.9,-0.0,24554.490128932808,0.0,0.9,-0.0,23214.503837831595
2874,2024-04-29,124.26,124.26,-1.200000017888306,0.5842105216083406,149.1120022228009,24703.60213115561,-2.0,0.37368421052631584,248.52,23463.023837831595
2875,2024-04-29,133.6,133.6,-1.8399999821116944,0.1,245.82399761012235,24949.426128765732,-1.0400000000000003,0.1,138.94400000000002,23601.967837831595
2876,2024-04-29,107.38,107.38,0.0,0.1,-0.0,24949.426128765732,0.0,0.1,-0.0,23601.967837831595
2877,2024-04-29,97.0,97.0,0.0,0.1,-0.0,24949.426128765732,0.0,0.1,-0.0,23601.967837831595
2878,2024-04-29,96.0,96.0,0.0,0.1,-0.0,24949.426128765732,0.0,0.1,-0.0,23601.967837831595
2879,2024-04-30,89.0,89.0,0.0,0.1,-0.0,24949.426128765732,0.0,0.1,-0.0,23601.967837831595
2880,2024-04-30,82.17,82.17,0.0,0.1,-0.0,24949.426128765732,0.0,0.1,-0.0,23601.967837831595
2881,2024-04-30,80.55,80.55,0.0,0.1,-0.0,24949.426128765732,0.0,0.1,-0.0,23601.967837831595
2882,2024-04-30,77.0,77.0,2.0,0.575,-154.0,24795.426128765732,2.0,0.575,-154.0,23447.967837831595
2883,2024-04-30,77.76,77.76,1.3684210526315792,0.9,-106.40842105263161,24689.0177077131,1.3684210526315792,0.9,-106.40842105263161,23341.559416778964
2884,2024-04-30,83.81,83.81,0.0,0.9,-0.0,24689.0177077131,0.0,0.9,-0.0,23341.559416778964
2885,2024-04-30,96.9,96.9,0.0,0.9,-0.0,24689.0177077131,0.0,0.9,-0.0,23341.559416778964
2886,2024-04-30,101.7096,101.7096,-2.0,0.37368421052631584,203.4192,24892.4369077131,-2.0,0.37368421052631584,203.4192,23544.978616778964
2887,2024-04-30,101.3,101.3,-1.0400000000000003,0.1,105.35200000000002,24997.7889077131,-1.0400000000000003,0.1,105.35200000000002,23650.330616778963
2888,2024-04-30,93.68,93.68,0.0,0.1,-0.0,24997.7889077131,0.0,0.1,-0.0,23650.330616778963
2889,2024-04-30,84.0,84.0,0.0,0.1,-0.0,24997.7889077131,0.0,0.1,-0.0,23650.330616778963
2890,2024-04-30,73.05,73.05,0.0,0.1,-0.0,24997.7889077131,0.0,0.1,-0.0,23650.330616778963
2891,2024-04-30,54.28,54.28,1.3684210714608405,0.42500000447194963,-74.27789575889442,24923.511011954204,0.0,0.1,-0.0,23650.330616778963
2892,2024-04-30,48.33,48.33,1.9999999811707385,0.9,-96.6599990899818,24826.851012864223,2.0,0.575,-96.66,23553.670616778963
2893,2024-04-30,55.32,55.32,0.0,0.9,-0.0,24826.851012864223,1.3684210526315792,0.9,-75.70105263157896,23477.969564147385
2894,2024-04-30,56.17,56.17,0.0,0.9,-0.0,24826.851012864223,0.0,0.9,-0.0,23477.969564147385
2895,2024-04-30,73.78,73.78,0.0,0.9,-0.0,24826.851012864223,0.0,0.9,-0.0,23477.969564147385
2896,2024-04-30,84.45,84.45,0.0,0.9,-0.0,24826.851012864223,0.0,0.9,-0.0,23477.969564147385
2897,2024-04-30,96.42,96.42,0.0,0.9,-0.0,24826.851012864223,0.0,0.9,-0.0,23477.969564147385
2898,2024-04-30,115.0,115.0,-1.1999999998192201,0.5842105263633631,137.99999997921032,24964.85101284343,-2.0,0.37368421052631584,230.0,23707.969564147385
2899,2024-04-30,124.04,124.04,-1.84000000018078,0.1,228.23360002242396,25193.084612865856,-1.0400000000000003,0.1,129.00160000000002,23836.971164147384
2900,2024-04-30,100.0,100.0,0.0,0.1,-0.0,25193.084612865856,0.0,0.1,-0.0,23836.971164147384
2901,2024-04-30,95.46,95.46,0.0,0.1,-0.0,25193.084612865856,0.0,0.1,-0.0,23836.971164147384
2902,2024-04-30,89.0,89.0,0.0,0.1,-0.0,25193.084612865856,0.0,0.1,-0.0,23836.971164147384
2903,2024-05-01,92.85,92.85,0.0,0.1,-0.0,25193.084612865856,0.0,0.1,-0.0,23836.971164147384
2904,2024-05-01,87.0,87.0,0.0,0.1,-0.0,25193.084612865856,0.0,0.1,-0.0,23836.971164147384
2905,2024-05-01,82.24,82.24,0.0,0.1,-0.0,25193.084612865856,0.0,0.1,-0.0,23836.971164147384
2906,2024-05-01,87.0,87.0,2.0,0.575,-174.0,25019.084612865856,0.0,0.1,-0.0,23836.971164147384
2907,2024-05-01,91.94,91.94,-1.805,0.1,165.9517,25185.036312865857,0.0,0.1,-0.0,23836.971164147384
2908,2024-05-01,90.1,90.1,0.0,0.1,-0.0,25185.036312865857,0.0,0.1,-0.0,23836.971164147384
2909,2024-05-01,88.0,88.0,0.0,0.1,-0.0,25185.036312865857,0.0,0.1,-0.0,23836.971164147384
2910,2024-05-01,85.5,85.5,2.0,0.575,-171.0,25014.036312865857,0.0,0.1,-0.0,23836.971164147384
2911,2024-05-01,88.0,88.0,1.3684210526315792,0.9,-120.42105263157897,24893.615260234277,0.0,0.1,-0.0,23836.971164147384
2912,2024-05-01,90.0,90.0,0.0,0.9,-0.0,24893.615260234277,0.0,0.1,-0.0,23836.971164147384
2913,2024-05-01,92.85,92.85,-1.2000000408202411,0.5842105155736208,111.42000379015938,25005.03526402444,0.0,0.1,-0.0,23836.971164147384
2914,2024-05-01,93.22,93.22,-1.8399999591797591,0.1,171.52479619473715,25176.560060219177,0.0,0.1,-0.0,23836.971164147384
2915,2024-05-01,92.34991,92.34991,0.0,0.1,-0.0,25176.560060219177,0.0,0.1,-0.0,23836.971164147384
2916,2024-05-01,80.49,80.49,0.0,0.1,-0.0,25176.560060219177,0.0,0.1,-0.0,23836.971164147384
2917,2024-05-01,73.49462,73.49462,2.0,0.575,-146.98924,25029.570820219178,2.0,0.575,-146.98924,23689.981924147385
2918,2024-05-01,77.91,77.91,1.3684210526315792,0.9,-106.61368421052633,24922.957136008652,1.3684210526315792,0.9,-106.61368421052633,23583.36823993686
2919,2024-05-01,90.1,90.1,0.0,0.9,-0.0,24922.957136008652,0.0,0.9,-0.0,23583.36823993686
2920,2024-05-01,93.22,93.22,0.0,0.9,-0.0,24922.957136008652,0.0,0.9,-0.0,23583.36823993686
2921,2024-05-01,95.0,95.0,0.0,0.9,-0.0,24922.957136008652,0.0,0.9,-0.0,23583.36823993686
2922,2024-05-01,96.38,96.38,-1.2000000699042903,0.5842105079199236,115.65600673737549,25038.613142746028,-1.2,0.5842105263157895,115.65599999999999,23699.024239936858
2923,2024-05-01,99.64092,99.64092,-1.8399999300957095,0.1,183.33928583467218,25221.9524285807,-1.84,0.1,183.3392928,23882.363532736857
2924,2024-05-01,93.46,93.46,0.0,0.1,-0.0,25221.9524285807,0.0,0.1,-0.0,23882.363532736857
2925,2024-05-01,94.76,94.76,0.0,0.1,-0.0,25221.9524285807,0.0,0.1,-0.0,23882.363532736857
2926,2024-05-01,88.0,88.0,0.0,0.1,-0.0,25221.9524285807,0.0,0.1,-0.0,23882.363532736857
2927,2024-05-02,72.85,72.85,1.3684214471470586,0.4250000936974264,-99.68950242466322,25122.262926156036,0.0,0.1,-0.0,23882.363532736857
2928,2024-05-02,71.1,71.1,1.9999996054845206,0.9,-142.1999719499494,24980.062954206085,0.0,0.1,-0.0,23882.363532736857
2929,2024-05-02,77.0,77.0,0.0,0.9,-0.0,24980.062954206085,2.0,0.575,-154.0,23728.363532736857
2930,2024-05-02,77.0,77.0,0.0,0.9,-0.0,24980.062954206085,1.3684210526315792,0.9,-105.3684210526316,23622.995111684228
2931,2024-05-02,78.9,78.9,0.0,0.9,-0.0,24980.062954206085,0.0,0.9,-0.0,23622.995111684228
2932,2024-05-02,84.58387,84.58387,0.0,0.9,-0.0,24980.062954206085,0.0,0.9,-0.0,23622.995111684228
2933,2024-05-02,95.0,95.0,0.0,0.9,-0.0,24980.062954206085,0.0,0.9,-0.0,23622.995111684228
2934,2024-05-02,107.03,107.03,-2.0,0.37368421052631584,214.06,25194.122954206086,0.0,0.9,-0.0,23622.995111684228
2935,2024-05-02,109.51,109.51,-1.0400000000000003,0.1,113.89040000000003,25308.013354206087,-2.0,0.37368421052631584,219.02,23842.015111684228
2936,2024-05-02,108.73,108.73,0.0,0.1,-0.0,25308.013354206087,-1.0400000000000003,0.1,113.07920000000003,23955.094311684228
2937,2024-05-02,101.20957,101.20957,0.0,0.1,-0.0,25308.013354206087,0.0,0.1,-0.0,23955.094311684228
2938,2024-05-02,88.59329,88.59329,0.0,0.1,-0.0,25308.013354206087,0.0,0.1,-0.0,23955.094311684228
2939,2024-05-02,81.72972,81.72972,0.0,0.1,-0.0,25308.013354206087,0.0,0.1,-0.0,23955.094311684228
2940,2024-05-02,81.56996,81.56996,0.0,0.1,-0.0,25308.013354206087,2.0,0.575,-163.13992,23791.954391684227
2941,2024-05-02,82.34606,82.34606,1.3684210527210647,0.4250000000212528,-112.68408211263196,25195.329272093455,1.3684210526315792,0.9,-112.68408210526317,23679.270309578962
2942,2024-05-02,79.93771,79.93771,1.9999999999105147,0.9,-159.87541999284673,25035.453852100607,0.0,0.9,-0.0,23679.270309578962
2943,2024-05-02,87.41207,87.41207,0.0,0.9,-0.0,25035.453852100607,0.0,0.9,-0.0,23679.270309578962
2944,2024-05-02,91.17957,91.17957,0.0,0.9,-0.0,25035.453852100607,0.0,0.9,-0.0,23679.270309578962
2945,2024-05-02,100.0,100.0,0.0,0.9,-0.0,25035.453852100607,0.0,0.9,-0.0,23679.270309578962
2946,2024-05-02,115.0,115.0,-1.1999999999998106,0.5842105263158394,137.9999999999782,25173.453852100585,-1.2,0.5842105263157895,138.0,23817.270309578962
2947,2024-05-02,127.29,127.29,-1.8400000000001895,0.1,234.21360000002414,25407.66745210061,-1.84,0.1,234.2136,24051.48390957896
2948,2024-05-02,108.26,108.26,0.0,0.1,-0.0,25407.66745210061,0.0,0.1,-0.0,24051.48390957896
2949,2024-05-02,99.5,99.5,0.0,0.1,-0.0,25407.66745210061,0.0,0.1,-0.0,24051.48390957896
2950,2024-05-02,90.1,90.1,0.0,0.1,-0.0,25407.66745210061,0.0,0.1,-0.0,24051.48390957896
2951,2024-05-03,77.09,77.09,0.0,0.1,-0.0,25407.66745210061,0.0,0.1,-0.0,24051.48390957896
2952,2024-05-03,73.13,73.13,0.0,0.1,-0.0,25407.66745210061,0.0,0.1,-0.0,24051.48390957896
2953,2024-05-03,65.0,65.0,2.0,0.575,-130.0,25277.66745210061,0.0,0.1,-0.0,24051.48390957896
2954,2024-05-03,71.63,71.63,-1.805,0.1,129.29215,25406.95960210061,2.0,0.575,-143.26,23908.223909578963
2955,2024-05-03,58.9,58.9,2.0,0.575,-117.8,25289.15960210061,1.3684210526315792,0.9,-80.60000000000001,23827.623909578964
2956,2024-05-03,67.59,67.59,1.3684210526315792,0.9,-92.49157894736844,25196.668023153245,0.0,0.9,-0.0,23827.623909578964
2957,2024-05-03,90.1,90.1,0.0,0.9,-0.0,25196.668023153245,-1.2,0.5842105263157895,108.11999999999999,23935.743909578963
2958,2024-05-03,94.77,94.77,-2.0,0.37368421052631584,189.54,25386.208023153245,-1.84,0.1,174.3768,24110.120709578965
2959,2024-05-03,91.72445,91.72445,-1.0400000000000003,0.1,95.39342800000003,25481.601451153245,0.0,0.1,-0.0,24110.120709578965
2960,2024-05-03,80.15056,80.15056,0.0,0.1,-0.0,25481.601451153245,0.0,0.1,-0.0,24110.120709578965
2961,2024-05-03,76.48967,76.48967,0.0,0.1,-0.0,25481.601451153245,0.0,0.1,-0.0,24110.120709578965
2962,2024-05-03,68.54398,68.54398,0.0,0.1,-0.0,25481.601451153245,0.0,0.1,-0.0,24110.120709578965
2963,2024-05-03,63.09198,63.09198,1.3684210532551941,0.42500000014810857,-86.33639372355564,25395.26505742969,0.0,0.1,-0.0,24110.120709578965
2964,2024-05-03,58.51,58.51,1.999999999376385,0.9,-117.01999996351229,25278.245057466178,2.0,0.575,-117.02,23993.100709578965
2965,2024-05-03,66.29326,66.29326,0.0,0.9,-0.0,25278.245057466178,1.3684210526315792,0.9,-90.71709263157896,23902.383616947387
2966,2024-05-03,67.94727,67.94727,0.0,0.9,-0.0,25278.245057466178,0.0,0.9,-0.0,23902.383616947387
2967,2024-05-03,71.57377,71.57377,0.0,0.9,-0.0,25278.245057466178,0.0,0.9,-0.0,23902.383616947387
2968,2024-05-03,78.13,78.13,0.0,0.9,-0.0,25278.245057466178,0.0,0.9,-0.0,23902.383616947387
2969,2024-05-03,92.2,92.2,0.0,0.9,-0.0,25278.245057466178,0.0,0.9,-0.0,23902.383616947387
2970,2024-05-03,101.43,101.43,0.0,0.9,-0.0,25278.245057466178,0.0,0.9,-0.0,23902.383616947387
2971,2024-05-03,114.0476,114.0476,-2.0,0.37368421052631584,228.0952,25506.340257466178,-2.0,0.37368421052631584,228.0952,24130.478816947387
2972,2024-05-03,105.0,105.0,-1.0400000000000003,0.1,109.20000000000003,25615.54025746618,-1.0400000000000003,0.1,109.20000000000003,24239.678816947388
2973,2024-05-03,97.15,97.15,0.0,0.1,-0.0,25615.54025746618,0.0,0.1,-0.0,24239.678816947388
2974,2024-05-03,93.2,93.2,0.0,0.1,-0.0,25615.54025746618,0.0,0.1,-0.0,24239.678816947388
2975,2024-05-04,92.99,92.99,0.0,0.1,-0.0,25615.54025746618,0.0,0.1,-0.0,24239.678816947388
2976,2024-05-04,86.08,86.08,0.0,0.1,-0.0,25615.54025746618,0.0,0.1,-0.0,24239.678816947388
2977,2024-05-04,81.49934,81.49934,0.0,0.1,-0.0,25615.54025746618,2.0,0.575,-162.99868,24076.680136947387
2978,2024-05-04,82.12,82.12,0.0,0.1,-0.0,25615.54025746618,1.3684210526315792,0.9,-112.37473684210529,23964.30540010528
2979,2024-05-04,84.0633,84.0633,0.0,0.1,-0.0,25615.54025746618,0.0,0.9,-0.0,23964.30540010528
2980,2024-05-04,81.2,81.2,2.0,0.575,-162.4,25453.140257466177,0.0,0.9,-0.0,23964.30540010528
2981,2024-05-04,86.4,86.4,1.3684210526315792,0.9,-118.23157894736845,25334.90867851881,0.0,0.9,-0.0,23964.30540010528
2982,2024-05-04,92.99,92.99,-1.2000000102991384,0.58421052360549,111.58800095771687,25446.496679476524,-2.0,0.37368421052631584,185.98,24150.28540010528
2983,2024-05-04,93.06,93.06,-1.8399999897008619,0.1,171.2303990415622,25617.727078518088,-1.0400000000000003,0.1,96.78240000000002,24247.06780010528
2984,2024-05-04,85.0,85.0,0.0,0.1,-0.0,25617.727078518088,0.0,0.1,-0.0,24247.06780010528
2985,2024-05-04,55.0,55.0,2.0,0.575,-110.0,25507.727078518088,0.0,0.1,-0.0,24247.06780010528
2986,2024-05-04,62.5,62.5,-1.805,0.1,112.8125,25620.539578518088,0.0,0.1,-0.0,24247.06780010528
2987,2024-05-04,60.0,60.0,0.0,0.1,-0.0,25620.539578518088,0.0,0.1,-0.0,24247.06780010528
2988,2024-05-04,50.98,50.98,0.0,0.1,-0.0,25620.539578518088,0.0,0.1,-0.0,24247.06780010528
2989,2024-05-04,30.67536,30.67536,2.0,0.575,-61.35072,25559.18885851809,2.0,0.575,-61.35072,24185.71708010528
2990,2024-05-04,31.2,31.2,1.3684210526315792,0.9,-42.69473684210527,25516.494121675983,1.3684210526315792,0.9,-42.69473684210527,24143.022343263176
2991,2024-05-04,32.08155,32.08155,0.0,0.9,-0.0,25516.494121675983,0.0,0.9,-0.0,24143.022343263176
2992,2024-05-04,71.59289,71.59289,0.0,0.9,-0.0,25516.494121675983,0.0,0.9,-0.0,24143.022343263176
2993,2024-05-04,91.91,91.91,0.0,0.9,-0.0,25516.494121675983,0.0,0.9,-0.0,24143.022343263176
2994,2024-05-04,109.93549,109.93549,-1.20000000042379,0.5842105262042658,131.92258804658957,25648.416709722573,0.0,0.9,-0.0,24143.022343263176
2995,2024-05-04,120.5047,120.5047,-1.8399999995762102,0.1,221.72864794893133,25870.145357671503,-2.0,0.37368421052631584,241.0094,24384.031743263175
2996,2024-05-04,106.2,106.2,0.0,0.1,-0.0,25870.145357671503,-1.0400000000000003,0.1,110.44800000000004,24494.479743263175
2997,2024-05-04,100.0,100.0,0.0,0.1,-0.0,25870.145357671503,0.0,0.1,-0.0,24494.479743263175
2998,2024-05-04,93.78581,93.78581,0.0,0.1,-0.0,25870.145357671503,0.0,0.1,-0.0,24494.479743263175
2999,2024-05-05,84.93241,84.93241,0.0,0.1,-0.0,25870.145357671503,0.0,0.1,-0.0,24494.479743263175
3000,2024-05-05,80.44424,80.44424,0.0,0.1,-0.0,25870.145357671503,0.0,0.1,-0.0,24494.479743263175
3001,2024-05-05,79.09,79.09,0.0,0.1,-0.0,25870.145357671503,0.0,0.1,-0.0,24494.479743263175
3002,2024-05-05,75.4,75.4,0.0,0.1,-0.0,25870.145357671503,0.0,0.1,-0.0,24494.479743263175
3003,2024-05-05,70.0,70.0,0.0,0.1,-0.0,25870.145357671503,0.0,0.1,-0.0,24494.479743263175
3004,2024-05-05,67.5861,67.5861,0.0,0.1,-0.0,25870.145357671503,0.0,0.1,-0.0,24494.479743263175
3005,2024-05-05,70.0,70.0,2.0,0.575,-140.0,25730.145357671503,0.0,0.1,-0.0,24494.479743263175
3006,2024-05-05,75.4,75.4,-1.805,0.1,136.097,25866.242357671505,0.0,0.1,-0.0,24494.479743263175
3007,2024-05-05,73.06,73.06,0.0,0.1,-0.0,25866.242357671505,0.0,0.1,-0.0,24494.479743263175
3008,2024-05-05,65.0,65.0,0.0,0.1,-0.0,25866.242357671505,0.0,0.1,-0.0,24494.479743263175
3009,2024-05-05,25.0,25.0,0.0,0.1,-0.0,25866.242357671505,0.0,0.1,-0.0,24494.479743263175
3010,2024-05-05,24.78,24.78,2.0,0.575,-49.56,25816.682357671503,0.0,0.1,-0.0,24494.479743263175
3011,2024-05-05,30.0,30.0,-1.805,0.1,54.15,25870.832357671505,0.0,0.1,-0.0,24494.479743263175
3012,2024-05-05,10.12,10.12,1.3684255760483799,0.42500107431149026,-13.848466829609603,25856.983890841897,2.0,0.575,-20.24,24474.239743263173
3013,2024-05-05,10.0,10.0,1.999995476583199,0.9,-19.99995476583199,25836.983936076063,1.3684210526315792,0.9,-13.684210526315791,24460.555532736857
3014,2024-05-05,31.0,31.0,0.0,0.9,-0.0,25836.983936076063,0.0,0.9,-0.0,24460.555532736857
3015,2024-05-05,49.87,49.87,0.0,0.9,-0.0,25836.983936076063,0.0,0.9,-0.0,24460.555532736857
3016,2024-05-05,70.0,70.0,0.0,0.9,-0.0,25836.983936076063,0.0,0.9,-0.0,24460.555532736857
3017,2024-05-05,95.0,95.0,0.0,0.9,-0.0,25836.983936076063,0.0,0.9,-0.0,24460.555532736857
3018,2024-05-05,97.6277,97.6277,0.0,0.9,-0.0,25836.983936076063,0.0,0.9,-0.0,24460.555532736857
3019,2024-05-05,118.05,118.05,-2.0,0.37368421052631584,236.1,26073.083936076062,-2.0,0.37368421052631584,236.1,24696.655532736855
3020,2024-05-05,108.62452,108.62452,-1.0400000000000003,0.1,112.96950080000003,26186.053436876064,-1.0400000000000003,0.1,112.96950080000003,24809.625033536857
3021,2024-05-05,101.49318,101.49318,0.0,0.1,-0.0,26186.053436876064,0.0,0.1,-0.0,24809.625033536857
3022,2024-05-05,92.99,92.99,0.0,0.1,-0.0,26186.053436876064,0.0,0.1,-0.0,24809.625033536857
3023,2024-05-06,84.93,84.93,0.0,0.1,-0.0,26186.053436876064,0.0,0.1,-0.0,24809.625033536857
3024,2024-05-06,78.7,78.7,0.0,0.1,-0.0,26186.053436876064,0.0,0.1,-0.0,24809.625033536857
3025,2024-05-06,77.36,77.36,1.3684210663583536,0.425000003260109,-105.86105369348223,26080.19238318258,2.0,0.575,-154.72,24654.905033536856
3026,2024-05-06,77.14701,77.14701,1.9999999862732254,0.9,-154.29401894102037,25925.89836424156,1.3684210526315792,0.9,-105.56959263157896,24549.335440905277
3027,2024-05-06,78.77685,78.77685,0.0,0.9,-0.0,25925.89836424156,0.0,0.9,-0.0,24549.335440905277
3028,2024-05-06,90.1,90.1,0.0,0.9,-0.0,25925.89836424156,0.0,0.9,-0.0,24549.335440905277
3029,2024-05-06,104.72,104.72,0.0,0.9,-0.0,25925.89836424156,0.0,0.9,-0.0,24549.335440905277
3030,2024-05-06,125.32204,125.32204,-1.2000000012076004,0.5842105259979999,150.38644815133895,26076.284812392896,-1.2,0.5842105263157895,150.386448,24699.72188890528
3031,2024-05-06,125.52,125.52,-1.8399999987923998,0.1,230.956799848422,26307.24161224132,-1.84,0.1,230.95680000000002,24930.67868890528
3032,2024-05-06,117.21,117.21,0.0,0.1,-0.0,26307.24161224132,0.0,0.1,-0.0,24930.67868890528
3033,2024-05-06,104.24,104.24,0.0,0.1,-0.0,26307.24161224132,0.0,0.1,-0.0,24930.67868890528
3034,2024-05-06,103.51,103.51,0.0,0.1,-0.0,26307.24161224132,0.0,0.1,-0.0,24930.67868890528
3035,2024-05-06,98.18,98.18,1.9306931908939857,0.5585396328373216,-189.55545748197153,26117.686154759347,0.0,0.1,-0.0,24930.67868890528
3036,2024-05-06,98.18,98.18,1.4377278617375937,0.9,-141.15612146539695,25976.53003329395,2.0,0.575,-196.36,24734.318688905278
3037,2024-05-06,100.0,100.0,0.0,0.9,-0.0,25976.53003329395,1.3684210526315792,0.9,-136.84210526315792,24597.47658364212
3038,2024-05-06,99.4,99.4,0.0,0.9,-0.0,25976.53003329395,0.0,0.9,-0.0,24597.47658364212
3039,2024-05-06,103.51,103.51,0.0,0.9,-0.0,25976.53003329395,0.0,0.9,-0.0,24597.47658364212
3040,2024-05-06,103.87,103.87,0.0,0.9,-0.0,25976.53003329395,0.0,0.9,-0.0,24597.47658364212
3041,2024-05-06,110.85,110.85,0.0,0.9,-0.0,25976.53003329395,0.0,0.9,-0.0,24597.47658364212
3042,2024-05-06,132.95438,132.95438,-1.1999999999999977,0.5842105263157901,159.54525599999968,26136.075289293953,-1.2,0.5842105263157895,159.54525599999997,24757.021839642122
3043,2024-05-06,140.60626,140.60626,-1.8400000000000023,0.1,258.7155184000003,26394.790807693953,-1.84,0.1,258.7155184,25015.737358042123
3044,2024-05-06,118.0,118.0,0.0,0.1,-0.0,26394.790807693953,0.0,0.1,-0.0,25015.737358042123
3045,2024-05-06,104.36,104.36,0.0,0.1,-0.0,26394.790807693953,0.0,0.1,-0.0,25015.737358042123
3046,2024-05-06,98.65,98.65,0.0,0.1,-0.0,26394.790807693953,0.0,0.1,-0.0,25015.737358042123
3047,2024-05-07,102.09,102.09,0.0,0.1,-0.0,26394.790807693953,0.0,0.1,-0.0,25015.737358042123
3048,2024-05-07,98.92,98.92,0.0,0.1,-0.0,26394.790807693953,0.0,0.1,-0.0,25015.737358042123
3049,2024-05-07,90.5,90.5,0.0,0.1,-0.0,26394.790807693953,0.0,0.1,-0.0,25015.737358042123
3050,2024-05-07,90.1,90.1,2.0,0.575,-180.2,26214.590807693952,2.0,0.575,-180.2,24835.537358042122
3051,2024-05-07,90.1,90.1,1.3684210526315792,0.9,-123.29473684210528,26091.296070851848,1.3684210526315792,0.9,-123.29473684210528,24712.242621200017
3052,2024-05-07,98.92,98.92,0.0,0.9,-0.0,26091.296070851848,0.0,0.9,-0.0,24712.242621200017
3053,2024-05-07,102.38,102.38,0.0,0.9,-0.0,26091.296070851848,0.0,0.9,-0.0,24712.242621200017
3054,2024-05-07,120.34,120.34,0.0,0.9,-0.0,26091.296070851848,0.0,0.9,-0.0,24712.242621200017
3055,2024-05-07,140.0,140.0,-2.0,0.37368421052631584,280.0,26371.296070851848,-2.0,0.37368421052631584,280.0,24992.242621200017
3056,2024-05-07,139.84,139.84,-1.0400000000000003,0.1,145.43360000000004,26516.729670851848,-1.0400000000000003,0.1,145.43360000000004,25137.676221200018
3057,2024-05-07,114.17,114.17,0.0,0.1,-0.0,26516.729670851848,0.0,0.1,-0.0,25137.676221200018
3058,2024-05-07,105.69,105.69,0.0,0.1,-0.0,26516.729670851848,0.0,0.1,-0.0,25137.676221200018
3059,2024-05-07,100.0,100.0,1.3684251374808576,0.4250009701517037,-136.84251374808576,26379.887157103763,0.0,0.1,-0.0,25137.676221200018
3060,2024-05-07,98.53,98.53,1.9999959151507216,0.9,-197.0595975198006,26182.827559583962,0.0,0.1,-0.0,25137.676221200018
3061,2024-05-07,100.61,100.61,0.0,0.9,-0.0,26182.827559583962,2.0,0.575,-201.22,24936.456221200016
3062,2024-05-07,101.12,101.12,0.0,0.9,-0.0,26182.827559583962,1.3684210526315792,0.9,-138.3747368421053,24798.08148435791
3063,2024-05-07,102.09,102.09,0.0,0.9,-0.0,26182.827559583962,0.0,0.9,-0.0,24798.08148435791
3064,2024-05-07,102.09,102.09,0.0,0.9,-0.0,26182.827559583962,0.0,0.9,-0.0,24798.08148435791
3065,2024-05-07,107.19,107.19,0.0,0.9,-0.0,26182.827559583962,0.0,0.9,-0.0,24798.08148435791
3066,2024-05-07,134.93,134.93,-2.0,0.37368421052631584,269.86,26452.687559583963,-1.2,0.5842105263157895,161.916,24959.99748435791
3067,2024-05-07,141.86308,141.86308,-1.0400000000000003,0.1,147.53760320000004,26600.22516278396,-1.84,0.1,261.0280672,25221.025551557912
3068,2024-05-07,118.0,118.0,0.0,0.1,-0.0,26600.22516278396,0.0,0.1,-0.0,25221.025551557912
3069,2024-05-07,105.0,105.0,0.0,0.1,-0.0,26600.22516278396,0.0,0.1,-0.0,25221.025551557912
3070,2024-05-07,102.38,102.38,0.0,0.1,-0.0,26600.22516278396,0.0,0.1,-0.0,25221.025551557912
3071,2024-05-08,100.0,100.0,0.0,0.1,-0.0,26600.22516278396,0.0,0.1,-0.0,25221.025551557912
3072,2024-05-08,93.8,93.8,0.0,0.1,-0.0,26600.22516278396,0.0,0.1,-0.0,25221.025551557912
3073,2024-05-08,94.97,94.97,0.0,0.1,-0.0,26600.22516278396,0.0,0.1,-0.0,25221.025551557912
3074,2024-05-08,90.0,90.0,1.3684210530129588,0.4250000000905777,-123.1578947711663,26477.067268012794,2.0,0.575,-180.0,25041.025551557912
3075,2024-05-08,86.04,86.04,1.9999999996186204,0.9,-172.07999996718613,26304.987268045606,1.3684210526315792,0.9,-117.73894736842108,24923.286604189492
3076,2024-05-08,93.6,93.6,0.0,0.9,-0.0,26304.987268045606,0.0,0.9,-0.0,24923.286604189492
3077,2024-05-08,104.5,104.5,0.0,0.9,-0.0,26304.987268045606,0.0,0.9,-0.0,24923.286604189492
3078,2024-05-08,110.78,110.78,-1.2000000069184462,0.5842105244951458,132.93600076642548,26437.923268812032,-1.2,0.5842105263157895,132.936,25056.222604189494
3079,2024-05-08,116.45,116.45,-1.8399999930815538,0.1,214.26799919434694,26652.19126800638,-1.84,0.1,214.268,25270.490604189494
3080,2024-05-08,108.02,108.02,0.0,0.1,-0.0,26652.19126800638,0.0,0.1,-0.0,25270.490604189494
3081,2024-05-08,101.99,101.99,0.0,0.1,-0.0,26652.19126800638,0.0,0.1,-0.0,25270.490604189494
3082,2024-05-08,92.0,92.0,0.0,0.1,-0.0,26652.19126800638,0.0,0.1,-0.0,25270.490604189494
3083,2024-05-08,80.0,80.0,2.0,0.575,-160.0,26492.19126800638,2.0,0.575,-160.0,25110.490604189494
3084,2024-05-08,80.0,80.0,1.3684210526315792,0.9,-109.47368421052633,26382.717583795853,1.3684210526315792,0.9,-109.47368421052633,25001.016919978967
3085,2024-05-08,89.21,89.21,0.0,0.9,-0.0,26382.717583795853,0.0,0.9,-0.0,25001.016919978967
3086,2024-05-08,96.0,96.0,0.0,0.9,-0.0,26382.717583795853,0.0,0.9,-0.0,25001.016919978967
3087,2024-05-08,98.5,98.5,0.0,0.9,-0.0,26382.717583795853,0.0,0.9,-0.0,25001.016919978967
3088,2024-05-08,99.1,99.1,0.0,0.9,-0.0,26382.717583795853,0.0,0.9,-0.0,25001.016919978967
3089,2024-05-08,103.0,103.0,0.0,0.9,-0.0,26382.717583795853,0.0,0.9,-0.0,25001.016919978967
3090,2024-05-08,120.01698,120.01698,-1.2000000420406876,0.5842105152524506,144.02038104559637,26526.73796484145,-1.2,0.5842105263157895,144.020376,25145.037295978967
3091,2024-05-08,128.75,128.75,-1.8399999579593123,0.1,236.89999458726146,26763.63795942871,-1.84,0.1,236.9,25381.93729597897
3092,2024-05-08,111.46,111.46,0.0,0.1,-0.0,26763.63795942871,0.0,0.1,-0.0,25381.93729597897
3093,2024-05-08,102.0,102.0,0.0,0.1,-0.0,26763.63795942871,0.0,0.1,-0.0,25381.93729597897
3094,2024-05-08,99.97,99.97,0.0,0.1,-0.0,26763.63795942871,0.0,0.1,-0.0,25381.93729597897
3095,2024-05-09,94.32,94.32,0.0,0.1,-0.0,26763.63795942871,0.0,0.1,-0.0,25381.93729597897
3096,2024-05-09,87.42,87.42,0.0,0.1,-0.0,26763.63795942871,0.0,0.1,-0.0,25381.93729597897
3097,2024-05-09,79.54,79.54,0.0,0.1,-0.0,26763.63795942871,2.0,0.575,-159.08,25222.857295978967
3098,2024-05-09,78.9,78.9,2.0,0.575,-157.8,26605.83795942871,1.3684210526315792,0.9,-107.96842105263161,25114.888874926335
3099,2024-05-09,83.6,83.6,1.3684210526315792,0.9,-114.40000000000002,26491.43795942871,0.0,0.9,-0.0,25114.888874926335
3100,2024-05-09,85.53,85.53,0.0,0.9,-0.0,26491.43795942871,0.0,0.9,-0.0,25114.888874926335
3101,2024-05-09,100.25,100.25,0.0,0.9,-0.0,26491.43795942871,0.0,0.9,-0.0,25114.888874926335
3102,2024-05-09,110.0,110.0,-2.0,0.37368421052631584,220.0,26711.43795942871,-2.0,0.37368421052631584,220.0,25334.888874926335
3103,2024-05-09,122.65,122.65,-1.0400000000000003,0.1,127.55600000000004,26838.99395942871,-1.0400000000000003,0.1,127.55600000000004,25462.444874926336
3104,2024-05-09,105.0,105.0,0.0,0.1,-0.0,26838.99395942871,0.0,0.1,-0.0,25462.444874926336
3105,2024-05-09,97.5,97.5,0.0,0.1,-0.0,26838.99395942871,0.0,0.1,-0.0,25462.444874926336
3106,2024-05-09,80.0,80.0,0.0,0.1,-0.0,26838.99395942871,0.0,0.1,-0.0,25462.444874926336
3107,2024-05-09,60.0,60.0,2.0,0.575,-120.0,26718.99395942871,0.0,0.1,-0.0,25462.444874926336
3108,2024-05-09,54.9,54.9,1.3684210526315792,0.9,-75.1263157894737,26643.867643639234,2.0,0.575,-109.8,25352.644874926336
3109,2024-05-09,66.1,66.1,0.0,0.9,-0.0,26643.867643639234,1.3684210526315792,0.9,-90.45263157894738,25262.19224334739
3110,2024-05-09,70.0,70.0,0.0,0.9,-0.0,26643.867643639234,0.0,0.9,-0.0,25262.19224334739
3111,2024-05-09,80.0,80.0,0.0,0.9,-0.0,26643.867643639234,0.0,0.9,-0.0,25262.19224334739
3112,2024-05-09,81.1,81.1,0.0,0.9,-0.0,26643.867643639234,0.0,0.9,-0.0,25262.19224334739
3113,2024-05-09,100.0,100.0,0.0,0.9,-0.0,26643.867643639234,0.0,0.9,-0.0,25262.19224334739
3114,2024-05-09,123.35,123.35,-1.2000000106599522,0.5842105235105389,148.0200013149051,26791.88764495414,-2.0,0.37368421052631584,246.7,25508.89224334739
3115,2024-05-09,133.81,133.81,-1.8399999893400478,0.1,246.21039857359182,27038.09804352773,-1.0400000000000003,0.1,139.16240000000005,25648.05464334739
3116,2024-05-09,113.32,113.32,0.0,0.1,-0.0,27038.09804352773,0.0,0.1,-0.0,25648.05464334739
3117,2024-05-09,100.0,100.0,0.0,0.1,-0.0,27038.09804352773,0.0,0.1,-0.0,25648.05464334739
3118,2024-05-09,90.1,90.1,0.0,0.1,-0.0,27038.09804352773,0.0,0.1,-0.0,25648.05464334739
3119,2024-05-10,84.0,84.0,0.0,0.1,-0.0,27038.09804352773,0.0,0.1,-0.0,25648.05464334739
3120,2024-05-10,76.58887,76.58887,0.0,0.1,-0.0,27038.09804352773,0.0,0.1,-0.0,25648.05464334739
3121,2024-05-10,69.41005,69.41005,2.0,0.575,-138.8201,26899.27794352773,2.0,0.575,-138.8201,25509.23454334739
3122,2024-05-10,70.59,70.59,1.3684210526315792,0.9,-96.59684210526318,26802.681101422466,1.3684210526315792,0.9,-96.59684210526318,25412.637701242125
3123,2024-05-10,70.0,70.0,0.0,0.9,-0.0,26802.681101422466,0.0,0.9,-0.0,25412.637701242125
3124,2024-05-10,83.36118,83.36118,0.0,0.9,-0.0,26802.681101422466,0.0,0.9,-0.0,25412.637701242125
3125,2024-05-10,99.66,99.66,0.0,0.9,-0.0,26802.681101422466,0.0,0.9,-0.0,25412.637701242125
3126,2024-05-10,114.11,114.11,-2.0,0.37368421052631584,228.22,27030.901101422467,-2.0,0.37368421052631584,228.22,25640.857701242126
3127,2024-05-10,114.11,114.11,-1.0400000000000003,0.1,118.67440000000003,27149.575501422467,-1.0400000000000003,0.1,118.67440000000003,25759.532101242126
3128,2024-05-10,90.03,90.03,0.0,0.1,-0.0,27149.575501422467,0.0,0.1,-0.0,25759.532101242126
3129,2024-05-10,77.3,77.3,0.0,0.1,-0.0,27149.575501422467,0.0,0.1,-0.0,25759.532101242126
3130,2024-05-10,62.72527,62.72527,0.0,0.1,-0.0,27149.575501422467,0.0,0.1,-0.0,25759.532101242126
3131,2024-05-10,46.9,46.9,0.0,0.1,-0.0,27149.575501422467,0.0,0.1,-0.0,25759.532101242126
3132,2024-05-10,25.0,25.0,2.0,0.575,-50.0,27099.575501422467,2.0,0.575,-50.0,25709.532101242126
3133,2024-05-10,43.0,43.0,-0.5999999079874548,0.41710528737172237,25.79999604346056,27125.375497465928,1.3684210526315792,0.9,-58.842105263157904,25650.68999597897
3134,2024-05-10,35.0002,35.0002,2.0,0.8921052873717223,-70.0004,27055.375097465927,0.0,0.9,-0.0,25650.68999597897
3135,2024-05-10,60.0,60.0,0.03324089527695864,0.9,-1.9944537166175187,27053.380643749308,0.0,0.9,-0.0,25650.68999597897
3136,2024-05-10,77.83876,77.83876,0.0,0.9,-0.0,27053.380643749308,0.0,0.9,-0.0,25650.68999597897
3137,2024-05-10,96.92,96.92,0.0,0.9,-0.0,27053.380643749308,0.0,0.9,-0.0,25650.68999597897
3138,2024-05-10,123.33,123.33,0.0,0.9,-0.0,27053.380643749308,-2.0,0.37368421052631584,246.66,25897.34999597897
3139,2024-05-10,136.21,136.21,-2.0,0.37368421052631584,272.42,27325.800643749306,-1.0400000000000003,0.1,141.65840000000006,26039.00839597897
3140,2024-05-10,117.93544,117.93544,-1.0400000000000003,0.1,122.65285760000003,27448.453501349304,0.0,0.1,-0.0,26039.00839597897
3141,2024-05-10,100.0,100.0,0.0,0.1,-0.0,27448.453501349304,0.0,0.1,-0.0,26039.00839597897
3142,2024-05-10,97.0,97.0,0.0,0.1,-0.0,27448.453501349304,0.0,0.1,-0.0,26039.00839597897
3143,2024-05-11,95.0,95.0,0.0,0.1,-0.0,27448.453501349304,0.0,0.1,-0.0,26039.00839597897
3144,2024-05-11,89.0,89.0,0.0,0.1,-0.0,27448.453501349304,0.0,0.1,-0.0,26039.00839597897
3145,2024-05-11,85.0,85.0,0.0,0.1,-0.0,27448.453501349304,0.0,0.1,-0.0,26039.00839597897
3146,2024-05-11,82.7,82.7,0.0,0.1,-0.0,27448.453501349304,0.0,0.1,-0.0,26039.00839597897
3147,2024-05-11,83.04,83.04,2.0,0.575,-166.08,27282.373501349302,2.0,0.575,-166.08,25872.92839597897
3148,2024-05-11,83.3,83.3,1.3684210526315792,0.9,-113.98947368421054,27168.38402766509,1.3684210526315792,0.9,-113.98947368421054,25758.938922294758
3149,2024-05-11,85.0,85.0,0.0,0.9,-0.0,27168.38402766509,0.0,0.9,-0.0,25758.938922294758
3150,2024-05-11,90.1,90.1,-2.0,0.37368421052631584,180.2,27348.584027665092,-2.0,0.37368421052631584,180.2,25939.13892229476
3151,2024-05-11,96.3,96.3,-1.0400000000000003,0.1,100.15200000000002,27448.73602766509,-1.0400000000000003,0.1,100.15200000000002,26039.290922294756
3152,2024-05-11,90.0,90.0,0.0,0.1,-0.0,27448.73602766509,0.0,0.1,-0.0,26039.290922294756
3153,2024-05-11,70.0,70.0,0.0,0.1,-0.0,27448.73602766509,0.0,0.1,-0.0,26039.290922294756
3154,2024-05-11,60.0,60.0,0.0,0.1,-0.0,27448.73602766509,0.0,0.1,-0.0,26039.290922294756
3155,2024-05-11,15.0,15.0,2.0,0.575,-30.0,27418.73602766509,2.0,0.575,-30.0,26009.290922294756
3156,2024-05-11,15.0,15.0,0.0,0.575,-0.0,27418.73602766509,1.3684210526315792,0.9,-20.52631578947369,25988.764606505283
3157,2024-05-11,14.84622,14.84622,1.3684210526315792,0.9,-20.315880000000003,27398.420147665092,0.0,0.9,-0.0,25988.764606505283
3158,2024-05-11,25.0,25.0,0.0,0.9,-0.0,27398.420147665092,0.0,0.9,-0.0,25988.764606505283
3159,2024-05-11,70.0,70.0,0.0,0.9,-0.0,27398.420147665092,0.0,0.9,-0.0,25988.764606505283
3160,2024-05-11,85.0,85.0,0.0,0.9,-0.0,27398.420147665092,0.0,0.9,-0.0,25988.764606505283
3161,2024-05-11,108.0,108.0,0.0,0.9,-0.0,27398.420147665092,0.0,0.9,-0.0,25988.764606505283
3162,2024-05-11,122.0,122.0,-1.2000000707259406,0.5842105077036999,146.40000862856476,27544.820156293656,-2.0,0.37368421052631584,244.0,26232.764606505283
3163,2024-05-11,128.1195,128.1195,-1.8399999292740594,0.1,235.73987093862783,27780.560027232284,-1.0400000000000003,0.1,133.24428000000003,26366.008886505282
3164,2024-05-11,117.66087,117.66087,0.0,0.1,-0.0,27780.560027232284,0.0,0.1,-0.0,26366.008886505282
3165,2024-05-11,101.83633,101.83633,0.0,0.1,-0.0,27780.560027232284,0.0,0.1,-0.0,26366.008886505282
3166,2024-05-11,97.73815,97.73815,0.0,0.1,-0.0,27780.560027232284,0.0,0.1,-0.0,26366.008886505282
3167,2024-05-12,85.08339,85.08339,0.0,0.1,-0.0,27780.560027232284,0.0,0.1,-0.0,26366.008886505282
3168,2024-05-12,77.5571,77.5571,2.0,0.575,-155.1142,27625.445827232285,0.0,0.1,-0.0,26366.008886505282
3169,2024-05-12,75.95073,75.95073,1.3684210526315792,0.9,-103.93257789473685,27521.513249337546,2.0,0.575,-151.90146,26214.10742650528
3170,2024-05-12,78.50493,78.50493,0.0,0.9,-0.0,27521.513249337546,1.3684210526315792,0.9,-107.42779894736844,26106.679627557915
3171,2024-05-12,83.15893,83.15893,0.0,0.9,-0.0,27521.513249337546,0.0,0.9,-0.0,26106.679627557915
3172,2024-05-12,83.10629,83.10629,0.0,0.9,-0.0,27521.513249337546,0.0,0.9,-0.0,26106.679627557915
3173,2024-05-12,94.5,94.5,-2.0,0.37368421052631584,189.0,27710.513249337546,-2.0,0.37368421052631584,189.0,26295.679627557915
3174,2024-05-12,94.0,94.0,-1.0400000000000003,0.1,97.76000000000002,27808.273249337544,-1.0400000000000003,0.1,97.76000000000002,26393.439627557913
3175,2024-05-12,90.1,90.1,2.0,0.575,-180.2,27628.073249337544,0.0,0.1,-0.0,26393.439627557913
3176,2024-05-12,94.0,94.0,-1.805,0.1,169.67,27797.74324933754,0.0,0.1,-0.0,26393.439627557913
3177,2024-05-12,50.0,50.0,0.0,0.1,-0.0,27797.74324933754,0.0,0.1,-0.0,26393.439627557913
3178,2024-05-12,16.9,16.9,0.0,0.1,-0.0,27797.74324933754,0.0,0.1,-0.0,26393.439627557913
3179,2024-05-12,9.65,9.65,0.0,0.1,-0.0,27797.74324933754,0.0,0.1,-0.0,26393.439627557913
3180,2024-05-12,5.0,5.0,2.0,0.575,-10.0,27787.74324933754,2.0,0.575,-10.0,26383.439627557913
3181,2024-05-12,2.06,2.06,1.3684210526315792,0.9,-2.8189473684210533,27784.92430196912,1.3684210526315792,0.9,-2.8189473684210533,26380.62068018949
3182,2024-05-12,10.0,10.0,0.0,0.9,-0.0,27784.92430196912,0.0,0.9,-0.0,26380.62068018949
3183,2024-05-12,65.63,65.63,0.0,0.9,-0.0,27784.92430196912,0.0,0.9,-0.0,26380.62068018949
3184,2024-05-12,77.55,77.55,0.0,0.9,-0.0,27784.92430196912,0.0,0.9,-0.0,26380.62068018949
3185,2024-05-12,94.5,94.5,0.0,0.9,-0.0,27784.92430196912,0.0,0.9,-0.0,26380.62068018949
3186,2024-05-12,107.93,107.93,-1.199999999239359,0.5842105265159582,129.51599991790403,27914.440301887025,0.0,0.9,-0.0,26380.62068018949
3187,2024-05-12,121.48292,121.48292,-1.840000000760641,0.1,223.52857289240487,28137.96887477943,-2.0,0.37368421052631584,242.96584,26623.586520189492
3188,2024-05-12,106.50844,106.50844,0.0,0.1,-0.0,28137.96887477943,-1.0400000000000003,0.1,110.76877760000002,26734.35529778949
3189,2024-05-12,95.41644,95.41644,0.0,0.1,-0.0,28137.96887477943,0.0,0.1,-0.0,26734.35529778949
3190,2024-05-12,84.95458,84.95458,0.0,0.1,-0.0,28137.96887477943,0.0,0.1,-0.0,26734.35529778949
3191,2024-05-13,87.09412,87.09412,0.0,0.1,-0.0,28137.96887477943,0.0,0.1,-0.0,26734.35529778949
3192,2024-05-13,63.87682,63.87682,0.0,0.1,-0.0,28137.96887477943,0.0,0.1,-0.0,26734.35529778949
3193,2024-05-13,58.54244,58.54244,1.368421052993681,0.42500000008599925,-80.11070738961939,28057.85816738981,2.0,0.575,-117.08488,26617.270417789492
3194,2024-05-13,54.43706,54.43706,1.999999999637898,0.9,-108.87411998028824,27948.98404740952,1.3684210526315792,0.9,-74.49281894736843,26542.777598842124
3195,2024-05-13,63.2591,63.2591,0.0,0.9,-0.0,27948.98404740952,0.0,0.9,-0.0,26542.777598842124
3196,2024-05-13,79.80988,79.80988,0.0,0.9,-0.0,27948.98404740952,0.0,0.9,-0.0,26542.777598842124
3197,2024-05-13,102.0,102.0,0.0,0.9,-0.0,27948.98404740952,0.0,0.9,-0.0,26542.777598842124
3198,2024-05-13,115.0,115.0,-2.0,0.37368421052631584,230.0,28178.98404740952,-2.0,0.37368421052631584,230.0,26772.777598842124
3199,2024-05-13,113.68,113.68,-1.0400000000000003,0.1,118.22720000000004,28297.211247409523,-1.0400000000000003,0.1,118.22720000000004,26891.004798842125
3200,2024-05-13,105.0,105.0,0.0,0.1,-0.0,28297.211247409523,0.0,0.1,-0.0,26891.004798842125
3201,2024-05-13,95.85,95.85,0.0,0.1,-0.0,28297.211247409523,0.0,0.1,-0.0,26891.004798842125
3202,2024-05-13,92.03,92.03,0.0,0.1,-0.0,28297.211247409523,0.0,0.1,-0.0,26891.004798842125
3203,2024-05-13,74.42,74.42,2.0,0.575,-148.84,28148.371247409523,2.0,0.575,-148.84,26742.164798842125
3204,2024-05-13,75.0,75.0,1.3684210526315792,0.9,-102.63157894736844,28045.739668462153,1.3684210526315792,0.9,-102.63157894736844,26639.533219894754
3205,2024-05-13,85.0,85.0,0.0,0.9,-0.0,28045.739668462153,0.0,0.9,-0.0,26639.533219894754
3206,2024-05-13,90.44135,90.44135,0.0,0.9,-0.0,28045.739668462153,0.0,0.9,-0.0,26639.533219894754
3207,2024-05-13,100.39,100.39,0.0,0.9,-0.0,28045.739668462153,0.0,0.9,-0.0,26639.533219894754
3208,2024-05-13,104.42,104.42,0.0,0.9,-0.0,28045.739668462153,0.0,0.9,-0.0,26639.533219894754
3209,2024-05-13,104.3,104.3,0.0,0.9,-0.0,28045.739668462153,0.0,0.9,-0.0,26639.533219894754
3210,2024-05-13,134.16507,134.16507,-1.2004511770360649,0.584091795516825,161.05861619862603,28206.798284660777,-2.0,0.37368421052631584,268.33014,26907.863359894753
3211,2024-05-13,138.28671,138.28671,-1.839548822963935,0.1,254.385154612055,28461.183439272834,-1.0400000000000003,0.1,143.81817840000002,27051.681538294753
3212,2024-05-13,120.42932,120.42932,0.0,0.1,-0.0,28461.183439272834,0.0,0.1,-0.0,27051.681538294753
3213,2024-05-13,99.72387,99.72387,0.0,0.1,-0.0,28461.183439272834,0.0,0.1,-0.0,27051.681538294753
3214,2024-05-13,95.83,95.83,0.0,0.1,-0.0,28461.183439272834,0.0,0.1,-0.0,27051.681538294753
3215,2024-05-14,94.97296,94.97296,0.0,0.1,-0.0,28461.183439272834,0.0,0.1,-0.0,27051.681538294753
3216,2024-05-14,93.88,93.88,0.0,0.1,-0.0,28461.183439272834,0.0,0.1,-0.0,27051.681538294753
3217,2024-05-14,90.0,90.0,0.0,0.1,-0.0,28461.183439272834,2.0,0.575,-180.0,26871.681538294753
3218,2024-05-14,86.08,86.08,2.0,0.575,-172.16,28289.023439272834,1.3684210526315792,0.9,-117.79368421052634,26753.887854084227
3219,2024-05-14,86.08,86.08,1.3684210526315792,0.9,-117.79368421052634,28171.229755062308,0.0,0.9,-0.0,26753.887854084227
3220,2024-05-14,94.96711,94.96711,0.0,0.9,-0.0,28171.229755062308,0.0,0.9,-0.0,26753.887854084227
3221,2024-05-14,112.50546,112.50546,0.0,0.9,-0.0,28171.229755062308,0.0,0.9,-0.0,26753.887854084227
3222,2024-05-14,143.0,143.0,-2.0,0.37368421052631584,286.0,28457.229755062308,-2.0,0.37368421052631584,286.0,27039.887854084227
3223,2024-05-14,136.3,136.3,-1.0400000000000003,0.1,141.75200000000004,28598.98175506231,-1.0400000000000003,0.1,141.75200000000004,27181.639854084227
3224,2024-05-14,110.0,110.0,0.0,0.1,-0.0,28598.98175506231,0.0,0.1,-0.0,27181.639854084227
3225,2024-05-14,95.0,95.0,0.0,0.1,-0.0,28598.98175506231,0.0,0.1,-0.0,27181.639854084227
3226,2024-05-14,89.02187,89.02187,0.0,0.1,-0.0,28598.98175506231,0.0,0.1,-0.0,27181.639854084227
3227,2024-05-14,76.57,76.57,1.3684213081654233,0.425000060689288,-104.78001956622646,28494.20173549608,0.0,0.1,-0.0,27181.639854084227
3228,2024-05-14,73.0,73.0,1.9999997444661561,0.9,-145.9999813460294,28348.20175415005,2.0,0.575,-146.0,27035.639854084227
3229,2024-05-14,82.35,82.35,0.0,0.9,-0.0,28348.20175415005,1.3684210526315792,0.9,-112.68947368421054,26922.950380400016
3230,2024-05-14,89.01025,89.01025,0.0,0.9,-0.0,28348.20175415005,0.0,0.9,-0.0,26922.950380400016
3231,2024-05-14,96.64,96.64,0.0,0.9,-0.0,28348.20175415005,0.0,0.9,-0.0,26922.950380400016
3232,2024-05-14,96.77438,96.77438,0.0,0.9,-0.0,28348.20175415005,0.0,0.9,-0.0,26922.950380400016
3233,2024-05-14,104.93,104.93,0.0,0.9,-0.0,28348.20175415005,0.0,0.9,-0.0,26922.950380400016
3234,2024-05-14,138.67,138.67,-1.2000000036332785,0.5842105253596636,166.40400050382672,28514.605754653876,-1.2,0.5842105263157895,166.40399999999997,27089.354380400015
3235,2024-05-14,147.33,147.33,-1.8399999963667215,0.1,271.0871994647091,28785.692954118585,-1.84,0.1,271.08720000000005,27360.441580400016
3236,2024-05-14,135.01666,135.01666,0.0,0.1,-0.0,28785.692954118585,0.0,0.1,-0.0,27360.441580400016
3237,2024-05-14,100.91,100.91,0.0,0.1,-0.0,28785.692954118585,0.0,0.1,-0.0,27360.441580400016
3238,2024-05-14,98.09,98.09,0.0,0.1,-0.0,28785.692954118585,0.0,0.1,-0.0,27360.441580400016
3239,2024-05-15,91.26,91.26,0.0,0.1,-0.0,28785.692954118585,0.0,0.1,-0.0,27360.441580400016
3240,2024-05-15,90.1,90.1,0.0,0.1,-0.0,28785.692954118585,0.0,0.1,-0.0,27360.441580400016
3241,2024-05-15,88.0,88.0,0.0,0.1,-0.0,28785.692954118585,2.0,0.575,-176.0,27184.441580400016
3242,2024-05-15,86.10691,86.10691,2.0,0.575,-172.21382,28613.479134118585,1.3684210526315792,0.9,-117.83050842105266,27066.611071978965
3243,2024-05-15,87.0,87.0,1.3684210526315792,0.9,-119.05263157894738,28494.426502539638,0.0,0.9,-0.0,27066.611071978965
3244,2024-05-15,93.25,93.25,0.0,0.9,-0.0,28494.426502539638,0.0,0.9,-0.0,27066.611071978965
3245,2024-05-15,106.11,106.11,0.0,0.9,-0.0,28494.426502539638,0.0,0.9,-0.0,27066.611071978965
3246,2024-05-15,126.0,126.0,-1.2000000004187845,0.584210526205583,151.20000005276685,28645.626502592404,-1.2,0.5842105263157895,151.2,27217.811071978966
3247,2024-05-15,134.22,134.22,-1.8399999995812155,0.1,246.96479994379075,28892.591302536195,-1.84,0.1,246.9648,27464.775871978967
3248,2024-05-15,113.33,113.33,0.0,0.1,-0.0,28892.591302536195,0.0,0.1,-0.0,27464.775871978967
3249,2024-05-15,99.86,99.86,0.0,0.1,-0.0,28892.591302536195,0.0,0.1,-0.0,27464.775871978967
3250,2024-05-15,97.23052,97.23052,0.0,0.1,-0.0,28892.591302536195,0.0,0.1,-0.0,27464.775871978967
3251,2024-05-15,93.47973,93.47973,0.0,0.1,-0.0,28892.591302536195,0.0,0.1,-0.0,27464.775871978967
3252,2024-05-15,91.37381,91.37381,0.0,0.1,-0.0,28892.591302536195,0.0,0.1,-0.0,27464.775871978967
3253,2024-05-15,91.42314,91.42314,1.3684210526538811,0.4250000000052968,-125.10534947572316,28767.485953060474,2.0,0.575,-182.84628,27281.929591978966
3254,2024-05-15,88.35254,88.35254,1.9999999999776978,0.9,-176.70507999802956,28590.780873062446,1.3684210526315792,0.9,-120.90347578947372,27161.026116189492
3255,2024-05-15,92.0,92.0,0.0,0.9,-0.0,28590.780873062446,0.0,0.9,-0.0,27161.026116189492
3256,2024-05-15,93.35586,93.35586,0.0,0.9,-0.0,28590.780873062446,0.0,0.9,-0.0,27161.026116189492
3257,2024-05-15,97.75577,97.75577,0.0,0.9,-0.0,28590.780873062446,0.0,0.9,-0.0,27161.026116189492
3258,2024-05-15,132.66,132.66,-1.2000000004039568,0.584210526209485,159.1920000535889,28749.972873116036,-1.2,0.5842105263157895,159.19199999999998,27320.21811618949
3259,2024-05-15,141.77085,141.77085,-1.839999999596043,0.1,260.85836394273065,29010.831237058766,-1.84,0.1,260.858364,27581.07648018949
3260,2024-05-15,125.62491,125.62491,0.0,0.1,-0.0,29010.831237058766,0.0,0.1,-0.0,27581.07648018949
3261,2024-05-15,97.76567,97.76567,0.0,0.1,-0.0,29010.831237058766,0.0,0.1,-0.0,27581.07648018949
3262,2024-05-15,96.0,96.0,0.0,0.1,-0.0,29010.831237058766,0.0,0.1,-0.0,27581.07648018949
3263,2024-05-16,97.37,97.37,0.0,0.1,-0.0,29010.831237058766,0.0,0.1,-0.0,27581.07648018949
3264,2024-05-16,88.52201,88.52201,0.0,0.1,-0.0,29010.831237058766,0.0,0.1,-0.0,27581.07648018949
3265,2024-05-16,85.43,85.43,0.0,0.1,-0.0,29010.831237058766,2.0,0.575,-170.86,27410.21648018949
3266,2024-05-16,82.3972,82.3972,2.0,0.575,-164.7944,28846.036837058768,1.3684210526315792,0.9,-112.75406315789475,27297.462417031595
3267,2024-05-16,83.46,83.46,1.3684210526315792,0.9,-114.20842105263159,28731.828416006138,0.0,0.9,-0.0,27297.462417031595
3268,2024-05-16,85.0,85.0,0.0,0.9,-0.0,28731.828416006138,0.0,0.9,-0.0,27297.462417031595
3269,2024-05-16,98.5,98.5,0.0,0.9,-0.0,28731.828416006138,0.0,0.9,-0.0,27297.462417031595
3270,2024-05-16,127.26,127.26,-1.2000000793285375,0.5842105054398585,152.71201009534968,28884.54042610149,-2.0,0.37368421052631584,254.52,27551.982417031595
3271,2024-05-16,130.0,130.0,-1.8399999206714623,0.1,239.1999896872901,29123.74041578878,-1.0400000000000003,0.1,135.20000000000005,27687.182417031596
3272,2024-05-16,104.06,104.06,0.0,0.1,-0.0,29123.74041578878,0.0,0.1,-0.0,27687.182417031596
3273,2024-05-16,98.5,98.5,0.0,0.1,-0.0,29123.74041578878,0.0,0.1,-0.0,27687.182417031596
3274,2024-05-16,90.1,90.1,0.0,0.1,-0.0,29123.74041578878,0.0,0.1,-0.0,27687.182417031596
3275,2024-05-16,78.34203,78.34203,2.0,0.575,-156.68406,28967.05635578878,2.0,0.575,-156.68406,27530.498357031596
3276,2024-05-16,79.83281,79.83281,1.3684210526315792,0.9,-109.24489789473685,28857.811457894044,1.3684210526315792,0.9,-109.24489789473685,27421.25345913686
3277,2024-05-16,87.57,87.57,0.0,0.9,-0.0,28857.811457894044,0.0,0.9,-0.0,27421.25345913686
3278,2024-05-16,89.47663,89.47663,0.0,0.9,-0.0,28857.811457894044,0.0,0.9,-0.0,27421.25345913686
3279,2024-05-16,94.02,94.02,0.0,0.9,-0.0,28857.811457894044,0.0,0.9,-0.0,27421.25345913686
3280,2024-05-16,91.46,91.46,0.0,0.9,-0.0,28857.811457894044,0.0,0.9,-0.0,27421.25345913686
3281,2024-05-16,100.57,100.57,0.0,0.9,-0.0,28857.811457894044,0.0,0.9,-0.0,27421.25345913686
3282,2024-05-16,125.53,125.53,-1.2000039271233653,0.5842094928622723,150.63649297179606,29008.44795086584,-1.2,0.5842105263157895,150.636,27571.88945913686
3283,2024-05-16,133.88935,133.88935,-1.8399960728766347,0.1,246.35587820000526,29254.803829065844,-1.84,0.1,246.35640400000003,27818.245863136857
3284,2024-05-16,119.26,119.26,0.0,0.1,-0.0,29254.803829065844,0.0,0.1,-0.0,27818.245863136857
3285,2024-05-16,101.43488,101.43488,0.0,0.1,-0.0,29254.803829065844,0.0,0.1,-0.0,27818.245863136857
3286,2024-05-16,99.49,99.49,0.0,0.1,-0.0,29254.803829065844,0.0,0.1,-0.0,27818.245863136857
3287,2024-05-17,85.00612,85.00612,0.0,0.1,-0.0,29254.803829065844,0.0,0.1,-0.0,27818.245863136857
3288,2024-05-17,83.20765,83.20765,0.0,0.1,-0.0,29254.803829065844,0.0,0.1,-0.0,27818.245863136857
3289,2024-05-17,82.08111,82.08111,2.0,0.575,-164.16222,29090.641609065846,2.0,0.575,-164.16222,27654.08364313686
3290,2024-05-17,82.58855,82.58855,1.3684210526315792,0.9,-113.0159105263158,28977.62569853953,1.3684210526315792,0.9,-113.0159105263158,27541.067732610543
3291,2024-05-17,85.81532,85.81532,0.0,0.9,-0.0,28977.62569853953,0.0,0.9,-0.0,27541.067732610543
3292,2024-05-17,90.47702,90.47702,0.0,0.9,-0.0,28977.62569853953,0.0,0.9,-0.0,27541.067732610543
3293,2024-05-17,113.73,113.73,0.0,0.9,-0.0,28977.62569853953,0.0,0.9,-0.0,27541.067732610543
3294,2024-05-17,137.07314,137.07314,-2.0,0.37368421052631584,274.14628,29251.77197853953,-2.0,0.37368421052631584,274.14628,27815.214012610544
3295,2024-05-17,130.23,130.23,-1.0400000000000003,0.1,135.43920000000003,29387.211178539532,-1.0400000000000003,0.1,135.43920000000003,27950.653212610545
3296,2024-05-17,103.32173,103.32173,0.0,0.1,-0.0,29387.211178539532,0.0,0.1,-0.0,27950.653212610545
3297,2024-05-17,93.66,93.66,0.0,0.1,-0.0,29387.211178539532,0.0,0.1,-0.0,27950.653212610545
3298,2024-05-17,81.9,81.9,0.0,0.1,-0.0,29387.211178539532,0.0,0.1,-0.0,27950.653212610545
3299,2024-05-17,59.67,59.67,0.0,0.1,-0.0,29387.211178539532,0.0,0.1,-0.0,27950.653212610545
3300,2024-05-17,45.50101,45.50101,2.0,0.575,-91.00202,29296.209158539532,2.0,0.575,-91.00202,27859.651192610545
3301,2024-05-17,54.47874,54.47874,1.3684210526315792,0.9,-74.54985473684212,29221.65930380269,1.3684210526315792,0.9,-74.54985473684212,27785.101337873704
3302,2024-05-17,60.00892,60.00892,0.0,0.9,-0.0,29221.65930380269,0.0,0.9,-0.0,27785.101337873704
3303,2024-05-17,76.2,76.2,0.0,0.9,-0.0,29221.65930380269,0.0,0.9,-0.0,27785.101337873704
3304,2024-05-17,89.49,89.49,0.0,0.9,-0.0,29221.65930380269,0.0,0.9,-0.0,27785.101337873704
3305,2024-05-17,101.22846,101.22846,0.0,0.9,-0.0,29221.65930380269,0.0,0.9,-0.0,27785.101337873704
3306,2024-05-17,131.6,131.6,-1.2000002779382648,0.5842104531741408,157.92003657667564,29379.57934037937,-1.2,0.5842105263157895,157.92,27943.021337873703
3307,2024-05-17,139.66143,139.66143,-1.839999722061735,0.1,256.97699238274447,29636.556332762113,-1.84,0.1,256.9770312,28199.998369073703
3308,2024-05-17,128.4,128.4,0.0,0.1,-0.0,29636.556332762113,0.0,0.1,-0.0,28199.998369073703
3309,2024-05-17,104.01322,104.01322,0.0,0.1,-0.0,29636.556332762113,0.0,0.1,-0.0,28199.998369073703
3310,2024-05-17,100.93423,100.93423,0.0,0.1,-0.0,29636.556332762113,0.0,0.1,-0.0,28199.998369073703
3311,2024-05-18,101.01,101.01,0.0,0.1,-0.0,29636.556332762113,0.0,0.1,-0.0,28199.998369073703
3312,2024-05-18,96.1,96.1,0.0,0.1,-0.0,29636.556332762113,0.0,0.1,-0.0,28199.998369073703
3313,2024-05-18,91.83,91.83,0.0,0.1,-0.0,29636.556332762113,0.0,0.1,-0.0,28199.998369073703
3314,2024-05-18,87.44,87.44,0.0,0.1,-0.0,29636.556332762113,0.0,0.1,-0.0,28199.998369073703
3315,2024-05-18,87.44,87.44,0.0,0.1,-0.0,29636.556332762113,0.0,0.1,-0.0,28199.998369073703
3316,2024-05-18,90.0,90.0,0.0,0.1,-0.0,29636.556332762113,0.0,0.1,-0.0,28199.998369073703
3317,2024-05-18,94.29,94.29,0.0,0.1,-0.0,29636.556332762113,0.0,0.1,-0.0,28199.998369073703
3318,2024-05-18,97.73,97.73,0.0,0.1,-0.0,29636.556332762113,0.0,0.1,-0.0,28199.998369073703
3319,2024-05-18,96.88,96.88,0.0,0.1,-0.0,29636.556332762113,0.0,0.1,-0.0,28199.998369073703
3320,2024-05-18,81.82,81.82,0.10526177233905672,0.12499967093052597,-8.61251821278162,29627.943814549333,0.0,0.1,-0.0,28199.998369073703
3321,2024-05-18,78.22,78.22,2.0,0.599999670930526,-156.44,29471.503814549334,0.0,0.1,-0.0,28199.998369073703
3322,2024-05-18,90.1,90.1,-1.8999987495359987,0.1,171.18988733319347,29642.693701882527,0.0,0.1,-0.0,28199.998369073703
3323,2024-05-18,78.96,78.96,0.0,0.1,-0.0,29642.693701882527,0.0,0.1,-0.0,28199.998369073703
3324,2024-05-18,61.73,61.73,2.0,0.575,-123.46,29519.233701882527,2.0,0.575,-123.46,28076.538369073704
3325,2024-05-18,64.48,64.48,1.3684210526315792,0.9,-88.23578947368424,29430.997912408842,1.3684210526315792,0.9,-88.23578947368424,27988.30257960002
3326,2024-05-18,75.61,75.61,0.0,0.9,-0.0,29430.997912408842,0.0,0.9,-0.0,27988.30257960002
3327,2024-05-18,93.46,93.46,0.0,0.9,-0.0,29430.997912408842,0.0,0.9,-0.0,27988.30257960002
3328,2024-05-18,93.25,93.25,0.0,0.9,-0.0,29430.997912408842,0.0,0.9,-0.0,27988.30257960002
3329,2024-05-18,104.7153,104.7153,0.0,0.9,-0.0,29430.997912408842,0.0,0.9,-0.0,27988.30257960002
3330,2024-05-18,122.52691,122.52691,-2.0,0.37368421052631584,245.05382,29676.051732408843,-1.2,0.5842105263157895,147.03229199999998,28135.33487160002
3331,2024-05-18,125.91997,125.91997,-1.0400000000000003,0.1,130.95676880000005,29807.008501208842,-1.84,0.1,231.6927448,28367.027616400017
3332,2024-05-18,113.46795,113.46795,0.0,0.1,-0.0,29807.008501208842,0.0,0.1,-0.0,28367.027616400017
3333,2024-05-18,98.94826,98.94826,0.0,0.1,-0.0,29807.008501208842,0.0,0.1,-0.0,28367.027616400017
3334,2024-05-18,95.49576,95.49576,0.0,0.1,-0.0,29807.008501208842,0.0,0.1,-0.0,28367.027616400017
3335,2024-05-19,99.2493,99.2493,0.0,0.1,-0.0,29807.008501208842,0.0,0.1,-0.0,28367.027616400017
3336,2024-05-19,92.0,92.0,0.0,0.1,-0.0,29807.008501208842,0.0,0.1,-0.0,28367.027616400017
3337,2024-05-19,85.15235,85.15235,0.0,0.1,-0.0,29807.008501208842,0.0,0.1,-0.0,28367.027616400017
3338,2024-05-19,83.22058,83.22058,0.0,0.1,-0.0,29807.008501208842,0.0,0.1,-0.0,28367.027616400017
3339,2024-05-19,82.22462,82.22462,0.0,0.1,-0.0,29807.008501208842,0.0,0.1,-0.0,28367.027616400017
3340,2024-05-19,84.0,84.0,0.0,0.1,-0.0,29807.008501208842,0.0,0.1,-0.0,28367.027616400017
3341,2024-05-19,75.45,75.45,0.0,0.1,-0.0,29807.008501208842,0.0,0.1,-0.0,28367.027616400017
3342,2024-05-19,71.95042,71.95042,2.0,0.575,-143.90084,29663.107661208844,0.0,0.1,-0.0,28367.027616400017
3343,2024-05-19,80.0,80.0,1.3684210526315792,0.9,-109.47368421052633,29553.633976998317,0.0,0.1,-0.0,28367.027616400017
3344,2024-05-19,76.0,76.0,-1.9000000000038393,0.3999999999989896,144.40000000029178,29698.03397699861,0.0,0.1,-0.0,28367.027616400017
3345,2024-05-19,69.0,69.0,2.0,0.8749999999989896,-138.0,29560.03397699861,0.0,0.1,-0.0,28367.027616400017
3346,2024-05-19,90.73,90.73,-2.0,0.3486842105253054,181.46,29741.49397699861,0.0,0.1,-0.0,28367.027616400017
3347,2024-05-19,85.0,85.0,-0.9449999999961605,0.1,80.32499999967364,29821.818976998282,0.0,0.1,-0.0,28367.027616400017
3348,2024-05-19,70.0,70.0,0.0,0.1,-0.0,29821.818976998282,0.0,0.1,-0.0,28367.027616400017
3349,2024-05-19,70.0,70.0,2.0,0.575,-140.0,29681.818976998282,2.0,0.575,-140.0,28227.027616400017
3350,2024-05-19,63.65,63.65,1.3684210526315792,0.9,-87.10000000000001,29594.718976998283,1.3684210526315792,0.9,-87.10000000000001,28139.92761640002
3351,2024-05-19,90.0,90.0,-1.8999999990554668,0.40000000024856136,170.999999914992,29765.718976913275,0.0,0.9,-0.0,28139.92761640002
3352,2024-05-19,85.0,85.0,2.0,0.8750000002485614,-170.0,29595.718976913275,0.0,0.9,-0.0,28139.92761640002
3353,2024-05-19,98.0,98.0,0.10526315684816265,0.9,-10.315789371119939,29585.403187542153,0.0,0.9,-0.0,28139.92761640002
3354,2024-05-19,113.68854,113.68854,0.0,0.9,-0.0,29585.403187542153,0.0,0.9,-0.0,28139.92761640002
3355,2024-05-19,122.48,122.48,-2.0,0.37368421052631584,244.96,29830.363187542152,-2.0,0.37368421052631584,244.96,28384.887616400018
3356,2024-05-19,121.24,121.24,-1.0400000000000003,0.1,126.08960000000003,29956.45278754215,-1.0400000000000003,0.1,126.08960000000003,28510.977216400017
3357,2024-05-19,109.0,109.0,0.0,0.1,-0.0,29956.45278754215,0.0,0.1,-0.0,28510.977216400017
3358,2024-05-19,100.0,100.0,0.0,0.1,-0.0,29956.45278754215,0.0,0.1,-0.0,28510.977216400017
3359,2024-05-20,90.64492,90.64492,0.0,0.1,-0.0,29956.45278754215,0.0,0.1,-0.0,28510.977216400017
3360,2024-05-20,87.36,87.36,0.0,0.1,-0.0,29956.45278754215,0.0,0.1,-0.0,28510.977216400017
3361,2024-05-20,81.639,81.639,2.0,0.575,-163.278,29793.174787542153,2.0,0.575,-163.278,28347.69921640002
3362,2024-05-20,81.67528,81.67528,1.3684210526315792,0.9,-111.76617263157897,29681.408614910575,1.3684210526315792,0.9,-111.76617263157897,28235.93304376844
3363,2024-05-20,83.25577,83.25577,0.0,0.9,-0.0,29681.408614910575,0.0,0.9,-0.0,28235.93304376844
3364,2024-05-20,88.28862,88.28862,0.0,0.9,-0.0,29681.408614910575,0.0,0.9,-0.0,28235.93304376844
3365,2024-05-20,101.82,101.82,0.0,0.9,-0.0,29681.408614910575,0.0,0.9,-0.0,28235.93304376844
3366,2024-05-20,115.21,115.21,-2.0,0.37368421052631584,230.42,29911.828614910573,-1.2,0.5842105263157895,138.25199999999998,28374.18504376844
3367,2024-05-20,119.29,119.29,-1.0400000000000003,0.1,124.06160000000004,30035.890214910574,-1.84,0.1,219.49360000000001,28593.678643768442
3368,2024-05-20,109.42,109.42,0.0,0.1,-0.0,30035.890214910574,0.0,0.1,-0.0,28593.678643768442
3369,2024-05-20,98.49,98.49,0.0,0.1,-0.0,30035.890214910574,0.0,0.1,-0.0,28593.678643768442
3370,2024-05-20,93.83,93.83,0.0,0.1,-0.0,30035.890214910574,0.0,0.1,-0.0,28593.678643768442
3371,2024-05-20,82.6,82.6,2.0,0.575,-165.2,29870.690214910574,2.0,0.575,-165.2,28428.47864376844
3372,2024-05-20,82.6,82.6,1.3684210526315792,0.9,-113.03157894736843,29757.658635963206,1.3684210526315792,0.9,-113.03157894736843,28315.447064821074
3373,2024-05-20,94.2,94.2,0.0,0.9,-0.0,29757.658635963206,0.0,0.9,-0.0,28315.447064821074
3374,2024-05-20,95.0,95.0,0.0,0.9,-0.0,29757.658635963206,0.0,0.9,-0.0,28315.447064821074
3375,2024-05-20,95.47,95.47,0.0,0.9,-0.0,29757.658635963206,0.0,0.9,-0.0,28315.447064821074
3376,2024-05-20,102.5,102.5,0.0,0.9,-0.0,29757.658635963206,0.0,0.9,-0.0,28315.447064821074
3377,2024-05-20,104.86,104.86,0.0,0.9,-0.0,29757.658635963206,0.0,0.9,-0.0,28315.447064821074
3378,2024-05-20,131.0,131.0,-1.1999999999975646,0.5842105263164303,157.19999999968095,29914.858635962886,-2.0,0.37368421052631584,262.0,28577.447064821074
3379,2024-05-20,137.34313,137.34313,-1.8400000000024352,0.1,252.71135920033447,30167.56999516322,-1.0400000000000003,0.1,142.83685520000003,28720.283920021073
3380,2024-05-20,117.65642,117.65642,0.0,0.1,-0.0,30167.56999516322,0.0,0.1,-0.0,28720.283920021073
3381,2024-05-20,100.26367,100.26367,0.0,0.1,-0.0,30167.56999516322,0.0,0.1,-0.0,28720.283920021073
3382,2024-05-20,94.48471,94.48471,0.0,0.1,-0.0,30167.56999516322,0.0,0.1,-0.0,28720.283920021073
3383,2024-05-21,95.62632,95.62632,0.0,0.1,-0.0,30167.56999516322,0.0,0.1,-0.0,28720.283920021073
3384,2024-05-21,89.72224,89.72224,0.0,0.1,-0.0,30167.56999516322,0.0,0.1,-0.0,28720.283920021073
3385,2024-05-21,78.78304,78.78304,2.0,0.575,-157.56608,30010.00391516322,2.0,0.575,-157.56608,28562.717840021072
3386,2024-05-21,80.6,80.6,0.30667750483067013,0.6478359073972841,-24.71820688935201,29985.285708273866,1.3684210526315792,0.9,-110.29473684210528,28452.423103178968
3387,2024-05-21,80.6,80.6,1.061743547800909,0.9,-85.57652995275326,29899.709178321114,0.0,0.9,-0.0,28452.423103178968
3388,2024-05-21,81.5,81.5,0.0,0.9,-0.0,29899.709178321114,0.0,0.9,-0.0,28452.423103178968
3389,2024-05-21,99.82,99.82,0.0,0.9,-0.0,29899.709178321114,0.0,0.9,-0.0,28452.423103178968
3390,2024-05-21,119.42,119.42,-2.0,0.37368421052631584,238.84,30138.549178321115,-2.0,0.37368421052631584,238.84,28691.263103178968
3391,2024-05-21,118.13,118.13,-1.0400000000000003,0.1,122.85520000000002,30261.404378321116,-1.0400000000000003,0.1,122.85520000000002,28814.11830317897
3392,2024-05-21,109.87,109.87,0.0,0.1,-0.0,30261.404378321116,0.0,0.1,-0.0,28814.11830317897
3393,2024-05-21,96.18288,96.18288,0.0,0.1,-0.0,30261.404378321116,0.0,0.1,-0.0,28814.11830317897
3394,2024-05-21,87.44825,87.44825,0.0,0.1,-0.0,30261.404378321116,0.0,0.1,-0.0,28814.11830317897
3395,2024-05-21,79.94532,79.94532,0.0,0.1,-0.0,30261.404378321116,0.0,0.1,-0.0,28814.11830317897
3396,2024-05-21,67.39977,67.39977,2.0,0.575,-134.79954,30126.604838321116,2.0,0.575,-134.79954,28679.31876317897
3397,2024-05-21,67.79,67.79,1.3684210526315792,0.9,-92.76526315789476,30033.839575163223,1.3684210526315792,0.9,-92.76526315789476,28586.553500021077
3398,2024-05-21,74.08926,74.08926,0.0,0.9,-0.0,30033.839575163223,0.0,0.9,-0.0,28586.553500021077
3399,2024-05-21,84.04583,84.04583,0.0,0.9,-0.0,30033.839575163223,0.0,0.9,-0.0,28586.553500021077
3400,2024-05-21,92.74142,92.74142,0.0,0.9,-0.0,30033.839575163223,0.0,0.9,-0.0,28586.553500021077
3401,2024-05-21,98.18,98.18,0.0,0.9,-0.0,30033.839575163223,0.0,0.9,-0.0,28586.553500021077
3402,2024-05-21,122.63476,122.63476,-1.2000000000805209,0.5842105262945998,147.16171200987466,30181.001287173098,-1.2,0.5842105263157895,147.161712,28733.715212021078
3403,2024-05-21,131.87283,131.87283,-1.8399999999194792,0.1,242.64600718938146,30423.64729436248,-1.84,0.1,242.64600719999999,28976.36121922108
3404,2024-05-21,111.69,111.69,0.0,0.1,-0.0,30423.64729436248,0.0,0.1,-0.0,28976.36121922108
3405,2024-05-21,99.7709,99.7709,0.0,0.1,-0.0,30423.64729436248,0.0,0.1,-0.0,28976.36121922108
3406,2024-05-21,91.99214,91.99214,0.0,0.1,-0.0,30423.64729436248,0.0,0.1,-0.0,28976.36121922108
3407,2024-05-22,84.31,84.31,0.0,0.1,-0.0,30423.64729436248,0.0,0.1,-0.0,28976.36121922108
3408,2024-05-22,80.86446,80.86446,0.0,0.1,-0.0,30423.64729436248,0.0,0.1,-0.0,28976.36121922108
3409,2024-05-22,71.38433,71.38433,2.0,0.575,-142.76866,30280.878634362478,2.0,0.575,-142.76866,28833.592559221077
3410,2024-05-22,74.22824,74.22824,1.3684210526315792,0.9,-101.57548631578949,30179.30314804669,1.3684210526315792,0.9,-101.57548631578949,28732.017072905288
3411,2024-05-22,77.21053,77.21053,0.0,0.9,-0.0,30179.30314804669,0.0,0.9,-0.0,28732.017072905288
3412,2024-05-22,78.06085,78.06085,0.0,0.9,-0.0,30179.30314804669,0.0,0.9,-0.0,28732.017072905288
3413,2024-05-22,100.22017,100.22017,0.0,0.9,-0.0,30179.30314804669,0.0,0.9,-0.0,28732.017072905288
3414,2024-05-22,123.46,123.46,-1.2000017596930774,0.5842100632386639,148.15221725170733,30327.455365298396,-2.0,0.37368421052631584,246.92,28978.937072905286
3415,2024-05-22,125.15,125.15,-1.8399982403069226,0.1,230.27577977441138,30557.73114507281,-1.0400000000000003,0.1,130.15600000000003,29109.093072905285
3416,2024-05-22,103.99,103.99,0.0,0.1,-0.0,30557.73114507281,0.0,0.1,-0.0,29109.093072905285
3417,2024-05-22,89.06,89.06,0.0,0.1,-0.0,30557.73114507281,0.0,0.1,-0.0,29109.093072905285
3418,2024-05-22,76.83388,76.83388,0.0,0.1,-0.0,30557.73114507281,0.0,0.1,-0.0,29109.093072905285
3419,2024-05-22,69.71,69.71,0.0,0.1,-0.0,30557.73114507281,0.0,0.1,-0.0,29109.093072905285
3420,2024-05-22,59.07181,59.07181,2.0,0.575,-118.14362,30439.58752507281,2.0,0.575,-118.14362,28990.949452905286
3421,2024-05-22,66.05933,66.05933,1.3684210526315792,0.9,-90.39697789473686,30349.190547178074,1.3684210526315792,0.9,-90.39697789473686,28900.55247501055
3422,2024-05-22,80.89253,80.89253,0.0,0.9,-0.0,30349.190547178074,0.0,0.9,-0.0,28900.55247501055
3423,2024-05-22,90.33635,90.33635,0.0,0.9,-0.0,30349.190547178074,0.0,0.9,-0.0,28900.55247501055
3424,2024-05-22,99.38,99.38,0.0,0.9,-0.0,30349.190547178074,0.0,0.9,-0.0,28900.55247501055
3425,2024-05-22,102.40829,102.40829,0.0,0.9,-0.0,30349.190547178074,0.0,0.9,-0.0,28900.55247501055
3426,2024-05-22,133.06658,133.06658,-1.1999999968798143,0.5842105271368909,159.67989558480755,30508.87044276288,-1.2,0.5842105263157895,159.67989599999999,29060.232371010552
3427,2024-05-22,143.99141,143.99141,-1.8400000031201855,0.1,264.94419484927994,30773.81463761216,-1.84,0.1,264.9441944,29325.17656541055
3428,2024-05-22,128.31169,128.31169,0.0,0.1,-0.0,30773.81463761216,0.0,0.1,-0.0,29325.17656541055
3429,2024-05-22,107.21958,107.21958,0.0,0.1,-0.0,30773.81463761216,0.0,0.1,-0.0,29325.17656541055
3430,2024-05-22,100.40757,100.40757,0.0,0.1,-0.0,30773.81463761216,0.0,0.1,-0.0,29325.17656541055
3431,2024-05-23,95.0021,95.0021,0.0,0.1,-0.0,30773.81463761216,0.0,0.1,-0.0,29325.17656541055
3432,2024-05-23,91.41718,91.41718,0.0,0.1,-0.0,30773.81463761216,0.0,0.1,-0.0,29325.17656541055
3433,2024-05-23,86.5063,86.5063,2.0,0.575,-173.0126,30600.80203761216,2.0,0.575,-173.0126,29152.163965410553
3434,2024-05-23,88.12504,88.12504,1.3684210526315792,0.9,-120.59216000000002,30480.20987761216,1.3684210526315792,0.9,-120.59216000000002,29031.571805410553
3435,2024-05-23,89.47316,89.47316,0.0,0.9,-0.0,30480.20987761216,0.0,0.9,-0.0,29031.571805410553
3436,2024-05-23,91.21728,91.21728,0.0,0.9,-0.0,30480.20987761216,0.0,0.9,-0.0,29031.571805410553
3437,2024-05-23,109.79478,109.79478,0.0,0.9,-0.0,30480.20987761216,0.0,0.9,-0.0,29031.571805410553
3438,2024-05-23,144.5,144.5,-2.0,0.37368421052631584,289.0,30769.20987761216,-2.0,0.37368421052631584,289.0,29320.571805410553
3439,2024-05-23,142.51,142.51,-1.0400000000000003,0.1,148.21040000000002,30917.42027761216,-1.0400000000000003,0.1,148.21040000000002,29468.782205410553
3440,2024-05-23,111.52,111.52,0.0,0.1,-0.0,30917.42027761216,0.0,0.1,-0.0,29468.782205410553
3441,2024-05-23,97.1,97.1,0.0,0.1,-0.0,30917.42027761216,0.0,0.1,-0.0,29468.782205410553
3442,2024-05-23,85.0,85.0,0.0,0.1,-0.0,30917.42027761216,0.0,0.1,-0.0,29468.782205410553
3443,2024-05-23,60.0,60.0,2.0,0.575,-120.0,30797.42027761216,0.0,0.1,-0.0,29468.782205410553
3444,2024-05-23,60.0,60.0,1.3684210526315792,0.9,-82.10526315789475,30715.315014454267,2.0,0.575,-120.0,29348.782205410553
3445,2024-05-23,63.4,63.4,0.0,0.9,-0.0,30715.315014454267,1.3684210526315792,0.9,-86.75789473684212,29262.02431067371
3446,2024-05-23,77.39,77.39,0.0,0.9,-0.0,30715.315014454267,0.0,0.9,-0.0,29262.02431067371
3447,2024-05-23,88.0,88.0,0.0,0.9,-0.0,30715.315014454267,0.0,0.9,-0.0,29262.02431067371
3448,2024-05-23,95.82636,95.82636,0.0,0.9,-0.0,30715.315014454267,0.0,0.9,-0.0,29262.02431067371
3449,2024-05-23,108.8595,108.8595,0.0,0.9,-0.0,30715.315014454267,0.0,0.9,-0.0,29262.02431067371
3450,2024-05-23,141.44452,141.44452,0.0,0.9,-0.0,30715.315014454267,0.0,0.9,-0.0,29262.02431067371
3451,2024-05-23,157.85422,157.85422,-2.0,0.37368421052631584,315.70844,31031.023454454265,-2.0,0.37368421052631584,315.70844,29577.73275067371
3452,2024-05-23,144.92437,144.92437,-1.0400000000000003,0.1,150.72134480000005,31181.744799254266,-1.0400000000000003,0.1,150.72134480000005,29728.45409547371
3453,2024-05-23,120.20892,120.20892,0.0,0.1,-0.0,31181.744799254266,0.0,0.1,-0.0,29728.45409547371
3454,2024-05-23,107.00459,107.00459,0.0,0.1,-0.0,31181.744799254266,0.0,0.1,-0.0,29728.45409547371
3455,2024-05-24,104.18108,104.18108,0.0,0.1,-0.0,31181.744799254266,0.0,0.1,-0.0,29728.45409547371
3456,2024-05-24,93.70111,93.70111,0.0,0.1,-0.0,31181.744799254266,0.0,0.1,-0.0,29728.45409547371
3457,2024-05-24,91.29763,91.29763,2.0,0.575,-182.59526,30999.149539254267,2.0,0.575,-182.59526,29545.85883547371
3458,2024-05-24,91.57557,91.57557,1.3684210526315792,0.9,-125.31393789473687,30873.83560135953,1.3684210526315792,0.9,-125.31393789473687,29420.544897578973
3459,2024-05-24,91.30232,91.30232,0.0,0.9,-0.0,30873.83560135953,0.0,0.9,-0.0,29420.544897578973
3460,2024-05-24,100.63768,100.63768,0.0,0.9,-0.0,30873.83560135953,0.0,0.9,-0.0,29420.544897578973
3461,2024-05-24,117.7861,117.7861,0.0,0.9,-0.0,30873.83560135953,0.0,0.9,-0.0,29420.544897578973
3462,2024-05-24,148.68,148.68,-2.0,0.37368421052631584,297.36,31171.19560135953,-2.0,0.37368421052631584,297.36,29717.904897578974
3463,2024-05-24,142.0,142.0,-1.0400000000000003,0.1,147.68000000000004,31318.87560135953,-1.0400000000000003,0.1,147.68000000000004,29865.584897578974
3464,2024-05-24,116.0,116.0,0.0,0.1,-0.0,31318.87560135953,0.0,0.1,-0.0,29865.584897578974
3465,2024-05-24,108.28,108.28,0.0,0.1,-0.0,31318.87560135953,0.0,0.1,-0.0,29865.584897578974
3466,2024-05-24,90.74,90.74,0.0,0.1,-0.0,31318.87560135953,0.0,0.1,-0.0,29865.584897578974
3467,2024-05-24,71.79,71.79,1.3684210526476066,0.42500000000380656,-98.23894736957169,31220.636653989957,0.0,0.1,-0.0,29865.584897578974
3468,2024-05-24,67.70314,67.70314,1.9999999999839726,0.9,-135.4062799989149,31085.230373991042,2.0,0.575,-135.40628,29730.178617578975
3469,2024-05-24,84.73,84.73,0.0,0.9,-0.0,31085.230373991042,1.3684210526315792,0.9,-115.94631578947372,29614.2323017895
3470,2024-05-24,97.1,97.1,0.0,0.9,-0.0,31085.230373991042,0.0,0.9,-0.0,29614.2323017895
3471,2024-05-24,97.0,97.0,0.0,0.9,-0.0,31085.230373991042,0.0,0.9,-0.0,29614.2323017895
3472,2024-05-24,105.1465,105.1465,0.0,0.9,-0.0,31085.230373991042,0.0,0.9,-0.0,29614.2323017895
3473,2024-05-24,116.03807,116.03807,0.0,0.9,-0.0,31085.230373991042,0.0,0.9,-0.0,29614.2323017895
3474,2024-05-24,142.06174,142.06174,-1.200003645481886,0.5842095669784511,170.47460588349986,31255.704979874543,-1.2,0.5842105263157895,170.47408799999997,29784.7063897895
3475,2024-05-24,153.06777,153.06777,-1.839996354518114,0.1,281.6441387942171,31537.34911866876,-1.84,0.1,281.6446968,30066.3510865895
3476,2024-05-24,136.93915,136.93915,0.0,0.1,-0.0,31537.34911866876,0.0,0.1,-0.0,30066.3510865895
3477,2024-05-24,120.53702,120.53702,0.0,0.1,-0.0,31537.34911866876,0.0,0.1,-0.0,30066.3510865895
3478,2024-05-24,112.85987,112.85987,0.0,0.1,-0.0,31537.34911866876,0.0,0.1,-0.0,30066.3510865895
3479,2024-05-25,113.92033,113.92033,0.0,0.1,-0.0,31537.34911866876,0.0,0.1,-0.0,30066.3510865895
3480,2024-05-25,111.78358,111.78358,0.0,0.1,-0.0,31537.34911866876,0.0,0.1,-0.0,30066.3510865895
3481,2024-05-25,106.52067,106.52067,0.0,0.1,-0.0,31537.34911866876,0.0,0.1,-0.0,30066.3510865895
3482,2024-05-25,102.69,102.69,0.0,0.1,-0.0,31537.34911866876,0.0,0.1,-0.0,30066.3510865895
3483,2024-05-25,101.48131,101.48131,0.0,0.1,-0.0,31537.34911866876,0.0,0.1,-0.0,30066.3510865895
3484,2024-05-25,100.47903,100.47903,2.0,0.575,-200.95806,31336.39105866876,0.0,0.1,-0.0,30066.3510865895
3485,2024-05-25,106.95481,106.95481,-1.805,0.1,193.05343205,31529.44449071876,0.0,0.1,-0.0,30066.3510865895
3486,2024-05-25,106.15621,106.15621,0.0,0.1,-0.0,31529.44449071876,0.0,0.1,-0.0,30066.3510865895
3487,2024-05-25,106.9728,106.9728,0.0,0.1,-0.0,31529.44449071876,0.0,0.1,-0.0,30066.3510865895
3488,2024-05-25,98.49626,98.49626,0.0,0.1,-0.0,31529.44449071876,0.0,0.1,-0.0,30066.3510865895
3489,2024-05-25,95.35046,95.35046,0.0,0.1,-0.0,31529.44449071876,0.0,0.1,-0.0,30066.3510865895
3490,2024-05-25,93.93,93.93,0.0,0.1,-0.0,31529.44449071876,0.0,0.1,-0.0,30066.3510865895
3491,2024-05-25,79.28,79.28,1.3684210526315794,0.42500000000000016,-108.48842105263162,31420.95606966613,0.0,0.1,-0.0,30066.3510865895
3492,2024-05-25,68.77,68.77,1.9999999999999996,0.9,-137.53999999999996,31283.416069666127,2.0,0.575,-137.54,29928.8110865895
3493,2024-05-25,85.0,85.0,0.0,0.9,-0.0,31283.416069666127,1.3684210526315792,0.9,-116.31578947368423,29812.495297115816
3494,2024-05-25,84.33,84.33,0.0,0.9,-0.0,31283.416069666127,0.0,0.9,-0.0,29812.495297115816
3495,2024-05-25,80.5,80.5,0.0,0.9,-0.0,31283.416069666127,0.0,0.9,-0.0,29812.495297115816
3496,2024-05-25,90.40409,90.40409,0.0,0.9,-0.0,31283.416069666127,0.0,0.9,-0.0,29812.495297115816
3497,2024-05-25,102.61059,102.61059,0.0,0.9,-0.0,31283.416069666127,0.0,0.9,-0.0,29812.495297115816
3498,2024-05-25,122.9591,122.9591,0.0,0.9,-0.0,31283.416069666127,0.0,0.9,-0.0,29812.495297115816
3499,2024-05-25,143.3724,143.3724,-2.0,0.37368421052631584,286.7448,31570.160869666128,-2.0,0.37368421052631584,286.7448,30099.240097115817
3500,2024-05-25,133.62735,133.62735,-1.0400000000000003,0.1,138.97244400000005,31709.133313666127,-1.0400000000000003,0.1,138.97244400000005,30238.212541115816
3501,2024-05-25,117.013,117.013,0.0,0.1,-0.0,31709.133313666127,0.0,0.1,-0.0,30238.212541115816
3502,2024-05-25,106.83047,106.83047,0.0,0.1,-0.0,31709.133313666127,0.0,0.1,-0.0,30238.212541115816
3503,2024-05-26,110.18974,110.18974,0.0,0.1,-0.0,31709.133313666127,0.0,0.1,-0.0,30238.212541115816
3504,2024-05-26,99.48888,99.48888,0.0,0.1,-0.0,31709.133313666127,0.0,0.1,-0.0,30238.212541115816
3505,2024-05-26,93.01823,93.01823,0.0,0.1,-0.0,31709.133313666127,2.0,0.575,-186.03646,30052.176081115816
3506,2024-05-26,92.04054,92.04054,0.0,0.1,-0.0,31709.133313666127,1.3684210526315792,0.9,-125.95021263157896,29926.225868484238
3507,2024-05-26,89.57429,89.57429,0.0,0.1,-0.0,31709.133313666127,0.0,0.9,-0.0,29926.225868484238
3508,2024-05-26,87.44193,87.44193,0.0,0.1,-0.0,31709.133313666127,-1.8,0.4263157894736842,157.395474,30083.62134248424
3509,2024-05-26,85.07,85.07,0.0,0.1,-0.0,31709.133313666127,-1.24,0.1,105.48679999999999,30189.108142484238
3510,2024-05-26,85.07,85.07,0.0,0.1,-0.0,31709.133313666127,0.0,0.1,-0.0,30189.108142484238
3511,2024-05-26,85.0,85.0,0.0,0.1,-0.0,31709.133313666127,0.0,0.1,-0.0,30189.108142484238
3512,2024-05-26,74.03,74.03,0.0,0.1,-0.0,31709.133313666127,0.0,0.1,-0.0,30189.108142484238
3513,2024-05-26,30.0,30.0,0.0,0.1,-0.0,31709.133313666127,0.0,0.1,-0.0,30189.108142484238
3514,2024-05-26,8.1,8.1,2.0,0.575,-16.2,31692.933313666126,0.0,0.1,-0.0,30189.108142484238
3515,2024-05-26,9.0,9.0,-1.805,0.1,16.245,31709.178313666125,0.0,0.1,-0.0,30189.108142484238
3516,2024-05-26,5.0,5.0,1.3684210526316607,0.42500000000001936,-6.842105263158303,31702.33620840297,0.0,0.1,-0.0,30189.108142484238
3517,2024-05-26,3.0,3.0,1.9999999999999187,0.9,-5.999999999999757,31696.33620840297,2.0,0.575,-6.0,30183.108142484238
3518,2024-05-26,9.65,9.65,0.0,0.9,-0.0,31696.33620840297,1.3684210526315792,0.9,-13.20526315789474,30169.902879326342
3519,2024-05-26,18.19,18.19,0.0,0.9,-0.0,31696.33620840297,0.0,0.9,-0.0,30169.902879326342
3520,2024-05-26,51.99291,51.99291,0.0,0.9,-0.0,31696.33620840297,0.0,0.9,-0.0,30169.902879326342
3521,2024-05-26,104.0,104.0,0.0,0.9,-0.0,31696.33620840297,0.0,0.9,-0.0,30169.902879326342
3522,2024-05-26,118.30999,118.30999,0.0,0.9,-0.0,31696.33620840297,0.0,0.9,-0.0,30169.902879326342
3523,2024-05-26,127.24917,127.24917,-2.0,0.37368421052631584,254.49834,31950.834548402967,-2.0,0.37368421052631584,254.49834,30424.40121932634
3524,2024-05-26,124.05179,124.05179,-1.0400000000000003,0.1,129.01386160000004,32079.848410002967,-1.0400000000000003,0.1,129.01386160000004,30553.41508092634
3525,2024-05-26,114.35079,114.35079,0.0,0.1,-0.0,32079.848410002967,0.0,0.1,-0.0,30553.41508092634
3526,2024-05-26,103.0,103.0,0.0,0.1,-0.0,32079.848410002967,0.0,0.1,-0.0,30553.41508092634
3527,2024-05-27,97.02268,97.02268,0.0,0.1,-0.0,32079.848410002967,0.0,0.1,-0.0,30553.41508092634
3528,2024-05-27,89.05461,89.05461,0.0,0.1,-0.0,32079.848410002967,0.0,0.1,-0.0,30553.41508092634
3529,2024-05-27,89.44639,89.44639,0.0,0.1,-0.0,32079.848410002967,2.0,0.575,-178.89278,30374.522300926343
3530,2024-05-27,86.84746,86.84746,1.3684210526315943,0.4250000000000036,-118.84389263158027,31961.004517371388,1.3684210526315792,0.9,-118.84389263157897,30255.678408294763
3531,2024-05-27,84.60891,84.60891,1.9999999999999851,0.9,-169.21781999999874,31791.78669737139,0.0,0.9,-0.0,30255.678408294763
3532,2024-05-27,92.71604,92.71604,0.0,0.9,-0.0,31791.78669737139,0.0,0.9,-0.0,30255.678408294763
3533,2024-05-27,115.9,115.9,0.0,0.9,-0.0,31791.78669737139,-1.2,0.5842105263157895,139.08,30394.758408294765
3534,2024-05-27,129.16,129.16,-2.0,0.37368421052631584,258.32,32050.10669737139,-1.84,0.1,237.6544,30632.412808294765
3535,2024-05-27,122.76,122.76,-1.0400000000000003,0.1,127.67040000000004,32177.77709737139,0.0,0.1,-0.0,30632.412808294765
3536,2024-05-27,110.32,110.32,0.0,0.1,-0.0,32177.77709737139,0.0,0.1,-0.0,30632.412808294765
3537,2024-05-27,97.1,97.1,0.0,0.1,-0.0,32177.77709737139,0.0,0.1,-0.0,30632.412808294765
3538,2024-05-27,90.5,90.5,0.0,0.1,-0.0,32177.77709737139,0.0,0.1,-0.0,30632.412808294765
3539,2024-05-27,72.98,72.98,2.0,0.575,-145.96,32031.81709737139,2.0,0.575,-145.96,30486.452808294765
3540,2024-05-27,82.73,82.73,1.3684210526315792,0.9,-113.20947368421055,31918.607623687178,1.3684210526315792,0.9,-113.20947368421055,30373.243334610554
3541,2024-05-27,90.5,90.5,0.0,0.9,-0.0,31918.607623687178,0.0,0.9,-0.0,30373.243334610554
3542,2024-05-27,97.1,97.1,0.0,0.9,-0.0,31918.607623687178,0.0,0.9,-0.0,30373.243334610554
3543,2024-05-27,111.56,111.56,0.0,0.9,-0.0,31918.607623687178,0.0,0.9,-0.0,30373.243334610554
3544,2024-05-27,108.69836,108.69836,0.0,0.9,-0.0,31918.607623687178,0.0,0.9,-0.0,30373.243334610554
3545,2024-05-27,124.49538,124.49538,0.0,0.9,-0.0,31918.607623687178,0.0,0.9,-0.0,30373.243334610554
3546,2024-05-27,152.67098,152.67098,0.0,0.9,-0.0,31918.607623687178,0.0,0.9,-0.0,30373.243334610554
3547,2024-05-27,164.85865,164.85865,-2.0,0.37368421052631584,329.7173,32248.324923687178,-2.0,0.37368421052631584,329.7173,30702.960634610554
3548,2024-05-27,153.89057,153.89057,-1.0400000000000003,0.1,160.04619280000003,32408.37111648718,-1.0400000000000003,0.1,160.04619280000003,30863.006827410554
3549,2024-05-27,134.74508,134.74508,0.0,0.1,-0.0,32408.37111648718,0.0,0.1,-0.0,30863.006827410554
3550,2024-05-27,123.03832,123.03832,0.0,0.1,-0.0,32408.37111648718,0.0,0.1,-0.0,30863.006827410554
3551,2024-05-28,109.27908,109.27908,0.0,0.1,-0.0,32408.37111648718,0.0,0.1,-0.0,30863.006827410554
3552,2024-05-28,106.04671,106.04671,0.0,0.1,-0.0,32408.37111648718,0.0,0.1,-0.0,30863.006827410554
3553,2024-05-28,102.42533,102.42533,0.0,0.1,-0.0,32408.37111648718,2.0,0.575,-204.85066,30658.156167410554
3554,2024-05-28,100.00565,100.00565,1.3684210569378277,0.42500000102273405,-136.84983727275446,32271.521279214423,1.3684210526315792,0.9,-136.8498368421053,30521.306330568448
3555,2024-05-28,98.30478,98.30478,1.9999999956937515,0.9,-196.60955957667517,32074.91171963775,0.0,0.9,-0.0,30521.306330568448
3556,2024-05-28,102.06879,102.06879,0.0,0.9,-0.0,32074.91171963775,0.0,0.9,-0.0,30521.306330568448
3557,2024-05-28,118.38326,118.38326,0.0,0.9,-0.0,32074.91171963775,0.0,0.9,-0.0,30521.306330568448
3558,2024-05-28,144.42458,144.42458,-2.0,0.37368421052631584,288.84916,32363.76087963775,-1.2,0.5842105263157895,173.309496,30694.61582656845
3559,2024-05-28,143.69,143.69,-1.0400000000000003,0.1,149.43760000000003,32513.19847963775,-1.84,0.1,264.38960000000003,30959.00542656845
3560,2024-05-28,131.15043,131.15043,0.0,0.1,-0.0,32513.19847963775,0.0,0.1,-0.0,30959.00542656845
3561,2024-05-28,122.68125,122.68125,0.0,0.1,-0.0,32513.19847963775,0.0,0.1,-0.0,30959.00542656845
3562,2024-05-28,115.92866,115.92866,0.0,0.1,-0.0,32513.19847963775,0.0,0.1,-0.0,30959.00542656845
3563,2024-05-28,98.06369,98.06369,2.0,0.575,-196.12738,32317.07109963775,0.0,0.1,-0.0,30959.00542656845
3564,2024-05-28,97.53263,97.53263,1.3684210526315792,0.9,-133.46570421052633,32183.605395427225,2.0,0.575,-195.06526,30763.94016656845
3565,2024-05-28,104.35729,104.35729,0.0,0.9,-0.0,32183.605395427225,1.3684210526315792,0.9,-142.80471263157898,30621.13545393687
3566,2024-05-28,104.90495,104.90495,0.0,0.9,-0.0,32183.605395427225,0.0,0.9,-0.0,30621.13545393687
3567,2024-05-28,114.68033,114.68033,0.0,0.9,-0.0,32183.605395427225,0.0,0.9,-0.0,30621.13545393687
3568,2024-05-28,112.36,112.36,0.0,0.9,-0.0,32183.605395427225,0.0,0.9,-0.0,30621.13545393687
3569,2024-05-28,119.82623,119.82623,0.0,0.9,-0.0,32183.605395427225,0.0,0.9,-0.0,30621.13545393687
3570,2024-05-28,145.0,145.0,-1.2000000000038173,0.584210526314785,174.0000000005535,32357.605395427778,-1.2,0.5842105263157895,174.0,30795.13545393687
3571,2024-05-28,159.37872,159.37872,-1.839999999996183,0.1,293.2568447993916,32650.86224022717,-1.84,0.1,293.2568448,31088.392298736868
3572,2024-05-28,142.01907,142.01907,0.0,0.1,-0.0,32650.86224022717,0.0,0.1,-0.0,31088.392298736868
3573,2024-05-28,122.88392,122.88392,0.0,0.1,-0.0,32650.86224022717,0.0,0.1,-0.0,31088.392298736868
3574,2024-05-28,114.2,114.2,0.0,0.1,-0.0,32650.86224022717,0.0,0.1,-0.0,31088.392298736868
3575,2024-05-29,108.0,108.0,0.0,0.1,-0.0,32650.86224022717,0.0,0.1,-0.0,31088.392298736868
3576,2024-05-29,102.93229,102.93229,0.0,0.1,-0.0,32650.86224022717,0.0,0.1,-0.0,31088.392298736868
3577,2024-05-29,98.85432,98.85432,2.0,0.575,-197.70864,32453.153600227168,2.0,0.575,-197.70864,30890.683658736867
3578,2024-05-29,99.46236,99.46236,1.3684210526315792,0.9,-136.10638736842108,32317.047212858746,1.3684210526315792,0.9,-136.10638736842108,30754.577271368446
3579,2024-05-29,100.81053,100.81053,0.0,0.9,-0.0,32317.047212858746,0.0,0.9,-0.0,30754.577271368446
3580,2024-05-29,102.9777,102.9777,0.0,0.9,-0.0,32317.047212858746,0.0,0.9,-0.0,30754.577271368446
3581,2024-05-29,114.67,114.67,0.0,0.9,-0.0,32317.047212858746,0.0,0.9,-0.0,30754.577271368446
3582,2024-05-29,139.59497,139.59497,-2.0,0.37368421052631584,279.18994,32596.237152858746,-2.0,0.37368421052631584,279.18994,31033.767211368446
3583,2024-05-29,135.36173,135.36173,-1.0400000000000003,0.1,140.77619920000004,32737.013352058748,-1.0400000000000003,0.1,140.77619920000004,31174.543410568447
3584,2024-05-29,114.69594,114.69594,0.0,0.1,-0.0,32737.013352058748,0.0,0.1,-0.0,31174.543410568447
3585,2024-05-29,105.52813,105.52813,0.0,0.1,-0.0,32737.013352058748,0.0,0.1,-0.0,31174.543410568447
3586,2024-05-29,103.97989,103.97989,0.0,0.1,-0.0,32737.013352058748,0.0,0.1,-0.0,31174.543410568447
3587,2024-05-29,92.42901,92.42901,2.0,0.575,-184.85802,32552.155332058748,0.0,0.1,-0.0,31174.543410568447
3588,2024-05-29,97.26263,97.26263,1.3684210526315792,0.9,-133.09623052631582,32419.05910153243,2.0,0.575,-194.52526,30980.01815056845
3589,2024-05-29,100.56449,100.56449,0.0,0.9,-0.0,32419.05910153243,1.3684210526315792,0.9,-137.61456526315794,30842.403585305292
3590,2024-05-29,103.3,103.3,0.0,0.9,-0.0,32419.05910153243,0.0,0.9,-0.0,30842.403585305292
3591,2024-05-29,111.57944,111.57944,0.0,0.9,-0.0,32419.05910153243,0.0,0.9,-0.0,30842.403585305292
3592,2024-05-29,112.0,112.0,0.0,0.9,-0.0,32419.05910153243,0.0,0.9,-0.0,30842.403585305292
3593,2024-05-29,118.14103,118.14103,0.0,0.9,-0.0,32419.05910153243,0.0,0.9,-0.0,30842.403585305292
3594,2024-05-29,149.65212,149.65212,-1.2000000122856864,0.5842105230827142,179.58254583857902,32598.641647371012,-1.2,0.5842105263157895,179.58254399999998,31021.986129305293
3595,2024-05-29,163.7662,163.7662,-1.8399999877143138,0.1,301.32980598801987,32899.97145335903,-1.84,0.1,301.329808,31323.31593730529
3596,2024-05-29,145.80341,145.80341,0.0,0.1,-0.0,32899.97145335903,0.0,0.1,-0.0,31323.31593730529
3597,2024-05-29,116.70115,116.70115,0.0,0.1,-0.0,32899.97145335903,0.0,0.1,-0.0,31323.31593730529
3598,2024-05-29,110.0,110.0,0.0,0.1,-0.0,32899.97145335903,0.0,0.1,-0.0,31323.31593730529
3599,2024-05-30,106.22891,106.22891,0.0,0.1,-0.0,32899.97145335903,0.0,0.1,-0.0,31323.31593730529
3600,2024-05-30,99.44909,99.44909,1.368421149785498,0.4250000230740557,-136.08823808292146,32763.88321527611,0.0,0.1,-0.0,31323.31593730529
3601,2024-05-30,100.0,100.0,0.0,0.4250000230740557,-0.0,32763.88321527611,2.0,0.575,-200.0,31123.31593730529
3602,2024-05-30,97.83654,97.83654,1.9999999028460813,0.9,-195.67307049479675,32568.210144781315,1.3684210526315792,0.9,-133.88158105263162,30989.43435625266
3603,2024-05-30,101.28759,101.28759,0.0,0.9,-0.0,32568.210144781315,0.0,0.9,-0.0,30989.43435625266
3604,2024-05-30,101.40695,101.40695,0.0,0.9,-0.0,32568.210144781315,0.0,0.9,-0.0,30989.43435625266
3605,2024-05-30,116.51206,116.51206,0.0,0.9,-0.0,32568.210144781315,0.0,0.9,-0.0,30989.43435625266
3606,2024-05-30,146.16307,146.16307,-1.2000000000001392,0.5842105263157529,175.39568400002034,32743.605828781336,-1.2,0.5842105263157895,175.395684,31164.83004025266
3607,2024-05-30,151.01639,151.01639,-1.8399999999998609,0.1,277.870157599979,33021.475986381316,-1.84,0.1,277.8701576,31442.700197852657
3608,2024-05-30,133.76969,133.76969,0.0,0.1,-0.0,33021.475986381316,0.0,0.1,-0.0,31442.700197852657
3609,2024-05-30,118.26748,118.26748,0.0,0.1,-0.0,33021.475986381316,0.0,0.1,-0.0,31442.700197852657
3610,2024-05-30,109.58538,109.58538,0.0,0.1,-0.0,33021.475986381316,0.0,0.1,-0.0,31442.700197852657
3611,2024-05-30,98.13745,98.13745,0.0,0.1,-0.0,33021.475986381316,0.0,0.1,-0.0,31442.700197852657
3612,2024-05-30,96.34956,96.34956,2.0,0.575,-192.69912,32828.77686638132,0.0,0.1,-0.0,31442.700197852657
3613,2024-05-30,99.91972,99.91972,0.0,0.575,-0.0,32828.77686638132,2.0,0.575,-199.83944,31242.860757852657
3614,2024-05-30,97.36267,97.36267,1.3684210526315792,0.9,-133.23312736842107,32695.543739012897,1.3684210526315792,0.9,-133.23312736842107,31109.627630484236
3615,2024-05-30,100.45638,100.45638,0.0,0.9,-0.0,32695.543739012897,0.0,0.9,-0.0,31109.627630484236
3616,2024-05-30,103.29943,103.29943,0.0,0.9,-0.0,32695.543739012897,0.0,0.9,-0.0,31109.627630484236
3617,2024-05-30,112.02371,112.02371,0.0,0.9,-0.0,32695.543739012897,0.0,0.9,-0.0,31109.627630484236
3618,2024-05-30,136.29836,136.29836,0.0,0.9,-0.0,32695.543739012897,-1.2,0.5842105263157895,163.558032,31273.185662484237
3619,2024-05-30,146.65753,146.65753,-2.0,0.37368421052631584,293.31506,32988.858799012894,-1.84,0.1,269.84985520000004,31543.035517684235
3620,2024-05-30,136.69788,136.69788,-1.0400000000000003,0.1,142.16579520000002,33131.0245942129,0.0,0.1,-0.0,31543.035517684235
3621,2024-05-30,113.80132,113.80132,0.0,0.1,-0.0,33131.0245942129,0.0,0.1,-0.0,31543.035517684235
3622,2024-05-30,104.68463,104.68463,0.0,0.1,-0.0,33131.0245942129,0.0,0.1,-0.0,31543.035517684235
3623,2024-05-31,91.74547,91.74547,0.0,0.1,-0.0,33131.0245942129,0.0,0.1,-0.0,31543.035517684235
3624,2024-05-31,91.29547,91.29547,0.0,0.1,-0.0,33131.0245942129,0.0,0.1,-0.0,31543.035517684235
3625,2024-05-31,81.08114,81.08114,1.3684210883520314,0.4250000084836074,-110.95314184362343,33020.07145236927,0.0,0.1,-0.0,31543.035517684235
3626,2024-05-31,80.4267,80.4267,1.9999999642795478,0.9,-160.8533971271219,32859.21805524215,2.0,0.575,-160.8534,31382.182117684235
3627,2024-05-31,82.60758,82.60758,0.0,0.9,-0.0,32859.21805524215,1.3684210526315792,0.9,-113.04195157894739,31269.140166105288
3628,2024-05-31,82.71647,82.71647,0.0,0.9,-0.0,32859.21805524215,0.0,0.9,-0.0,31269.140166105288
3629,2024-05-31,102.49814,102.49814,0.0,0.9,-0.0,32859.21805524215,0.0,0.9,-0.0,31269.140166105288
3630,2024-05-31,123.26766,123.26766,-1.2000000094753913,0.5842105238222655,147.92119316800932,33007.13924841016,-1.8,0.4263157894736842,221.88178800000003,31491.021954105287
3631,2024-05-31,125.47814,125.47814,-1.8399999905246087,0.1,230.87977641104553,33238.0190248212,-1.24,0.1,155.5928936,31646.614847705285
3632,2024-05-31,110.49278,110.49278,0.0,0.1,-0.0,33238.0190248212,0.0,0.1,-0.0,31646.614847705285
3633,2024-05-31,96.74,96.74,0.0,0.1,-0.0,33238.0190248212,0.0,0.1,-0.0,31646.614847705285
3634,2024-05-31,88.05361,88.05361,0.0,0.1,-0.0,33238.0190248212,0.0,0.1,-0.0,31646.614847705285
3635,2024-05-31,68.67741,68.67741,0.0,0.1,-0.0,33238.0190248212,0.0,0.1,-0.0,31646.614847705285
3636,2024-05-31,66.16643,66.16643,1.3684210526321134,0.42500000000012694,-90.54353578950905,33147.47548903169,2.0,0.575,-132.33286,31514.281987705286
3637,2024-05-31,64.36284,64.36284,1.9999999999994658,0.9,-128.72567999996562,33018.749809031724,1.3684210526315792,0.9,-88.07546526315792,31426.206522442128
3638,2024-05-31,79.94072,79.94072,0.0,0.9,-0.0,33018.749809031724,0.0,0.9,-0.0,31426.206522442128
3639,2024-05-31,80.88876,80.88876,0.0,0.9,-0.0,33018.749809031724,0.0,0.9,-0.0,31426.206522442128
3640,2024-05-31,92.05418,92.05418,0.0,0.9,-0.0,33018.749809031724,0.0,0.9,-0.0,31426.206522442128
3641,2024-05-31,108.81328,108.81328,0.0,0.9,-0.0,33018.749809031724,0.0,0.9,-0.0,31426.206522442128
3642,2024-05-31,127.64107,127.64107,0.0,0.9,-0.0,33018.749809031724,-2.0,0.37368421052631584,255.28214,31681.488662442127
3643,2024-05-31,139.28414,139.28414,-2.0,0.37368421052631584,278.56828,33297.31808903172,-1.0400000000000003,0.1,144.85550560000004,31826.344168042127
3644,2024-05-31,129.85997,129.85997,-1.0400000000000003,0.1,135.05436880000005,33432.37245783173,0.0,0.1,-0.0,31826.344168042127
3645,2024-05-31,109.86008,109.86008,0.0,0.1,-0.0,33432.37245783173,0.0,0.1,-0.0,31826.344168042127
3646,2024-05-31,99.49746,99.49746,0.0,0.1,-0.0,33432.37245783173,0.0,0.1,-0.0,31826.344168042127
3647,2024-06-01,102.06515,102.06515,0.0,0.1,-0.0,33432.37245783173,0.0,0.1,-0.0,31826.344168042127
3648,2024-06-01,101.76793,101.76793,0.0,0.1,-0.0,33432.37245783173,0.0,0.1,-0.0,31826.344168042127
3649,2024-06-01,94.26225,94.26225,0.0,0.1,-0.0,33432.37245783173,0.0,0.1,-0.0,31826.344168042127
3650,2024-06-01,97.01761,97.01761,0.0,0.1,-0.0,33432.37245783173,0.0,0.1,-0.0,31826.344168042127
3651,2024-06-01,91.92039,91.92039,2.0,0.575,-183.84078,33248.53167783173,2.0,0.575,-183.84078,31642.50338804213
3652,2024-06-01,93.69012,93.69012,1.3684210526315792,0.9,-128.20753263157897,33120.324145200146,1.3684210526315792,0.9,-128.20753263157897,31514.29585541055
3653,2024-06-01,106.27234,106.27234,-2.0,0.37368421052631584,212.54468,33332.868825200145,0.0,0.9,-0.0,31514.29585541055
3654,2024-06-01,99.67689,99.67689,0.0,0.37368421052631584,-0.0,33332.868825200145,-1.8,0.4263157894736842,179.41840200000001,31693.71425741055
3655,2024-06-01,100.65461,100.65461,-1.0400000000000003,0.1,104.68079440000002,33437.54961960015,-1.24,0.1,124.81171640000001,31818.52597381055
3656,2024-06-01,91.1,91.1,0.0,0.1,-0.0,33437.54961960015,0.0,0.1,-0.0,31818.52597381055
3657,2024-06-01,73.96,73.96,0.0,0.1,-0.0,33437.54961960015,0.0,0.1,-0.0,31818.52597381055
3658,2024-06-01,50.0,50.0,0.0,0.1,-0.0,33437.54961960015,0.0,0.1,-0.0,31818.52597381055
3659,2024-06-01,19.0,19.0,0.0,0.1,-0.0,33437.54961960015,0.0,0.1,-0.0,31818.52597381055
3660,2024-06-01,9.65,9.65,2.0,0.575,-19.3,33418.249619600145,2.0,0.575,-19.3,31799.22597381055
3661,2024-06-01,11.0,11.0,1.3684210526315792,0.9,-15.052631578947372,33403.1969880212,1.3684210526315792,0.9,-15.052631578947372,31784.173342231603
3662,2024-06-01,21.0,21.0,0.0,0.9,-0.0,33403.1969880212,0.0,0.9,-0.0,31784.173342231603
3663,2024-06-01,74.46,74.46,0.0,0.9,-0.0,33403.1969880212,0.0,0.9,-0.0,31784.173342231603
3664,2024-06-01,88.53,88.53,0.0,0.9,-0.0,33403.1969880212,0.0,0.9,-0.0,31784.173342231603
3665,2024-06-01,109.4566,109.4566,0.0,0.9,-0.0,33403.1969880212,0.0,0.9,-0.0,31784.173342231603
3666,2024-06-01,125.31099,125.31099,0.0,0.9,-0.0,33403.1969880212,-2.0,0.37368421052631584,250.62198,32034.795322231603
3667,2024-06-01,127.2381,127.2381,-2.0,0.37368421052631584,254.4762,33657.673188021196,-1.0400000000000003,0.1,132.32762400000004,32167.122946231604
3668,2024-06-01,127.1755,127.1755,-1.0400000000000003,0.1,132.26252000000002,33789.93570802119,0.0,0.1,-0.0,32167.122946231604
3669,2024-06-01,107.07777,107.07777,0.0,0.1,-0.0,33789.93570802119,0.0,0.1,-0.0,32167.122946231604
3670,2024-06-01,101.18176,101.18176,0.0,0.1,-0.0,33789.93570802119,0.0,0.1,-0.0,32167.122946231604
3671,2024-06-02,97.43235,97.43235,0.0,0.1,-0.0,33789.93570802119,0.0,0.1,-0.0,32167.122946231604
3672,2024-06-02,92.4384,92.4384,0.0,0.1,-0.0,33789.93570802119,0.0,0.1,-0.0,32167.122946231604
3673,2024-06-02,94.16,94.16,0.0,0.1,-0.0,33789.93570802119,0.0,0.1,-0.0,32167.122946231604
3674,2024-06-02,91.69824,91.69824,0.0,0.1,-0.0,33789.93570802119,0.0,0.1,-0.0,32167.122946231604
3675,2024-06-02,93.52711,93.52711,0.0,0.1,-0.0,33789.93570802119,0.0,0.1,-0.0,32167.122946231604
3676,2024-06-02,91.67871,91.67871,0.0,0.1,-0.0,33789.93570802119,0.0,0.1,-0.0,32167.122946231604
3677,2024-06-02,77.33458,77.33458,0.0,0.1,-0.0,33789.93570802119,0.0,0.1,-0.0,32167.122946231604
3678,2024-06-02,61.85829,61.85829,0.0,0.1,-0.0,33789.93570802119,0.0,0.1,-0.0,32167.122946231604
3679,2024-06-02,60.11839,60.11839,0.0,0.1,-0.0,33789.93570802119,0.0,0.1,-0.0,32167.122946231604
3680,2024-06-02,70.06259,70.06259,0.0,0.1,-0.0,33789.93570802119,0.0,0.1,-0.0,32167.122946231604
3681,2024-06-02,48.95,48.95,0.0,0.1,-0.0,33789.93570802119,0.0,0.1,-0.0,32167.122946231604
3682,2024-06-02,49.0,49.0,0.0,0.1,-0.0,33789.93570802119,0.0,0.1,-0.0,32167.122946231604
3683,2024-06-02,38.78462,38.78462,1.263345917996617,0.40004465552419655,-48.99839135804995,33740.93731666314,0.0,0.1,-0.0,32167.122946231604
3684,2024-06-02,30.67923,30.67923,2.0,0.8750446555241965,-61.35846,33679.57885666314,2.0,0.575,-61.35846,32105.764486231605
3685,2024-06-02,41.0,41.0,-1.8001782408538005,0.40131353951003845,73.80730787500582,33753.38616453815,1.3684210526315792,0.9,-56.10526315789475,32049.65922307371
3686,2024-06-02,38.17,38.17,2.0,0.8763135395100384,-76.34,33677.04616453815,0.0,0.9,-0.0,32049.65922307371
3687,2024-06-02,89.0,89.0,0.09973246522089092,0.9,-8.876189404659293,33668.16997513349,0.0,0.9,-0.0,32049.65922307371
3688,2024-06-02,101.0,101.0,0.0,0.9,-0.0,33668.16997513349,0.0,0.9,-0.0,32049.65922307371
3689,2024-06-02,110.93,110.93,0.0,0.9,-0.0,33668.16997513349,0.0,0.9,-0.0,32049.65922307371
3690,2024-06-02,122.39115,122.39115,0.0,0.9,-0.0,33668.16997513349,0.0,0.9,-0.0,32049.65922307371
3691,2024-06-02,125.45567,125.45567,-2.0,0.37368421052631584,250.91134,33919.08131513349,-1.8,0.4263157894736842,225.820206,32275.47942907371
3692,2024-06-02,124.82704,124.82704,-1.0400000000000003,0.1,129.82012160000002,34048.90143673349,-1.24,0.1,154.7855296,32430.264958673713
3693,2024-06-02,114.55496,114.55496,0.0,0.1,-0.0,34048.90143673349,0.0,0.1,-0.0,32430.264958673713
3694,2024-06-02,96.71376,96.71376,0.0,0.1,-0.0,34048.90143673349,0.0,0.1,-0.0,32430.264958673713
3695,2024-06-03,92.46065,92.46065,0.0,0.1,-0.0,34048.90143673349,0.0,0.1,-0.0,32430.264958673713
3696,2024-06-03,94.85223,94.85223,0.0,0.1,-0.0,34048.90143673349,0.0,0.1,-0.0,32430.264958673713
3697,2024-06-03,91.0511,91.0511,0.0,0.1,-0.0,34048.90143673349,2.0,0.575,-182.1022,32248.162758673712
3698,2024-06-03,90.21692,90.21692,1.3684210800390295,0.4250000065092695,-123.45473510419473,33925.44670162929,1.3684210526315792,0.9,-123.45473263157898,32124.70802604213
3699,2024-06-03,88.66002,88.66002,1.9999999725925497,0.9,-177.32003757005492,33748.12666405924,0.0,0.9,-0.0,32124.70802604213
3700,2024-06-03,99.45,99.45,0.0,0.9,-0.0,33748.12666405924,0.0,0.9,-0.0,32124.70802604213
3701,2024-06-03,119.57,119.57,0.0,0.9,-0.0,33748.12666405924,0.0,0.9,-0.0,32124.70802604213
3702,2024-06-03,141.75,141.75,-2.0,0.37368421052631584,283.5,34031.62666405924,-1.8,0.4263157894736842,255.15,32379.858026042133
3703,2024-06-03,143.92,143.92,-1.0400000000000003,0.1,149.67680000000001,34181.30346405924,-1.24,0.1,178.46079999999998,32558.318826042134
3704,2024-06-03,128.08,128.08,0.0,0.1,-0.0,34181.30346405924,0.0,0.1,-0.0,32558.318826042134
3705,2024-06-03,112.38,112.38,0.0,0.1,-0.0,34181.30346405924,0.0,0.1,-0.0,32558.318826042134
3706,2024-06-03,104.0,104.0,0.0,0.1,-0.0,34181.30346405924,0.0,0.1,-0.0,32558.318826042134
3707,2024-06-03,89.31499,89.31499,1.3684210526316278,0.4250000000000116,-122.2205126315833,34059.082951427656,0.0,0.1,-0.0,32558.318826042134
3708,2024-06-03,88.80195,88.80195,1.9999999999999514,0.9,-177.6038999999957,33881.47905142766,2.0,0.575,-177.6039,32380.714926042136
3709,2024-06-03,93.69842,93.69842,0.0,0.9,-0.0,33881.47905142766,1.3684210526315792,0.9,-128.21889052631582,32252.49603551582
3710,2024-06-03,100.13491,100.13491,0.0,0.9,-0.0,33881.47905142766,0.0,0.9,-0.0,32252.49603551582
3711,2024-06-03,107.73721,107.73721,0.0,0.9,-0.0,33881.47905142766,0.0,0.9,-0.0,32252.49603551582
3712,2024-06-03,107.0,107.0,0.0,0.9,-0.0,33881.47905142766,0.0,0.9,-0.0,32252.49603551582
3713,2024-06-03,116.09,116.09,0.0,0.9,-0.0,33881.47905142766,0.0,0.9,-0.0,32252.49603551582
3714,2024-06-03,141.9,141.9,0.0,0.9,-0.0,33881.47905142766,0.0,0.9,-0.0,32252.49603551582
3715,2024-06-03,150.0,150.0,-2.0,0.37368421052631584,300.0,34181.47905142766,-2.0,0.37368421052631584,300.0,32552.49603551582
3716,2024-06-03,148.95,148.95,-1.0400000000000003,0.1,154.90800000000002,34336.387051427664,-1.0400000000000003,0.1,154.90800000000002,32707.404035515818
3717,2024-06-03,120.0,120.0,0.0,0.1,-0.0,34336.387051427664,0.0,0.1,-0.0,32707.404035515818
3718,2024-06-03,115.0,115.0,0.0,0.1,-0.0,34336.387051427664,0.0,0.1,-0.0,32707.404035515818
3719,2024-06-04,109.763,109.763,0.0,0.1,-0.0,34336.387051427664,0.0,0.1,-0.0,32707.404035515818
3720,2024-06-04,104.41518,104.41518,0.0,0.1,-0.0,34336.387051427664,0.0,0.1,-0.0,32707.404035515818
3721,2024-06-04,101.5186,101.5186,0.0,0.1,-0.0,34336.387051427664,2.0,0.575,-203.0372,32504.36683551582
3722,2024-06-04,98.78255,98.78255,0.0,0.1,-0.0,34336.387051427664,1.3684210526315792,0.9,-135.1761210526316,32369.190714463188
3723,2024-06-04,100.02245,100.02245,2.0,0.575,-200.0449,34136.34215142766,0.0,0.9,-0.0,32369.190714463188
3724,2024-06-04,107.83472,107.83472,1.3684210526315792,0.9,-147.5633010526316,33988.778850375034,0.0,0.9,-0.0,32369.190714463188
3725,2024-06-04,120.28,120.28,0.0,0.9,-0.0,33988.778850375034,0.0,0.9,-0.0,32369.190714463188
3726,2024-06-04,166.98,166.98,-2.0,0.37368421052631584,333.96,34322.73885037503,-2.0,0.37368421052631584,333.96,32703.150714463187
3727,2024-06-04,160.2,160.2,-1.0400000000000003,0.1,166.60800000000003,34489.346850375034,-1.0400000000000003,0.1,166.60800000000003,32869.75871446318
3728,2024-06-04,120.0,120.0,0.0,0.1,-0.0,34489.346850375034,0.0,0.1,-0.0,32869.75871446318
3729,2024-06-04,109.0,109.0,0.0,0.1,-0.0,34489.346850375034,0.0,0.1,-0.0,32869.75871446318
3730,2024-06-04,99.37,99.37,0.0,0.1,-0.0,34489.346850375034,0.0,0.1,-0.0,32869.75871446318
3731,2024-06-04,90.11,90.11,2.0,0.575,-180.22,34309.12685037503,0.0,0.1,-0.0,32869.75871446318
3732,2024-06-04,90.12,90.12,1.3684210526315792,0.9,-123.32210526315792,34185.80474511188,2.0,0.575,-180.24,32689.518714463182
3733,2024-06-04,95.5,95.5,0.0,0.9,-0.0,34185.80474511188,1.3684210526315792,0.9,-130.6842105263158,32558.834503936865
3734,2024-06-04,95.0,95.0,0.0,0.9,-0.0,34185.80474511188,0.0,0.9,-0.0,32558.834503936865
3735,2024-06-04,109.15,109.15,0.0,0.9,-0.0,34185.80474511188,0.0,0.9,-0.0,32558.834503936865
3736,2024-06-04,110.0,110.0,0.0,0.9,-0.0,34185.80474511188,0.0,0.9,-0.0,32558.834503936865
3737,2024-06-04,120.0,120.0,0.0,0.9,-0.0,34185.80474511188,0.0,0.9,-0.0,32558.834503936865
3738,2024-06-04,153.96,153.96,0.0,0.9,-0.0,34185.80474511188,-1.2,0.5842105263157895,184.752,32743.586503936865
3739,2024-06-04,160.96,160.96,-2.0,0.37368421052631584,321.92,34507.724745111875,-1.84,0.1,296.1664,33039.75290393687
3740,2024-06-04,154.7,154.7,-1.0400000000000003,0.1,160.88800000000003,34668.612745111874,0.0,0.1,-0.0,33039.75290393687
3741,2024-06-04,120.0,120.0,0.0,0.1,-0.0,34668.612745111874,0.0,0.1,-0.0,33039.75290393687
3742,2024-06-04,115.0,115.0,0.0,0.1,-0.0,34668.612745111874,0.0,0.1,-0.0,33039.75290393687
3743,2024-06-05,102.28298,102.28298,0.0,0.1,-0.0,34668.612745111874,0.0,0.1,-0.0,33039.75290393687
3744,2024-06-05,95.17707,95.17707,0.0,0.1,-0.0,34668.612745111874,0.0,0.1,-0.0,33039.75290393687
3745,2024-06-05,93.33662,93.33662,1.3684210526365206,0.42500000000117366,-127.72379578993491,34540.88894932194,2.0,0.575,-186.67324,32853.07966393687
3746,2024-06-05,93.47203,93.47203,0.0,0.42500000000117366,-0.0,34540.88894932194,1.3684210526315792,0.9,-127.90909368421056,32725.17057025266
3747,2024-06-05,93.31021,93.31021,1.9999999999950584,0.9,-186.62041999953888,34354.2685293224,0.0,0.9,-0.0,32725.17057025266
3748,2024-06-05,97.72193,97.72193,0.0,0.9,-0.0,34354.2685293224,0.0,0.9,-0.0,32725.17057025266
3749,2024-06-05,111.0,111.0,0.0,0.9,-0.0,34354.2685293224,0.0,0.9,-0.0,32725.17057025266
3750,2024-06-05,152.1,152.1,-2.0,0.37368421052631584,304.2,34658.468529322396,-2.0,0.37368421052631584,304.2,33029.37057025266
3751,2024-06-05,136.28,136.28,-1.0400000000000003,0.1,141.73120000000003,34800.1997293224,-1.0400000000000003,0.1,141.73120000000003,33171.10177025266
3752,2024-06-05,117.11,117.11,0.0,0.1,-0.0,34800.1997293224,0.0,0.1,-0.0,33171.10177025266
3753,2024-06-05,111.2,111.2,0.0,0.1,-0.0,34800.1997293224,0.0,0.1,-0.0,33171.10177025266
3754,2024-06-05,105.0,105.0,0.0,0.1,-0.0,34800.1997293224,0.0,0.1,-0.0,33171.10177025266
3755,2024-06-05,89.38,89.38,2.0,0.575,-178.76,34621.439729322396,0.0,0.1,-0.0,33171.10177025266
3756,2024-06-05,89.38,89.38,1.3684210526315792,0.9,-122.30947368421054,34499.130255638185,2.0,0.575,-178.76,32992.34177025266
3757,2024-06-05,95.9,95.9,0.0,0.9,-0.0,34499.130255638185,1.3684210526315792,0.9,-131.23157894736846,32861.11019130529
3758,2024-06-05,96.0,96.0,0.0,0.9,-0.0,34499.130255638185,0.0,0.9,-0.0,32861.11019130529
3759,2024-06-05,100.9,100.9,0.0,0.9,-0.0,34499.130255638185,0.0,0.9,-0.0,32861.11019130529
3760,2024-06-05,101.98,101.98,0.0,0.9,-0.0,34499.130255638185,0.0,0.9,-0.0,32861.11019130529
3761,2024-06-05,111.0,111.0,0.0,0.9,-0.0,34499.130255638185,0.0,0.9,-0.0,32861.11019130529
3762,2024-06-05,142.37,142.37,0.0,0.9,-0.0,34499.130255638185,0.0,0.9,-0.0,32861.11019130529
3763,2024-06-05,155.25,155.25,-2.0,0.37368421052631584,310.5,34809.630255638185,-2.0,0.37368421052631584,310.5,33171.61019130529
3764,2024-06-05,148.0,148.0,-1.0400000000000003,0.1,153.92000000000004,34963.55025563818,-1.0400000000000003,0.1,153.92000000000004,33325.53019130529
3765,2024-06-05,120.5,120.5,0.0,0.1,-0.0,34963.55025563818,0.0,0.1,-0.0,33325.53019130529
3766,2024-06-05,112.57,112.57,0.0,0.1,-0.0,34963.55025563818,0.0,0.1,-0.0,33325.53019130529
3767,2024-06-06,110.0,110.0,0.0,0.1,-0.0,34963.55025563818,0.0,0.1,-0.0,33325.53019130529
3768,2024-06-06,109.13,109.13,0.0,0.1,-0.0,34963.55025563818,0.0,0.1,-0.0,33325.53019130529
3769,2024-06-06,105.0,105.0,0.0,0.1,-0.0,34963.55025563818,0.0,0.1,-0.0,33325.53019130529
3770,2024-06-06,102.00679,102.00679,1.3684210531174494,0.4250000001153942,-139.5882389969305,34823.96201664125,2.0,0.575,-204.01358,33121.51661130529
3771,2024-06-06,100.0,100.0,1.99999999951413,0.9,-199.999999951413,34623.96201668984,1.3684210526315792,0.9,-136.84210526315792,32984.67450604213
3772,2024-06-06,105.0,105.0,0.0,0.9,-0.0,34623.96201668984,0.0,0.9,-0.0,32984.67450604213
3773,2024-06-06,117.86,117.86,0.0,0.9,-0.0,34623.96201668984,0.0,0.9,-0.0,32984.67450604213
3774,2024-06-06,132.20786,132.20786,-2.0,0.37368421052631584,264.41572,34888.377736689836,-1.8,0.4263157894736842,237.974148,33222.64865404213
3775,2024-06-06,125.19,125.19,-1.0400000000000003,0.1,130.19760000000002,35018.575336689835,-1.24,0.1,155.2356,33377.88425404213
3776,2024-06-06,110.0,110.0,0.0,0.1,-0.0,35018.575336689835,0.0,0.1,-0.0,33377.88425404213
3777,2024-06-06,104.74,104.74,0.0,0.1,-0.0,35018.575336689835,0.0,0.1,-0.0,33377.88425404213
3778,2024-06-06,97.1,97.1,0.0,0.1,-0.0,35018.575336689835,0.0,0.1,-0.0,33377.88425404213
3779,2024-06-06,69.0,69.0,1.3684210539100539,0.4250000003036378,-94.42105271979372,34924.15428397004,0.0,0.1,-0.0,33377.88425404213
3780,2024-06-06,65.0,65.0,1.9999999987215251,0.9,-129.99999991689913,34794.15428405314,2.0,0.575,-130.0,33247.88425404213
3781,2024-06-06,75.36,75.36,0.0,0.9,-0.0,34794.15428405314,1.3684210526315792,0.9,-103.1242105263158,33144.76004351582
3782,2024-06-06,74.24,74.24,0.0,0.9,-0.0,34794.15428405314,0.0,0.9,-0.0,33144.76004351582
3783,2024-06-06,90.59,90.59,0.0,0.9,-0.0,34794.15428405314,0.0,0.9,-0.0,33144.76004351582
3784,2024-06-06,94.60895,94.60895,0.0,0.9,-0.0,34794.15428405314,0.0,0.9,-0.0,33144.76004351582
3785,2024-06-06,111.58102,111.58102,0.0,0.9,-0.0,34794.15428405314,0.0,0.9,-0.0,33144.76004351582
3786,2024-06-06,138.13,138.13,0.0,0.9,-0.0,34794.15428405314,0.0,0.9,-0.0,33144.76004351582
3787,2024-06-06,143.72,143.72,-2.0,0.37368421052631584,287.44,35081.59428405314,-2.0,0.37368421052631584,287.44,33432.20004351582
3788,2024-06-06,138.6,138.6,-1.0400000000000003,0.1,144.14400000000003,35225.73828405314,-1.0400000000000003,0.1,144.14400000000003,33576.34404351582
3789,2024-06-06,117.72,117.72,0.0,0.1,-0.0,35225.73828405314,0.0,0.1,-0.0,33576.34404351582
3790,2024-06-06,110.4,110.4,0.0,0.1,-0.0,35225.73828405314,0.0,0.1,-0.0,33576.34404351582
3791,2024-06-07,103.02712,103.02712,0.0,0.1,-0.0,35225.73828405314,0.0,0.1,-0.0,33576.34404351582
3792,2024-06-07,99.09633,99.09633,0.0,0.1,-0.0,35225.73828405314,0.0,0.1,-0.0,33576.34404351582
3793,2024-06-07,93.95978,93.95978,0.0,0.1,-0.0,35225.73828405314,0.0,0.1,-0.0,33576.34404351582
3794,2024-06-07,92.60341,92.60341,2.0,0.575,-185.20682,35040.53146405314,2.0,0.575,-185.20682,33391.13722351582
3795,2024-06-07,92.02394,92.02394,1.3684210526315792,0.9,-125.92749684210528,34914.603967211035,1.3684210526315792,0.9,-125.92749684210528,33265.20972667371
3796,2024-06-07,96.45489,96.45489,0.0,0.9,-0.0,34914.603967211035,0.0,0.9,-0.0,33265.20972667371
3797,2024-06-07,109.47,109.47,0.0,0.9,-0.0,34914.603967211035,0.0,0.9,-0.0,33265.20972667371
3798,2024-06-07,122.18,122.18,-2.0,0.37368421052631584,244.36,35158.963967211035,-1.8,0.4263157894736842,219.924,33485.13372667371
3799,2024-06-07,121.47,121.47,-1.0400000000000003,0.1,126.32880000000003,35285.29276721104,-1.24,0.1,150.62279999999998,33635.75652667371
3800,2024-06-07,109.58,109.58,0.0,0.1,-0.0,35285.29276721104,0.0,0.1,-0.0,33635.75652667371
3801,2024-06-07,104.3,104.3,0.0,0.1,-0.0,35285.29276721104,0.0,0.1,-0.0,33635.75652667371
3802,2024-06-07,100.19,100.19,0.0,0.1,-0.0,35285.29276721104,0.0,0.1,-0.0,33635.75652667371
3803,2024-06-07,68.52,68.52,1.3684210526423952,0.4250000000025689,-93.76421052705692,35191.52855668398,2.0,0.575,-137.04,33498.71652667371
3804,2024-06-07,64.79,64.79,1.9999999999891838,0.9,-129.57999999929922,35061.948556684685,1.3684210526315792,0.9,-88.66000000000003,33410.0565266737
3805,2024-06-07,90.0,90.0,0.0,0.9,-0.0,35061.948556684685,0.0,0.9,-0.0,33410.0565266737
3806,2024-06-07,95.0,95.0,0.0,0.9,-0.0,35061.948556684685,0.0,0.9,-0.0,33410.0565266737
3807,2024-06-07,99.26,99.26,0.0,0.9,-0.0,35061.948556684685,0.0,0.9,-0.0,33410.0565266737
3808,2024-06-07,105.0,105.0,0.0,0.9,-0.0,35061.948556684685,0.0,0.9,-0.0,33410.0565266737
3809,2024-06-07,113.61,113.61,0.0,0.9,-0.0,35061.948556684685,0.0,0.9,-0.0,33410.0565266737
3810,2024-06-07,136.04106,136.04106,0.0,0.9,-0.0,35061.948556684685,0.0,0.9,-0.0,33410.0565266737
3811,2024-06-07,147.39334,147.39334,-2.0,0.37368421052631584,294.78668,35356.73523668468,-2.0,0.37368421052631584,294.78668,33704.8432066737
3812,2024-06-07,139.56734,139.56734,-1.0400000000000003,0.1,145.15003360000003,35501.885270284685,-1.0400000000000003,0.1,145.15003360000003,33849.9932402737
3813,2024-06-07,115.42431,115.42431,0.0,0.1,-0.0,35501.885270284685,0.0,0.1,-0.0,33849.9932402737
3814,2024-06-07,106.7677,106.7677,2.0,0.575,-213.5354,35288.349870284685,0.0,0.1,-0.0,33849.9932402737
3815,2024-06-08,122.95,122.95,-1.805,0.1,221.92475,35510.27462028468,0.0,0.1,-0.0,33849.9932402737
3816,2024-06-08,115.74612,115.74612,0.0,0.1,-0.0,35510.27462028468,0.0,0.1,-0.0,33849.9932402737
3817,2024-06-08,108.85,108.85,0.0,0.1,-0.0,35510.27462028468,0.0,0.1,-0.0,33849.9932402737
3818,2024-06-08,108.42,108.42,0.0,0.1,-0.0,35510.27462028468,0.0,0.1,-0.0,33849.9932402737
3819,2024-06-08,104.18669,104.18669,0.0,0.1,-0.0,35510.27462028468,0.0,0.1,-0.0,33849.9932402737
3820,2024-06-08,106.46,106.46,0.0,0.1,-0.0,35510.27462028468,0.0,0.1,-0.0,33849.9932402737
3821,2024-06-08,106.76222,106.76222,0.0,0.1,-0.0,35510.27462028468,0.0,0.1,-0.0,33849.9932402737
3822,2024-06-08,110.71414,110.71414,0.0,0.1,-0.0,35510.27462028468,0.0,0.1,-0.0,33849.9932402737
3823,2024-06-08,110.42,110.42,0.0,0.1,-0.0,35510.27462028468,0.0,0.1,-0.0,33849.9932402737
3824,2024-06-08,98.0,98.0,0.0,0.1,-0.0,35510.27462028468,0.0,0.1,-0.0,33849.9932402737
3825,2024-06-08,97.0,97.0,0.0,0.1,-0.0,35510.27462028468,0.0,0.1,-0.0,33849.9932402737
3826,2024-06-08,93.87,93.87,0.0,0.1,-0.0,35510.27462028468,0.0,0.1,-0.0,33849.9932402737
3827,2024-06-08,82.17,82.17,2.0,0.575,-164.34,35345.93462028469,0.0,0.1,-0.0,33849.9932402737
3828,2024-06-08,85.1,85.1,1.3684210526315792,0.9,-116.45263157894738,35229.48198870574,0.0,0.1,-0.0,33849.9932402737
3829,2024-06-08,93.87,93.87,0.0,0.9,-0.0,35229.48198870574,2.0,0.575,-187.74,33662.253240273705
3830,2024-06-08,97.0,97.0,0.0,0.9,-0.0,35229.48198870574,1.3684210526315792,0.9,-132.73684210526318,33529.516398168445
3831,2024-06-08,97.1,97.1,0.0,0.9,-0.0,35229.48198870574,0.0,0.9,-0.0,33529.516398168445
3832,2024-06-08,103.64,103.64,0.0,0.9,-0.0,35229.48198870574,0.0,0.9,-0.0,33529.516398168445
3833,2024-06-08,113.68498,113.68498,0.0,0.9,-0.0,35229.48198870574,0.0,0.9,-0.0,33529.516398168445
3834,2024-06-08,141.33551,141.33551,0.0,0.9,-0.0,35229.48198870574,0.0,0.9,-0.0,33529.516398168445
3835,2024-06-08,150.41108,150.41108,-2.0,0.37368421052631584,300.82216,35530.30414870574,-2.0,0.37368421052631584,300.82216,33830.33855816845
3836,2024-06-08,142.43884,142.43884,-1.0400000000000003,0.1,148.13639360000005,35678.44054230574,-1.0400000000000003,0.1,148.13639360000005,33978.47495176845
3837,2024-06-08,132.97449,132.97449,0.0,0.1,-0.0,35678.44054230574,0.0,0.1,-0.0,33978.47495176845
3838,2024-06-08,119.62144,119.62144,0.0,0.1,-0.0,35678.44054230574,0.0,0.1,-0.0,33978.47495176845
3839,2024-06-09,104.59,104.59,0.0,0.1,-0.0,35678.44054230574,0.0,0.1,-0.0,33978.47495176845
3840,2024-06-09,104.59,104.59,0.0,0.1,-0.0,35678.44054230574,0.0,0.1,-0.0,33978.47495176845
3841,2024-06-09,101.25,101.25,0.0,0.1,-0.0,35678.44054230574,0.0,0.1,-0.0,33978.47495176845
3842,2024-06-09,97.17887,97.17887,0.0,0.1,-0.0,35678.44054230574,0.0,0.1,-0.0,33978.47495176845
3843,2024-06-09,95.52502,95.52502,0.0,0.1,-0.0,35678.44054230574,0.0,0.1,-0.0,33978.47495176845
3844,2024-06-09,95.76469,95.76469,0.0,0.1,-0.0,35678.44054230574,0.0,0.1,-0.0,33978.47495176845
3845,2024-06-09,87.45399,87.45399,0.0,0.1,-0.0,35678.44054230574,0.0,0.1,-0.0,33978.47495176845
3846,2024-06-09,75.2552,75.2552,1.3613485945541288,0.42332029120660564,-102.44856075288988,35575.99198155285,0.0,0.1,-0.0,33978.47495176845
3847,2024-06-09,73.0,73.0,1.9999851170878584,0.898316756514972,-145.99891354741368,35429.99306800543,0.0,0.1,-0.0,33978.47495176845
3848,2024-06-09,78.5,78.5,0.0,0.898316756514972,-0.0,35429.99306800543,0.0,0.1,-0.0,33978.47495176845
3849,2024-06-09,78.73,78.73,-1.1932670260599074,0.5842991180781543,93.94591296169652,35523.93898096713,0.0,0.1,-0.0,33978.47495176845
3850,2024-06-09,82.65,82.65,-1.8403366486969863,0.1,152.10382401480592,35676.04280498193,0.0,0.1,-0.0,33978.47495176845
3851,2024-06-09,65.5,65.5,1.3684212696513385,0.4250000515421929,-89.63159316216267,35586.411211819766,2.0,0.575,-131.0,33847.47495176845
3852,2024-06-09,63.41,63.41,1.9999997829802407,0.9,-126.81998623877706,35459.59122558099,1.3684210526315792,0.9,-86.77157894736844,33760.70337282108
3853,2024-06-09,72.18,72.18,0.0,0.9,-0.0,35459.59122558099,0.0,0.9,-0.0,33760.70337282108
3854,2024-06-09,77.11,77.11,0.0,0.9,-0.0,35459.59122558099,0.0,0.9,-0.0,33760.70337282108
3855,2024-06-09,95.79,95.79,0.0,0.9,-0.0,35459.59122558099,0.0,0.9,-0.0,33760.70337282108
3856,2024-06-09,100.0,100.0,0.0,0.9,-0.0,35459.59122558099,0.0,0.9,-0.0,33760.70337282108
3857,2024-06-09,103.69,103.69,0.0,0.9,-0.0,35459.59122558099,0.0,0.9,-0.0,33760.70337282108
3858,2024-06-09,111.19,111.19,0.0,0.9,-0.0,35459.59122558099,0.0,0.9,-0.0,33760.70337282108
3859,2024-06-09,121.13,121.13,-2.0,0.37368421052631584,242.26,35701.85122558099,-1.2,0.5842105263157895,145.356,33906.05937282108
3860,2024-06-09,119.4,119.4,-1.0400000000000003,0.1,124.17600000000003,35826.02722558099,-1.84,0.1,219.69600000000003,34125.755372821084
3861,2024-06-09,110.0,110.0,0.0,0.1,-0.0,35826.02722558099,0.0,0.1,-0.0,34125.755372821084
3862,2024-06-09,100.7,100.7,0.0,0.1,-0.0,35826.02722558099,0.0,0.1,-0.0,34125.755372821084
3863,2024-06-10,86.11222,86.11222,0.0,0.1,-0.0,35826.02722558099,0.0,0.1,-0.0,34125.755372821084
3864,2024-06-10,79.36,79.36,0.0,0.1,-0.0,35826.02722558099,0.0,0.1,-0.0,34125.755372821084
3865,2024-06-10,80.58,80.58,0.0,0.1,-0.0,35826.02722558099,0.0,0.1,-0.0,34125.755372821084
3866,2024-06-10,77.0,77.0,0.0,0.1,-0.0,35826.02722558099,2.0,0.575,-154.0,33971.755372821084
3867,2024-06-10,77.0,77.0,2.0,0.575,-154.0,35672.02722558099,1.3684210526315792,0.9,-105.3684210526316,33866.38695176845
3868,2024-06-10,87.37,87.37,1.3684210526315792,0.9,-119.55894736842109,35552.46827821257,0.0,0.9,-0.0,33866.38695176845
3869,2024-06-10,105.94172,105.94172,0.0,0.9,-0.0,35552.46827821257,0.0,0.9,-0.0,33866.38695176845
3870,2024-06-10,120.26,120.26,-2.0,0.37368421052631584,240.52,35792.988278212564,-2.0,0.37368421052631584,240.52,34106.90695176845
3871,2024-06-10,123.26,123.26,-1.0400000000000003,0.1,128.19040000000004,35921.178678212564,-1.0400000000000003,0.1,128.19040000000004,34235.09735176845
3872,2024-06-10,108.0,108.0,0.0,0.1,-0.0,35921.178678212564,0.0,0.1,-0.0,34235.09735176845
3873,2024-06-10,89.9,89.9,0.0,0.1,-0.0,35921.178678212564,0.0,0.1,-0.0,34235.09735176845
3874,2024-06-10,75.57705,75.57705,0.0,0.1,-0.0,35921.178678212564,0.0,0.1,-0.0,34235.09735176845
3875,2024-06-10,56.89,56.89,0.0,0.1,-0.0,35921.178678212564,0.0,0.1,-0.0,34235.09735176845
3876,2024-06-10,45.08,45.08,2.0,0.575,-90.16,35831.01867821256,2.0,0.575,-90.16,34144.93735176844
3877,2024-06-10,56.41988,56.41988,1.3684210526315792,0.9,-77.20615157894738,35753.812526633614,1.3684210526315792,0.9,-77.20615157894738,34067.7312001895
3878,2024-06-10,74.9,74.9,0.0,0.9,-0.0,35753.812526633614,0.0,0.9,-0.0,34067.7312001895
3879,2024-06-10,79.0,79.0,0.0,0.9,-0.0,35753.812526633614,0.0,0.9,-0.0,34067.7312001895
3880,2024-06-10,92.82,92.82,0.0,0.9,-0.0,35753.812526633614,0.0,0.9,-0.0,34067.7312001895
3881,2024-06-10,104.5,104.5,0.0,0.9,-0.0,35753.812526633614,0.0,0.9,-0.0,34067.7312001895
3882,2024-06-10,116.0,116.0,0.0,0.9,-0.0,35753.812526633614,0.0,0.9,-0.0,34067.7312001895
3883,2024-06-10,123.26,123.26,-2.0,0.37368421052631584,246.52,36000.33252663361,-1.8,0.4263157894736842,221.86800000000002,34289.5992001895
3884,2024-06-10,119.4,119.4,-1.0400000000000003,0.1,124.17600000000003,36124.50852663361,-1.24,0.1,148.056,34437.655200189496
3885,2024-06-10,106.62,106.62,0.0,0.1,-0.0,36124.50852663361,0.0,0.1,-0.0,34437.655200189496
3886,2024-06-10,100.0,100.0,0.0,0.1,-0.0,36124.50852663361,0.0,0.1,-0.0,34437.655200189496
3887,2024-06-11,90.85,90.85,0.0,0.1,-0.0,36124.50852663361,0.0,0.1,-0.0,34437.655200189496
3888,2024-06-11,80.7,80.7,1.368421119566802,0.42500001589711545,-110.43158434904092,36014.07694228457,0.0,0.1,-0.0,34437.655200189496
3889,2024-06-11,78.32,78.32,1.9999999330647773,0.9,-156.63999475763333,35857.436947526934,0.0,0.1,-0.0,34437.655200189496
3890,2024-06-11,83.0,83.0,0.0,0.9,-0.0,35857.436947526934,2.0,0.575,-166.0,34271.655200189496
3891,2024-06-11,83.05,83.05,0.0,0.9,-0.0,35857.436947526934,1.3684210526315792,0.9,-113.64736842105265,34158.007831768446
3892,2024-06-11,87.07,87.07,0.0,0.9,-0.0,35857.436947526934,0.0,0.9,-0.0,34158.007831768446
3893,2024-06-11,105.13,105.13,0.0,0.9,-0.0,35857.436947526934,0.0,0.9,-0.0,34158.007831768446
3894,2024-06-11,116.0,116.0,-1.200327951788151,0.5841242232136444,139.23804240742552,35996.67498993436,-1.2,0.5842105263157895,139.2,34297.20783176844
3895,2024-06-11,120.34,120.34,-1.839672048211849,0.1,221.3861342818139,36218.061124216176,-1.8,0.1105263157894737,216.61200000000002,34513.819831768444
3896,2024-06-11,107.66,107.66,0.0,0.1,-0.0,36218.061124216176,-0.040000000000000015,0.1,4.306400000000002,34518.126231768445
3897,2024-06-11,99.0,99.0,0.0,0.1,-0.0,36218.061124216176,0.0,0.1,-0.0,34518.126231768445
3898,2024-06-11,97.1,97.1,0.0,0.1,-0.0,36218.061124216176,0.0,0.1,-0.0,34518.126231768445
3899,2024-06-11,86.89,86.89,1.3684212341642412,0.4250000431140073,-118.90212103653091,36099.159003179644,0.0,0.1,-0.0,34518.126231768445
3900,2024-06-11,83.0,83.0,1.999999818467338,0.9,-165.99998493278906,35933.15901824686,2.0,0.575,-166.0,34352.126231768445
3901,2024-06-11,95.9,95.9,0.0,0.9,-0.0,35933.15901824686,1.3684210526315792,0.9,-131.23157894736846,34220.89465282108
3902,2024-06-11,99.0,99.0,0.0,0.9,-0.0,35933.15901824686,0.0,0.9,-0.0,34220.89465282108
3903,2024-06-11,108.19,108.19,0.0,0.9,-0.0,35933.15901824686,0.0,0.9,-0.0,34220.89465282108
3904,2024-06-11,110.91,110.91,0.0,0.9,-0.0,35933.15901824686,0.0,0.9,-0.0,34220.89465282108
3905,2024-06-11,116.42,116.42,0.0,0.9,-0.0,35933.15901824686,0.0,0.9,-0.0,34220.89465282108
3906,2024-06-11,140.0,140.0,-1.200000013880479,0.5842105226630319,168.00000194326705,36101.15902019013,-1.2,0.5842105263157895,168.0,34388.89465282108
3907,2024-06-11,146.0,146.0,-1.839999986119521,0.1,268.6399979734501,36369.799018163576,-1.84,0.1,268.64,34657.53465282108
3908,2024-06-11,136.3,136.3,0.0,0.1,-0.0,36369.799018163576,0.0,0.1,-0.0,34657.53465282108
3909,2024-06-11,110.91,110.91,0.0,0.1,-0.0,36369.799018163576,0.0,0.1,-0.0,34657.53465282108
3910,2024-06-11,108.54,108.54,0.0,0.1,-0.0,36369.799018163576,0.0,0.1,-0.0,34657.53465282108
3911,2024-06-12,107.73252,107.73252,0.0,0.1,-0.0,36369.799018163576,0.0,0.1,-0.0,34657.53465282108
3912,2024-06-12,105.30033,105.30033,0.0,0.1,-0.0,36369.799018163576,0.0,0.1,-0.0,34657.53465282108
3913,2024-06-12,101.56591,101.56591,0.0,0.1,-0.0,36369.799018163576,0.0,0.1,-0.0,34657.53465282108
3914,2024-06-12,95.95283,95.95283,2.0,0.575,-191.90566,36177.89335816358,2.0,0.575,-191.90566,34465.62899282108
3915,2024-06-12,96.0,96.0,1.3684210526315792,0.9,-131.36842105263162,36046.524937110946,1.3684210526315792,0.9,-131.36842105263162,34334.26057176845
3916,2024-06-12,100.78122,100.78122,0.0,0.9,-0.0,36046.524937110946,0.0,0.9,-0.0,34334.26057176845
3917,2024-06-12,113.62756,113.62756,0.0,0.9,-0.0,36046.524937110946,0.0,0.9,-0.0,34334.26057176845
3918,2024-06-12,127.39,127.39,-1.2000000805739093,0.5842105051121291,152.8680102643103,36199.39294737526,-1.2,0.5842105263157895,152.868,34487.12857176845
3919,2024-06-12,131.39,131.39,-1.8399999194260908,0.1,241.75758941339404,36441.15053678865,-1.84,0.1,241.7576,34728.88617176845
3920,2024-06-12,118.0,118.0,0.0,0.1,-0.0,36441.15053678865,0.0,0.1,-0.0,34728.88617176845
3921,2024-06-12,110.55,110.55,0.0,0.1,-0.0,36441.15053678865,0.0,0.1,-0.0,34728.88617176845
3922,2024-06-12,104.5,104.5,0.0,0.1,-0.0,36441.15053678865,0.0,0.1,-0.0,34728.88617176845
3923,2024-06-12,85.95,85.95,2.0,0.575,-171.9,36269.25053678865,2.0,0.575,-171.9,34556.98617176845
3924,2024-06-12,85.95,85.95,1.3684210526315792,0.9,-117.61578947368423,36151.634747314965,1.3684210526315792,0.9,-117.61578947368423,34439.370382294765
3925,2024-06-12,94.99465,94.99465,0.0,0.9,-0.0,36151.634747314965,0.0,0.9,-0.0,34439.370382294765
3926,2024-06-12,100.0,100.0,0.0,0.9,-0.0,36151.634747314965,0.0,0.9,-0.0,34439.370382294765
3927,2024-06-12,105.0,105.0,0.0,0.9,-0.0,36151.634747314965,0.0,0.9,-0.0,34439.370382294765
3928,2024-06-12,110.68,110.68,0.0,0.9,-0.0,36151.634747314965,0.0,0.9,-0.0,34439.370382294765
3929,2024-06-12,115.0,115.0,0.0,0.9,-0.0,36151.634747314965,0.0,0.9,-0.0,34439.370382294765
3930,2024-06-12,132.18,132.18,-1.2000002465488788,0.5842104614345056,158.61603258883082,36310.2507799038,0.0,0.9,-0.0,34439.370382294765
3931,2024-06-12,139.16,139.16,-1.8399997534511214,0.1,256.05436569025807,36566.30514559406,-2.0,0.37368421052631584,278.32,34717.690382294764
3932,2024-06-12,130.25335,130.25335,0.0,0.1,-0.0,36566.30514559406,-1.0400000000000003,0.1,135.46348400000005,34853.153866294764
3933,2024-06-12,111.69,111.69,0.0,0.1,-0.0,36566.30514559406,0.0,0.1,-0.0,34853.153866294764
3934,2024-06-12,106.57901,106.57901,0.0,0.1,-0.0,36566.30514559406,0.0,0.1,-0.0,34853.153866294764
3935,2024-06-13,102.81757,102.81757,0.0,0.1,-0.0,36566.30514559406,0.0,0.1,-0.0,34853.153866294764
3936,2024-06-13,98.74155,98.74155,0.0,0.1,-0.0,36566.30514559406,0.0,0.1,-0.0,34853.153866294764
3937,2024-06-13,93.89638,93.89638,0.0,0.1,-0.0,36566.30514559406,0.0,0.1,-0.0,34853.153866294764
3938,2024-06-13,86.08746,86.08746,2.0,0.575,-172.17492,36394.13022559406,2.0,0.575,-172.17492,34680.97894629477
3939,2024-06-13,87.2,87.2,1.3684210526315792,0.9,-119.32631578947371,36274.803909804585,1.3684210526315792,0.9,-119.32631578947371,34561.65263050529
3940,2024-06-13,93.24393,93.24393,0.0,0.9,-0.0,36274.803909804585,0.0,0.9,-0.0,34561.65263050529
3941,2024-06-13,109.77,109.77,0.0,0.9,-0.0,36274.803909804585,0.0,0.9,-0.0,34561.65263050529
3942,2024-06-13,123.05584,123.05584,-1.1999999999867954,0.5842105263192644,147.6670079983751,36422.47091780296,-1.8,0.4263157894736842,221.50051200000001,34783.15314250529
3943,2024-06-13,133.91,133.91,-1.8400000000132046,0.1,246.39440000176822,36668.865317804724,-1.24,0.1,166.0484,34949.20154250529
3944,2024-06-13,112.39,112.39,0.0,0.1,-0.0,36668.865317804724,0.0,0.1,-0.0,34949.20154250529
3945,2024-06-13,107.41,107.41,0.0,0.1,-0.0,36668.865317804724,0.0,0.1,-0.0,34949.20154250529
3946,2024-06-13,96.52894,96.52894,0.0,0.1,-0.0,36668.865317804724,0.0,0.1,-0.0,34949.20154250529
3947,2024-06-13,76.43762,76.43762,1.3684210528453422,0.42500000005076877,-104.59884843739218,36564.26646936733,0.0,0.1,-0.0,34949.20154250529
3948,2024-06-13,74.03076,74.03076,1.999999999786237,0.9,-148.06151998417496,36416.20494938315,2.0,0.575,-148.06152,34801.140022505286
3949,2024-06-13,83.87098,83.87098,0.0,0.9,-0.0,36416.20494938315,1.3684210526315792,0.9,-114.77081473684213,34686.369207768446
3950,2024-06-13,88.18,88.18,0.0,0.9,-0.0,36416.20494938315,0.0,0.9,-0.0,34686.369207768446
3951,2024-06-13,94.60291,94.60291,0.0,0.9,-0.0,36416.20494938315,0.0,0.9,-0.0,34686.369207768446
3952,2024-06-13,101.08928,101.08928,0.0,0.9,-0.0,36416.20494938315,0.0,0.9,-0.0,34686.369207768446
3953,2024-06-13,110.85,110.85,0.0,0.9,-0.0,36416.20494938315,0.0,0.9,-0.0,34686.369207768446
3954,2024-06-13,129.99,129.99,-1.200000000187456,0.584210526266459,155.9880000243674,36572.192949407516,0.0,0.9,-0.0,34686.369207768446
3955,2024-06-13,146.0,146.0,-1.839999999812544,0.1,268.6399999726314,36840.83294938015,-2.0,0.37368421052631584,292.0,34978.369207768446
3956,2024-06-13,126.7868,126.7868,0.0,0.1,-0.0,36840.83294938015,-1.0400000000000003,0.1,131.85827200000003,35110.227479768444
3957,2024-06-13,110.62526,110.62526,0.0,0.1,-0.0,36840.83294938015,0.0,0.1,-0.0,35110.227479768444
3958,2024-06-13,105.11671,105.11671,0.0,0.1,-0.0,36840.83294938015,0.0,0.1,-0.0,35110.227479768444
3959,2024-06-14,109.08,109.08,0.0,0.1,-0.0,36840.83294938015,0.0,0.1,-0.0,35110.227479768444
3960,2024-06-14,101.74241,101.74241,0.0,0.1,-0.0,36840.83294938015,0.0,0.1,-0.0,35110.227479768444
3961,2024-06-14,93.22154,93.22154,0.0,0.1,-0.0,36840.83294938015,0.0,0.1,-0.0,35110.227479768444
3962,2024-06-14,88.23544,88.23544,2.0,0.575,-176.47088,36664.36206938015,2.0,0.575,-176.47088,34933.75659976844
3963,2024-06-14,92.29037,92.29037,1.3684210526315792,0.9,-126.29208526315792,36538.06998411699,1.3684210526315792,0.9,-126.29208526315792,34807.464514505285
3964,2024-06-14,98.74775,98.74775,0.0,0.9,-0.0,36538.06998411699,0.0,0.9,-0.0,34807.464514505285
3965,2024-06-14,114.01,114.01,0.0,0.9,-0.0,36538.06998411699,0.0,0.9,-0.0,34807.464514505285
3966,2024-06-14,132.87,132.87,-2.0,0.37368421052631584,265.74,36803.80998411699,-1.8,0.4263157894736842,239.16600000000003,35046.63051450528
3967,2024-06-14,129.11,129.11,-1.0400000000000003,0.1,134.27440000000004,36938.08438411699,-1.24,0.1,160.09640000000002,35206.726914505285
3968,2024-06-14,113.51,113.51,0.0,0.1,-0.0,36938.08438411699,0.0,0.1,-0.0,35206.726914505285
3969,2024-06-14,104.84,104.84,0.0,0.1,-0.0,36938.08438411699,0.0,0.1,-0.0,35206.726914505285
3970,2024-06-14,94.19,94.19,0.0,0.1,-0.0,36938.08438411699,0.0,0.1,-0.0,35206.726914505285
3971,2024-06-14,73.27,73.27,1.3684211126774861,0.42500001426090295,-100.2642149258794,36837.82016919111,0.0,0.1,-0.0,35206.726914505285
3972,2024-06-14,70.52,70.52,1.999999939954093,0.9,-141.03999576556262,36696.78017342555,2.0,0.575,-141.04,35065.686914505284
3973,2024-06-14,85.13,85.13,0.0,0.9,-0.0,36696.78017342555,1.3684210526315792,0.9,-116.49368421052633,34949.19323029476
3974,2024-06-14,95.45,95.45,0.0,0.9,-0.0,36696.78017342555,0.0,0.9,-0.0,34949.19323029476
3975,2024-06-14,100.91,100.91,0.0,0.9,-0.0,36696.78017342555,0.0,0.9,-0.0,34949.19323029476
3976,2024-06-14,103.45,103.45,0.0,0.9,-0.0,36696.78017342555,0.0,0.9,-0.0,34949.19323029476
3977,2024-06-14,112.92,112.92,0.0,0.9,-0.0,36696.78017342555,0.0,0.9,-0.0,34949.19323029476
3978,2024-06-14,137.34,137.34,0.0,0.9,-0.0,36696.78017342555,-1.2,0.5842105263157895,164.808,35114.00123029476
3979,2024-06-14,150.81912,150.81912,-2.0,0.37368421052631584,301.63824,36998.41841342555,-1.84,0.1,277.5071808,35391.50841109476
3980,2024-06-14,132.32218,132.32218,-1.0400000000000003,0.1,137.61506720000003,37136.03348062555,0.0,0.1,-0.0,35391.50841109476
3981,2024-06-14,114.0,114.0,0.0,0.1,-0.0,37136.03348062555,0.0,0.1,-0.0,35391.50841109476
3982,2024-06-14,109.08,109.08,0.0,0.1,-0.0,37136.03348062555,0.0,0.1,-0.0,35391.50841109476
3983,2024-06-15,107.19531,107.19531,0.0,0.1,-0.0,37136.03348062555,0.0,0.1,-0.0,35391.50841109476
3984,2024-06-15,103.19905,103.19905,0.0,0.1,-0.0,37136.03348062555,0.0,0.1,-0.0,35391.50841109476
3985,2024-06-15,94.44946,94.44946,0.0,0.1,-0.0,37136.03348062555,0.0,0.1,-0.0,35391.50841109476
3986,2024-06-15,91.82245,91.82245,0.0,0.1,-0.0,37136.03348062555,0.0,0.1,-0.0,35391.50841109476
3987,2024-06-15,90.18927,90.18927,0.0,0.1,-0.0,37136.03348062555,0.0,0.1,-0.0,35391.50841109476
3988,2024-06-15,81.52,81.52,2.0,0.575,-163.04,36972.99348062555,2.0,0.575,-163.04,35228.46841109476
3989,2024-06-15,87.64938,87.64938,1.3684210526315792,0.9,-119.94125684210528,36853.052223783445,1.3684210526315792,0.9,-119.94125684210528,35108.52715425265
3990,2024-06-15,100.0,100.0,0.0,0.9,-0.0,36853.052223783445,0.0,0.9,-0.0,35108.52715425265
3991,2024-06-15,107.49964,107.49964,-2.0,0.37368421052631584,214.99928,37068.05150378344,0.0,0.9,-0.0,35108.52715425265
3992,2024-06-15,103.20402,103.20402,0.0,0.37368421052631584,-0.0,37068.05150378344,-1.2,0.5842105263157895,123.84482399999999,35232.37197825265
3993,2024-06-15,103.54303,103.54303,-1.0400000000000003,0.1,107.68475120000002,37175.73625498344,-1.84,0.1,190.5191752,35422.891153452656
3994,2024-06-15,103.42716,103.42716,0.0,0.1,-0.0,37175.73625498344,0.0,0.1,-0.0,35422.891153452656
3995,2024-06-15,87.54057,87.54057,0.0,0.1,-0.0,37175.73625498344,0.0,0.1,-0.0,35422.891153452656
3996,2024-06-15,72.44,72.44,2.0,0.575,-144.88,37030.856254983446,2.0,0.575,-144.88,35278.01115345266
3997,2024-06-15,72.06723,72.06723,1.3684210526315792,0.9,-98.61831473684212,36932.2379402466,1.3684210526315792,0.9,-98.61831473684212,35179.392838715816
3998,2024-06-15,86.08755,86.08755,0.0,0.9,-0.0,36932.2379402466,0.0,0.9,-0.0,35179.392838715816
3999,2024-06-15,87.52608,87.52608,0.0,0.9,-0.0,36932.2379402466,0.0,0.9,-0.0,35179.392838715816
4000,2024-06-15,94.46,94.46,0.0,0.9,-0.0,36932.2379402466,0.0,0.9,-0.0,35179.392838715816
4001,2024-06-15,105.13202,105.13202,0.0,0.9,-0.0,36932.2379402466,0.0,0.9,-0.0,35179.392838715816
4002,2024-06-15,117.00303,117.00303,0.0,0.9,-0.0,36932.2379402466,-1.2,0.5842105263157895,140.40363599999998,35319.79647471582
4003,2024-06-15,130.5076,130.5076,-2.0,0.37368421052631584,261.0152,37193.253140246605,-1.84,0.1,240.133984,35559.93045871582
4004,2024-06-15,130.86037,130.86037,-1.0400000000000003,0.1,136.0947848,37329.347925046604,0.0,0.1,-0.0,35559.93045871582
4005,2024-06-15,109.53951,109.53951,0.0,0.1,-0.0,37329.347925046604,0.0,0.1,-0.0,35559.93045871582
4006,2024-06-15,103.2203,103.2203,0.0,0.1,-0.0,37329.347925046604,0.0,0.1,-0.0,35559.93045871582
4007,2024-06-16,101.34994,101.34994,0.0,0.1,-0.0,37329.347925046604,0.0,0.1,-0.0,35559.93045871582
4008,2024-06-16,88.5012,88.5012,0.0,0.1,-0.0,37329.347925046604,0.0,0.1,-0.0,35559.93045871582
4009,2024-06-16,84.48237,84.48237,0.0,0.1,-0.0,37329.347925046604,0.0,0.1,-0.0,35559.93045871582
4010,2024-06-16,90.08432,90.08432,0.0,0.1,-0.0,37329.347925046604,0.0,0.1,-0.0,35559.93045871582
4011,2024-06-16,80.25529,80.25529,0.0,0.1,-0.0,37329.347925046604,0.0,0.1,-0.0,35559.93045871582
4012,2024-06-16,75.77036,75.77036,1.3684210568563706,0.425000001003388,-103.68575610958767,37225.662168937015,2.0,0.575,-151.54072,35408.38973871582
4013,2024-06-16,58.35,58.35,1.9999999957752088,0.9,-116.69999975348344,37108.962169183535,1.3684210526315792,0.9,-79.84736842105265,35328.54237029477
4014,2024-06-16,83.71,83.71,0.0,0.9,-0.0,37108.962169183535,0.0,0.9,-0.0,35328.54237029477
4015,2024-06-16,88.51,88.51,-1.1999999999785027,0.5842105263214467,106.21199999809728,37215.174169181635,-2.0,0.37368421052631584,177.02,35505.56237029476
4016,2024-06-16,100.0,100.0,-1.8400000000214973,0.1,184.00000000214973,37399.17416918378,-1.0400000000000003,0.1,104.00000000000003,35609.56237029476
4017,2024-06-16,83.54,83.54,0.0,0.1,-0.0,37399.17416918378,0.0,0.1,-0.0,35609.56237029476
4018,2024-06-16,80.15,80.15,0.0,0.1,-0.0,37399.17416918378,0.0,0.1,-0.0,35609.56237029476
4019,2024-06-16,50.0,50.0,0.0,0.1,-0.0,37399.17416918378,0.0,0.1,-0.0,35609.56237029476
4020,2024-06-16,20.0,20.0,0.0,0.1,-0.0,37399.17416918378,0.0,0.1,-0.0,35609.56237029476
4021,2024-06-16,9.65,9.65,2.0,0.575,-19.3,37379.87416918378,2.0,0.575,-19.3,35590.26237029476
4022,2024-06-16,10.0,10.0,1.3684210526315792,0.9,-13.684210526315791,37366.189958657465,1.3684210526315792,0.9,-13.684210526315791,35576.57815976845
4023,2024-06-16,40.0,40.0,0.0,0.9,-0.0,37366.189958657465,0.0,0.9,-0.0,35576.57815976845
4024,2024-06-16,91.46,91.46,0.0,0.9,-0.0,37366.189958657465,0.0,0.9,-0.0,35576.57815976845
4025,2024-06-16,105.31,105.31,0.0,0.9,-0.0,37366.189958657465,0.0,0.9,-0.0,35576.57815976845
4026,2024-06-16,110.49,110.49,0.0,0.9,-0.0,37366.189958657465,0.0,0.9,-0.0,35576.57815976845
4027,2024-06-16,121.38609,121.38609,-2.0,0.37368421052631584,242.77218,37608.962138657465,-1.8,0.4263157894736842,218.494962,35795.073121768444
4028,2024-06-16,120.4,120.4,-1.0400000000000003,0.1,125.21600000000004,37734.178138657466,-1.24,0.1,149.296,35944.369121768446
4029,2024-06-16,112.51153,112.51153,0.0,0.1,-0.0,37734.178138657466,0.0,0.1,-0.0,35944.369121768446
4030,2024-06-16,100.31062,100.31062,0.0,0.1,-0.0,37734.178138657466,0.0,0.1,-0.0,35944.369121768446
4031,2024-06-17,90.33498,90.33498,0.0,0.1,-0.0,37734.178138657466,0.0,0.1,-0.0,35944.369121768446
4032,2024-06-17,83.11246,83.11246,0.0,0.1,-0.0,37734.178138657466,0.0,0.1,-0.0,35944.369121768446
4033,2024-06-17,73.03163,73.03163,2.0,0.575,-146.06326,37588.11487865746,2.0,0.575,-146.06326,35798.305861768444
4034,2024-06-17,79.69257,79.69257,1.3684210526315792,0.9,-109.05299052631581,37479.061888131146,1.3684210526315792,0.9,-109.05299052631581,35689.252871242126
4035,2024-06-17,88.56,88.56,0.0,0.9,-0.0,37479.061888131146,0.0,0.9,-0.0,35689.252871242126
4036,2024-06-17,99.0,99.0,0.0,0.9,-0.0,37479.061888131146,0.0,0.9,-0.0,35689.252871242126
4037,2024-06-17,115.0,115.0,0.0,0.9,-0.0,37479.061888131146,0.0,0.9,-0.0,35689.252871242126
4038,2024-06-17,136.43,136.43,-1.2000000364742893,0.5842105167172923,163.7160049761873,37642.77789310733,-1.8,0.4263157894736842,245.574,35934.82687124213
4039,2024-06-17,137.31,137.31,-1.8399999635257107,0.1,252.65039499171533,37895.42828809905,-1.24,0.1,170.2644,36105.09127124213
4040,2024-06-17,121.47,121.47,0.0,0.1,-0.0,37895.42828809905,0.0,0.1,-0.0,36105.09127124213
4041,2024-06-17,111.19,111.19,0.0,0.1,-0.0,37895.42828809905,0.0,0.1,-0.0,36105.09127124213
4042,2024-06-17,108.83,108.83,0.0,0.1,-0.0,37895.42828809905,0.0,0.1,-0.0,36105.09127124213
4043,2024-06-17,97.1,97.1,2.0,0.575,-194.2,37701.22828809905,0.0,0.1,-0.0,36105.09127124213
4044,2024-06-17,97.1,97.1,1.3684210526315792,0.9,-132.87368421052633,37568.354603888525,2.0,0.575,-194.2,35910.89127124213
4045,2024-06-17,111.0,111.0,0.0,0.9,-0.0,37568.354603888525,1.3684210526315792,0.9,-151.8947368421053,35758.99653440002
4046,2024-06-17,111.97,111.97,0.0,0.9,-0.0,37568.354603888525,0.0,0.9,-0.0,35758.99653440002
4047,2024-06-17,113.82,113.82,0.0,0.9,-0.0,37568.354603888525,0.0,0.9,-0.0,35758.99653440002
4048,2024-06-17,114.17,114.17,0.0,0.9,-0.0,37568.354603888525,0.0,0.9,-0.0,35758.99653440002
4049,2024-06-17,126.3,126.3,0.0,0.9,-0.0,37568.354603888525,0.0,0.9,-0.0,35758.99653440002
4050,2024-06-17,160.0,160.0,0.0,0.9,-0.0,37568.354603888525,0.0,0.9,-0.0,35758.99653440002
4051,2024-06-17,165.0,165.0,-1.200000010723898,0.584210523493711,198.00000176944317,37766.354605657965,-2.0,0.37368421052631584,330.0,36088.99653440002
4052,2024-06-17,170.4,170.4,-1.839999989276102,0.1,313.5359981726478,38079.890603830616,-1.0400000000000003,0.1,177.21600000000004,36266.21253440002
4053,2024-06-17,136.71031,136.71031,0.0,0.1,-0.0,38079.890603830616,0.0,0.1,-0.0,36266.21253440002
4054,2024-06-17,115.14,115.14,0.0,0.1,-0.0,38079.890603830616,0.0,0.1,-0.0,36266.21253440002
4055,2024-06-18,110.03,110.03,0.0,0.1,-0.0,38079.890603830616,0.0,0.1,-0.0,36266.21253440002
4056,2024-06-18,106.45,106.45,0.0,0.1,-0.0,38079.890603830616,0.0,0.1,-0.0,36266.21253440002
4057,2024-06-18,100.1,100.1,0.0,0.1,-0.0,38079.890603830616,0.0,0.1,-0.0,36266.21253440002
4058,2024-06-18,100.0,100.0,1.3684210526316074,0.4250000000000067,-136.84210526316073,37943.048498567456,2.0,0.575,-200.0,36066.21253440002
4059,2024-06-18,98.51,98.51,1.999999999999972,0.9,-197.01999999999725,37746.02849856746,1.3684210526315792,0.9,-134.80315789473687,35931.40937650529
4060,2024-06-18,105.75,105.75,0.0,0.9,-0.0,37746.02849856746,0.0,0.9,-0.0,35931.40937650529
4061,2024-06-18,111.21,111.21,0.0,0.9,-0.0,37746.02849856746,0.0,0.9,-0.0,35931.40937650529
4062,2024-06-18,123.12,123.12,-2.0,0.37368421052631584,246.24,37992.26849856746,-1.8,0.4263157894736842,221.616,36153.02537650529
4063,2024-06-18,115.0,115.0,-1.0400000000000003,0.1,119.60000000000002,38111.868498567455,-1.24,0.1,142.6,36295.62537650529
4064,2024-06-18,110.03,110.03,0.0,0.1,-0.0,38111.868498567455,0.0,0.1,-0.0,36295.62537650529
4065,2024-06-18,101.0,101.0,0.0,0.1,-0.0,38111.868498567455,0.0,0.1,-0.0,36295.62537650529
4066,2024-06-18,96.12,96.12,0.0,0.1,-0.0,38111.868498567455,0.0,0.1,-0.0,36295.62537650529
4067,2024-06-18,80.0,80.0,2.0,0.575,-160.0,37951.868498567455,0.0,0.1,-0.0,36295.62537650529
4068,2024-06-18,83.7,83.7,1.3684210526315792,0.9,-114.53684210526319,37837.33165646219,2.0,0.575,-167.4,36128.22537650529
4069,2024-06-18,93.4,93.4,0.0,0.9,-0.0,37837.33165646219,1.3684210526315792,0.9,-127.8105263157895,36000.414850189496
4070,2024-06-18,100.0,100.0,0.0,0.9,-0.0,37837.33165646219,0.0,0.9,-0.0,36000.414850189496
4071,2024-06-18,101.93,101.93,0.0,0.9,-0.0,37837.33165646219,0.0,0.9,-0.0,36000.414850189496
4072,2024-06-18,110.03,110.03,0.0,0.9,-0.0,37837.33165646219,0.0,0.9,-0.0,36000.414850189496
4073,2024-06-18,116.93,116.93,0.0,0.9,-0.0,37837.33165646219,0.0,0.9,-0.0,36000.414850189496
4074,2024-06-18,141.87,141.87,-2.0,0.37368421052631584,283.74,38121.07165646219,-1.2,0.5842105263157895,170.244,36170.658850189495
4075,2024-06-18,150.55,150.55,-1.0400000000000003,0.1,156.57200000000006,38277.64365646219,-1.84,0.1,277.01200000000006,36447.6708501895
4076,2024-06-18,141.87,141.87,0.0,0.1,-0.0,38277.64365646219,0.0,0.1,-0.0,36447.6708501895
4077,2024-06-18,115.0,115.0,0.0,0.1,-0.0,38277.64365646219,0.0,0.1,-0.0,36447.6708501895
4078,2024-06-18,110.03,110.03,0.0,0.1,-0.0,38277.64365646219,0.0,0.1,-0.0,36447.6708501895
4079,2024-06-19,109.81,109.81,0.0,0.1,-0.0,38277.64365646219,0.0,0.1,-0.0,36447.6708501895
4080,2024-06-19,107.53,107.53,0.0,0.1,-0.0,38277.64365646219,0.0,0.1,-0.0,36447.6708501895
4081,2024-06-19,104.17,104.17,0.0,0.1,-0.0,38277.64365646219,0.0,0.1,-0.0,36447.6708501895
4082,2024-06-19,100.1,100.1,1.3684210692363532,0.4250000039436339,-136.97894903055894,38140.664707431635,0.0,0.1,-0.0,36447.6708501895
4083,2024-06-19,99.6,99.6,1.9999999833952258,0.9,-199.19999834616448,37941.46470908547,2.0,0.575,-199.2,36248.4708501895
4084,2024-06-19,102.5,102.5,0.0,0.9,-0.0,37941.46470908547,1.3684210526315792,0.9,-140.26315789473688,36108.20769229476
4085,2024-06-19,110.57,110.57,0.0,0.9,-0.0,37941.46470908547,0.0,0.9,-0.0,36108.20769229476
4086,2024-06-19,113.98,113.98,-1.2000000882584791,0.5842105030898739,136.77601005970146,38078.24071914517,0.0,0.9,-0.0,36108.20769229476
4087,2024-06-19,114.59,114.59,-1.8399999117415207,0.1,210.84558988646086,38289.086309031634,-1.2,0.5842105263157895,137.508,36245.71569229476
4088,2024-06-19,111.82,111.82,0.0,0.1,-0.0,38289.086309031634,-1.8,0.1105263157894737,201.27599999999998,36446.99169229476
4089,2024-06-19,108.45,108.45,0.0,0.1,-0.0,38289.086309031634,-0.040000000000000015,0.1,4.338000000000002,36451.32969229476
4090,2024-06-19,100.25,100.25,0.0,0.1,-0.0,38289.086309031634,0.0,0.1,-0.0,36451.32969229476
4091,2024-06-19,89.25,89.25,2.0,0.575,-178.5,38110.586309031634,0.0,0.1,-0.0,36451.32969229476
4092,2024-06-19,90.0,90.0,1.3684210526315792,0.9,-123.15789473684212,37987.428414294794,2.0,0.575,-180.0,36271.32969229476
4093,2024-06-19,100.1,100.1,0.0,0.9,-0.0,37987.428414294794,1.3684210526315792,0.9,-136.97894736842107,36134.35074492634
4094,2024-06-19,108.45,108.45,0.0,0.9,-0.0,37987.428414294794,0.0,0.9,-0.0,36134.35074492634
4095,2024-06-19,110.0,110.0,0.0,0.9,-0.0,37987.428414294794,0.0,0.9,-0.0,36134.35074492634
4096,2024-06-19,111.85,111.85,0.0,0.9,-0.0,37987.428414294794,0.0,0.9,-0.0,36134.35074492634
4097,2024-06-19,115.0,115.0,0.0,0.9,-0.0,37987.428414294794,0.0,0.9,-0.0,36134.35074492634
4098,2024-06-19,147.49182,147.49182,-1.200000014525305,0.5842105224933408,176.99018614236365,38164.41860043716,-1.8,0.4263157894736842,265.485276,36399.83602092634
4099,2024-06-19,149.78655,149.78655,-1.8399999854746951,0.1,275.6072498243047,38440.02585026146,-1.24,0.1,185.735322,36585.57134292634
4100,2024-06-19,138.89512,138.89512,0.0,0.1,-0.0,38440.02585026146,0.0,0.1,-0.0,36585.57134292634
4101,2024-06-19,114.5,114.5,0.0,0.1,-0.0,38440.02585026146,0.0,0.1,-0.0,36585.57134292634
4102,2024-06-19,109.75,109.75,0.0,0.1,-0.0,38440.02585026146,0.0,0.1,-0.0,36585.57134292634
4103,2024-06-20,110.0,110.0,0.0,0.1,-0.0,38440.02585026146,0.0,0.1,-0.0,36585.57134292634
4104,2024-06-20,110.0,110.0,0.0,0.1,-0.0,38440.02585026146,0.0,0.1,-0.0,36585.57134292634
4105,2024-06-20,108.44,108.44,0.0,0.1,-0.0,38440.02585026146,0.0,0.1,-0.0,36585.57134292634
4106,2024-06-20,104.19016,104.19016,2.0,0.575,-208.38032,38231.64553026146,0.0,0.1,-0.0,36585.57134292634
4107,2024-06-20,102.53181,102.53181,1.3684210526315792,0.9,-140.30668736842108,38091.33884289304,2.0,0.575,-205.06362,36380.50772292634
4108,2024-06-20,104.46226,104.46226,0.0,0.9,-0.0,38091.33884289304,1.3684210526315792,0.9,-142.9483557894737,36237.55936713687
4109,2024-06-20,113.65,113.65,0.0,0.9,-0.0,38091.33884289304,0.0,0.9,-0.0,36237.55936713687
4110,2024-06-20,114.0,114.0,0.0,0.9,-0.0,38091.33884289304,0.0,0.9,-0.0,36237.55936713687
4111,2024-06-20,117.42,117.42,0.0,0.9,-0.0,38091.33884289304,0.0,0.9,-0.0,36237.55936713687
4112,2024-06-20,123.09,123.09,-2.0,0.37368421052631584,246.18,38337.51884289304,-1.2,0.5842105263157895,147.708,36385.26736713687
4113,2024-06-20,114.28,114.28,-1.0400000000000003,0.1,118.85120000000003,38456.37004289304,-1.2,0.268421052631579,137.136,36522.40336713687
4114,2024-06-20,112.38,112.38,0.0,0.1,-0.0,38456.37004289304,-0.6400000000000001,0.1,71.92320000000001,36594.326567136864
4115,2024-06-20,105.0,105.0,2.0,0.575,-210.0,38246.37004289304,0.0,0.1,-0.0,36594.326567136864
4116,2024-06-20,106.07,106.07,1.3684210526315792,0.9,-145.1484210526316,38101.22162184041,0.0,0.1,-0.0,36594.326567136864
4117,2024-06-20,109.51,109.51,0.0,0.9,-0.0,38101.22162184041,2.0,0.575,-219.02,36375.30656713687
4118,2024-06-20,110.53,110.53,0.0,0.9,-0.0,38101.22162184041,1.3684210526315792,0.9,-151.25157894736844,36224.0549881895
4119,2024-06-20,115.75,115.75,0.0,0.9,-0.0,38101.22162184041,0.0,0.9,-0.0,36224.0549881895
4120,2024-06-20,117.57,117.57,0.0,0.9,-0.0,38101.22162184041,0.0,0.9,-0.0,36224.0549881895
4121,2024-06-20,120.5,120.5,0.0,0.9,-0.0,38101.22162184041,0.0,0.9,-0.0,36224.0549881895
4122,2024-06-20,148.0,148.0,-1.2000000018006676,0.5842105258419297,177.6000002664988,38278.82162210691,-1.2,0.5842105263157895,177.6,36401.6549881895
4123,2024-06-20,154.60725,154.60725,-1.8399999981993327,0.1,284.47733972160376,38563.298961828514,-1.84,0.1,284.47734,36686.132328189495
4124,2024-06-20,143.36689,143.36689,0.0,0.1,-0.0,38563.298961828514,0.0,0.1,-0.0,36686.132328189495
4125,2024-06-20,116.61264,116.61264,0.0,0.1,-0.0,38563.298961828514,0.0,0.1,-0.0,36686.132328189495
4126,2024-06-20,111.2,111.2,0.0,0.1,-0.0,38563.298961828514,0.0,0.1,-0.0,36686.132328189495
4127,2024-06-21,109.9,109.9,0.0,0.1,-0.0,38563.298961828514,0.0,0.1,-0.0,36686.132328189495
4128,2024-06-21,106.05,106.05,0.0,0.1,-0.0,38563.298961828514,0.0,0.1,-0.0,36686.132328189495
4129,2024-06-21,100.93568,100.93568,0.0,0.1,-0.0,38563.298961828514,0.0,0.1,-0.0,36686.132328189495
4130,2024-06-21,100.1,100.1,2.0,0.575,-200.2,38363.09896182852,0.0,0.1,-0.0,36686.132328189495
4131,2024-06-21,100.1,100.1,1.3684210526315792,0.9,-136.97894736842107,38226.120014460095,2.0,0.575,-200.2,36485.9323281895
4132,2024-06-21,101.46,101.46,0.0,0.9,-0.0,38226.120014460095,1.3684210526315792,0.9,-138.84,36347.0923281895
4133,2024-06-21,109.9,109.9,0.0,0.9,-0.0,38226.120014460095,0.0,0.9,-0.0,36347.0923281895
4134,2024-06-21,120.0,120.0,0.0,0.9,-0.0,38226.120014460095,0.0,0.9,-0.0,36347.0923281895
4135,2024-06-21,121.0,121.0,-1.1999999999947073,0.5842105263171823,145.1999999993596,38371.32001445945,0.0,0.9,-0.0,36347.0923281895
4136,2024-06-21,125.41,125.41,-1.8400000000052927,0.1,230.75440000066376,38602.07441446012,-1.2,0.5842105263157895,150.492,36497.5843281895
4137,2024-06-21,115.83,115.83,0.0,0.1,-0.0,38602.07441446012,-1.2,0.268421052631579,138.99599999999998,36636.5803281895
4138,2024-06-21,113.2,113.2,0.0,0.1,-0.0,38602.07441446012,-0.6400000000000001,0.1,72.44800000000002,36709.028328189495
4139,2024-06-21,109.1,109.1,0.0,0.1,-0.0,38602.07441446012,0.0,0.1,-0.0,36709.028328189495
4140,2024-06-21,109.26,109.26,2.0,0.575,-218.52,38383.55441446012,2.0,0.575,-218.52,36490.5083281895
4141,2024-06-21,111.95,111.95,1.3684210526315792,0.9,-153.1947368421053,38230.35967761802,1.3684210526315792,0.9,-153.1947368421053,36337.313591347396
4142,2024-06-21,113.95,113.95,0.0,0.9,-0.0,38230.35967761802,0.0,0.9,-0.0,36337.313591347396
4143,2024-06-21,114.68,114.68,0.0,0.9,-0.0,38230.35967761802,0.0,0.9,-0.0,36337.313591347396
4144,2024-06-21,117.95,117.95,0.0,0.9,-0.0,38230.35967761802,0.0,0.9,-0.0,36337.313591347396
4145,2024-06-21,121.18,121.18,0.0,0.9,-0.0,38230.35967761802,0.0,0.9,-0.0,36337.313591347396
4146,2024-06-21,143.05211,143.05211,-1.200000000198538,0.5842105262635426,171.66253202840127,38402.02220964642,-2.0,0.37368421052631584,286.10422,36623.4178113474
4147,2024-06-21,150.08766,150.08766,-1.839999999801462,0.1,276.1612943702019,38678.18350401662,-1.0400000000000003,0.1,156.09116640000005,36779.5089777474
4148,2024-06-21,135.31508,135.31508,0.0,0.1,-0.0,38678.18350401662,0.0,0.1,-0.0,36779.5089777474
4149,2024-06-21,115.01155,115.01155,0.0,0.1,-0.0,38678.18350401662,0.0,0.1,-0.0,36779.5089777474
4150,2024-06-21,112.0,112.0,2.0,0.575,-224.0,38454.18350401662,0.0,0.1,-0.0,36779.5089777474
4151,2024-06-22,118.9276,118.9276,-1.805,0.1,214.66431799999998,38668.84782201662,0.0,0.1,-0.0,36779.5089777474
4152,2024-06-22,113.85,113.85,0.0,0.1,-0.0,38668.84782201662,0.0,0.1,-0.0,36779.5089777474
4153,2024-06-22,108.00818,108.00818,0.0,0.1,-0.0,38668.84782201662,0.0,0.1,-0.0,36779.5089777474
4154,2024-06-22,105.36,105.36,0.0,0.1,-0.0,38668.84782201662,0.0,0.1,-0.0,36779.5089777474
4155,2024-06-22,103.1,103.1,0.0,0.1,-0.0,38668.84782201662,0.0,0.1,-0.0,36779.5089777474
4156,2024-06-22,102.5,102.5,0.0,0.1,-0.0,38668.84782201662,0.0,0.1,-0.0,36779.5089777474
4157,2024-06-22,102.5,102.5,0.0,0.1,-0.0,38668.84782201662,0.0,0.1,-0.0,36779.5089777474
4158,2024-06-22,105.0,105.0,0.0,0.1,-0.0,38668.84782201662,0.0,0.1,-0.0,36779.5089777474
4159,2024-06-22,102.5,102.5,0.0,0.1,-0.0,38668.84782201662,0.0,0.1,-0.0,36779.5089777474
4160,2024-06-22,96.08,96.08,0.0,0.1,-0.0,38668.84782201662,0.0,0.1,-0.0,36779.5089777474
4161,2024-06-22,93.64,93.64,0.0,0.1,-0.0,38668.84782201662,0.0,0.1,-0.0,36779.5089777474
4162,2024-06-22,87.46,87.46,0.0,0.1,-0.0,38668.84782201662,0.0,0.1,-0.0,36779.5089777474
4163,2024-06-22,67.85244,67.85244,0.0,0.1,-0.0,38668.84782201662,0.0,0.1,-0.0,36779.5089777474
4164,2024-06-22,50.0,50.0,1.3684210498612008,0.42499999934203514,-68.42105249306005,38600.42676952356,2.0,0.575,-100.0,36679.5089777474
4165,2024-06-22,33.0,33.0,2.0,0.8999999993420351,-66.0,38534.42676952356,1.3684210526315792,0.9,-45.15789473684212,36634.35108301056
4166,2024-06-22,60.26341,60.26341,0.0,0.8999999993420351,-0.0,38534.42676952356,0.0,0.9,-0.0,36634.35108301056
4167,2024-06-22,84.81809,84.81809,0.0,0.8999999993420351,-0.0,38534.42676952356,0.0,0.9,-0.0,36634.35108301056
4168,2024-06-22,98.21,98.21,0.0,0.8999999993420351,-0.0,38534.42676952356,0.0,0.9,-0.0,36634.35108301056
4169,2024-06-22,117.85,117.85,0.0,0.8999999993420351,-0.0,38534.42676952356,0.0,0.9,-0.0,36634.35108301056
4170,2024-06-22,125.51,125.51,0.0,0.8999999993420351,-0.0,38534.42676952356,0.0,0.9,-0.0,36634.35108301056
4171,2024-06-22,135.98409,135.98409,-2.0,0.37368420986835094,271.96818,38806.394949523565,-2.0,0.37368421052631584,271.96818,36906.31926301056
4172,2024-06-22,128.17894,128.17894,-1.0399999974997336,0.1,133.30609727951853,38939.701046803086,-1.0400000000000003,0.1,133.30609760000004,37039.62536061056
4173,2024-06-22,117.21,117.21,0.0,0.1,-0.0,38939.701046803086,0.0,0.1,-0.0,37039.62536061056
4174,2024-06-22,109.4,109.4,0.0,0.1,-0.0,38939.701046803086,0.0,0.1,-0.0,37039.62536061056
4175,2024-06-23,110.65,110.65,0.0,0.1,-0.0,38939.701046803086,0.0,0.1,-0.0,37039.62536061056
4176,2024-06-23,105.0,105.0,0.0,0.1,-0.0,38939.701046803086,0.0,0.1,-0.0,37039.62536061056
4177,2024-06-23,100.1,100.1,0.0,0.1,-0.0,38939.701046803086,0.0,0.1,-0.0,37039.62536061056
4178,2024-06-23,100.1,100.1,0.0,0.1,-0.0,38939.701046803086,0.0,0.1,-0.0,37039.62536061056
4179,2024-06-23,97.78702,97.78702,0.0,0.1,-0.0,38939.701046803086,0.0,0.1,-0.0,37039.62536061056
4180,2024-06-23,94.7,94.7,0.0,0.1,-0.0,38939.701046803086,2.0,0.575,-189.4,36850.22536061056
4181,2024-06-23,96.53,96.53,2.0,0.575,-193.06,38746.64104680309,1.3684210526315792,0.9,-132.09368421052633,36718.13167640003
4182,2024-06-23,104.59,104.59,0.0,0.575,-0.0,38746.64104680309,0.0,0.9,-0.0,36718.13167640003
4183,2024-06-23,105.29,105.29,0.0,0.575,-0.0,38746.64104680309,0.0,0.9,-0.0,36718.13167640003
4184,2024-06-23,108.07,108.07,-1.805,0.1,195.06634999999997,38941.70739680309,-1.8,0.4263157894736842,194.52599999999998,36912.65767640003
4185,2024-06-23,105.0,105.0,0.0,0.1,-0.0,38941.70739680309,-1.24,0.1,130.2,37042.857676400025
4186,2024-06-23,100.1,100.1,0.0,0.1,-0.0,38941.70739680309,0.0,0.1,-0.0,37042.857676400025
4187,2024-06-23,99.0,99.0,0.0,0.1,-0.0,38941.70739680309,0.0,0.1,-0.0,37042.857676400025
4188,2024-06-23,80.8,80.8,0.0,0.1,-0.0,38941.70739680309,0.0,0.1,-0.0,37042.857676400025
4189,2024-06-23,61.97485,61.97485,2.0,0.575,-123.9497,38817.75769680309,2.0,0.575,-123.9497,36918.90797640003
4190,2024-06-23,80.74292,80.74292,1.3684210526315792,0.9,-110.49031157894738,38707.26738522414,1.3684210526315792,0.9,-110.49031157894738,36808.41766482108
4191,2024-06-23,85.6,85.6,0.0,0.9,-0.0,38707.26738522414,0.0,0.9,-0.0,36808.41766482108
4192,2024-06-23,99.0,99.0,0.0,0.9,-0.0,38707.26738522414,0.0,0.9,-0.0,36808.41766482108
4193,2024-06-23,108.21,108.21,0.0,0.9,-0.0,38707.26738522414,0.0,0.9,-0.0,36808.41766482108
4194,2024-06-23,119.00967,119.00967,0.0,0.9,-0.0,38707.26738522414,0.0,0.9,-0.0,36808.41766482108
4195,2024-06-23,132.4382,132.4382,-2.0,0.37368421052631584,264.8764,38972.14378522414,-1.8,0.4263157894736842,238.38876,37046.80642482108
4196,2024-06-23,133.37827,133.37827,-1.0400000000000003,0.1,138.71340080000002,39110.85718602414,-1.24,0.1,165.38905479999997,37212.19547962108
4197,2024-06-23,124.43137,124.43137,0.0,0.1,-0.0,39110.85718602414,0.0,0.1,-0.0,37212.19547962108
4198,2024-06-23,102.65096,102.65096,0.0,0.1,-0.0,39110.85718602414,0.0,0.1,-0.0,37212.19547962108
4199,2024-06-24,98.63001,98.63001,0.0,0.1,-0.0,39110.85718602414,0.0,0.1,-0.0,37212.19547962108
4200,2024-06-24,94.51478,94.51478,0.0,0.1,-0.0,39110.85718602414,0.0,0.1,-0.0,37212.19547962108
4201,2024-06-24,92.23,92.23,0.0,0.1,-0.0,39110.85718602414,0.0,0.1,-0.0,37212.19547962108
4202,2024-06-24,90.0,90.0,2.0,0.575,-180.0,38930.85718602414,2.0,0.575,-180.0,37032.19547962108
4203,2024-06-24,90.0,90.0,1.3684210526315792,0.9,-123.15789473684212,38807.6992912873,1.3684210526315792,0.9,-123.15789473684212,36909.03758488424
4204,2024-06-24,96.32945,96.32945,0.0,0.9,-0.0,38807.6992912873,0.0,0.9,-0.0,36909.03758488424
4205,2024-06-24,110.58194,110.58194,0.0,0.9,-0.0,38807.6992912873,0.0,0.9,-0.0,36909.03758488424
4206,2024-06-24,112.86,112.86,-1.2000041208700185,0.5842094418763109,135.4324650813903,38943.13175636869,0.0,0.9,-0.0,36909.03758488424
4207,2024-06-24,124.0,124.0,-1.8399958791299813,0.1,228.1594890121177,39171.29124538081,-1.8,0.4263157894736842,223.20000000000002,37132.237584884235
4208,2024-06-24,109.92,109.92,0.0,0.1,-0.0,39171.29124538081,-1.24,0.1,136.3008,37268.53838488423
4209,2024-06-24,108.0,108.0,0.0,0.1,-0.0,39171.29124538081,0.0,0.1,-0.0,37268.53838488423
4210,2024-06-24,103.75,103.75,0.0,0.1,-0.0,39171.29124538081,0.0,0.1,-0.0,37268.53838488423
4211,2024-06-24,93.63,93.63,1.368439178629314,0.42500430492446206,-128.12696029506267,39043.164285085746,0.0,0.1,-0.0,37268.53838488423
4212,2024-06-24,92.7,92.7,1.9999818740022652,0.9,-185.39831972001,38857.76596536574,2.0,0.575,-185.4,37083.13838488423
4213,2024-06-24,99.82,99.82,0.0,0.9,-0.0,38857.76596536574,1.3684210526315792,0.9,-136.59578947368422,36946.542595410545
4214,2024-06-24,106.12,106.12,0.0,0.9,-0.0,38857.76596536574,0.0,0.9,-0.0,36946.542595410545
4215,2024-06-24,108.06,108.06,0.0,0.9,-0.0,38857.76596536574,0.0,0.9,-0.0,36946.542595410545
4216,2024-06-24,108.33,108.33,0.0,0.9,-0.0,38857.76596536574,0.0,0.9,-0.0,36946.542595410545
4217,2024-06-24,112.29,112.29,0.0,0.9,-0.0,38857.76596536574,0.0,0.9,-0.0,36946.542595410545
4218,2024-06-24,130.0,130.0,-1.2000932600059675,0.584185984208956,156.01212380077578,39013.77808916652,0.0,0.9,-0.0,36946.542595410545
4219,2024-06-24,135.46157,135.46157,-1.8399067399940325,0.1,249.23665565317341,39263.01474481969,-1.8,0.4263157894736842,243.830826,37190.37342141054
4220,2024-06-24,128.92641,128.92641,0.0,0.1,-0.0,39263.01474481969,-1.24,0.1,159.86874840000002,37350.24216981054
4221,2024-06-24,113.7,113.7,0.0,0.1,-0.0,39263.01474481969,0.0,0.1,-0.0,37350.24216981054
4222,2024-06-24,108.93,108.93,0.0,0.1,-0.0,39263.01474481969,0.0,0.1,-0.0,37350.24216981054
4223,2024-06-25,104.88062,104.88062,0.0,0.1,-0.0,39263.01474481969,0.0,0.1,-0.0,37350.24216981054
4224,2024-06-25,101.40834,101.40834,0.0,0.1,-0.0,39263.01474481969,0.0,0.1,-0.0,37350.24216981054
4225,2024-06-25,98.28092,98.28092,2.0,0.575,-196.56184,39066.452904819686,0.0,0.1,-0.0,37350.24216981054
4226,2024-06-25,99.05571,99.05571,1.3684210526315792,0.9,-135.54991894736844,38930.902985872315,2.0,0.575,-198.11142,37152.13074981054
4227,2024-06-25,98.58507,98.58507,0.0,0.9,-0.0,38930.902985872315,1.3684210526315792,0.9,-134.90588526315793,37017.22486454738
4228,2024-06-25,101.1,101.1,0.0,0.9,-0.0,38930.902985872315,0.0,0.9,-0.0,37017.22486454738
4229,2024-06-25,114.8,114.8,0.0,0.9,-0.0,38930.902985872315,0.0,0.9,-0.0,37017.22486454738
4230,2024-06-25,134.94,134.94,-1.200000000612653,0.584210526154565,161.9280000826714,39092.830985954984,0.0,0.9,-0.0,37017.22486454738
4231,2024-06-25,144.92,144.92,-1.839999999387347,0.1,266.6527999112143,39359.4837858662,-2.0,0.37368421052631584,289.84,37307.06486454738
4232,2024-06-25,133.31,133.31,0.0,0.1,-0.0,39359.4837858662,-1.0400000000000003,0.1,138.64240000000004,37445.707264547375
4233,2024-06-25,119.22,119.22,0.0,0.1,-0.0,39359.4837858662,0.0,0.1,-0.0,37445.707264547375
4234,2024-06-25,114.0,114.0,0.0,0.1,-0.0,39359.4837858662,0.0,0.1,-0.0,37445.707264547375
4235,2024-06-25,101.29,101.29,2.0,0.575,-202.58,39156.9037858662,0.0,0.1,-0.0,37445.707264547375
4236,2024-06-25,100.2,100.2,1.3684210526315792,0.9,-137.11578947368423,39019.787996392515,2.0,0.575,-200.4,37245.30726454737
4237,2024-06-25,108.96,108.96,0.0,0.9,-0.0,39019.787996392515,1.3684210526315792,0.9,-149.10315789473685,37096.204106652636
4238,2024-06-25,110.27752,110.27752,0.0,0.9,-0.0,39019.787996392515,0.0,0.9,-0.0,37096.204106652636
4239,2024-06-25,112.5,112.5,0.0,0.9,-0.0,39019.787996392515,0.0,0.9,-0.0,37096.204106652636
4240,2024-06-25,113.63,113.63,0.0,0.9,-0.0,39019.787996392515,0.0,0.9,-0.0,37096.204106652636
4241,2024-06-25,114.85,114.85,0.0,0.9,-0.0,39019.787996392515,0.0,0.9,-0.0,37096.204106652636
4242,2024-06-25,133.24,133.24,-2.0,0.37368421052631584,266.48,39286.26799639252,-1.2,0.5842105263157895,159.888,37256.092106652635
4243,2024-06-25,136.69128,136.69128,-1.0400000000000003,0.1,142.15893120000004,39428.42692759252,-1.8,0.1105263157894737,246.044304,37502.13641065264
4244,2024-06-25,122.72318,122.72318,0.0,0.1,-0.0,39428.42692759252,-0.040000000000000015,0.1,4.908927200000002,37507.045337852636
4245,2024-06-25,110.09177,110.09177,0.0,0.1,-0.0,39428.42692759252,0.0,0.1,-0.0,37507.045337852636
4246,2024-06-25,107.38,107.38,0.0,0.1,-0.0,39428.42692759252,0.0,0.1,-0.0,37507.045337852636
4247,2024-06-26,108.0,108.0,0.0,0.1,-0.0,39428.42692759252,0.0,0.1,-0.0,37507.045337852636
4248,2024-06-26,101.25,101.25,0.0,0.1,-0.0,39428.42692759252,0.0,0.1,-0.0,37507.045337852636
4249,2024-06-26,99.47099,99.47099,0.0,0.1,-0.0,39428.42692759252,0.0,0.1,-0.0,37507.045337852636
4250,2024-06-26,98.05217,98.05217,1.3684210526328995,0.42500000000031357,-134.17665368434,39294.250273908176,2.0,0.575,-196.10434,37310.94099785264
4251,2024-06-26,96.21,96.21,1.99999999999868,0.9,-192.41999999987297,39101.8302739083,1.3684210526315792,0.9,-131.65578947368422,37179.285208378955
4252,2024-06-26,101.80096,101.80096,0.0,0.9,-0.0,39101.8302739083,0.0,0.9,-0.0,37179.285208378955
4253,2024-06-26,109.88698,109.88698,0.0,0.9,-0.0,39101.8302739083,0.0,0.9,-0.0,37179.285208378955
4254,2024-06-26,130.0,130.0,-1.2000000009348526,0.5842105260697756,156.00000012153083,39257.83027402983,-1.2,0.5842105263157895,156.0,37335.285208378955
4255,2024-06-26,131.62,131.62,-1.8399999990651474,0.1,242.18079987695472,39500.01107390679,-1.8,0.1105263157894737,236.91600000000003,37572.20120837895
4256,2024-06-26,119.8,119.8,0.0,0.1,-0.0,39500.01107390679,-0.040000000000000015,0.1,4.792000000000002,37576.99320837895
4257,2024-06-26,109.54,109.54,0.0,0.1,-0.0,39500.01107390679,0.0,0.1,-0.0,37576.99320837895
4258,2024-06-26,105.0,105.0,0.0,0.1,-0.0,39500.01107390679,0.0,0.1,-0.0,37576.99320837895
4259,2024-06-26,90.54,90.54,2.0,0.575,-181.08,39318.93107390679,0.0,0.1,-0.0,37576.99320837895
4260,2024-06-26,90.9,90.9,1.3684210526315792,0.9,-124.38947368421056,39194.541600222576,2.0,0.575,-181.8,37395.19320837895
4261,2024-06-26,92.4,92.4,0.0,0.9,-0.0,39194.541600222576,1.3684210526315792,0.9,-126.44210526315793,37268.75110311579
4262,2024-06-26,92.99903,92.99903,0.0,0.9,-0.0,39194.541600222576,0.0,0.9,-0.0,37268.75110311579
4263,2024-06-26,104.0,104.0,0.0,0.9,-0.0,39194.541600222576,0.0,0.9,-0.0,37268.75110311579
4264,2024-06-26,108.59,108.59,0.0,0.9,-0.0,39194.541600222576,0.0,0.9,-0.0,37268.75110311579
4265,2024-06-26,114.98,114.98,0.0,0.9,-0.0,39194.541600222576,0.0,0.9,-0.0,37268.75110311579
4266,2024-06-26,144.45033,144.45033,-1.1999999972753739,0.5842105270327964,173.34039560642685,39367.881995829004,-1.2,0.5842105263157895,173.340396,37442.09149911579
4267,2024-06-26,155.2781,155.2781,-1.8400000027246264,0.1,285.7117044230748,39653.59370025208,-1.84,0.1,285.711704,37727.80320311579
4268,2024-06-26,137.18,137.18,0.0,0.1,-0.0,39653.59370025208,0.0,0.1,-0.0,37727.80320311579
4269,2024-06-26,118.98,118.98,0.0,0.1,-0.0,39653.59370025208,0.0,0.1,-0.0,37727.80320311579
4270,2024-06-26,110.0,110.0,0.0,0.1,-0.0,39653.59370025208,0.0,0.1,-0.0,37727.80320311579
4271,2024-06-27,100.21658,100.21658,0.0,0.1,-0.0,39653.59370025208,0.0,0.1,-0.0,37727.80320311579
4272,2024-06-27,94.10185,94.10185,0.0,0.1,-0.0,39653.59370025208,0.0,0.1,-0.0,37727.80320311579
4273,2024-06-27,90.9108,90.9108,0.0,0.1,-0.0,39653.59370025208,0.0,0.1,-0.0,37727.80320311579
4274,2024-06-27,89.88993,89.88993,1.3684210526315843,0.42500000000000127,-123.00727263157944,39530.5864276205,2.0,0.575,-179.77986,37548.02334311579
4275,2024-06-27,86.9376,86.9376,1.999999999999995,0.9,-173.87519999999955,39356.7112276205,1.3684210526315792,0.9,-118.96724210526318,37429.05610101053
4276,2024-06-27,91.51039,91.51039,0.0,0.9,-0.0,39356.7112276205,0.0,0.9,-0.0,37429.05610101053
4277,2024-06-27,108.07048,108.07048,0.0,0.9,-0.0,39356.7112276205,0.0,0.9,-0.0,37429.05610101053
4278,2024-06-27,123.06661,123.06661,-2.0,0.37368421052631584,246.13322,39602.844447620504,-1.8,0.4263157894736842,221.519898,37650.57599901053
4279,2024-06-27,115.0,115.0,-1.0400000000000003,0.1,119.60000000000002,39722.4444476205,-1.24,0.1,142.6,37793.17599901053
4280,2024-06-27,109.0,109.0,0.0,0.1,-0.0,39722.4444476205,0.0,0.1,-0.0,37793.17599901053
4281,2024-06-27,100.1,100.1,0.0,0.1,-0.0,39722.4444476205,0.0,0.1,-0.0,37793.17599901053
4282,2024-06-27,89.9,89.9,0.0,0.1,-0.0,39722.4444476205,0.0,0.1,-0.0,37793.17599901053
4283,2024-06-27,80.0,80.0,2.0,0.575,-160.0,39562.4444476205,0.0,0.1,-0.0,37793.17599901053
4284,2024-06-27,82.49315,82.49315,1.3684210526315792,0.9,-112.88536315789476,39449.559084462606,2.0,0.575,-164.9863,37628.18969901053
4285,2024-06-27,88.49,88.49,0.0,0.9,-0.0,39449.559084462606,1.3684210526315792,0.9,-121.09157894736843,37507.098120063165
4286,2024-06-27,91.06,91.06,0.0,0.9,-0.0,39449.559084462606,0.0,0.9,-0.0,37507.098120063165
4287,2024-06-27,100.1,100.1,0.0,0.9,-0.0,39449.559084462606,0.0,0.9,-0.0,37507.098120063165
4288,2024-06-27,103.35548,103.35548,0.0,0.9,-0.0,39449.559084462606,0.0,0.9,-0.0,37507.098120063165
4289,2024-06-27,110.23459,110.23459,0.0,0.9,-0.0,39449.559084462606,0.0,0.9,-0.0,37507.098120063165
4290,2024-06-27,136.30853,136.30853,0.0,0.9,-0.0,39449.559084462606,-1.2,0.5842105263157895,163.570236,37670.668356063165
4291,2024-06-27,143.95447,143.95447,-2.0,0.37368421052631584,287.90894,39737.46802446261,-1.84,0.1,264.8762248,37935.54458086316
4292,2024-06-27,136.83814,136.83814,-1.0400000000000003,0.1,142.31166560000005,39879.779690062605,0.0,0.1,-0.0,37935.54458086316
4293,2024-06-27,114.37497,114.37497,0.0,0.1,-0.0,39879.779690062605,0.0,0.1,-0.0,37935.54458086316
4294,2024-06-27,108.1771,108.1771,0.0,0.1,-0.0,39879.779690062605,0.0,0.1,-0.0,37935.54458086316
4295,2024-06-28,104.61592,104.61592,0.0,0.1,-0.0,39879.779690062605,0.0,0.1,-0.0,37935.54458086316
4296,2024-06-28,104.08901,104.08901,0.0,0.1,-0.0,39879.779690062605,0.0,0.1,-0.0,37935.54458086316
4297,2024-06-28,98.56,98.56,2.0,0.575,-197.12,39682.6596900626,0.0,0.1,-0.0,37935.54458086316
4298,2024-06-28,101.57929,101.57929,1.3684210526315792,0.9,-139.00323894736846,39543.65645111523,2.0,0.575,-203.15858,37732.38600086316
4299,2024-06-28,103.00116,103.00116,0.0,0.9,-0.0,39543.65645111523,1.3684210526315792,0.9,-140.9489557894737,37591.43704507369
4300,2024-06-28,107.14,107.14,0.0,0.9,-0.0,39543.65645111523,0.0,0.9,-0.0,37591.43704507369
4301,2024-06-28,114.52,114.52,0.0,0.9,-0.0,39543.65645111523,0.0,0.9,-0.0,37591.43704507369
4302,2024-06-28,123.48,123.48,-2.0,0.37368421052631584,246.96,39790.61645111523,-1.2,0.5842105263157895,148.176,37739.61304507369
4303,2024-06-28,122.1,122.1,-1.0400000000000003,0.1,126.98400000000002,39917.60045111523,-1.8,0.1105263157894737,219.78,37959.39304507369
4304,2024-06-28,111.0,111.0,0.0,0.1,-0.0,39917.60045111523,-0.040000000000000015,0.1,4.440000000000001,37963.83304507369
4305,2024-06-28,107.33,107.33,0.0,0.1,-0.0,39917.60045111523,0.0,0.1,-0.0,37963.83304507369
4306,2024-06-28,102.0,102.0,0.0,0.1,-0.0,39917.60045111523,0.0,0.1,-0.0,37963.83304507369
4307,2024-06-28,90.81,90.81,1.1240526152625991,0.3669624961248673,-102.07521799199662,39815.52523312323,0.0,0.1,-0.0,37963.83304507369
4308,2024-06-28,86.46,86.46,2.0,0.8419624961248673,-172.92,39642.605233123235,2.0,0.575,-172.92,37790.91304507369
4309,2024-06-28,90.81,90.81,0.24436843736897995,0.9,-22.19109779747707,39620.41413532576,1.3684210526315792,0.9,-124.26631578947371,37666.64672928422
4310,2024-06-28,99.32,99.32,0.0,0.9,-0.0,39620.41413532576,0.0,0.9,-0.0,37666.64672928422
4311,2024-06-28,106.09,106.09,0.0,0.9,-0.0,39620.41413532576,0.0,0.9,-0.0,37666.64672928422
4312,2024-06-28,109.71,109.71,0.0,0.9,-0.0,39620.41413532576,0.0,0.9,-0.0,37666.64672928422
4313,2024-06-28,110.0,110.0,0.0,0.9,-0.0,39620.41413532576,0.0,0.9,-0.0,37666.64672928422
4314,2024-06-28,138.56,138.56,-1.2000000000317634,0.5842105263074306,166.27200000440115,39786.68613533016,-2.0,0.37368421052631584,277.12,37943.76672928422
4315,2024-06-28,143.0,143.0,-1.8399999999682364,0.1,263.1199999954578,40049.80613532561,-1.0400000000000003,0.1,148.72000000000003,38092.486729284225
4316,2024-06-28,130.70499,130.70499,0.0,0.1,-0.0,40049.80613532561,0.0,0.1,-0.0,38092.486729284225
4317,2024-06-28,115.0,115.0,0.0,0.1,-0.0,40049.80613532561,0.0,0.1,-0.0,38092.486729284225
4318,2024-06-28,108.55,108.55,0.0,0.1,-0.0,40049.80613532561,0.0,0.1,-0.0,38092.486729284225
4319,2024-06-29,108.62905,108.62905,0.0,0.1,-0.0,40049.80613532561,0.0,0.1,-0.0,38092.486729284225
4320,2024-06-29,105.94869,105.94869,0.0,0.1,-0.0,40049.80613532561,0.0,0.1,-0.0,38092.486729284225
4321,2024-06-29,102.19503,102.19503,0.0,0.1,-0.0,40049.80613532561,0.0,0.1,-0.0,38092.486729284225
4322,2024-06-29,101.4284,101.4284,0.0,0.1,-0.0,40049.80613532561,0.0,0.1,-0.0,38092.486729284225
4323,2024-06-29,99.35996,99.35996,0.0,0.1,-0.0,40049.80613532561,0.0,0.1,-0.0,38092.486729284225
4324,2024-06-29,95.56933,95.56933,0.0,0.1,-0.0,40049.80613532561,0.0,0.1,-0.0,38092.486729284225
4325,2024-06-29,98.61785,98.61785,0.0,0.1,-0.0,40049.80613532561,0.0,0.1,-0.0,38092.486729284225
4326,2024-06-29,99.82735,99.82735,0.0,0.1,-0.0,40049.80613532561,0.0,0.1,-0.0,38092.486729284225
4327,2024-06-29,96.87216,96.87216,0.0,0.1,-0.0,40049.80613532561,0.0,0.1,-0.0,38092.486729284225
4328,2024-06-29,90.43,90.43,0.0,0.1,-0.0,40049.80613532561,0.0,0.1,-0.0,38092.486729284225
4329,2024-06-29,97.63,97.63,0.0,0.1,-0.0,40049.80613532561,0.0,0.1,-0.0,38092.486729284225
4330,2024-06-29,83.0,83.0,0.0,0.1,-0.0,40049.80613532561,0.0,0.1,-0.0,38092.486729284225
4331,2024-06-29,70.0,70.0,0.0,0.1,-0.0,40049.80613532561,0.0,0.1,-0.0,38092.486729284225
4332,2024-06-29,40.0,40.0,0.0,0.1,-0.0,40049.80613532561,2.0,0.575,-80.0,38012.486729284225
4333,2024-06-29,20.0,20.0,2.0,0.575,-40.0,40009.80613532561,1.3684210526315792,0.9,-27.368421052631582,37985.11830823159
4334,2024-06-29,39.7846,39.7846,1.3684210526315792,0.9,-54.442084210526325,39955.36405111509,0.0,0.9,-0.0,37985.11830823159
4335,2024-06-29,55.0175,55.0175,0.0,0.9,-0.0,39955.36405111509,0.0,0.9,-0.0,37985.11830823159
4336,2024-06-29,90.66935,90.66935,0.0,0.9,-0.0,39955.36405111509,0.0,0.9,-0.0,37985.11830823159
4337,2024-06-29,107.90275,107.90275,0.0,0.9,-0.0,39955.36405111509,0.0,0.9,-0.0,37985.11830823159
4338,2024-06-29,139.70165,139.70165,-1.199999999987402,0.5842105263191048,167.64197999824003,40123.00603111333,-2.0,0.37368421052631584,279.4033,38264.52160823159
4339,2024-06-29,145.94135,145.94135,-1.840000000012598,0.1,268.53208400183854,40391.53811511517,-1.0400000000000003,0.1,151.77900400000004,38416.30061223159
4340,2024-06-29,132.97316,132.97316,0.0,0.1,-0.0,40391.53811511517,0.0,0.1,-0.0,38416.30061223159
4341,2024-06-29,115.88689,115.88689,0.0,0.1,-0.0,40391.53811511517,0.0,0.1,-0.0,38416.30061223159
4342,2024-06-29,104.5184,104.5184,0.0,0.1,-0.0,40391.53811511517,0.0,0.1,-0.0,38416.30061223159
4343,2024-06-30,97.9244,97.9244,0.0,0.1,-0.0,40391.53811511517,0.0,0.1,-0.0,38416.30061223159
4344,2024-06-30,83.84248,83.84248,0.0,0.1,-0.0,40391.53811511517,0.0,0.1,-0.0,38416.30061223159
4345,2024-06-30,81.15815,81.15815,0.0,0.1,-0.0,40391.53811511517,0.0,0.1,-0.0,38416.30061223159
4346,2024-06-30,79.12955,79.12955,0.0,0.1,-0.0,40391.53811511517,0.0,0.1,-0.0,38416.30061223159
4347,2024-06-30,74.16365,74.16365,0.0,0.1,-0.0,40391.53811511517,0.0,0.1,-0.0,38416.30061223159
4348,2024-06-30,64.34286,64.34286,1.3684210526315987,0.4250000000000047,-88.04812421052759,40303.489990904636,2.0,0.575,-128.68572,38287.61489223159
4349,2024-06-30,59.86106,59.86106,1.9999999999999805,0.9,-119.72211999999884,40183.76787090464,1.3684210526315792,0.9,-81.91513473684212,38205.69975749475
4350,2024-06-30,79.5,79.5,0.0,0.9,-0.0,40183.76787090464,-1.8,0.4263157894736842,143.1,38348.79975749475
4351,2024-06-30,79.5,79.5,0.0,0.9,-0.0,40183.76787090464,-1.24,0.1,98.58,38447.37975749475
4352,2024-06-30,79.5,79.5,-2.0,0.37368421052631584,159.0,40342.76787090464,0.0,0.1,-0.0,38447.37975749475
4353,2024-06-30,79.5,79.5,-1.0400000000000003,0.1,82.68000000000002,40425.44787090464,0.0,0.1,-0.0,38447.37975749475
4354,2024-06-30,47.54,47.54,0.0,0.1,-0.0,40425.44787090464,0.0,0.1,-0.0,38447.37975749475
4355,2024-06-30,12.83,12.83,0.0,0.1,-0.0,40425.44787090464,0.0,0.1,-0.0,38447.37975749475
4356,2024-06-30,9.65,9.65,2.0,0.575,-19.3,40406.147870904635,2.0,0.575,-19.3,38428.07975749475
4357,2024-06-30,9.65,9.65,1.3684210526315792,0.9,-13.20526315789474,40392.94260774674,1.3684210526315792,0.9,-13.20526315789474,38414.87449433686
4358,2024-06-30,10.0,10.0,0.0,0.9,-0.0,40392.94260774674,0.0,0.9,-0.0,38414.87449433686
4359,2024-06-30,43.48,43.48,0.0,0.9,-0.0,40392.94260774674,0.0,0.9,-0.0,38414.87449433686
4360,2024-06-30,82.99,82.99,0.0,0.9,-0.0,40392.94260774674,0.0,0.9,-0.0,38414.87449433686
4361,2024-06-30,102.03,102.03,0.0,0.9,-0.0,40392.94260774674,0.0,0.9,-0.0,38414.87449433686
4362,2024-06-30,121.03,121.03,0.0,0.9,-0.0,40392.94260774674,-1.2,0.5842105263157895,145.236,38560.110494336855
4363,2024-06-30,140.64,140.64,-2.0,0.37368421052631584,281.28,40674.22260774674,-1.84,0.1,258.7776,38818.88809433686
4364,2024-06-30,129.5,129.5,-1.0400000000000003,0.1,134.68000000000004,40808.90260774674,0.0,0.1,-0.0,38818.88809433686
4365,2024-06-30,109.08,109.08,0.0,0.1,-0.0,40808.90260774674,0.0,0.1,-0.0,38818.88809433686
4366,2024-06-30,102.09317,102.09317,0.0,0.1,-0.0,40808.90260774674,0.0,0.1,-0.0,38818.88809433686
4367,2024-07-01,94.91227,94.91227,0.0,0.1,-0.0,40808.90260774674,0.0,0.1,-0.0,38818.88809433686
4368,2024-07-01,86.79579,86.79579,2.0,0.575,-173.59158,40635.31102774674,0.0,0.1,-0.0,38818.88809433686
4369,2024-07-01,84.91796,84.91796,1.3684210526315792,0.9,-116.20352421052633,40519.107503536216,2.0,0.575,-169.83592,38649.05217433686
4370,2024-07-01,86.77125,86.77125,0.0,0.9,-0.0,40519.107503536216,1.3684210526315792,0.9,-118.73960526315791,38530.3125690737
4371,2024-07-01,87.92546,87.92546,0.0,0.9,-0.0,40519.107503536216,0.0,0.9,-0.0,38530.3125690737
4372,2024-07-01,92.97878,92.97878,0.0,0.9,-0.0,40519.107503536216,0.0,0.9,-0.0,38530.3125690737
4373,2024-07-01,107.72326,107.72326,0.0,0.9,-0.0,40519.107503536216,0.0,0.9,-0.0,38530.3125690737
4374,2024-07-01,130.75,130.75,-1.200000000242623,0.5842105262519413,156.90000003172295,40676.00750356794,-1.2,0.5842105263157895,156.9,38687.2125690737
4375,2024-07-01,146.0,146.0,-1.8399999997573768,0.1,268.63999996457704,40944.64750353252,-1.84,0.1,268.64,38955.8525690737
4376,2024-07-01,127.45,127.45,0.0,0.1,-0.0,40944.64750353252,0.0,0.1,-0.0,38955.8525690737
4377,2024-07-01,110.32,110.32,0.0,0.1,-0.0,40944.64750353252,0.0,0.1,-0.0,38955.8525690737
4378,2024-07-01,106.91,106.91,0.0,0.1,-0.0,40944.64750353252,0.0,0.1,-0.0,38955.8525690737
4379,2024-07-01,104.46,104.46,0.0,0.1,-0.0,40944.64750353252,0.0,0.1,-0.0,38955.8525690737
4380,2024-07-01,103.13,103.13,1.368422585885909,0.4250003641479033,-141.12542128241378,40803.52208225011,2.0,0.575,-206.26,38749.5925690737
4381,2024-07-01,102.0,102.0,1.9999984667456705,0.9,-203.9998436080584,40599.52223864205,1.3684210526315792,0.9,-139.57894736842107,38610.01362170528
4382,2024-07-01,111.91,111.91,0.0,0.9,-0.0,40599.52223864205,0.0,0.9,-0.0,38610.01362170528
4383,2024-07-01,114.32,114.32,0.0,0.9,-0.0,40599.52223864205,0.0,0.9,-0.0,38610.01362170528
4384,2024-07-01,118.64,118.64,0.0,0.9,-0.0,40599.52223864205,0.0,0.9,-0.0,38610.01362170528
4385,2024-07-01,124.11,124.11,0.0,0.9,-0.0,40599.52223864205,0.0,0.9,-0.0,38610.01362170528
4386,2024-07-01,147.72385,147.72385,-1.2000000087575895,0.5842105240111607,177.26862129370483,40776.790859935754,-1.2,0.5842105263157895,177.26862,38787.28224170528
4387,2024-07-01,154.6476,154.6476,-1.8399999912424105,0.1,284.55158264565983,41061.342442581416,-1.84,0.1,284.55158400000005,39071.83382570528
4388,2024-07-01,141.26381,141.26381,0.0,0.1,-0.0,41061.342442581416,0.0,0.1,-0.0,39071.83382570528
4389,2024-07-01,122.90783,122.90783,0.0,0.1,-0.0,41061.342442581416,0.0,0.1,-0.0,39071.83382570528
4390,2024-07-01,108.78668,108.78668,0.0,0.1,-0.0,41061.342442581416,0.0,0.1,-0.0,39071.83382570528
4391,2024-07-02,103.7815,103.7815,0.0,0.1,-0.0,41061.342442581416,0.0,0.1,-0.0,39071.83382570528
4392,2024-07-02,101.1345,101.1345,0.0,0.1,-0.0,41061.342442581416,0.0,0.1,-0.0,39071.83382570528
4393,2024-07-02,93.86417,93.86417,0.0,0.1,-0.0,41061.342442581416,0.0,0.1,-0.0,39071.83382570528
4394,2024-07-02,91.96882,91.96882,0.0,0.1,-0.0,41061.342442581416,2.0,0.575,-183.93764,38887.896185705285
4395,2024-07-02,91.85678,91.85678,2.0,0.575,-183.71356,40877.62888258142,1.3684210526315792,0.9,-125.6987515789474,38762.19743412634
4396,2024-07-02,96.21,96.21,1.3684210526315792,0.9,-131.65578947368422,40745.973093107736,0.0,0.9,-0.0,38762.19743412634
4397,2024-07-02,106.61062,106.61062,0.0,0.9,-0.0,40745.973093107736,0.0,0.9,-0.0,38762.19743412634
4398,2024-07-02,111.33,111.33,-1.200000049272785,0.5842105133492672,133.59600548553914,40879.569098593274,-1.2,0.5842105263157895,133.596,38895.79343412634
4399,2024-07-02,120.0,120.0,-1.8399999507272153,0.1,220.79999408726584,41100.36909268054,-1.8,0.1105263157894737,216.0,39111.79343412634
4400,2024-07-02,107.13,107.13,0.0,0.1,-0.0,41100.36909268054,-0.040000000000000015,0.1,4.2852000000000015,39116.07863412634
4401,2024-07-02,99.41931,99.41931,0.0,0.1,-0.0,41100.36909268054,0.0,0.1,-0.0,39116.07863412634
4402,2024-07-02,94.63449,94.63449,0.0,0.1,-0.0,41100.36909268054,0.0,0.1,-0.0,39116.07863412634
4403,2024-07-02,88.08625,88.08625,2.0,0.575,-176.1725,40924.19659268054,0.0,0.1,-0.0,39116.07863412634
4404,2024-07-02,87.60513,87.60513,1.3684210526315792,0.9,-119.88070421052635,40804.31588847002,2.0,0.575,-175.21026,38940.86837412634
4405,2024-07-02,87.68083,87.68083,0.0,0.9,-0.0,40804.31588847002,1.3684210526315792,0.9,-119.98429368421056,38820.88408044213
4406,2024-07-02,95.72035,95.72035,0.0,0.9,-0.0,40804.31588847002,0.0,0.9,-0.0,38820.88408044213
4407,2024-07-02,100.34701,100.34701,0.0,0.9,-0.0,40804.31588847002,0.0,0.9,-0.0,38820.88408044213
4408,2024-07-02,102.24351,102.24351,0.0,0.9,-0.0,40804.31588847002,0.0,0.9,-0.0,38820.88408044213
4409,2024-07-02,107.81,107.81,0.0,0.9,-0.0,40804.31588847002,0.0,0.9,-0.0,38820.88408044213
4410,2024-07-02,130.14562,130.14562,-1.200004516402224,0.5842093377888884,156.1753317899676,40960.49122025999,-1.2,0.5842105263157895,156.174744,38977.05882444213
4411,2024-07-02,144.08,144.08,-1.8399954835977759,0.1,265.10654927676757,41225.597769536755,-1.84,0.1,265.10720000000003,39242.16602444213
4412,2024-07-02,120.19087,120.19087,0.0,0.1,-0.0,41225.597769536755,0.0,0.1,-0.0,39242.16602444213
4413,2024-07-02,109.45,109.45,0.0,0.1,-0.0,41225.597769536755,0.0,0.1,-0.0,39242.16602444213
4414,2024-07-02,106.91,106.91,0.0,0.1,-0.0,41225.597769536755,0.0,0.1,-0.0,39242.16602444213
4415,2024-07-03,100.1,100.1,0.0,0.1,-0.0,41225.597769536755,0.0,0.1,-0.0,39242.16602444213
4416,2024-07-03,97.46,97.46,0.0,0.1,-0.0,41225.597769536755,0.0,0.1,-0.0,39242.16602444213
4417,2024-07-03,89.7,89.7,1.368576471873628,0.4250369120699866,-122.76130952706443,41102.83646000969,0.0,0.1,-0.0,39242.16602444213
4418,2024-07-03,89.4,89.4,1.9998445807579512,0.9,-178.78610551976087,40924.05035448993,2.0,0.575,-178.8,39063.366024442126
4419,2024-07-03,90.5,90.5,0.0,0.9,-0.0,40924.05035448993,1.3684210526315792,0.9,-123.84210526315792,38939.523919178966
4420,2024-07-03,95.46,95.46,0.0,0.9,-0.0,40924.05035448993,0.0,0.9,-0.0,38939.523919178966
4421,2024-07-03,110.43,110.43,0.0,0.9,-0.0,40924.05035448993,0.0,0.9,-0.0,38939.523919178966
4422,2024-07-03,121.28875,121.28875,-1.2000001518352499,0.5842104863591449,145.54651841590766,41069.596872905844,-1.2,0.5842105263157895,145.54649999999998,39085.07041917896
4423,2024-07-03,133.54,133.54,-1.8399998481647504,0.1,245.71357972392076,41315.31045262977,-1.8,0.1105263157894737,240.37199999999999,39325.442419178966
4424,2024-07-03,120.66,120.66,0.0,0.1,-0.0,41315.31045262977,-0.040000000000000015,0.1,4.826400000000001,39330.268819178964
4425,2024-07-03,111.25394,111.25394,0.0,0.1,-0.0,41315.31045262977,0.0,0.1,-0.0,39330.268819178964
4426,2024-07-03,103.67185,103.67185,0.0,0.1,-0.0,41315.31045262977,0.0,0.1,-0.0,39330.268819178964
4427,2024-07-03,96.57912,96.57912,1.3684256855783496,0.42500110032485805,-132.1613484985537,41183.14910413121,0.0,0.1,-0.0,39330.268819178964
4428,2024-07-03,95.41042,95.41042,1.9999953670532296,0.9,-190.8203979686028,40992.32870616261,2.0,0.575,-190.82084,39139.44797917896
4429,2024-07-03,97.47142,97.47142,0.0,0.9,-0.0,40992.32870616261,1.3684210526315792,0.9,-133.38194315789477,39006.06603602107
4430,2024-07-03,102.11236,102.11236,0.0,0.9,-0.0,40992.32870616261,0.0,0.9,-0.0,39006.06603602107
4431,2024-07-03,103.23919,103.23919,0.0,0.9,-0.0,40992.32870616261,0.0,0.9,-0.0,39006.06603602107
4432,2024-07-03,103.48877,103.48877,0.0,0.9,-0.0,40992.32870616261,0.0,0.9,-0.0,39006.06603602107
4433,2024-07-03,109.21,109.21,0.0,0.9,-0.0,40992.32870616261,0.0,0.9,-0.0,39006.06603602107
4434,2024-07-03,135.16,135.16,-1.200000000166762,0.5842105262719048,162.19200002253953,41154.52070618515,-1.2,0.5842105263157895,162.19199999999998,39168.25803602107
4435,2024-07-03,144.44,144.44,-1.8399999998332384,0.1,265.76959997591297,41420.29030616106,-1.84,0.1,265.7696,39434.02763602107
4436,2024-07-03,122.603,122.603,0.0,0.1,-0.0,41420.29030616106,0.0,0.1,-0.0,39434.02763602107
4437,2024-07-03,107.07419,107.07419,0.0,0.1,-0.0,41420.29030616106,0.0,0.1,-0.0,39434.02763602107
4438,2024-07-03,106.49673,106.49673,0.0,0.1,-0.0,41420.29030616106,0.0,0.1,-0.0,39434.02763602107
4439,2024-07-04,109.3,109.3,0.0,0.1,-0.0,41420.29030616106,0.0,0.1,-0.0,39434.02763602107
4440,2024-07-04,104.0,104.0,0.0,0.1,-0.0,41420.29030616106,0.0,0.1,-0.0,39434.02763602107
4441,2024-07-04,99.04658,99.04658,2.0,0.575,-198.09316,41222.19714616107,0.0,0.1,-0.0,39434.02763602107
4442,2024-07-04,100.0,100.0,1.3684210526315792,0.9,-136.84210526315792,41085.355040897906,2.0,0.575,-200.0,39234.02763602107
4443,2024-07-04,99.04927,99.04927,0.0,0.9,-0.0,41085.355040897906,1.3684210526315792,0.9,-135.5411063157895,39098.48652970528
4444,2024-07-04,100.71,100.71,0.0,0.9,-0.0,41085.355040897906,0.0,0.9,-0.0,39098.48652970528
4445,2024-07-04,113.94,113.94,0.0,0.9,-0.0,41085.355040897906,0.0,0.9,-0.0,39098.48652970528
4446,2024-07-04,137.07,137.07,-2.0,0.37368421052631584,274.14,41359.495040897906,-1.8,0.4263157894736842,246.726,39345.212529705284
4447,2024-07-04,139.25,139.25,-1.0400000000000003,0.1,144.82000000000005,41504.315040897905,-1.24,0.1,172.67,39517.88252970528
4448,2024-07-04,119.18,119.18,0.0,0.1,-0.0,41504.315040897905,0.0,0.1,-0.0,39517.88252970528
4449,2024-07-04,100.79,100.79,0.0,0.1,-0.0,41504.315040897905,0.0,0.1,-0.0,39517.88252970528
4450,2024-07-04,96.59829,96.59829,0.0,0.1,-0.0,41504.315040897905,0.0,0.1,-0.0,39517.88252970528
4451,2024-07-04,88.11194,88.11194,2.0,0.575,-176.22388,41328.09116089791,0.0,0.1,-0.0,39517.88252970528
4452,2024-07-04,89.08529,89.08529,1.3684210526315792,0.9,-121.9061863157895,41206.18497458212,2.0,0.575,-178.17058,39339.711949705284
4453,2024-07-04,94.98749,94.98749,0.0,0.9,-0.0,41206.18497458212,1.3684210526315792,0.9,-129.9828810526316,39209.729068652654
4454,2024-07-04,97.7961,97.7961,0.0,0.9,-0.0,41206.18497458212,0.0,0.9,-0.0,39209.729068652654
4455,2024-07-04,97.78977,97.78977,0.0,0.9,-0.0,41206.18497458212,0.0,0.9,-0.0,39209.729068652654
4456,2024-07-04,101.59,101.59,0.0,0.9,-0.0,41206.18497458212,0.0,0.9,-0.0,39209.729068652654
4457,2024-07-04,107.34312,107.34312,0.0,0.9,-0.0,41206.18497458212,0.0,0.9,-0.0,39209.729068652654
4458,2024-07-04,131.703,131.703,-1.1999999936777725,0.5842105279795335,158.04359916734367,41364.22857374946,-1.2,0.5842105263157895,158.0436,39367.77266865265
4459,2024-07-04,147.16478,147.16478,-1.8400000063222275,0.1,270.78319613040924,41635.01176987987,-1.84,0.1,270.7831952,39638.55586385265
4460,2024-07-04,125.17399,125.17399,0.0,0.1,-0.0,41635.01176987987,0.0,0.1,-0.0,39638.55586385265
4461,2024-07-04,105.04793,105.04793,0.0,0.1,-0.0,41635.01176987987,0.0,0.1,-0.0,39638.55586385265
4462,2024-07-04,102.65592,102.65592,0.0,0.1,-0.0,41635.01176987987,0.0,0.1,-0.0,39638.55586385265
4463,2024-07-05,105.41751,105.41751,0.0,0.1,-0.0,41635.01176987987,0.0,0.1,-0.0,39638.55586385265
4464,2024-07-05,94.42411,94.42411,0.0,0.1,-0.0,41635.01176987987,0.0,0.1,-0.0,39638.55586385265
4465,2024-07-05,92.75289,92.75289,0.0,0.1,-0.0,41635.01176987987,0.0,0.1,-0.0,39638.55586385265
4466,2024-07-05,90.73675,90.73675,2.0,0.575,-181.4735,41453.53826987987,0.0,0.1,-0.0,39638.55586385265
4467,2024-07-05,90.74366,90.74366,1.3684210526315792,0.9,-124.17553473684214,41329.362735143026,2.0,0.575,-181.48732,39457.06854385265
4468,2024-07-05,94.46556,94.46556,0.0,0.9,-0.0,41329.362735143026,1.3684210526315792,0.9,-129.2686610526316,39327.79988280002
4469,2024-07-05,101.50307,101.50307,0.0,0.9,-0.0,41329.362735143026,0.0,0.9,-0.0,39327.79988280002
4470,2024-07-05,113.84,113.84,-1.2000000057658202,0.5842105247984684,136.60800065638097,41465.970735799405,-1.2,0.5842105263157895,136.608,39464.40788280002
4471,2024-07-05,123.74,123.74,-1.8399999942341798,0.1,227.6815992865374,41693.65233508594,-1.8,0.1105263157894737,222.732,39687.139882800024
4472,2024-07-05,102.51,102.51,0.0,0.1,-0.0,41693.65233508594,-0.040000000000000015,0.1,4.100400000000001,39691.24028280003
4473,2024-07-05,97.43,97.43,0.0,0.1,-0.0,41693.65233508594,0.0,0.1,-0.0,39691.24028280003
4474,2024-07-05,94.64,94.64,0.0,0.1,-0.0,41693.65233508594,0.0,0.1,-0.0,39691.24028280003
4475,2024-07-05,84.0,84.0,1.3684210526427953,0.4250000000026639,-114.94736842199481,41578.70496666395,0.0,0.1,-0.0,39691.24028280003
4476,2024-07-05,82.1,82.1,1.9999999999887836,0.9,-164.19999999907913,41414.50496666487,0.0,0.1,-0.0,39691.24028280003
4477,2024-07-05,86.38,86.38,0.0,0.9,-0.0,41414.50496666487,2.0,0.575,-172.76,39518.480282800025
4478,2024-07-05,92.08,92.08,0.0,0.9,-0.0,41414.50496666487,1.3684210526315792,0.9,-126.00421052631582,39392.47607227371
4479,2024-07-05,96.54,96.54,0.0,0.9,-0.0,41414.50496666487,0.0,0.9,-0.0,39392.47607227371
4480,2024-07-05,97.13056,97.13056,0.0,0.9,-0.0,41414.50496666487,0.0,0.9,-0.0,39392.47607227371
4481,2024-07-05,105.65163,105.65163,0.0,0.9,-0.0,41414.50496666487,0.0,0.9,-0.0,39392.47607227371
4482,2024-07-05,132.0771,132.0771,-1.2000001068366144,0.5842104982008909,158.4925341106702,41572.99750077554,-1.2,0.5842105263157895,158.49251999999998,39550.96859227371
4483,2024-07-05,146.0,146.0,-1.8399998931633854,0.1,268.6399844018543,41841.637485177394,-1.84,0.1,268.64,39819.60859227371
4484,2024-07-05,128.86462,128.86462,0.0,0.1,-0.0,41841.637485177394,0.0,0.1,-0.0,39819.60859227371
4485,2024-07-05,112.06,112.06,0.0,0.1,-0.0,41841.637485177394,0.0,0.1,-0.0,39819.60859227371
4486,2024-07-05,104.23884,104.23884,2.0,0.575,-208.47768,41633.15980517739,0.0,0.1,-0.0,39819.60859227371
4487,2024-07-06,111.62583,111.62583,-1.805,0.1,201.48462314999998,41834.64442832739,0.0,0.1,-0.0,39819.60859227371
4488,2024-07-06,107.93187,107.93187,0.0,0.1,-0.0,41834.64442832739,0.0,0.1,-0.0,39819.60859227371
4489,2024-07-06,102.0,102.0,0.0,0.1,-0.0,41834.64442832739,0.0,0.1,-0.0,39819.60859227371
4490,2024-07-06,100.32188,100.32188,0.0,0.1,-0.0,41834.64442832739,0.0,0.1,-0.0,39819.60859227371
4491,2024-07-06,98.24045,98.24045,0.0,0.1,-0.0,41834.64442832739,0.0,0.1,-0.0,39819.60859227371
4492,2024-07-06,96.25831,96.25831,0.0,0.1,-0.0,41834.64442832739,0.0,0.1,-0.0,39819.60859227371
4493,2024-07-06,97.27994,97.27994,0.0,0.1,-0.0,41834.64442832739,0.0,0.1,-0.0,39819.60859227371
4494,2024-07-06,97.45967,97.45967,0.0,0.1,-0.0,41834.64442832739,0.0,0.1,-0.0,39819.60859227371
4495,2024-07-06,98.0757,98.0757,0.0,0.1,-0.0,41834.64442832739,0.0,0.1,-0.0,39819.60859227371
4496,2024-07-06,90.86689,90.86689,0.0,0.1,-0.0,41834.64442832739,0.0,0.1,-0.0,39819.60859227371
4497,2024-07-06,90.72222,90.72222,0.0,0.1,-0.0,41834.64442832739,0.0,0.1,-0.0,39819.60859227371
4498,2024-07-06,93.33,93.33,0.0,0.1,-0.0,41834.64442832739,0.0,0.1,-0.0,39819.60859227371
4499,2024-07-06,90.0,90.0,0.11489594437257322,0.12728778678848615,-10.34063499353159,41824.30379333386,0.0,0.1,-0.0,39819.60859227371
4500,2024-07-06,80.0,80.0,2.0,0.6022877867884862,-160.0,41664.30379333386,2.0,0.575,-160.0,39659.60859227371
4501,2024-07-06,90.0,90.0,1.2535251082590058,0.9,-112.81725974331052,41551.48653359055,1.3684210526315792,0.9,-123.15789473684212,39536.45069753687
4502,2024-07-06,90.5,90.5,0.0,0.9,-0.0,41551.48653359055,0.0,0.9,-0.0,39536.45069753687
4503,2024-07-06,99.05,99.05,0.0,0.9,-0.0,41551.48653359055,0.0,0.9,-0.0,39536.45069753687
4504,2024-07-06,99.05,99.05,0.0,0.9,-0.0,41551.48653359055,0.0,0.9,-0.0,39536.45069753687
4505,2024-07-06,102.17384,102.17384,0.0,0.9,-0.0,41551.48653359055,0.0,0.9,-0.0,39536.45069753687
4506,2024-07-06,112.90605,112.90605,0.0,0.9,-0.0,41551.48653359055,-1.2,0.5842105263157895,135.48726,39671.93795753687
4507,2024-07-06,116.80083,116.80083,-2.0,0.37368421052631584,233.60166,41785.08819359055,-1.8,0.1105263157894737,210.24149400000002,39882.179451536875
4508,2024-07-06,113.48044,113.48044,-1.0400000000000003,0.1,118.01965760000003,41903.10785119055,-0.040000000000000015,0.1,4.5392176000000015,39886.71866913688
4509,2024-07-06,103.73936,103.73936,0.0,0.1,-0.0,41903.10785119055,0.0,0.1,-0.0,39886.71866913688
4510,2024-07-06,100.07461,100.07461,0.0,0.1,-0.0,41903.10785119055,0.0,0.1,-0.0,39886.71866913688
4511,2024-07-07,104.27223,104.27223,0.0,0.1,-0.0,41903.10785119055,0.0,0.1,-0.0,39886.71866913688
4512,2024-07-07,100.77709,100.77709,0.0,0.1,-0.0,41903.10785119055,0.0,0.1,-0.0,39886.71866913688
4513,2024-07-07,99.00891,99.00891,0.0,0.1,-0.0,41903.10785119055,0.0,0.1,-0.0,39886.71866913688
4514,2024-07-07,100.80845,100.80845,0.0,0.1,-0.0,41903.10785119055,0.0,0.1,-0.0,39886.71866913688
4515,2024-07-07,101.97821,101.97821,0.0,0.1,-0.0,41903.10785119055,0.0,0.1,-0.0,39886.71866913688
4516,2024-07-07,98.11009,98.11009,0.0,0.1,-0.0,41903.10785119055,0.0,0.1,-0.0,39886.71866913688
4517,2024-07-07,97.73277,97.73277,0.0,0.1,-0.0,41903.10785119055,0.0,0.1,-0.0,39886.71866913688
4518,2024-07-07,96.4,96.4,0.0,0.1,-0.0,41903.10785119055,0.0,0.1,-0.0,39886.71866913688
4519,2024-07-07,97.0,97.0,0.0,0.1,-0.0,41903.10785119055,0.0,0.1,-0.0,39886.71866913688
4520,2024-07-07,97.0,97.0,0.0,0.1,-0.0,41903.10785119055,0.0,0.1,-0.0,39886.71866913688
4521,2024-07-07,95.12,95.12,0.0,0.1,-0.0,41903.10785119055,0.0,0.1,-0.0,39886.71866913688
4522,2024-07-07,95.85,95.85,0.0,0.1,-0.0,41903.10785119055,0.0,0.1,-0.0,39886.71866913688
4523,2024-07-07,97.23,97.23,0.0,0.1,-0.0,41903.10785119055,0.0,0.1,-0.0,39886.71866913688
4524,2024-07-07,91.5,91.5,0.0,0.1,-0.0,41903.10785119055,0.0,0.1,-0.0,39886.71866913688
4525,2024-07-07,81.17,81.17,2.0,0.575,-162.34,41740.767851190554,2.0,0.575,-162.34,39724.37866913688
4526,2024-07-07,89.29,89.29,1.3684210526315792,0.9,-122.18631578947371,41618.58153540108,1.3684210526315792,0.9,-122.18631578947371,39602.192353347404
4527,2024-07-07,97.42,97.42,0.0,0.9,-0.0,41618.58153540108,0.0,0.9,-0.0,39602.192353347404
4528,2024-07-07,98.08,98.08,0.0,0.9,-0.0,41618.58153540108,0.0,0.9,-0.0,39602.192353347404
4529,2024-07-07,104.16286,104.16286,0.0,0.9,-0.0,41618.58153540108,0.0,0.9,-0.0,39602.192353347404
4530,2024-07-07,126.92064,126.92064,0.0,0.9,-0.0,41618.58153540108,0.0,0.9,-0.0,39602.192353347404
4531,2024-07-07,142.11981,142.11981,-2.0,0.37368421052631584,284.23962,41902.82115540108,-2.0,0.37368421052631584,284.23962,39886.431973347404
4532,2024-07-07,128.99976,128.99976,-1.0400000000000003,0.1,134.15975040000004,42036.98090580108,-1.0400000000000003,0.1,134.15975040000004,40020.591723747406
4533,2024-07-07,117.12665,117.12665,0.0,0.1,-0.0,42036.98090580108,0.0,0.1,-0.0,40020.591723747406
4534,2024-07-07,104.47,104.47,0.0,0.1,-0.0,42036.98090580108,0.0,0.1,-0.0,40020.591723747406
4535,2024-07-08,99.04066,99.04066,0.0,0.1,-0.0,42036.98090580108,0.0,0.1,-0.0,40020.591723747406
4536,2024-07-08,93.91424,93.91424,0.0,0.1,-0.0,42036.98090580108,0.0,0.1,-0.0,40020.591723747406
4537,2024-07-08,90.94035,90.94035,0.0,0.1,-0.0,42036.98090580108,0.0,0.1,-0.0,40020.591723747406
4538,2024-07-08,89.28209,89.28209,2.0,0.575,-178.56418,41858.41672580108,2.0,0.575,-178.56418,39842.027543747405
4539,2024-07-08,88.60036,88.60036,1.3684210526315792,0.9,-121.24259789473686,41737.17412790634,1.3684210526315792,0.9,-121.24259789473686,39720.78494585267
4540,2024-07-08,96.31,96.31,0.0,0.9,-0.0,41737.17412790634,0.0,0.9,-0.0,39720.78494585267
4541,2024-07-08,113.01384,113.01384,0.0,0.9,-0.0,41737.17412790634,0.0,0.9,-0.0,39720.78494585267
4542,2024-07-08,128.321,128.321,-1.2000000048822568,0.584210525030985,153.98520062649607,41891.15932853284,-1.2,0.5842105263157895,153.9852,39874.77014585267
4543,2024-07-08,130.0,130.0,-1.839999995117743,0.1,239.19999936530658,42130.35932789815,-1.8,0.1105263157894737,234.0,40108.77014585267
4544,2024-07-08,115.04,115.04,0.0,0.1,-0.0,42130.35932789815,-0.040000000000000015,0.1,4.601600000000002,40113.37174585267
4545,2024-07-08,106.4,106.4,0.0,0.1,-0.0,42130.35932789815,0.0,0.1,-0.0,40113.37174585267
4546,2024-07-08,101.08,101.08,0.0,0.1,-0.0,42130.35932789815,0.0,0.1,-0.0,40113.37174585267
4547,2024-07-08,94.63,94.63,1.3684210526962128,0.42500000001535054,-129.4936842166426,42000.86564368151,0.0,0.1,-0.0,40113.37174585267
4548,2024-07-08,89.46,89.46,1.9999999999353664,0.9,-178.91999999421787,41821.945643687286,2.0,0.575,-178.92,39934.451745852675
4549,2024-07-08,98.0,98.0,0.0,0.9,-0.0,41821.945643687286,1.3684210526315792,0.9,-134.10526315789477,39800.34648269478
4550,2024-07-08,98.0,98.0,0.0,0.9,-0.0,41821.945643687286,0.0,0.9,-0.0,39800.34648269478
4551,2024-07-08,101.72085,101.72085,0.0,0.9,-0.0,41821.945643687286,0.0,0.9,-0.0,39800.34648269478
4552,2024-07-08,104.86107,104.86107,0.0,0.9,-0.0,41821.945643687286,0.0,0.9,-0.0,39800.34648269478
4553,2024-07-08,111.95788,111.95788,0.0,0.9,-0.0,41821.945643687286,0.0,0.9,-0.0,39800.34648269478
4554,2024-07-08,130.95,130.95,0.0,0.9,-0.0,41821.945643687286,-1.2,0.5842105263157895,157.14,39957.48648269478
4555,2024-07-08,140.68882,140.68882,-2.0,0.37368421052631584,281.37764,42103.323283687285,-1.84,0.1,258.86742879999997,40216.35391149478
4556,2024-07-08,134.0,134.0,-1.0400000000000003,0.1,139.36000000000004,42242.683283687285,0.0,0.1,-0.0,40216.35391149478
4557,2024-07-08,114.56111,114.56111,0.0,0.1,-0.0,42242.683283687285,0.0,0.1,-0.0,40216.35391149478
4558,2024-07-08,105.59173,105.59173,0.0,0.1,-0.0,42242.683283687285,0.0,0.1,-0.0,40216.35391149478
4559,2024-07-09,108.40971,108.40971,0.0,0.1,-0.0,42242.683283687285,0.0,0.1,-0.0,40216.35391149478
4560,2024-07-09,107.01,107.01,0.0,0.1,-0.0,42242.683283687285,0.0,0.1,-0.0,40216.35391149478
4561,2024-07-09,103.3244,103.3244,0.0,0.1,-0.0,42242.683283687285,0.0,0.1,-0.0,40216.35391149478
4562,2024-07-09,105.0,105.0,0.0,0.1,-0.0,42242.683283687285,0.0,0.1,-0.0,40216.35391149478
4563,2024-07-09,101.83854,101.83854,2.0,0.575,-203.67708,42039.006203687284,2.0,0.575,-203.67708,40012.67683149478
4564,2024-07-09,102.4,102.4,1.3684210526315792,0.9,-140.12631578947372,41898.87988789781,1.3684210526315792,0.9,-140.12631578947372,39872.550515705305
4565,2024-07-09,108.43,108.43,0.0,0.9,-0.0,41898.87988789781,0.0,0.9,-0.0,39872.550515705305
4566,2024-07-09,124.44,124.44,-1.2000000051624193,0.584210524957258,149.32800064241147,42048.20788854022,-1.2,0.5842105263157895,149.328,40021.878515705306
4567,2024-07-09,125.96,125.96,-1.8399999948375805,0.1,231.76639934974162,42279.97428788996,-1.8,0.1105263157894737,226.72799999999998,40248.60651570531
4568,2024-07-09,116.22,116.22,0.0,0.1,-0.0,42279.97428788996,-0.040000000000000015,0.1,4.648800000000001,40253.25531570531
4569,2024-07-09,107.5,107.5,0.0,0.1,-0.0,42279.97428788996,0.0,0.1,-0.0,40253.25531570531
4570,2024-07-09,105.0,105.0,0.0,0.1,-0.0,42279.97428788996,0.0,0.1,-0.0,40253.25531570531
4571,2024-07-09,97.37,97.37,2.0,0.575,-194.74,42085.234287889965,0.0,0.1,-0.0,40253.25531570531
4572,2024-07-09,95.0,95.0,1.3684210526315792,0.9,-130.00000000000003,41955.234287889965,2.0,0.575,-190.0,40063.25531570531
4573,2024-07-09,104.2,104.2,0.0,0.9,-0.0,41955.234287889965,1.3684210526315792,0.9,-142.58947368421056,39920.6658420211
4574,2024-07-09,105.38,105.38,0.0,0.9,-0.0,41955.234287889965,0.0,0.9,-0.0,39920.6658420211
4575,2024-07-09,109.48,109.48,0.0,0.9,-0.0,41955.234287889965,0.0,0.9,-0.0,39920.6658420211
4576,2024-07-09,115.48,115.48,0.0,0.9,-0.0,41955.234287889965,0.0,0.9,-0.0,39920.6658420211
4577,2024-07-09,125.57113,125.57113,0.0,0.9,-0.0,41955.234287889965,0.0,0.9,-0.0,39920.6658420211
4578,2024-07-09,156.35881,156.35881,-2.0,0.37368421052631584,312.71762,42267.95190788997,-2.0,0.37368421052631584,312.71762,40233.383462021106
4579,2024-07-09,158.76441,158.76441,-1.0400000000000003,0.1,165.11498640000005,42433.06689428997,-1.0400000000000003,0.1,165.11498640000005,40398.49844842111
4580,2024-07-09,144.61196,144.61196,0.0,0.1,-0.0,42433.06689428997,0.0,0.1,-0.0,40398.49844842111
4581,2024-07-09,114.92031,114.92031,0.0,0.1,-0.0,42433.06689428997,0.0,0.1,-0.0,40398.49844842111
4582,2024-07-09,109.01,109.01,0.0,0.1,-0.0,42433.06689428997,0.0,0.1,-0.0,40398.49844842111
4583,2024-07-10,109.22757,109.22757,0.0,0.1,-0.0,42433.06689428997,0.0,0.1,-0.0,40398.49844842111
4584,2024-07-10,106.9,106.9,0.0,0.1,-0.0,42433.06689428997,0.0,0.1,-0.0,40398.49844842111
4585,2024-07-10,105.0,105.0,0.0,0.1,-0.0,42433.06689428997,0.0,0.1,-0.0,40398.49844842111
4586,2024-07-10,101.5,101.5,0.0,0.1,-0.0,42433.06689428997,0.0,0.1,-0.0,40398.49844842111
4587,2024-07-10,100.1,100.1,1.3684210538416117,0.42500000028738283,-136.97894748954533,42296.08794680043,0.0,0.1,-0.0,40398.49844842111
4588,2024-07-10,100.0,100.0,1.9999999987899673,0.9,-199.99999987899673,42096.087946921434,0.0,0.1,-0.0,40398.49844842111
4589,2024-07-10,103.5,103.5,0.0,0.9,-0.0,42096.087946921434,0.0,0.1,-0.0,40398.49844842111
4590,2024-07-10,116.84,116.84,-1.1999999997729474,0.5842105263755402,140.20799997347117,42236.295946894905,0.0,0.1,-0.0,40398.49844842111
4591,2024-07-10,124.02,124.02,-1.8400000002270527,0.1,228.19680002815906,42464.49274692306,0.0,0.1,-0.0,40398.49844842111
4592,2024-07-10,108.54,108.54,0.0,0.1,-0.0,42464.49274692306,0.0,0.1,-0.0,40398.49844842111
4593,2024-07-10,101.5,101.5,0.0,0.1,-0.0,42464.49274692306,0.0,0.1,-0.0,40398.49844842111
4594,2024-07-10,100.35,100.35,2.0,0.575,-200.7,42263.79274692306,0.0,0.1,-0.0,40398.49844842111
4595,2024-07-10,99.02,99.02,1.3684210526315792,0.9,-135.50105263157897,42128.29169429148,0.0,0.1,-0.0,40398.49844842111
4596,2024-07-10,100.0,100.0,0.0,0.9,-0.0,42128.29169429148,0.0,0.1,-0.0,40398.49844842111
4597,2024-07-10,101.5,101.5,0.0,0.9,-0.0,42128.29169429148,2.0,0.575,-203.0,40195.49844842111
4598,2024-07-10,107.18,107.18,0.0,0.9,-0.0,42128.29169429148,1.3684210526315792,0.9,-146.66736842105266,40048.831080000054
4599,2024-07-10,109.65,109.65,0.0,0.9,-0.0,42128.29169429148,0.0,0.9,-0.0,40048.831080000054
4600,2024-07-10,110.71,110.71,0.0,0.9,-0.0,42128.29169429148,0.0,0.9,-0.0,40048.831080000054
4601,2024-07-10,139.6,139.6,0.0,0.9,-0.0,42128.29169429148,0.0,0.9,-0.0,40048.831080000054
4602,2024-07-10,169.89936,169.89936,-2.0,0.37368421052631584,339.79872,42468.09041429148,-2.0,0.37368421052631584,339.79872,40388.62980000005
4603,2024-07-10,164.75849,164.75849,-1.0400000000000003,0.1,171.34882960000004,42639.43924389148,-1.0400000000000003,0.1,171.34882960000004,40559.97862960005
4604,2024-07-10,157.47266,157.47266,0.0,0.1,-0.0,42639.43924389148,0.0,0.1,-0.0,40559.97862960005
4605,2024-07-10,130.0,130.0,0.0,0.1,-0.0,42639.43924389148,0.0,0.1,-0.0,40559.97862960005
4606,2024-07-10,110.84905,110.84905,0.0,0.1,-0.0,42639.43924389148,0.0,0.1,-0.0,40559.97862960005
4607,2024-07-11,112.65657,112.65657,0.0,0.1,-0.0,42639.43924389148,0.0,0.1,-0.0,40559.97862960005
4608,2024-07-11,105.19476,105.19476,0.0,0.1,-0.0,42639.43924389148,0.0,0.1,-0.0,40559.97862960005
4609,2024-07-11,103.9,103.9,2.0,0.575,-207.8,42431.63924389148,0.0,0.1,-0.0,40559.97862960005
4610,2024-07-11,104.06,104.06,0.0,0.575,-0.0,42431.63924389148,0.0,0.1,-0.0,40559.97862960005
4611,2024-07-11,103.65,103.65,1.3684210526315792,0.9,-141.8368421052632,42289.80240178621,0.0,0.1,-0.0,40559.97862960005
4612,2024-07-11,104.06,104.06,0.0,0.9,-0.0,42289.80240178621,0.0,0.1,-0.0,40559.97862960005
4613,2024-07-11,112.65,112.65,0.0,0.9,-0.0,42289.80240178621,0.0,0.1,-0.0,40559.97862960005
4614,2024-07-11,113.91912,113.91912,-1.1999999998415267,0.584210526357493,136.70294398194687,42426.50534576816,0.0,0.1,-0.0,40559.97862960005
4615,2024-07-11,115.12,115.12,-1.8400000001584735,0.1,211.8208000182435,42638.3261457864,0.0,0.1,-0.0,40559.97862960005
4616,2024-07-11,111.27,111.27,0.0,0.1,-0.0,42638.3261457864,0.0,0.1,-0.0,40559.97862960005
4617,2024-07-11,105.0,105.0,0.0,0.1,-0.0,42638.3261457864,0.0,0.1,-0.0,40559.97862960005
4618,2024-07-11,103.44,103.44,2.0,0.575,-206.88,42431.4461457864,0.0,0.1,-0.0,40559.97862960005
4619,2024-07-11,101.44,101.44,1.3684210526315792,0.9,-138.8126315789474,42292.63351420745,0.0,0.1,-0.0,40559.97862960005
4620,2024-07-11,103.9,103.9,0.0,0.9,-0.0,42292.63351420745,0.0,0.1,-0.0,40559.97862960005
4621,2024-07-11,105.44,105.44,0.0,0.9,-0.0,42292.63351420745,2.0,0.575,-210.88,40349.098629600056
4622,2024-07-11,105.0,105.0,0.0,0.9,-0.0,42292.63351420745,1.3684210526315792,0.9,-143.6842105263158,40205.41441907374
4623,2024-07-11,114.3,114.3,0.0,0.9,-0.0,42292.63351420745,0.0,0.9,-0.0,40205.41441907374
4624,2024-07-11,114.38,114.38,0.0,0.9,-0.0,42292.63351420745,0.0,0.9,-0.0,40205.41441907374
4625,2024-07-11,137.8,137.8,0.0,0.9,-0.0,42292.63351420745,0.0,0.9,-0.0,40205.41441907374
4626,2024-07-11,175.46524,175.46524,-1.2000000000672453,0.5842105262980933,210.5582880117992,42503.191802219255,-1.2,0.5842105263157895,210.55828799999998,40415.97270707374
4627,2024-07-11,183.72534,183.72534,-1.8399999999327548,0.1,338.0546255876453,42841.2464278069,-1.84,0.1,338.0546256,40754.027332673744
4628,2024-07-11,165.0,165.0,0.0,0.1,-0.0,42841.2464278069,0.0,0.1,-0.0,40754.027332673744
4629,2024-07-11,130.0513,130.0513,0.0,0.1,-0.0,42841.2464278069,0.0,0.1,-0.0,40754.027332673744
4630,2024-07-11,114.71962,114.71962,0.0,0.1,-0.0,42841.2464278069,0.0,0.1,-0.0,40754.027332673744
4631,2024-07-12,110.01193,110.01193,0.0,0.1,-0.0,42841.2464278069,0.0,0.1,-0.0,40754.027332673744
4632,2024-07-12,104.3519,104.3519,0.0,0.1,-0.0,42841.2464278069,0.0,0.1,-0.0,40754.027332673744
4633,2024-07-12,100.90616,100.90616,0.0,0.1,-0.0,42841.2464278069,0.0,0.1,-0.0,40754.027332673744
4634,2024-07-12,100.7751,100.7751,1.368421053436735,0.4250000001912245,-137.9027685021923,42703.34365930471,0.0,0.1,-0.0,40754.027332673744
4635,2024-07-12,99.9459,99.9459,1.9999999991948443,0.9,-199.89179991952798,42503.45185938518,0.0,0.1,-0.0,40754.027332673744
4636,2024-07-12,100.95738,100.95738,0.0,0.9,-0.0,42503.45185938518,2.0,0.575,-201.91476,40552.112572673745
4637,2024-07-12,103.41811,103.41811,0.0,0.9,-0.0,42503.45185938518,1.3684210526315792,0.9,-141.51951894736845,40410.59305372638
4638,2024-07-12,122.74,122.74,-2.0,0.37368421052631584,245.48,42748.931859385186,-1.2,0.5842105263157895,147.28799999999998,40557.88105372638
4639,2024-07-12,116.6,116.6,-1.0400000000000003,0.1,121.26400000000002,42870.19585938519,-1.2,0.268421052631579,139.92,40697.801053726376
4640,2024-07-12,113.28,113.28,0.0,0.1,-0.0,42870.19585938519,-0.6400000000000001,0.1,72.49920000000002,40770.300253726375
4641,2024-07-12,105.0,105.0,0.0,0.1,-0.0,42870.19585938519,0.0,0.1,-0.0,40770.300253726375
4642,2024-07-12,103.74,103.74,0.0,0.1,-0.0,42870.19585938519,0.0,0.1,-0.0,40770.300253726375
4643,2024-07-12,100.5,100.5,0.0,0.1,-0.0,42870.19585938519,0.0,0.1,-0.0,40770.300253726375
4644,2024-07-12,100.1,100.1,2.0,0.575,-200.2,42669.99585938519,0.0,0.1,-0.0,40770.300253726375
4645,2024-07-12,100.1,100.1,1.3684210526315792,0.9,-136.97894736842107,42533.01691201677,2.0,0.575,-200.2,40570.10025372638
4646,2024-07-12,103.0,103.0,0.0,0.9,-0.0,42533.01691201677,1.3684210526315792,0.9,-140.94736842105266,40429.152885305324
4647,2024-07-12,104.53,104.53,0.0,0.9,-0.0,42533.01691201677,0.0,0.9,-0.0,40429.152885305324
4648,2024-07-12,107.11076,107.11076,0.0,0.9,-0.0,42533.01691201677,0.0,0.9,-0.0,40429.152885305324
4649,2024-07-12,120.02009,120.02009,0.0,0.9,-0.0,42533.01691201677,0.0,0.9,-0.0,40429.152885305324
4650,2024-07-12,156.18066,156.18066,-2.0,0.37368421052631584,312.36132,42845.37823201677,-1.2,0.5842105263157895,187.416792,40616.56967730532
4651,2024-07-12,156.84079,156.84079,-1.0400000000000003,0.1,163.11442160000004,43008.49265361677,-1.84,0.1,288.5870536,40905.15673090532
4652,2024-07-12,148.19,148.19,0.0,0.1,-0.0,43008.49265361677,0.0,0.1,-0.0,40905.15673090532
4653,2024-07-12,122.71182,122.71182,0.10526315561882409,0.12499999945947073,-12.91703340492913,42995.57562021184,0.0,0.1,-0.0,40905.15673090532
4654,2024-07-12,108.86205,108.86205,2.0,0.5999999994594707,-217.7241,42777.85152021184,0.0,0.1,-0.0,40905.15673090532
4655,2024-07-13,134.69285,134.69285,-1.8999999979459887,0.1,255.91641472333936,43033.76793493518,0.0,0.1,-0.0,40905.15673090532
4656,2024-07-13,116.12772,116.12772,0.0,0.1,-0.0,43033.76793493518,0.0,0.1,-0.0,40905.15673090532
4657,2024-07-13,104.25305,104.25305,0.0,0.1,-0.0,43033.76793493518,0.0,0.1,-0.0,40905.15673090532
4658,2024-07-13,102.14604,102.14604,0.0,0.1,-0.0,43033.76793493518,0.0,0.1,-0.0,40905.15673090532
4659,2024-07-13,100.03704,100.03704,0.0,0.1,-0.0,43033.76793493518,0.0,0.1,-0.0,40905.15673090532
4660,2024-07-13,100.0,100.0,0.0,0.1,-0.0,43033.76793493518,0.0,0.1,-0.0,40905.15673090532
4661,2024-07-13,100.15802,100.15802,0.0,0.1,-0.0,43033.76793493518,0.0,0.1,-0.0,40905.15673090532
4662,2024-07-13,100.22216,100.22216,0.0,0.1,-0.0,43033.76793493518,0.0,0.1,-0.0,40905.15673090532
4663,2024-07-13,97.53,97.53,0.0,0.1,-0.0,43033.76793493518,0.0,0.1,-0.0,40905.15673090532
4664,2024-07-13,99.76118,99.76118,0.0,0.1,-0.0,43033.76793493518,0.0,0.1,-0.0,40905.15673090532
4665,2024-07-13,94.63761,94.63761,0.0,0.1,-0.0,43033.76793493518,0.0,0.1,-0.0,40905.15673090532
4666,2024-07-13,92.16888,92.16888,0.0,0.1,-0.0,43033.76793493518,0.0,0.1,-0.0,40905.15673090532
4667,2024-07-13,74.68674,74.68674,2.0,0.575,-149.37348,42884.39445493518,0.0,0.1,-0.0,40905.15673090532
4668,2024-07-13,86.69312,86.69312,1.3684210526315792,0.9,-118.6326905263158,42765.76176440887,0.0,0.1,-0.0,40905.15673090532
4669,2024-07-13,93.89205,93.89205,0.0,0.9,-0.0,42765.76176440887,0.0,0.1,-0.0,40905.15673090532
4670,2024-07-13,93.0,93.0,0.0,0.9,-0.0,42765.76176440887,2.0,0.575,-186.0,40719.15673090532
4671,2024-07-13,95.16,95.16,0.0,0.9,-0.0,42765.76176440887,1.3684210526315792,0.9,-130.21894736842108,40588.9377835369
4672,2024-07-13,99.51179,99.51179,0.0,0.9,-0.0,42765.76176440887,0.0,0.9,-0.0,40588.9377835369
4673,2024-07-13,115.30524,115.30524,0.0,0.9,-0.0,42765.76176440887,0.0,0.9,-0.0,40588.9377835369
4674,2024-07-13,153.39025,153.39025,-1.2000000234347084,0.584210520148761,184.0683035946558,42949.830068003525,-1.2,0.5842105263157895,184.0683,40773.0060835369
4675,2024-07-13,158.21655,158.21655,-1.8399999765652917,0.1,291.11844829224134,43240.948516295764,-1.84,0.1,291.11845200000005,41064.1245355369
4676,2024-07-13,152.27311,152.27311,0.0,0.1,-0.0,43240.948516295764,0.0,0.1,-0.0,41064.1245355369
4677,2024-07-13,142.58086,142.58086,0.0,0.1,-0.0,43240.948516295764,0.0,0.1,-0.0,41064.1245355369
4678,2024-07-13,122.41472,122.41472,0.0,0.1,-0.0,43240.948516295764,0.0,0.1,-0.0,41064.1245355369
4679,2024-07-14,119.21439,119.21439,0.0,0.1,-0.0,43240.948516295764,0.0,0.1,-0.0,41064.1245355369
4680,2024-07-14,115.44378,115.44378,0.0,0.1,-0.0,43240.948516295764,0.0,0.1,-0.0,41064.1245355369
4681,2024-07-14,98.21346,98.21346,0.0,0.1,-0.0,43240.948516295764,0.0,0.1,-0.0,41064.1245355369
4682,2024-07-14,92.17657,92.17657,0.0,0.1,-0.0,43240.948516295764,0.0,0.1,-0.0,41064.1245355369
4683,2024-07-14,90.23439,90.23439,0.0,0.1,-0.0,43240.948516295764,0.0,0.1,-0.0,41064.1245355369
4684,2024-07-14,90.16389,90.16389,0.0,0.1,-0.0,43240.948516295764,0.0,0.1,-0.0,41064.1245355369
4685,2024-07-14,90.14641,90.14641,2.0,0.575,-180.29282,43060.65569629576,0.0,0.1,-0.0,41064.1245355369
4686,2024-07-14,95.47108,95.47108,1.3684210526315792,0.9,-130.6446357894737,42930.01106050629,0.0,0.1,-0.0,41064.1245355369
4687,2024-07-14,98.0,98.0,0.0,0.9,-0.0,42930.01106050629,0.0,0.1,-0.0,41064.1245355369
4688,2024-07-14,96.0,96.0,0.0,0.9,-0.0,42930.01106050629,0.0,0.1,-0.0,41064.1245355369
4689,2024-07-14,100.0,100.0,0.0,0.9,-0.0,42930.01106050629,0.0,0.1,-0.0,41064.1245355369
4690,2024-07-14,98.83,98.83,0.0,0.9,-0.0,42930.01106050629,0.0,0.1,-0.0,41064.1245355369
4691,2024-07-14,100.0,100.0,0.0,0.9,-0.0,42930.01106050629,0.0,0.1,-0.0,41064.1245355369
4692,2024-07-14,100.0,100.0,0.0,0.9,-0.0,42930.01106050629,0.0,0.1,-0.0,41064.1245355369
4693,2024-07-14,100.0,100.0,0.0,0.9,-0.0,42930.01106050629,0.0,0.1,-0.0,41064.1245355369
4694,2024-07-14,100.1,100.1,0.0,0.9,-0.0,42930.01106050629,2.0,0.575,-200.2,40863.924535536906
4695,2024-07-14,97.0,97.0,0.0,0.9,-0.0,42930.01106050629,1.3684210526315792,0.9,-132.73684210526318,40731.187693431646
4696,2024-07-14,100.1,100.1,0.0,0.9,-0.0,42930.01106050629,0.0,0.9,-0.0,40731.187693431646
4697,2024-07-14,114.61699,114.61699,0.0,0.9,-0.0,42930.01106050629,0.0,0.9,-0.0,40731.187693431646
4698,2024-07-14,148.60205,148.60205,0.0,0.9,-0.0,42930.01106050629,0.0,0.9,-0.0,40731.187693431646
4699,2024-07-14,170.37656,170.37656,-2.0,0.37368421052631584,340.75312,43270.76418050629,-2.0,0.37368421052631584,340.75312,41071.94081343165
4700,2024-07-14,172.16849,172.16849,-1.0400000000000003,0.1,179.05522960000005,43449.81941010629,-1.0400000000000003,0.1,179.05522960000005,41250.99604303165
4701,2024-07-14,150.19185,150.19185,0.0,0.1,-0.0,43449.81941010629,0.0,0.1,-0.0,41250.99604303165
4702,2024-07-14,127.50356,127.50356,0.0,0.1,-0.0,43449.81941010629,0.0,0.1,-0.0,41250.99604303165
4703,2024-07-15,121.16279,121.16279,0.0,0.1,-0.0,43449.81941010629,0.0,0.1,-0.0,41250.99604303165
4704,2024-07-15,110.03656,110.03656,0.0,0.1,-0.0,43449.81941010629,0.0,0.1,-0.0,41250.99604303165
4705,2024-07-15,100.93,100.93,0.0,0.1,-0.0,43449.81941010629,0.0,0.1,-0.0,41250.99604303165
4706,2024-07-15,90.68578,90.68578,2.0,0.575,-181.37156,43268.44785010629,2.0,0.575,-181.37156,41069.62448303165
4707,2024-07-15,92.90421,92.90421,1.3684210526315792,0.9,-127.13207684210529,43141.315773264185,1.3684210526315792,0.9,-127.13207684210529,40942.49240618954
4708,2024-07-15,106.67366,106.67366,0.0,0.9,-0.0,43141.315773264185,0.0,0.9,-0.0,40942.49240618954
4709,2024-07-15,106.08593,106.08593,0.0,0.9,-0.0,43141.315773264185,0.0,0.9,-0.0,40942.49240618954
4710,2024-07-15,123.09348,123.09348,-2.0,0.37368421052631584,246.18696,43387.502733264184,-1.2,0.5842105263157895,147.712176,41090.204582189544
4711,2024-07-15,115.14,115.14,-1.0400000000000003,0.1,119.74560000000002,43507.248333264186,-1.2,0.268421052631579,138.168,41228.37258218954
4712,2024-07-15,105.83,105.83,0.0,0.1,-0.0,43507.248333264186,-0.6400000000000001,0.1,67.73120000000002,41296.103782189544
4713,2024-07-15,105.58,105.58,0.0,0.1,-0.0,43507.248333264186,0.0,0.1,-0.0,41296.103782189544
4714,2024-07-15,104.56,104.56,0.0,0.1,-0.0,43507.248333264186,0.0,0.1,-0.0,41296.103782189544
4715,2024-07-15,100.1,100.1,0.0,0.1,-0.0,43507.248333264186,0.0,0.1,-0.0,41296.103782189544
4716,2024-07-15,101.0,101.0,2.0,0.575,-202.0,43305.248333264186,0.0,0.1,-0.0,41296.103782189544
4717,2024-07-15,103.14,103.14,1.3684210526315792,0.9,-141.13894736842107,43164.10938589577,0.0,0.1,-0.0,41296.103782189544
4718,2024-07-15,104.25,104.25,0.0,0.9,-0.0,43164.10938589577,2.0,0.575,-208.5,41087.603782189544
4719,2024-07-15,105.58,105.58,0.0,0.9,-0.0,43164.10938589577,1.3684210526315792,0.9,-144.47789473684213,40943.125887452705
4720,2024-07-15,107.45,107.45,0.0,0.9,-0.0,43164.10938589577,0.0,0.9,-0.0,40943.125887452705
4721,2024-07-15,117.381,117.381,0.0,0.9,-0.0,43164.10938589577,0.0,0.9,-0.0,40943.125887452705
4722,2024-07-15,164.74004,164.74004,-1.1899999988207148,0.586842105573496,196.0406474057245,43360.15003330149,-1.2,0.5842105263157895,197.68804799999998,41140.81393545271
4723,2024-07-15,173.46228,173.46228,-1.850000001179285,0.1,320.90521820456144,43681.055251506055,-1.84,0.1,319.1705952,41459.984530652706
4724,2024-07-15,164.64138,164.64138,0.0,0.1,-0.0,43681.055251506055,0.0,0.1,-0.0,41459.984530652706
4725,2024-07-15,143.46197,143.46197,0.0,0.1,-0.0,43681.055251506055,0.0,0.1,-0.0,41459.984530652706
4726,2024-07-15,123.54866,123.54866,0.0,0.1,-0.0,43681.055251506055,0.0,0.1,-0.0,41459.984530652706
4727,2024-07-16,111.85582,111.85582,0.0,0.1,-0.0,43681.055251506055,0.0,0.1,-0.0,41459.984530652706
4728,2024-07-16,105.10563,105.10563,0.0,0.1,-0.0,43681.055251506055,0.0,0.1,-0.0,41459.984530652706
4729,2024-07-16,100.48862,100.48862,0.0,0.1,-0.0,43681.055251506055,0.0,0.1,-0.0,41459.984530652706
4730,2024-07-16,100.1,100.1,0.5242421478081145,0.2245075101044272,-52.47663899559226,43628.578612510464,0.0,0.1,-0.0,41459.984530652706
4731,2024-07-16,100.1,100.1,0.9174263345266568,0.4423962645545082,-91.83437608611834,43536.74423642435,0.0,0.1,-0.0,41459.984530652706
4732,2024-07-16,100.1,100.1,1.9267525702968078,0.9,-192.86793228671044,43343.87630413764,0.0,0.1,-0.0,41459.984530652706
4733,2024-07-16,103.14,103.14,0.0,0.9,-0.0,43343.87630413764,0.0,0.1,-0.0,41459.984530652706
4734,2024-07-16,104.43162,104.43162,0.0,0.9,-0.0,43343.87630413764,0.0,0.1,-0.0,41459.984530652706
4735,2024-07-16,105.0,105.0,0.0,0.9,-0.0,43343.87630413764,0.0,0.1,-0.0,41459.984530652706
4736,2024-07-16,103.89,103.89,0.0,0.9,-0.0,43343.87630413764,0.0,0.1,-0.0,41459.984530652706
4737,2024-07-16,102.0,102.0,0.0,0.9,-0.0,43343.87630413764,0.0,0.1,-0.0,41459.984530652706
4738,2024-07-16,103.14,103.14,0.0,0.9,-0.0,43343.87630413764,0.0,0.1,-0.0,41459.984530652706
4739,2024-07-16,100.1,100.1,0.0,0.9,-0.0,43343.87630413764,0.0,0.1,-0.0,41459.984530652706
4740,2024-07-16,102.3,102.3,0.0,0.9,-0.0,43343.87630413764,0.0,0.1,-0.0,41459.984530652706
4741,2024-07-16,103.33,103.33,0.0,0.9,-0.0,43343.87630413764,2.0,0.575,-206.66,41253.3245306527
4742,2024-07-16,106.75,106.75,0.0,0.9,-0.0,43343.87630413764,1.3684210526315792,0.9,-146.07894736842107,41107.24558328428
4743,2024-07-16,108.27,108.27,0.0,0.9,-0.0,43343.87630413764,0.0,0.9,-0.0,41107.24558328428
4744,2024-07-16,117.22,117.22,0.0,0.9,-0.0,43343.87630413764,0.0,0.9,-0.0,41107.24558328428
4745,2024-07-16,152.44473,152.44473,0.0,0.9,-0.0,43343.87630413764,0.0,0.9,-0.0,41107.24558328428
4746,2024-07-16,179.42005,179.42005,-2.0,0.37368421052631584,358.8401,43702.71640413764,-2.0,0.37368421052631584,358.8401,41466.085683284284
4747,2024-07-16,181.81042,181.81042,-1.0400000000000003,0.1,189.08283680000005,43891.79924093764,-1.0400000000000003,0.1,189.08283680000005,41655.168520084284
4748,2024-07-16,171.52774,171.52774,0.0,0.1,-0.0,43891.79924093764,0.0,0.1,-0.0,41655.168520084284
4749,2024-07-16,160.0278,160.0278,0.0,0.1,-0.0,43891.79924093764,0.0,0.1,-0.0,41655.168520084284
4750,2024-07-16,117.24927,117.24927,0.0,0.1,-0.0,43891.79924093764,0.0,0.1,-0.0,41655.168520084284
4751,2024-07-17,112.28898,112.28898,0.0,0.1,-0.0,43891.79924093764,0.0,0.1,-0.0,41655.168520084284
4752,2024-07-17,107.0,107.0,0.0,0.1,-0.0,43891.79924093764,0.0,0.1,-0.0,41655.168520084284
4753,2024-07-17,106.72,106.72,0.0,0.1,-0.0,43891.79924093764,0.0,0.1,-0.0,41655.168520084284
4754,2024-07-17,107.0,107.0,0.0,0.1,-0.0,43891.79924093764,0.0,0.1,-0.0,41655.168520084284
4755,2024-07-17,104.77,104.77,0.0,0.1,-0.0,43891.79924093764,0.0,0.1,-0.0,41655.168520084284
4756,2024-07-17,104.0,104.0,2.0,0.575,-208.0,43683.79924093764,0.0,0.1,-0.0,41655.168520084284
4757,2024-07-17,108.77,108.77,1.3684210526315792,0.9,-148.84315789473686,43534.9560830429,0.0,0.1,-0.0,41655.168520084284
4758,2024-07-17,109.58682,109.58682,0.0,0.9,-0.0,43534.9560830429,0.0,0.1,-0.0,41655.168520084284
4759,2024-07-17,111.83,111.83,-2.0,0.37368421052631584,223.66,43758.61608304291,0.0,0.1,-0.0,41655.168520084284
4760,2024-07-17,110.0,110.0,-1.0400000000000003,0.1,114.40000000000003,43873.01608304291,0.0,0.1,-0.0,41655.168520084284
4761,2024-07-17,106.99,106.99,0.0,0.1,-0.0,43873.01608304291,0.0,0.1,-0.0,41655.168520084284
4762,2024-07-17,106.28,106.28,0.0,0.1,-0.0,43873.01608304291,0.0,0.1,-0.0,41655.168520084284
4763,2024-07-17,101.25,101.25,2.0,0.575,-202.5,43670.51608304291,0.0,0.1,-0.0,41655.168520084284
4764,2024-07-17,104.8,104.8,0.2212031144161003,0.6275357396738238,-23.18208639080731,43647.3339966521,2.0,0.575,-209.6,41445.568520084285
4765,2024-07-17,104.8,104.8,1.1472179382154788,0.9,-120.22843992498217,43527.10555672712,1.3684210526315792,0.9,-143.4105263157895,41302.157993768495
4766,2024-07-17,108.77,108.77,0.0,0.9,-0.0,43527.10555672712,0.0,0.9,-0.0,41302.157993768495
4767,2024-07-17,114.83558,114.83558,0.0,0.9,-0.0,43527.10555672712,0.0,0.9,-0.0,41302.157993768495
4768,2024-07-17,131.58,131.58,0.0,0.9,-0.0,43527.10555672712,0.0,0.9,-0.0,41302.157993768495
4769,2024-07-17,165.62867,165.62867,0.0,0.9,-0.0,43527.10555672712,0.0,0.9,-0.0,41302.157993768495
4770,2024-07-17,185.50157,185.50157,-2.0,0.37368421052631584,371.00314,43898.10869672712,-1.2,0.5842105263157895,222.60188399999998,41524.7598777685
4771,2024-07-17,185.58317,185.58317,-1.0400000000000003,0.1,193.00649680000004,44091.11519352712,-1.84,0.1,341.4730328,41866.2329105685
4772,2024-07-17,174.30605,174.30605,0.0,0.1,-0.0,44091.11519352712,0.0,0.1,-0.0,41866.2329105685
4773,2024-07-17,162.26908,162.26908,0.0,0.1,-0.0,44091.11519352712,0.0,0.1,-0.0,41866.2329105685
4774,2024-07-17,148.94761,148.94761,0.0,0.1,-0.0,44091.11519352712,0.0,0.1,-0.0,41866.2329105685
4775,2024-07-18,118.82485,118.82485,0.0,0.1,-0.0,44091.11519352712,0.0,0.1,-0.0,41866.2329105685
4776,2024-07-18,106.33708,106.33708,0.0,0.1,-0.0,44091.11519352712,0.0,0.1,-0.0,41866.2329105685
4777,2024-07-18,106.51962,106.51962,0.0,0.1,-0.0,44091.11519352712,0.0,0.1,-0.0,41866.2329105685
4778,2024-07-18,103.40265,103.40265,0.0,0.1,-0.0,44091.11519352712,0.0,0.1,-0.0,41866.2329105685
4779,2024-07-18,100.01,100.01,2.0,0.575,-200.02,43891.09519352712,0.0,0.1,-0.0,41866.2329105685
4780,2024-07-18,102.71,102.71,1.3684210526315792,0.9,-140.55052631578948,43750.54466721133,0.0,0.1,-0.0,41866.2329105685
4781,2024-07-18,109.38,109.38,0.0,0.9,-0.0,43750.54466721133,0.0,0.1,-0.0,41866.2329105685
4782,2024-07-18,113.68327,113.68327,-2.0,0.37368421052631584,227.36654,43977.911207211335,0.0,0.1,-0.0,41866.2329105685
4783,2024-07-18,113.26,113.26,-1.0400000000000003,0.1,117.79040000000003,44095.70160721133,0.0,0.1,-0.0,41866.2329105685
4784,2024-07-18,109.74544,109.74544,0.0,0.1,-0.0,44095.70160721133,0.0,0.1,-0.0,41866.2329105685
4785,2024-07-18,106.64592,106.64592,0.0,0.1,-0.0,44095.70160721133,0.0,0.1,-0.0,41866.2329105685
4786,2024-07-18,103.93357,103.93357,1.3684210820679972,0.42500000699114937,-142.22488832258992,43953.47671888874,0.0,0.1,-0.0,41866.2329105685
4787,2024-07-18,102.52084,102.52084,1.9999999705635818,0.9,-205.0416769821537,43748.43504190659,0.0,0.1,-0.0,41866.2329105685
4788,2024-07-18,103.98532,103.98532,0.0,0.9,-0.0,43748.43504190659,0.0,0.1,-0.0,41866.2329105685
4789,2024-07-18,105.98,105.98,0.0,0.9,-0.0,43748.43504190659,2.0,0.575,-211.96,41654.2729105685
4790,2024-07-18,106.13,106.13,0.0,0.9,-0.0,43748.43504190659,1.3684210526315792,0.9,-145.2305263157895,41509.04238425271
4791,2024-07-18,108.8209,108.8209,0.0,0.9,-0.0,43748.43504190659,0.0,0.9,-0.0,41509.04238425271
4792,2024-07-18,117.17857,117.17857,0.0,0.9,-0.0,43748.43504190659,0.0,0.9,-0.0,41509.04238425271
4793,2024-07-18,161.39514,161.39514,0.0,0.9,-0.0,43748.43504190659,0.0,0.9,-0.0,41509.04238425271
4794,2024-07-18,185.90435,185.90435,-2.0,0.37368421052631584,371.8087,44120.24374190659,-1.2,0.5842105263157895,223.08522,41732.12760425271
4795,2024-07-18,184.48981,184.48981,-1.0400000000000003,0.1,191.86940240000004,44312.11314430659,-1.84,0.1,339.46125040000004,42071.58885465271
4796,2024-07-18,183.95487,183.95487,0.0,0.1,-0.0,44312.11314430659,0.0,0.1,-0.0,42071.58885465271
4797,2024-07-18,152.21579,152.21579,0.0,0.1,-0.0,44312.11314430659,0.0,0.1,-0.0,42071.58885465271
4798,2024-07-18,119.40847,119.40847,0.0,0.1,-0.0,44312.11314430659,0.0,0.1,-0.0,42071.58885465271
4799,2024-07-19,111.7316,111.7316,0.0,0.1,-0.0,44312.11314430659,0.0,0.1,-0.0,42071.58885465271
4800,2024-07-19,105.34432,105.34432,0.0,0.1,-0.0,44312.11314430659,0.0,0.1,-0.0,42071.58885465271
4801,2024-07-19,100.442,100.442,2.0,0.575,-200.884,44111.22914430659,0.0,0.1,-0.0,42071.58885465271
4802,2024-07-19,101.34205,101.34205,1.3684210526315792,0.9,-138.67859473684214,43972.55054956975,0.0,0.1,-0.0,42071.58885465271
4803,2024-07-19,101.27841,101.27841,0.0,0.9,-0.0,43972.55054956975,0.0,0.1,-0.0,42071.58885465271
4804,2024-07-19,101.08338,101.08338,0.0,0.9,-0.0,43972.55054956975,0.0,0.1,-0.0,42071.58885465271
4805,2024-07-19,109.28,109.28,0.0,0.9,-0.0,43972.55054956975,0.0,0.1,-0.0,42071.58885465271
4806,2024-07-19,108.67365,108.67365,0.0,0.9,-0.0,43972.55054956975,0.0,0.1,-0.0,42071.58885465271
4807,2024-07-19,110.32555,110.32555,0.0,0.9,-0.0,43972.55054956975,0.0,0.1,-0.0,42071.58885465271
4808,2024-07-19,109.312,109.312,-2.0,0.37368421052631584,218.624,44191.174549569754,0.0,0.1,-0.0,42071.58885465271
4809,2024-07-19,103.7,103.7,0.0,0.37368421052631584,-0.0,44191.174549569754,0.0,0.1,-0.0,42071.58885465271
4810,2024-07-19,101.20413,101.20413,2.0,0.8486842105263158,-202.40826,43988.76628956976,0.0,0.1,-0.0,42071.58885465271
4811,2024-07-19,102.31621,102.31621,0.21606648199445982,0.9,-22.10710354570637,43966.65918602405,0.0,0.1,-0.0,42071.58885465271
4812,2024-07-19,106.85127,106.85127,0.0,0.9,-0.0,43966.65918602405,0.0,0.1,-0.0,42071.58885465271
4813,2024-07-19,107.5069,107.5069,0.0,0.9,-0.0,43966.65918602405,2.0,0.575,-215.0138,41856.57505465271
4814,2024-07-19,108.85763,108.85763,0.0,0.9,-0.0,43966.65918602405,1.3684210526315792,0.9,-148.96307263157897,41707.61198202113
4815,2024-07-19,119.28,119.28,0.0,0.9,-0.0,43966.65918602405,0.0,0.9,-0.0,41707.61198202113
4816,2024-07-19,119.99,119.99,0.0,0.9,-0.0,43966.65918602405,0.0,0.9,-0.0,41707.61198202113
4817,2024-07-19,137.54938,137.54938,0.0,0.9,-0.0,43966.65918602405,0.0,0.9,-0.0,41707.61198202113
4818,2024-07-19,174.03296,174.03296,-2.0,0.37368421052631584,348.06592,44314.72510602405,-1.2,0.5842105263157895,208.839552,41916.45153402113
4819,2024-07-19,177.03487,177.03487,-1.0400000000000003,0.1,184.11626480000007,44498.841370824055,-1.84,0.1,325.74416080000003,42242.19569482113
4820,2024-07-19,166.35685,166.35685,0.0,0.1,-0.0,44498.841370824055,0.0,0.1,-0.0,42242.19569482113
4821,2024-07-19,135.58802,135.58802,0.0,0.1,-0.0,44498.841370824055,0.0,0.1,-0.0,42242.19569482113
4822,2024-07-19,116.33389,116.33389,0.0,0.1,-0.0,44498.841370824055,0.0,0.1,-0.0,42242.19569482113
4823,2024-07-20,116.57061,116.57061,0.0,0.1,-0.0,44498.841370824055,0.0,0.1,-0.0,42242.19569482113
4824,2024-07-20,115.34,115.34,0.0,0.1,-0.0,44498.841370824055,0.0,0.1,-0.0,42242.19569482113
4825,2024-07-20,105.90604,105.90604,0.0,0.1,-0.0,44498.841370824055,0.0,0.1,-0.0,42242.19569482113
4826,2024-07-20,104.77466,104.77466,0.0,0.1,-0.0,44498.841370824055,0.0,0.1,-0.0,42242.19569482113
4827,2024-07-20,103.23707,103.23707,0.0,0.1,-0.0,44498.841370824055,0.0,0.1,-0.0,42242.19569482113
4828,2024-07-20,102.65217,102.65217,0.0,0.1,-0.0,44498.841370824055,0.0,0.1,-0.0,42242.19569482113
4829,2024-07-20,101.7,101.7,0.0,0.1,-0.0,44498.841370824055,0.0,0.1,-0.0,42242.19569482113
4830,2024-07-20,102.34,102.34,0.0,0.1,-0.0,44498.841370824055,0.0,0.1,-0.0,42242.19569482113
4831,2024-07-20,100.46326,100.46326,0.0,0.1,-0.0,44498.841370824055,0.0,0.1,-0.0,42242.19569482113
4832,2024-07-20,99.53821,99.53821,0.0,0.1,-0.0,44498.841370824055,0.0,0.1,-0.0,42242.19569482113
4833,2024-07-20,99.20799,99.20799,0.0,0.1,-0.0,44498.841370824055,0.0,0.1,-0.0,42242.19569482113
4834,2024-07-20,94.70045,94.70045,0.0,0.1,-0.0,44498.841370824055,0.0,0.1,-0.0,42242.19569482113
4835,2024-07-20,93.96,93.96,0.0,0.1,-0.0,44498.841370824055,0.0,0.1,-0.0,42242.19569482113
4836,2024-07-20,91.0,91.0,2.0,0.575,-182.0,44316.841370824055,0.0,0.1,-0.0,42242.19569482113
4837,2024-07-20,92.06156,92.06156,1.3684210526315792,0.9,-125.97897684210528,44190.86239398195,2.0,0.575,-184.12312,42058.07257482113
4838,2024-07-20,93.14082,93.14082,0.0,0.9,-0.0,44190.86239398195,1.3684210526315792,0.9,-127.45585894736845,41930.616715873766
4839,2024-07-20,99.83213,99.83213,0.0,0.9,-0.0,44190.86239398195,0.0,0.9,-0.0,41930.616715873766
4840,2024-07-20,102.34297,102.34297,0.0,0.9,-0.0,44190.86239398195,0.0,0.9,-0.0,41930.616715873766
4841,2024-07-20,112.85037,112.85037,0.0,0.9,-0.0,44190.86239398195,0.0,0.9,-0.0,41930.616715873766
4842,2024-07-20,161.25927,161.25927,0.0,0.9,-0.0,44190.86239398195,-1.2,0.5842105263157895,193.51112399999997,42124.12783987376
4843,2024-07-20,168.83426,168.83426,-2.0,0.37368421052631584,337.66852,44528.53091398195,-1.84,0.1,310.6550384,42434.78287827376
4844,2024-07-20,160.51497,160.51497,-1.0400000000000003,0.1,166.93556880000006,44695.46648278195,0.0,0.1,-0.0,42434.78287827376
4845,2024-07-20,127.55642,127.55642,0.0,0.1,-0.0,44695.46648278195,0.0,0.1,-0.0,42434.78287827376
4846,2024-07-20,108.69343,108.69343,0.0,0.1,-0.0,44695.46648278195,0.0,0.1,-0.0,42434.78287827376
4847,2024-07-21,103.82563,103.82563,0.0,0.1,-0.0,44695.46648278195,0.0,0.1,-0.0,42434.78287827376
4848,2024-07-21,107.6998,107.6998,0.0,0.1,-0.0,44695.46648278195,0.0,0.1,-0.0,42434.78287827376
4849,2024-07-21,96.14231,96.14231,2.0,0.575,-192.28462,44503.18186278195,2.0,0.575,-192.28462,42242.498258273765
4850,2024-07-21,101.55614,101.55614,0.0,0.575,-0.0,44503.18186278195,-1.2,0.25921052631578945,121.867368,42364.365626273764
4851,2024-07-21,104.56,104.56,-1.805,0.1,188.7308,44691.91266278195,-0.6049999999999999,0.1,63.25879999999999,42427.62442627377
4852,2024-07-21,98.8405,98.8405,0.0,0.1,-0.0,44691.91266278195,0.0,0.1,-0.0,42427.62442627377
4853,2024-07-21,96.71,96.71,0.0,0.1,-0.0,44691.91266278195,0.0,0.1,-0.0,42427.62442627377
4854,2024-07-21,93.31911,93.31911,0.0,0.1,-0.0,44691.91266278195,0.0,0.1,-0.0,42427.62442627377
4855,2024-07-21,86.66,86.66,0.0,0.1,-0.0,44691.91266278195,0.0,0.1,-0.0,42427.62442627377
4856,2024-07-21,92.6288,92.6288,0.0,0.1,-0.0,44691.91266278195,0.0,0.1,-0.0,42427.62442627377
4857,2024-07-21,74.25563,74.25563,1.3684210526315863,0.4250000000000017,-101.6129673684216,44590.29969541353,0.0,0.1,-0.0,42427.62442627377
4858,2024-07-21,65.15788,65.15788,1.999999999999993,0.9,-130.31575999999956,44459.98393541353,0.0,0.1,-0.0,42427.62442627377
4859,2024-07-21,81.11,81.11,0.0,0.9,-0.0,44459.98393541353,0.0,0.1,-0.0,42427.62442627377
4860,2024-07-21,85.41,85.41,0.0,0.9,-0.0,44459.98393541353,0.0,0.1,-0.0,42427.62442627377
4861,2024-07-21,86.54,86.54,0.0,0.9,-0.0,44459.98393541353,0.0,0.1,-0.0,42427.62442627377
4862,2024-07-21,82.87,82.87,0.0,0.9,-0.0,44459.98393541353,2.0,0.575,-165.74,42261.88442627377
4863,2024-07-21,85.10177,85.10177,0.0,0.9,-0.0,44459.98393541353,1.3684210526315792,0.9,-116.45505368421055,42145.42937258956
4864,2024-07-21,90.42657,90.42657,0.0,0.9,-0.0,44459.98393541353,0.0,0.9,-0.0,42145.42937258956
4865,2024-07-21,98.82366,98.82366,0.0,0.9,-0.0,44459.98393541353,0.0,0.9,-0.0,42145.42937258956
4866,2024-07-21,113.40333,113.40333,0.0,0.9,-0.0,44459.98393541353,0.0,0.9,-0.0,42145.42937258956
4867,2024-07-21,135.16,135.16,-2.0,0.37368421052631584,270.32,44730.30393541353,-2.0,0.37368421052631584,270.32,42415.74937258956
4868,2024-07-21,139.51428,139.51428,-1.0400000000000003,0.1,145.09485120000005,44875.398786613536,-1.0400000000000003,0.1,145.09485120000005,42560.844223789565
4869,2024-07-21,111.59737,111.59737,0.0,0.1,-0.0,44875.398786613536,0.0,0.1,-0.0,42560.844223789565
4870,2024-07-21,99.16853,99.16853,2.0,0.575,-198.33706,44677.06172661354,0.0,0.1,-0.0,42560.844223789565
4871,2024-07-22,110.22512,110.22512,-1.805,0.1,198.9563416,44876.01806821354,0.0,0.1,-0.0,42560.844223789565
4872,2024-07-22,99.44676,99.44676,0.0,0.1,-0.0,44876.01806821354,0.0,0.1,-0.0,42560.844223789565
4873,2024-07-22,98.27934,98.27934,2.0,0.575,-196.55868,44679.45938821354,0.0,0.1,-0.0,42560.844223789565
4874,2024-07-22,95.59326,95.59326,1.3684210526315792,0.9,-130.81182947368424,44548.64755873985,2.0,0.575,-191.18652,42369.65770378956
4875,2024-07-22,97.36991,97.36991,0.0,0.9,-0.0,44548.64755873985,1.3684210526315792,0.9,-133.24303473684213,42236.41466905272
4876,2024-07-22,101.85303,101.85303,0.0,0.9,-0.0,44548.64755873985,0.0,0.9,-0.0,42236.41466905272
4877,2024-07-22,112.61,112.61,0.0,0.9,-0.0,44548.64755873985,0.0,0.9,-0.0,42236.41466905272
4878,2024-07-22,123.8,123.8,0.0,0.9,-0.0,44548.64755873985,0.0,0.9,-0.0,42236.41466905272
4879,2024-07-22,123.8,123.8,-2.0,0.37368421052631584,247.6,44796.24755873985,-1.2,0.5842105263157895,148.56,42384.97466905272
4880,2024-07-22,120.0,120.0,-1.0400000000000003,0.1,124.80000000000003,44921.047558739854,-1.8,0.1105263157894737,216.0,42600.97466905272
4881,2024-07-22,112.61,112.61,0.0,0.1,-0.0,44921.047558739854,-0.040000000000000015,0.1,4.504400000000001,42605.479069052715
4882,2024-07-22,108.04,108.04,0.0,0.1,-0.0,44921.047558739854,0.0,0.1,-0.0,42605.479069052715
4883,2024-07-22,101.28832,101.28832,2.0,0.575,-202.57664,44718.470918739855,0.0,0.1,-0.0,42605.479069052715
4884,2024-07-22,102.659,102.659,1.3684210526315792,0.9,-140.4807368421053,44577.99018189775,0.0,0.1,-0.0,42605.479069052715
4885,2024-07-22,105.15979,105.15979,0.0,0.9,-0.0,44577.99018189775,2.0,0.575,-210.31958,42395.15948905271
4886,2024-07-22,107.59,107.59,0.0,0.9,-0.0,44577.99018189775,1.3684210526315792,0.9,-147.2284210526316,42247.93106800008
4887,2024-07-22,108.81,108.81,0.0,0.9,-0.0,44577.99018189775,0.0,0.9,-0.0,42247.93106800008
4888,2024-07-22,112.61,112.61,0.0,0.9,-0.0,44577.99018189775,0.0,0.9,-0.0,42247.93106800008
4889,2024-07-22,142.45,142.45,0.0,0.9,-0.0,44577.99018189775,0.0,0.9,-0.0,42247.93106800008
4890,2024-07-22,161.76608,161.76608,-1.2001329145885449,0.5841755487924882,194.1407970719637,44772.13097896972,-2.0,0.37368421052631584,323.53216,42571.46322800008
4891,2024-07-22,168.20481,168.20481,-1.8398670854114554,0.1,309.4744935268876,45081.60547249661,-1.0400000000000003,0.1,174.93300240000005,42746.39623040008
4892,2024-07-22,149.59365,149.59365,0.0,0.1,-0.0,45081.60547249661,0.0,0.1,-0.0,42746.39623040008
4893,2024-07-22,111.13271,111.13271,0.0,0.1,-0.0,45081.60547249661,0.0,0.1,-0.0,42746.39623040008
4894,2024-07-22,105.1937,105.1937,0.0,0.1,-0.0,45081.60547249661,0.0,0.1,-0.0,42746.39623040008
4895,2024-07-23,105.43159,105.43159,0.0,0.1,-0.0,45081.60547249661,0.0,0.1,-0.0,42746.39623040008
4896,2024-07-23,103.57913,103.57913,0.0,0.1,-0.0,45081.60547249661,0.0,0.1,-0.0,42746.39623040008
4897,2024-07-23,100.91345,100.91345,0.0,0.1,-0.0,45081.60547249661,0.0,0.1,-0.0,42746.39623040008
4898,2024-07-23,100.0,100.0,0.0,0.1,-0.0,45081.60547249661,0.0,0.1,-0.0,42746.39623040008
4899,2024-07-23,96.36,96.36,2.0,0.575,-192.72,44888.88547249661,0.0,0.1,-0.0,42746.39623040008
4900,2024-07-23,99.04771,99.04771,1.3684210526315792,0.9,-135.53897157894738,44753.34650091766,0.0,0.1,-0.0,42746.39623040008
4901,2024-07-23,105.0,105.0,0.0,0.9,-0.0,44753.34650091766,0.0,0.1,-0.0,42746.39623040008
4902,2024-07-23,115.21047,115.21047,-1.1999999993095687,0.584210526497482,138.2525639204551,44891.59906483811,0.0,0.1,-0.0,42746.39623040008
4903,2024-07-23,122.0602,122.0602,-1.8400000006904313,0.1,224.59076808427417,45116.189832922384,0.0,0.1,-0.0,42746.39623040008
4904,2024-07-23,106.77,106.77,0.0,0.1,-0.0,45116.189832922384,0.0,0.1,-0.0,42746.39623040008
4905,2024-07-23,100.8,100.8,0.0,0.1,-0.0,45116.189832922384,0.0,0.1,-0.0,42746.39623040008
4906,2024-07-23,99.0,99.0,2.0,0.575,-198.0,44918.189832922384,0.0,0.1,-0.0,42746.39623040008
4907,2024-07-23,97.79,97.79,1.3684210526315792,0.9,-133.81789473684213,44784.37193818554,0.0,0.1,-0.0,42746.39623040008
4908,2024-07-23,99.99,99.99,0.0,0.9,-0.0,44784.37193818554,0.0,0.1,-0.0,42746.39623040008
4909,2024-07-23,103.08,103.08,0.0,0.9,-0.0,44784.37193818554,2.0,0.575,-206.16,42540.23623040008
4910,2024-07-23,108.04,108.04,0.0,0.9,-0.0,44784.37193818554,1.3684210526315792,0.9,-147.84421052631583,42392.39201987376
4911,2024-07-23,108.04,108.04,0.0,0.9,-0.0,44784.37193818554,0.0,0.9,-0.0,42392.39201987376
4912,2024-07-23,108.04,108.04,0.0,0.9,-0.0,44784.37193818554,0.0,0.9,-0.0,42392.39201987376
4913,2024-07-23,131.43806,131.43806,0.0,0.9,-0.0,44784.37193818554,0.0,0.9,-0.0,42392.39201987376
4914,2024-07-23,158.91268,158.91268,0.0,0.9,-0.0,44784.37193818554,-1.2,0.5842105263157895,190.695216,42583.08723587376
4915,2024-07-23,178.85604,178.85604,-2.0,0.37368421052631584,357.71208,45142.08401818554,-1.84,0.1,329.09511360000005,42912.18234947376
4916,2024-07-23,160.0,160.0,-1.0400000000000003,0.1,166.40000000000003,45308.48401818554,0.0,0.1,-0.0,42912.18234947376
4917,2024-07-23,119.92113,119.92113,0.0,0.1,-0.0,45308.48401818554,0.0,0.1,-0.0,42912.18234947376
4918,2024-07-23,108.08,108.08,0.0,0.1,-0.0,45308.48401818554,0.0,0.1,-0.0,42912.18234947376
4919,2024-07-24,109.58,109.58,0.0,0.1,-0.0,45308.48401818554,0.0,0.1,-0.0,42912.18234947376
4920,2024-07-24,105.0,105.0,0.0,0.1,-0.0,45308.48401818554,0.0,0.1,-0.0,42912.18234947376
4921,2024-07-24,103.0,103.0,1.3684686552626142,0.4250113056248709,-140.95227149204925,45167.531746693494,0.0,0.1,-0.0,42912.18234947376
4922,2024-07-24,103.07,103.07,0.0,0.4250113056248709,-0.0,45167.531746693494,0.0,0.1,-0.0,42912.18234947376
4923,2024-07-24,102.84,102.84,1.9999523973689648,0.9,-205.67510454542435,44961.85664214807,0.0,0.1,-0.0,42912.18234947376
4924,2024-07-24,103.99,103.99,0.0,0.9,-0.0,44961.85664214807,0.0,0.1,-0.0,42912.18234947376
4925,2024-07-24,110.88,110.88,-1.1999999999998792,0.5842105263158213,133.0559999999866,45094.91264214806,0.0,0.1,-0.0,42912.18234947376
4926,2024-07-24,110.23,110.23,0.0,0.5842105263158213,-0.0,45094.91264214806,0.0,0.1,-0.0,42912.18234947376
4927,2024-07-24,114.5,114.5,-1.8400000000001209,0.1,210.68000000001385,45305.592642148076,0.0,0.1,-0.0,42912.18234947376
4928,2024-07-24,105.0,105.0,0.0,0.1,-0.0,45305.592642148076,0.0,0.1,-0.0,42912.18234947376
4929,2024-07-24,102.09,102.09,0.0,0.1,-0.0,45305.592642148076,0.0,0.1,-0.0,42912.18234947376
4930,2024-07-24,97.51035,97.51035,0.0,0.1,-0.0,45305.592642148076,0.0,0.1,-0.0,42912.18234947376
4931,2024-07-24,96.33225,96.33225,2.0,0.575,-192.6645,45112.92814214808,0.0,0.1,-0.0,42912.18234947376
4932,2024-07-24,97.44829,97.44829,1.3684210526315792,0.9,-133.3502915789474,44979.57785056913,0.0,0.1,-0.0,42912.18234947376
4933,2024-07-24,100.41344,100.41344,0.0,0.9,-0.0,44979.57785056913,0.0,0.1,-0.0,42912.18234947376
4934,2024-07-24,100.84195,100.84195,0.0,0.9,-0.0,44979.57785056913,2.0,0.575,-201.6839,42710.49844947376
4935,2024-07-24,101.52608,101.52608,0.0,0.9,-0.0,44979.57785056913,1.3684210526315792,0.9,-138.9304252631579,42571.5680242106
4936,2024-07-24,102.25033,102.25033,0.0,0.9,-0.0,44979.57785056913,0.0,0.9,-0.0,42571.5680242106
4937,2024-07-24,111.44,111.44,0.0,0.9,-0.0,44979.57785056913,0.0,0.9,-0.0,42571.5680242106
4938,2024-07-24,139.79,139.79,0.0,0.9,-0.0,44979.57785056913,-1.2,0.5842105263157895,167.748,42739.3160242106
4939,2024-07-24,157.17639,157.17639,-2.0,0.37368421052631584,314.35278,45293.93063056913,-1.84,0.1,289.2045576,43028.520581810604
4940,2024-07-24,141.31577,141.31577,-1.0400000000000003,0.1,146.9684008,45440.899031369125,0.0,0.1,-0.0,43028.520581810604
4941,2024-07-24,113.32512,113.32512,0.0,0.1,-0.0,45440.899031369125,0.0,0.1,-0.0,43028.520581810604
4942,2024-07-24,104.70852,104.70852,2.0,0.575,-209.41704,45231.481991369124,0.0,0.1,-0.0,43028.520581810604
4943,2024-07-25,110.82057,110.82057,-1.805,0.1,200.03112885,45431.513120219126,0.0,0.1,-0.0,43028.520581810604
4944,2024-07-25,107.22338,107.22338,0.0,0.1,-0.0,45431.513120219126,0.0,0.1,-0.0,43028.520581810604
4945,2024-07-25,108.33895,108.33895,0.0,0.1,-0.0,45431.513120219126,0.0,0.1,-0.0,43028.520581810604
4946,2024-07-25,104.0,104.0,0.0,0.1,-0.0,45431.513120219126,0.0,0.1,-0.0,43028.520581810604
4947,2024-07-25,101.21923,101.21923,2.0,0.575,-202.43846,45229.07466021913,0.0,0.1,-0.0,43028.520581810604
4948,2024-07-25,103.35615,103.35615,1.3684210526315792,0.9,-141.4347315789474,45087.63992864018,2.0,0.575,-206.7123,42821.808281810605
4949,2024-07-25,109.12052,109.12052,0.0,0.9,-0.0,45087.63992864018,1.3684210526315792,0.9,-149.32281684210528,42672.4854649685
4950,2024-07-25,119.92107,119.92107,-1.2000000000000044,0.5842105263157884,143.90528400000053,45231.54521264018,0.0,0.9,-0.0,42672.4854649685
4951,2024-07-25,122.73,122.73,-1.8399999999999959,0.1,225.8231999999995,45457.36841264018,-1.2,0.5842105263157895,147.276,42819.7614649685
4952,2024-07-25,116.0,116.0,0.0,0.1,-0.0,45457.36841264018,-1.8,0.1105263157894737,208.8,43028.5614649685
4953,2024-07-25,114.65716,114.65716,0.0,0.1,-0.0,45457.36841264018,-0.040000000000000015,0.1,4.586286400000001,43033.1477513685
4954,2024-07-25,106.68639,106.68639,0.0,0.1,-0.0,45457.36841264018,0.0,0.1,-0.0,43033.1477513685
4955,2024-07-25,98.0,98.0,2.0,0.575,-196.0,45261.36841264018,0.0,0.1,-0.0,43033.1477513685
4956,2024-07-25,99.04424,99.04424,1.3684210526315792,0.9,-135.53422315789476,45125.83418948228,0.0,0.1,-0.0,43033.1477513685
4957,2024-07-25,102.35854,102.35854,0.0,0.9,-0.0,45125.83418948228,2.0,0.575,-204.71708,42828.4306713685
4958,2024-07-25,104.70748,104.70748,0.0,0.9,-0.0,45125.83418948228,1.3684210526315792,0.9,-143.28392000000002,42685.1467513685
4959,2024-07-25,105.8472,105.8472,0.0,0.9,-0.0,45125.83418948228,0.0,0.9,-0.0,42685.1467513685
4960,2024-07-25,107.27316,107.27316,0.0,0.9,-0.0,45125.83418948228,0.0,0.9,-0.0,42685.1467513685
4961,2024-07-25,119.70292,119.70292,0.0,0.9,-0.0,45125.83418948228,0.0,0.9,-0.0,42685.1467513685
4962,2024-07-25,159.95265,159.95265,0.0,0.9,-0.0,45125.83418948228,-1.2,0.5842105263157895,191.94318,42877.0899313685
4963,2024-07-25,172.423,172.423,-2.0,0.37368421052631584,344.846,45470.68018948228,-1.84,0.1,317.25832,43194.3482513685
4964,2024-07-25,160.6398,160.6398,-1.0400000000000003,0.1,167.06539200000006,45637.745581482275,0.0,0.1,-0.0,43194.3482513685
4965,2024-07-25,118.49791,118.49791,0.0,0.1,-0.0,45637.745581482275,0.0,0.1,-0.0,43194.3482513685
4966,2024-07-25,111.01002,111.01002,0.0,0.1,-0.0,45637.745581482275,0.0,0.1,-0.0,43194.3482513685
4967,2024-07-26,113.68821,113.68821,0.0,0.1,-0.0,45637.745581482275,0.0,0.1,-0.0,43194.3482513685
4968,2024-07-26,111.61338,111.61338,0.0,0.1,-0.0,45637.745581482275,0.0,0.1,-0.0,43194.3482513685
4969,2024-07-26,106.15,106.15,0.0,0.1,-0.0,45637.745581482275,0.0,0.1,-0.0,43194.3482513685
4970,2024-07-26,105.0,105.0,2.0,0.575,-210.0,45427.745581482275,0.0,0.1,-0.0,43194.3482513685
4971,2024-07-26,105.0,105.0,1.3684210526315792,0.9,-143.6842105263158,45284.06137095596,0.0,0.1,-0.0,43194.3482513685
4972,2024-07-26,105.11,105.11,0.0,0.9,-0.0,45284.06137095596,2.0,0.575,-210.22,42984.1282513685
4973,2024-07-26,110.11,110.11,0.0,0.9,-0.0,45284.06137095596,1.3684210526315792,0.9,-150.67684210526318,42833.45140926324
4974,2024-07-26,120.0,120.0,0.0,0.9,-0.0,45284.06137095596,0.0,0.9,-0.0,42833.45140926324
4975,2024-07-26,128.46,128.46,-2.0,0.37368421052631584,256.92,45540.98137095596,-1.2,0.5842105263157895,154.15200000000002,42987.60340926324
4976,2024-07-26,123.15,123.15,-1.0400000000000003,0.1,128.07600000000005,45669.05737095596,-1.2,0.268421052631579,147.78,43135.38340926324
4977,2024-07-26,114.19489,114.19489,0.0,0.1,-0.0,45669.05737095596,-0.6400000000000001,0.1,73.08472960000002,43208.46813886324
4978,2024-07-26,112.04946,112.04946,0.0,0.1,-0.0,45669.05737095596,0.0,0.1,-0.0,43208.46813886324
4979,2024-07-26,103.43962,103.43962,2.0,0.575,-206.87924,45462.17813095596,0.0,0.1,-0.0,43208.46813886324
4980,2024-07-26,105.29908,105.29908,1.3684210526315792,0.9,-144.09347789473688,45318.084653061225,0.0,0.1,-0.0,43208.46813886324
4981,2024-07-26,110.56107,110.56107,0.0,0.9,-0.0,45318.084653061225,0.0,0.1,-0.0,43208.46813886324
4982,2024-07-26,108.07745,108.07745,0.0,0.9,-0.0,45318.084653061225,2.0,0.575,-216.1549,42992.31323886324
4983,2024-07-26,105.36094,105.36094,0.0,0.9,-0.0,45318.084653061225,1.3684210526315792,0.9,-144.17812842105266,42848.135110442185
4984,2024-07-26,107.86001,107.86001,0.0,0.9,-0.0,45318.084653061225,0.0,0.9,-0.0,42848.135110442185
4985,2024-07-26,128.44,128.44,0.0,0.9,-0.0,45318.084653061225,0.0,0.9,-0.0,42848.135110442185
4986,2024-07-26,168.57,168.57,-1.200000000569598,0.5842105261658952,202.28400009601714,45520.368653157246,-1.2,0.5842105263157895,202.284,43050.419110442184
4987,2024-07-26,179.07548,179.07548,-1.8399999994304017,0.1,329.4988830979989,45849.867536255246,-1.84,0.1,329.4988832,43379.917993642186
4988,2024-07-26,157.4644,157.4644,0.0,0.1,-0.0,45849.867536255246,0.0,0.1,-0.0,43379.917993642186
4989,2024-07-26,126.89,126.89,0.0,0.1,-0.0,45849.867536255246,0.0,0.1,-0.0,43379.917993642186
4990,2024-07-26,117.4781,117.4781,0.0,0.1,-0.0,45849.867536255246,0.0,0.1,-0.0,43379.917993642186
4991,2024-07-27,107.25268,107.25268,0.0,0.1,-0.0,45849.867536255246,0.0,0.1,-0.0,43379.917993642186
4992,2024-07-27,105.13071,105.13071,0.0,0.1,-0.0,45849.867536255246,0.0,0.1,-0.0,43379.917993642186
4993,2024-07-27,104.49123,104.49123,0.0,0.1,-0.0,45849.867536255246,0.0,0.1,-0.0,43379.917993642186
4994,2024-07-27,101.79705,101.79705,0.0,0.1,-0.0,45849.867536255246,0.0,0.1,-0.0,43379.917993642186
4995,2024-07-27,101.33471,101.33471,0.0,0.1,-0.0,45849.867536255246,0.0,0.1,-0.0,43379.917993642186
4996,2024-07-27,99.89704,99.89704,0.0,0.1,-0.0,45849.867536255246,0.0,0.1,-0.0,43379.917993642186
4997,2024-07-27,98.82571,98.82571,0.0,0.1,-0.0,45849.867536255246,0.0,0.1,-0.0,43379.917993642186
4998,2024-07-27,101.84412,101.84412,0.0,0.1,-0.0,45849.867536255246,0.0,0.1,-0.0,43379.917993642186
4999,2024-07-27,102.83,102.83,0.0,0.1,-0.0,45849.867536255246,0.0,0.1,-0.0,43379.917993642186
5000,2024-07-27,100.9084,100.9084,0.0,0.1,-0.0,45849.867536255246,0.0,0.1,-0.0,43379.917993642186
5001,2024-07-27,97.15,97.15,0.0,0.1,-0.0,45849.867536255246,0.0,0.1,-0.0,43379.917993642186
5002,2024-07-27,91.13,91.13,1.3684210526919574,0.4250000000143399,-124.70421053181806,45725.16332572343,0.0,0.1,-0.0,43379.917993642186
5003,2024-07-27,92.34,92.34,0.0,0.4250000000143399,-0.0,45725.16332572343,0.0,0.1,-0.0,43379.917993642186
5004,2024-07-27,92.06,92.06,0.0,0.4250000000143399,-0.0,45725.16332572343,0.0,0.1,-0.0,43379.917993642186
5005,2024-07-27,85.99749,85.99749,1.9999999999396216,0.9,-171.9949799948076,45553.16834572862,2.0,0.575,-171.99498,43207.92301364218
5006,2024-07-27,92.35,92.35,0.0,0.9,-0.0,45553.16834572862,1.3684210526315792,0.9,-126.37368421052633,43081.549329431655
5007,2024-07-27,102.98,102.98,0.0,0.9,-0.0,45553.16834572862,0.0,0.9,-0.0,43081.549329431655
5008,2024-07-27,105.0,105.0,0.0,0.9,-0.0,45553.16834572862,0.0,0.9,-0.0,43081.549329431655
5009,2024-07-27,110.37469,110.37469,0.0,0.9,-0.0,45553.16834572862,0.0,0.9,-0.0,43081.549329431655
5010,2024-07-27,142.82024,142.82024,0.0,0.9,-0.0,45553.16834572862,-1.2,0.5842105263157895,171.384288,43252.933617431656
5011,2024-07-27,154.37611,154.37611,-2.0,0.37368421052631584,308.75222,45861.92056572862,-1.84,0.1,284.0520424,43536.985659831655
5012,2024-07-27,144.45413,144.45413,-1.0400000000000003,0.1,150.23229520000004,46012.152860928625,0.0,0.1,-0.0,43536.985659831655
5013,2024-07-27,114.37218,114.37218,0.0,0.1,-0.0,46012.152860928625,0.0,0.1,-0.0,43536.985659831655
5014,2024-07-27,103.30929,103.30929,2.0,0.575,-206.61858,45805.53428092862,0.0,0.1,-0.0,43536.985659831655
5015,2024-07-28,116.09454,116.09454,-1.805,0.1,209.5506447,46015.084925628624,0.0,0.1,-0.0,43536.985659831655
5016,2024-07-28,110.65,110.65,0.0,0.1,-0.0,46015.084925628624,0.0,0.1,-0.0,43536.985659831655
5017,2024-07-28,109.65,109.65,0.0,0.1,-0.0,46015.084925628624,0.0,0.1,-0.0,43536.985659831655
5018,2024-07-28,105.63994,105.63994,0.0,0.1,-0.0,46015.084925628624,0.0,0.1,-0.0,43536.985659831655
5019,2024-07-28,104.88951,104.88951,0.0,0.1,-0.0,46015.084925628624,0.0,0.1,-0.0,43536.985659831655
5020,2024-07-28,104.80015,104.80015,0.0,0.1,-0.0,46015.084925628624,0.0,0.1,-0.0,43536.985659831655
5021,2024-07-28,103.30916,103.30916,0.0,0.1,-0.0,46015.084925628624,0.0,0.1,-0.0,43536.985659831655
5022,2024-07-28,103.3,103.3,0.0,0.1,-0.0,46015.084925628624,0.0,0.1,-0.0,43536.985659831655
5023,2024-07-28,105.9,105.9,0.0,0.1,-0.0,46015.084925628624,0.0,0.1,-0.0,43536.985659831655
5024,2024-07-28,99.96438,99.96438,0.0,0.1,-0.0,46015.084925628624,0.0,0.1,-0.0,43536.985659831655
5025,2024-07-28,97.06,97.06,2.0,0.575,-194.12,45820.96492562862,0.0,0.1,-0.0,43536.985659831655
5026,2024-07-28,100.1,100.1,1.3684210526315792,0.9,-136.97894736842107,45683.9859782602,0.0,0.1,-0.0,43536.985659831655
5027,2024-07-28,103.15,103.15,0.0,0.9,-0.0,45683.9859782602,0.0,0.1,-0.0,43536.985659831655
5028,2024-07-28,103.15,103.15,0.0,0.9,-0.0,45683.9859782602,0.0,0.1,-0.0,43536.985659831655
5029,2024-07-28,103.15,103.15,0.0,0.9,-0.0,45683.9859782602,0.0,0.1,-0.0,43536.985659831655
5030,2024-07-28,100.0,100.0,0.0,0.9,-0.0,45683.9859782602,2.0,0.575,-200.0,43336.985659831655
5031,2024-07-28,103.15,103.15,0.0,0.9,-0.0,45683.9859782602,1.3684210526315792,0.9,-141.1526315789474,43195.83302825271
5032,2024-07-28,107.0,107.0,0.0,0.9,-0.0,45683.9859782602,0.0,0.9,-0.0,43195.83302825271
5033,2024-07-28,109.28,109.28,0.0,0.9,-0.0,45683.9859782602,0.0,0.9,-0.0,43195.83302825271
5034,2024-07-28,132.08946,132.08946,0.0,0.9,-0.0,45683.9859782602,0.0,0.9,-0.0,43195.83302825271
5035,2024-07-28,150.16989,150.16989,-2.0,0.37368421052631584,300.33978,45984.3257582602,-2.0,0.37368421052631584,300.33978,43496.17280825271
5036,2024-07-28,149.35099,149.35099,-1.0400000000000003,0.1,155.32502960000002,46139.6507878602,-1.0400000000000003,0.1,155.32502960000002,43651.49783785271
5037,2024-07-28,128.81189,128.81189,0.0,0.1,-0.0,46139.6507878602,0.0,0.1,-0.0,43651.49783785271
5038,2024-07-28,107.16,107.16,2.0,0.575,-214.32,45925.3307878602,0.0,0.1,-0.0,43651.49783785271
5039,2024-07-29,123.9,123.9,-1.805,0.1,223.6395,46148.9702878602,0.0,0.1,-0.0,43651.49783785271
5040,2024-07-29,109.65,109.65,0.0,0.1,-0.0,46148.9702878602,2.0,0.575,-219.3,43432.197837852706
5041,2024-07-29,115.0,115.0,0.0,0.1,-0.0,46148.9702878602,1.3684210526315792,0.9,-157.36842105263162,43274.82941680007
5042,2024-07-29,110.0,110.0,2.0,0.575,-220.0,45928.9702878602,0.0,0.9,-0.0,43274.82941680007
5043,2024-07-29,110.0,110.0,1.3684210526315792,0.9,-150.5263157894737,45778.44397207072,0.0,0.9,-0.0,43274.82941680007
5044,2024-07-29,115.0,115.0,0.0,0.9,-0.0,45778.44397207072,0.0,0.9,-0.0,43274.82941680007
5045,2024-07-29,134.9541,134.9541,-2.0,0.37368421052631584,269.9082,46048.35217207072,0.0,0.9,-0.0,43274.82941680007
5046,2024-07-29,123.9,123.9,2.0,0.8486842105263158,-247.8,45800.55217207072,0.0,0.9,-0.0,43274.82941680007
5047,2024-07-29,134.0,134.0,-2.0,0.32236842105263164,268.0,46068.55217207072,-1.2,0.5842105263157895,160.79999999999998,43435.629416800075
5048,2024-07-29,131.86,131.86,-0.8450000000000002,0.1,111.42170000000004,46179.97387207072,-1.2,0.268421052631579,158.232,43593.86141680008
5049,2024-07-29,123.9,123.9,0.0,0.1,-0.0,46179.97387207072,-0.6400000000000001,0.1,79.29600000000002,43673.15741680008
5050,2024-07-29,117.0,117.0,0.0,0.1,-0.0,46179.97387207072,0.0,0.1,-0.0,43673.15741680008
5051,2024-07-29,107.62,107.62,0.0,0.1,-0.0,46179.97387207072,2.0,0.575,-215.24,43457.91741680008
5052,2024-07-29,108.31,108.31,2.0,0.575,-216.62,45963.353872070715,1.3684210526315792,0.9,-148.21368421052634,43309.70373258956
5053,2024-07-29,120.0,120.0,0.0,0.575,-0.0,45963.353872070715,0.0,0.9,-0.0,43309.70373258956
5054,2024-07-29,115.0,115.0,1.3684210526315792,0.9,-157.36842105263162,45805.98545101808,0.0,0.9,-0.0,43309.70373258956
5055,2024-07-29,115.0,115.0,0.0,0.9,-0.0,45805.98545101808,0.0,0.9,-0.0,43309.70373258956
5056,2024-07-29,123.9,123.9,0.0,0.9,-0.0,45805.98545101808,0.0,0.9,-0.0,43309.70373258956
5057,2024-07-29,139.43,139.43,0.0,0.9,-0.0,45805.98545101808,0.0,0.9,-0.0,43309.70373258956
5058,2024-07-29,166.50898,166.50898,-1.2000000112705145,0.5842105233498647,199.81077787664188,46005.796228894724,-2.0,0.37368421052631584,333.01796,43642.721692589555
5059,2024-07-29,173.02,173.02,-1.8399999887294858,0.1,318.3567980499756,46324.153026944696,-1.0400000000000003,0.1,179.94080000000005,43822.66249258955
5060,2024-07-29,159.92,159.92,0.0,0.1,-0.0,46324.153026944696,0.0,0.1,-0.0,43822.66249258955
5061,2024-07-29,131.4,131.4,0.0,0.1,-0.0,46324.153026944696,0.0,0.1,-0.0,43822.66249258955
5062,2024-07-29,112.2,112.2,0.0,0.1,-0.0,46324.153026944696,0.0,0.1,-0.0,43822.66249258955
5063,2024-07-30,105.09009,105.09009,0.0,0.1,-0.0,46324.153026944696,0.0,0.1,-0.0,43822.66249258955
5064,2024-07-30,104.38,104.38,0.0,0.1,-0.0,46324.153026944696,0.0,0.1,-0.0,43822.66249258955
5065,2024-07-30,98.57498,98.57498,0.0,0.1,-0.0,46324.153026944696,0.0,0.1,-0.0,43822.66249258955
5066,2024-07-30,95.22,95.22,2.0,0.575,-190.44,46133.71302694469,0.0,0.1,-0.0,43822.66249258955
5067,2024-07-30,93.82,93.82,1.3684210526315792,0.9,-128.38526315789474,46005.3277637868,2.0,0.575,-187.64,43635.02249258955
5068,2024-07-30,95.0,95.0,0.0,0.9,-0.0,46005.3277637868,1.3684210526315792,0.9,-130.00000000000003,43505.02249258955
5069,2024-07-30,104.7,104.7,0.0,0.9,-0.0,46005.3277637868,0.0,0.9,-0.0,43505.02249258955
5070,2024-07-30,105.68,105.68,0.0,0.9,-0.0,46005.3277637868,0.0,0.9,-0.0,43505.02249258955
5071,2024-07-30,108.42,108.42,-2.0,0.37368421052631584,216.84,46222.1677637868,0.0,0.9,-0.0,43505.02249258955
5072,2024-07-30,106.68,106.68,0.0,0.37368421052631584,-0.0,46222.1677637868,0.0,0.9,-0.0,43505.02249258955
5073,2024-07-30,107.5,107.5,-1.0400000000000003,0.1,111.80000000000003,46333.9677637868,-1.2,0.5842105263157895,129.0,43634.02249258955
5074,2024-07-30,107.11,107.11,0.0,0.1,-0.0,46333.9677637868,-1.4,0.2157894736842106,149.95399999999998,43783.97649258955
5075,2024-07-30,95.0,95.0,1.368421052875069,0.4250000000578289,-130.00000002313158,46203.96776376367,-0.44000000000000017,0.1,41.80000000000002,43825.77649258955
5076,2024-07-30,93.66,93.66,1.99999999975651,0.9,-187.31999997719473,46016.647763786474,2.0,0.575,-187.32,43638.456492589554
5077,2024-07-30,98.42,98.42,0.0,0.9,-0.0,46016.647763786474,1.3684210526315792,0.9,-134.68000000000004,43503.77649258955
5078,2024-07-30,95.34,95.34,0.0,0.9,-0.0,46016.647763786474,0.0,0.9,-0.0,43503.77649258955
5079,2024-07-30,102.7,102.7,0.0,0.9,-0.0,46016.647763786474,0.0,0.9,-0.0,43503.77649258955
5080,2024-07-30,104.97,104.97,0.0,0.9,-0.0,46016.647763786474,0.0,0.9,-0.0,43503.77649258955
5081,2024-07-30,116.17572,116.17572,0.0,0.9,-0.0,46016.647763786474,0.0,0.9,-0.0,43503.77649258955
5082,2024-07-30,142.70792,142.70792,-1.2000000010274725,0.584210526045402,171.24950414662845,46187.897267933105,-2.0,0.37368421052631584,285.41584,43789.192332589555
5083,2024-07-30,153.62067,153.62067,-1.8399999989725278,0.1,282.66203264215903,46470.55930057527,-1.0400000000000003,0.1,159.76549680000002,43948.957829389554
5084,2024-07-30,136.60073,136.60073,0.0,0.1,-0.0,46470.55930057527,0.0,0.1,-0.0,43948.957829389554
5085,2024-07-30,119.07108,119.07108,0.0,0.1,-0.0,46470.55930057527,0.0,0.1,-0.0,43948.957829389554
5086,2024-07-30,108.43972,108.43972,0.0,0.1,-0.0,46470.55930057527,0.0,0.1,-0.0,43948.957829389554
5087,2024-07-31,110.59,110.59,0.0,0.1,-0.0,46470.55930057527,2.0,0.575,-221.18,43727.77782938955
5088,2024-07-31,108.65,108.65,0.0,0.1,-0.0,46470.55930057527,1.3684210526315792,0.9,-148.6789473684211,43579.098882021135
5089,2024-07-31,109.0,109.0,0.0,0.1,-0.0,46470.55930057527,0.0,0.9,-0.0,43579.098882021135
5090,2024-07-31,107.76,107.76,0.0,0.1,-0.0,46470.55930057527,-1.2,0.5842105263157895,129.312,43708.41088202113
5091,2024-07-31,107.37,107.37,0.0,0.1,-0.0,46470.55930057527,-1.2,0.268421052631579,128.844,43837.25488202113
5092,2024-07-31,105.27,105.27,2.0,0.575,-210.54,46260.019300575266,-0.6400000000000001,0.1,67.37280000000001,43904.62768202113
5093,2024-07-31,110.95,110.95,0.0,0.575,-0.0,46260.019300575266,0.0,0.1,-0.0,43904.62768202113
5094,2024-07-31,107.95,107.95,0.0,0.575,-0.0,46260.019300575266,2.0,0.575,-215.9,43688.72768202113
5095,2024-07-31,112.75,112.75,1.3684210526315792,0.9,-154.28947368421055,46105.72982689105,1.3684210526315792,0.9,-154.28947368421055,43534.43820833691
5096,2024-07-31,109.2,109.2,0.0,0.9,-0.0,46105.72982689105,0.0,0.9,-0.0,43534.43820833691
5097,2024-07-31,107.37,107.37,0.0,0.9,-0.0,46105.72982689105,0.0,0.9,-0.0,43534.43820833691
5098,2024-07-31,106.48,106.48,0.0,0.9,-0.0,46105.72982689105,0.0,0.9,-0.0,43534.43820833691
5099,2024-07-31,104.5,104.5,0.0,0.9,-0.0,46105.72982689105,0.0,0.9,-0.0,43534.43820833691
5100,2024-07-31,105.0,105.0,0.0,0.9,-0.0,46105.72982689105,0.0,0.9,-0.0,43534.43820833691
5101,2024-07-31,106.0,106.0,0.0,0.9,-0.0,46105.72982689105,0.0,0.9,-0.0,43534.43820833691
5102,2024-07-31,109.49,109.49,0.0,0.9,-0.0,46105.72982689105,0.0,0.9,-0.0,43534.43820833691
5103,2024-07-31,110.11,110.11,0.0,0.9,-0.0,46105.72982689105,0.0,0.9,-0.0,43534.43820833691
5104,2024-07-31,111.37,111.37,0.0,0.9,-0.0,46105.72982689105,0.0,0.9,-0.0,43534.43820833691
5105,2024-07-31,146.36385,146.36385,0.0,0.9,-0.0,46105.72982689105,0.0,0.9,-0.0,43534.43820833691
5106,2024-07-31,179.66253,179.66253,-1.2000000019020718,0.5842105258152444,215.59503634173103,46321.32486323278,-2.0,0.37368421052631584,359.32506,43893.763268336916
5107,2024-07-31,184.48361,184.48361,-1.8399999980979285,0.1,339.44984204909895,46660.77470528188,-1.0400000000000003,0.1,191.86295440000004,44085.626222736915
5108,2024-07-31,176.72384,176.72384,0.0,0.1,-0.0,46660.77470528188,0.0,0.1,-0.0,44085.626222736915
5109,2024-07-31,130.94049,130.94049,0.0,0.1,-0.0,46660.77470528188,0.0,0.1,-0.0,44085.626222736915
5110,2024-07-31,115.0,115.0,0.0,0.1,-0.0,46660.77470528188,0.0,0.1,-0.0,44085.626222736915
5111,2024-08-01,115.2724,115.2724,0.0,0.1,-0.0,46660.77470528188,0.0,0.1,-0.0,44085.626222736915
5112,2024-08-01,113.75,113.75,0.0,0.1,-0.0,46660.77470528188,0.0,0.1,-0.0,44085.626222736915
5113,2024-08-01,108.16,108.16,0.0,0.1,-0.0,46660.77470528188,0.0,0.1,-0.0,44085.626222736915
5114,2024-08-01,105.28,105.28,2.0,0.575,-210.56,46450.214705281884,0.0,0.1,-0.0,44085.626222736915
5115,2024-08-01,106.46,106.46,1.3684210526315792,0.9,-145.68210526315792,46304.53260001873,0.0,0.1,-0.0,44085.626222736915
5116,2024-08-01,110.0,110.0,0.0,0.9,-0.0,46304.53260001873,0.0,0.1,-0.0,44085.626222736915
5117,2024-08-01,118.0,118.0,-2.0,0.37368421052631584,236.0,46540.53260001873,0.0,0.1,-0.0,44085.626222736915
5118,2024-08-01,113.0,113.0,-1.0400000000000003,0.1,117.52000000000002,46658.052600018724,2.0,0.575,-226.0,43859.626222736915
5119,2024-08-01,115.44,115.44,0.0,0.1,-0.0,46658.052600018724,1.3684210526315792,0.9,-157.9705263157895,43701.65569642113
5120,2024-08-01,115.37,115.37,0.0,0.1,-0.0,46658.052600018724,0.0,0.9,-0.0,43701.65569642113
5121,2024-08-01,112.5,112.5,0.0,0.1,-0.0,46658.052600018724,0.0,0.9,-0.0,43701.65569642113
5122,2024-08-01,112.22,112.22,0.0,0.1,-0.0,46658.052600018724,-1.2,0.5842105263157895,134.664,43836.319696421124
5123,2024-08-01,109.5,109.5,0.0,0.1,-0.0,46658.052600018724,-1.2,0.268421052631579,131.4,43967.719696421125
5124,2024-08-01,111.87,111.87,1.3684210543262276,0.4250000004024791,-153.0852633474751,46504.96733667125,2.0,0.743421052631579,-223.74,43743.97969642113
5125,2024-08-01,110.2,110.2,1.9999999983053514,0.9,-220.39999981324974,46284.567336858,0.6592797783933517,0.9,-72.65263157894736,43671.32706484218
5126,2024-08-01,113.75,113.75,0.0,0.9,-0.0,46284.567336858,0.0,0.9,-0.0,43671.32706484218
5127,2024-08-01,115.0,115.0,0.0,0.9,-0.0,46284.567336858,0.0,0.9,-0.0,43671.32706484218
5128,2024-08-01,116.2439,116.2439,0.0,0.9,-0.0,46284.567336858,0.0,0.9,-0.0,43671.32706484218
5129,2024-08-01,152.03479,152.03479,0.0,0.9,-0.0,46284.567336858,0.0,0.9,-0.0,43671.32706484218
5130,2024-08-01,201.80185,201.80185,-2.0,0.37368421052631584,403.6037,46688.171036858,-2.0,0.37368421052631584,403.6037,44074.93076484218
5131,2024-08-01,197.0,197.0,-1.0400000000000003,0.1,204.88000000000005,46893.051036858,-1.0400000000000003,0.1,204.88000000000005,44279.81076484218
5132,2024-08-01,174.36059,174.36059,0.0,0.1,-0.0,46893.051036858,0.0,0.1,-0.0,44279.81076484218
5133,2024-08-01,121.54068,121.54068,0.0,0.1,-0.0,46893.051036858,0.0,0.1,-0.0,44279.81076484218
5134,2024-08-01,114.25736,114.25736,0.0,0.1,-0.0,46893.051036858,0.0,0.1,-0.0,44279.81076484218
5135,2024-08-02,114.42,114.42,0.0,0.1,-0.0,46893.051036858,2.0,0.575,-228.84,44050.97076484218
5136,2024-08-02,113.25,113.25,0.0,0.1,-0.0,46893.051036858,1.3684210526315792,0.9,-154.97368421052636,43895.997080631656
5137,2024-08-02,112.3,112.3,0.0,0.1,-0.0,46893.051036858,0.0,0.9,-0.0,43895.997080631656
5138,2024-08-02,109.3,109.3,2.0,0.575,-218.6,46674.451036858,0.0,0.9,-0.0,43895.997080631656
5139,2024-08-02,109.3,109.3,1.3684210526315792,0.9,-149.5684210526316,46524.88261580537,0.0,0.9,-0.0,43895.997080631656
5140,2024-08-02,112.0,112.0,0.0,0.9,-0.0,46524.88261580537,0.0,0.9,-0.0,43895.997080631656
5141,2024-08-02,117.22,117.22,0.0,0.9,-0.0,46524.88261580537,0.0,0.9,-0.0,43895.997080631656
5142,2024-08-02,118.70439,118.70439,-2.0,0.37368421052631584,237.40878,46762.29139580537,0.0,0.9,-0.0,43895.997080631656
5143,2024-08-02,116.0,116.0,-0.35680555573016226,0.27978801164995737,41.38944446469882,46803.68084027007,0.0,0.9,-0.0,43895.997080631656
5144,2024-08-02,116.0,116.0,-0.683194444269838,0.1,79.2505555353012,46882.93139580537,0.0,0.9,-0.0,43895.997080631656
5145,2024-08-02,111.41,111.41,0.0,0.1,-0.0,46882.93139580537,0.0,0.9,-0.0,43895.997080631656
5146,2024-08-02,110.02,110.02,0.0,0.1,-0.0,46882.93139580537,0.0,0.9,-0.0,43895.997080631656
5147,2024-08-02,109.81,109.81,0.0,0.1,-0.0,46882.93139580537,0.0,0.9,-0.0,43895.997080631656
5148,2024-08-02,109.81,109.81,1.242036861095558,0.3949837545101951,-136.38806771690324,46746.54332808847,0.0,0.9,-0.0,43895.997080631656
5149,2024-08-02,109.81,109.81,2.0,0.869983754510195,-219.62,46526.923328088465,0.0,0.9,-0.0,43895.997080631656
5150,2024-08-02,109.81,109.81,0.12638419153602093,0.9,-13.87824807257046,46513.045080015894,0.0,0.9,-0.0,43895.997080631656
5151,2024-08-02,113.34,113.34,0.0,0.9,-0.0,46513.045080015894,0.0,0.9,-0.0,43895.997080631656
5152,2024-08-02,113.84165,113.84165,0.0,0.9,-0.0,46513.045080015894,0.0,0.9,-0.0,43895.997080631656
5153,2024-08-02,129.5,129.5,0.0,0.9,-0.0,46513.045080015894,0.0,0.9,-0.0,43895.997080631656
5154,2024-08-02,176.50561,176.50561,-1.2000000244601692,0.5842105198789029,211.80673631735706,46724.85181633325,-2.0,0.37368421052631584,353.01122,44249.008300631656
5155,2024-08-02,184.96262,184.96262,-1.839999975539831,0.1,340.33121627578305,47065.183032609035,-1.0400000000000003,0.1,192.36112480000003,44441.36942543166
5156,2024-08-02,149.22497,149.22497,0.0,0.1,-0.0,47065.183032609035,0.0,0.1,-0.0,44441.36942543166
5157,2024-08-02,117.27136,117.27136,0.0,0.1,-0.0,47065.183032609035,0.0,0.1,-0.0,44441.36942543166
5158,2024-08-02,113.05695,113.05695,0.0,0.1,-0.0,47065.183032609035,0.0,0.1,-0.0,44441.36942543166
5159,2024-08-03,117.07,117.07,0.0,0.1,-0.0,47065.183032609035,0.0,0.1,-0.0,44441.36942543166
5160,2024-08-03,115.46535,115.46535,0.0,0.1,-0.0,47065.183032609035,0.0,0.1,-0.0,44441.36942543166
5161,2024-08-03,114.24385,114.24385,0.0,0.1,-0.0,47065.183032609035,0.0,0.1,-0.0,44441.36942543166
5162,2024-08-03,113.0,113.0,0.0,0.1,-0.0,47065.183032609035,0.0,0.1,-0.0,44441.36942543166
5163,2024-08-03,113.46137,113.46137,0.0,0.1,-0.0,47065.183032609035,0.0,0.1,-0.0,44441.36942543166
5164,2024-08-03,111.33,111.33,0.0,0.1,-0.0,47065.183032609035,0.0,0.1,-0.0,44441.36942543166
5165,2024-08-03,113.9,113.9,0.0,0.1,-0.0,47065.183032609035,0.0,0.1,-0.0,44441.36942543166
5166,2024-08-03,114.62,114.62,0.0,0.1,-0.0,47065.183032609035,0.0,0.1,-0.0,44441.36942543166
5167,2024-08-03,113.94811,113.94811,0.0,0.1,-0.0,47065.183032609035,0.0,0.1,-0.0,44441.36942543166
5168,2024-08-03,110.97349,110.97349,0.0,0.1,-0.0,47065.183032609035,0.0,0.1,-0.0,44441.36942543166
5169,2024-08-03,106.62726,106.62726,0.0,0.1,-0.0,47065.183032609035,0.0,0.1,-0.0,44441.36942543166
5170,2024-08-03,101.95,101.95,0.0,0.1,-0.0,47065.183032609035,0.0,0.1,-0.0,44441.36942543166
5171,2024-08-03,100.96729,100.96729,2.0,0.575,-201.93458,46863.248452609034,0.0,0.1,-0.0,44441.36942543166
5172,2024-08-03,103.75851,103.75851,1.3684210526315792,0.9,-141.98532947368423,46721.26312313535,0.0,0.1,-0.0,44441.36942543166
5173,2024-08-03,105.0,105.0,0.0,0.9,-0.0,46721.26312313535,2.0,0.575,-210.0,44231.36942543166
5174,2024-08-03,104.97939,104.97939,0.0,0.9,-0.0,46721.26312313535,1.3684210526315792,0.9,-143.6560073684211,44087.713418063235
5175,2024-08-03,109.24812,109.24812,0.0,0.9,-0.0,46721.26312313535,0.0,0.9,-0.0,44087.713418063235
5176,2024-08-03,111.78921,111.78921,0.0,0.9,-0.0,46721.26312313535,0.0,0.9,-0.0,44087.713418063235
5177,2024-08-03,119.53374,119.53374,0.0,0.9,-0.0,46721.26312313535,0.0,0.9,-0.0,44087.713418063235
5178,2024-08-03,147.23199,147.23199,0.0,0.9,-0.0,46721.26312313535,0.0,0.9,-0.0,44087.713418063235
5179,2024-08-03,159.97463,159.97463,-2.0,0.37368421052631584,319.94926,47041.21238313535,-2.0,0.37368421052631584,319.94926,44407.662678063236
5180,2024-08-03,151.43394,151.43394,-1.0400000000000003,0.1,157.49129760000005,47198.70368073535,-1.0400000000000003,0.1,157.49129760000005,44565.153975663234
5181,2024-08-03,124.23297,124.23297,1.3684210526312703,0.42499999999992666,-170.00301157890902,47028.70066915644,2.0,0.575,-248.46594,44316.68803566323
5182,2024-08-03,114.2157,114.2157,2.0,0.8999999999999266,-228.4314,46800.26926915644,1.3684210526315792,0.9,-156.29516842105267,44160.39286724218
5183,2024-08-04,147.6904,147.6904,-2.0,0.37368421052624246,295.3808,47095.650069156436,0.0,0.9,-0.0,44160.39286724218
5184,2024-08-04,136.17114,136.17114,-1.0399999999997214,0.1,141.61798559996205,47237.2680547564,0.0,0.9,-0.0,44160.39286724218
5185,2024-08-04,129.65,129.65,0.0,0.1,-0.0,47237.2680547564,0.0,0.9,-0.0,44160.39286724218
5186,2024-08-04,134.67634,134.67634,0.0,0.1,-0.0,47237.2680547564,-1.2,0.5842105263157895,161.61160800000002,44322.00447524218
5187,2024-08-04,134.44558,134.44558,0.0,0.1,-0.0,47237.2680547564,-1.4,0.2157894736842106,188.223812,44510.22828724218
5188,2024-08-04,130.60311,130.60311,0.0,0.1,-0.0,47237.2680547564,-0.44000000000000017,0.1,57.46536840000002,44567.69365564218
5189,2024-08-04,123.31,123.31,0.0,0.1,-0.0,47237.2680547564,0.0,0.1,-0.0,44567.69365564218
5190,2024-08-04,110.43827,110.43827,0.0,0.1,-0.0,47237.2680547564,0.0,0.1,-0.0,44567.69365564218
5191,2024-08-04,109.59762,109.59762,0.0,0.1,-0.0,47237.2680547564,0.0,0.1,-0.0,44567.69365564218
5192,2024-08-04,105.33826,105.33826,1.3684210526315779,0.4249999999999997,-144.14709263157883,47093.12096212482,2.0,0.575,-210.67652,44357.01713564218
5193,2024-08-04,102.97,102.97,2.0,0.8999999999999997,-205.94,46887.18096212482,1.3684210526315792,0.9,-140.90631578947372,44216.11081985271
5194,2024-08-04,107.54,107.54,0.0,0.8999999999999997,-0.0,46887.18096212482,0.0,0.9,-0.0,44216.11081985271
5195,2024-08-04,111.13,111.13,0.0,0.8999999999999997,-0.0,46887.18096212482,0.0,0.9,-0.0,44216.11081985271
5196,2024-08-04,114.51,114.51,0.0,0.8999999999999997,-0.0,46887.18096212482,-1.2,0.5842105263157895,137.412,44353.522819852704
5197,2024-08-04,114.77,114.77,0.0,0.8999999999999997,-0.0,46887.18096212482,1.3296398891966759,0.9,-152.60277008310248,44200.9200497696
5198,2024-08-04,111.13,111.13,0.0,0.8999999999999997,-0.0,46887.18096212482,0.0,0.9,-0.0,44200.9200497696
5199,2024-08-04,106.9278,106.9278,0.0,0.8999999999999997,-0.0,46887.18096212482,0.0,0.9,-0.0,44200.9200497696
5200,2024-08-04,108.84874,108.84874,0.0,0.8999999999999997,-0.0,46887.18096212482,0.0,0.9,-0.0,44200.9200497696
5201,2024-08-04,119.49739,119.49739,0.0,0.8999999999999997,-0.0,46887.18096212482,0.0,0.9,-0.0,44200.9200497696
5202,2024-08-04,144.01218,144.01218,0.0,0.8999999999999997,-0.0,46887.18096212482,0.0,0.9,-0.0,44200.9200497696
5203,2024-08-04,174.49821,174.49821,-2.0,0.3736842105263155,348.99642,47236.17738212482,-2.0,0.37368421052631584,348.99642,44549.9164697696
5204,2024-08-04,162.09067,162.09067,-1.039999999999999,0.1,168.57429679999981,47404.75167892482,-1.0400000000000003,0.1,168.57429680000004,44718.4907665696
5205,2024-08-04,141.86707,141.86707,0.0,0.1,-0.0,47404.75167892482,0.0,0.1,-0.0,44718.4907665696
5206,2024-08-04,118.00286,118.00286,0.0,0.1,-0.0,47404.75167892482,0.0,0.1,-0.0,44718.4907665696
5207,2024-08-05,112.17557,112.17557,0.0,0.1,-0.0,47404.75167892482,2.0,0.575,-224.35114,44494.1396265696
5208,2024-08-05,110.57294,110.57294,2.0,0.575,-221.14588,47183.60579892482,1.3684210526315792,0.9,-151.31033894736845,44342.82928762223
5209,2024-08-05,111.70209,111.70209,1.3684210526315792,0.9,-152.8554915789474,47030.75030734587,0.0,0.9,-0.0,44342.82928762223
5210,2024-08-05,114.75,114.75,0.0,0.9,-0.0,47030.75030734587,0.0,0.9,-0.0,44342.82928762223
5211,2024-08-05,112.09213,112.09213,0.0,0.9,-0.0,47030.75030734587,0.0,0.9,-0.0,44342.82928762223
5212,2024-08-05,114.64028,114.64028,0.0,0.9,-0.0,47030.75030734587,0.0,0.9,-0.0,44342.82928762223
5213,2024-08-05,114.58948,114.58948,0.0,0.9,-0.0,47030.75030734587,0.0,0.9,-0.0,44342.82928762223
5214,2024-08-05,124.02758,124.02758,-2.0,0.37368421052631584,248.05516,47278.805467345876,-1.2,0.5842105263157895,148.83309599999998,44491.662383622235
5215,2024-08-05,118.0,118.0,-1.0400000000000003,0.1,122.72000000000003,47401.52546734588,-1.2,0.268421052631579,141.6,44633.262383622234
5216,2024-08-05,115.0,115.0,0.0,0.1,-0.0,47401.52546734588,-0.6400000000000001,0.1,73.60000000000001,44706.86238362223
5217,2024-08-05,108.08,108.08,0.0,0.1,-0.0,47401.52546734588,0.0,0.1,-0.0,44706.86238362223
5218,2024-08-05,106.13,106.13,0.0,0.1,-0.0,47401.52546734588,0.0,0.1,-0.0,44706.86238362223
5219,2024-08-05,101.36,101.36,2.0,0.575,-202.72,47198.805467345876,0.0,0.1,-0.0,44706.86238362223
5220,2024-08-05,102.97,102.97,1.3684210526315792,0.9,-140.90631578947372,47057.899151556405,2.0,0.575,-205.94,44500.92238362223
5221,2024-08-05,108.69445,108.69445,0.0,0.9,-0.0,47057.899151556405,1.3684210526315792,0.9,-148.73977368421055,44352.18260993802
5222,2024-08-05,111.80633,111.80633,0.0,0.9,-0.0,47057.899151556405,0.0,0.9,-0.0,44352.18260993802
5223,2024-08-05,112.80122,112.80122,0.0,0.9,-0.0,47057.899151556405,0.0,0.9,-0.0,44352.18260993802
5224,2024-08-05,114.16725,114.16725,0.0,0.9,-0.0,47057.899151556405,0.0,0.9,-0.0,44352.18260993802
5225,2024-08-05,141.57202,141.57202,0.0,0.9,-0.0,47057.899151556405,0.0,0.9,-0.0,44352.18260993802
5226,2024-08-05,181.38539,181.38539,-2.0,0.37368421052631584,362.77078,47420.669931556404,-2.0,0.37368421052631584,362.77078,44714.95338993802
5227,2024-08-05,180.22181,180.22181,-1.0400000000000003,0.1,187.43068240000005,47608.100613956405,-1.0400000000000003,0.1,187.43068240000005,44902.38407233802
5228,2024-08-05,175.38764,175.38764,0.0,0.1,-0.0,47608.100613956405,0.0,0.1,-0.0,44902.38407233802
5229,2024-08-05,138.01638,138.01638,0.0,0.1,-0.0,47608.100613956405,0.0,0.1,-0.0,44902.38407233802
5230,2024-08-05,112.84161,112.84161,0.0,0.1,-0.0,47608.100613956405,0.0,0.1,-0.0,44902.38407233802
5231,2024-08-06,117.86034,117.86034,0.0,0.1,-0.0,47608.100613956405,0.0,0.1,-0.0,44902.38407233802
5232,2024-08-06,116.36314,116.36314,0.0,0.1,-0.0,47608.100613956405,0.0,0.1,-0.0,44902.38407233802
5233,2024-08-06,114.63359,114.63359,0.0,0.1,-0.0,47608.100613956405,2.0,0.575,-229.26718,44673.11689233802
5234,2024-08-06,114.02,114.02,2.0,0.575,-228.04,47380.060613956404,1.3684210526315792,0.9,-156.02736842105264,44517.08952391696
5235,2024-08-06,114.50949,114.50949,1.3684210526315792,0.9,-156.69719684210528,47223.3634171143,0.0,0.9,-0.0,44517.08952391696
5236,2024-08-06,115.12881,115.12881,0.0,0.9,-0.0,47223.3634171143,0.0,0.9,-0.0,44517.08952391696
5237,2024-08-06,119.4138,119.4138,0.0,0.9,-0.0,47223.3634171143,0.0,0.9,-0.0,44517.08952391696
5238,2024-08-06,134.17603,134.17603,-2.0,0.37368421052631584,268.35206,47491.715477114296,-1.2,0.5842105263157895,161.011236,44678.10075991696
5239,2024-08-06,125.79,125.79,-1.0400000000000003,0.1,130.82160000000005,47622.5370771143,-1.2,0.268421052631579,150.948,44829.04875991696
5240,2024-08-06,117.77,117.77,0.0,0.1,-0.0,47622.5370771143,-0.6400000000000001,0.1,75.37280000000001,44904.421559916955
5241,2024-08-06,115.0,115.0,0.0,0.1,-0.0,47622.5370771143,0.0,0.1,-0.0,44904.421559916955
5242,2024-08-06,113.52,113.52,0.0,0.1,-0.0,47622.5370771143,0.0,0.1,-0.0,44904.421559916955
5243,2024-08-06,112.42768,112.42768,1.3684210542087851,0.4250000003745864,-153.84840438784795,47468.68867272645,0.0,0.1,-0.0,44904.421559916955
5244,2024-08-06,111.0,111.0,1.9999999984227943,0.9,-221.99999982493017,47246.68867290152,2.0,0.575,-222.0,44682.421559916955
5245,2024-08-06,115.0,115.0,0.0,0.9,-0.0,47246.68867290152,1.3684210526315792,0.9,-157.36842105263162,44525.05313886432
5246,2024-08-06,117.75,117.75,0.0,0.9,-0.0,47246.68867290152,0.0,0.9,-0.0,44525.05313886432
5247,2024-08-06,121.0,121.0,0.0,0.9,-0.0,47246.68867290152,0.0,0.9,-0.0,44525.05313886432
5248,2024-08-06,123.06393,123.06393,0.0,0.9,-0.0,47246.68867290152,0.0,0.9,-0.0,44525.05313886432
5249,2024-08-06,157.78556,157.78556,0.0,0.9,-0.0,47246.68867290152,0.0,0.9,-0.0,44525.05313886432
5250,2024-08-06,185.12261,185.12261,-2.0,0.37368421052631584,370.24522,47616.933892901514,-2.0,0.37368421052631584,370.24522,44895.29835886432
5251,2024-08-06,181.94492,181.94492,-1.0400000000000003,0.1,189.22271680000003,47806.15660970152,-1.0400000000000003,0.1,189.22271680000003,45084.52107566432
5252,2024-08-06,179.66003,179.66003,0.0,0.1,-0.0,47806.15660970152,0.0,0.1,-0.0,45084.52107566432
5253,2024-08-06,151.86575,151.86575,0.0,0.1,-0.0,47806.15660970152,0.0,0.1,-0.0,45084.52107566432
5254,2024-08-06,117.40849,117.40849,2.0,0.575,-234.81698,47571.33962970151,0.0,0.1,-0.0,45084.52107566432
5255,2024-08-07,124.46453,124.46453,-1.805,0.1,224.65847664999998,47795.998106351515,0.0,0.1,-0.0,45084.52107566432
5256,2024-08-07,116.18354,116.18354,0.0,0.1,-0.0,47795.998106351515,0.0,0.1,-0.0,45084.52107566432
5257,2024-08-07,114.43999,114.43999,0.0,0.1,-0.0,47795.998106351515,0.0,0.1,-0.0,45084.52107566432
5258,2024-08-07,110.28309,110.28309,1.3684210564801023,0.42500000091402423,-150.9137025296902,47645.08440382183,0.0,0.1,-0.0,45084.52107566432
5259,2024-08-07,110.10031,110.10031,1.9999999961514772,0.9,-220.20061957627644,47424.883784245554,2.0,0.575,-220.20062,44864.32045566432
5260,2024-08-07,112.67409,112.67409,0.0,0.9,-0.0,47424.883784245554,1.3684210526315792,0.9,-154.1855968421053,44710.13485882221
5261,2024-08-07,118.6374,118.6374,0.0,0.9,-0.0,47424.883784245554,0.0,0.9,-0.0,44710.13485882221
5262,2024-08-07,126.27211,126.27211,0.0,0.9,-0.0,47424.883784245554,0.0,0.9,-0.0,44710.13485882221
5263,2024-08-07,125.0,125.0,-2.0,0.37368421052631584,250.0,47674.883784245554,0.0,0.9,-0.0,44710.13485882221
5264,2024-08-07,120.0,120.0,-1.0400000000000003,0.1,124.80000000000003,47799.68378424556,0.0,0.9,-0.0,44710.13485882221
5265,2024-08-07,116.0,116.0,0.0,0.1,-0.0,47799.68378424556,0.0,0.9,-0.0,44710.13485882221
5266,2024-08-07,115.09,115.09,0.0,0.1,-0.0,47799.68378424556,0.0,0.9,-0.0,44710.13485882221
5267,2024-08-07,112.12,112.12,1.3684210540762134,0.4250000003431007,-153.42736858302504,47646.25641566253,0.0,0.9,-0.0,44710.13485882221
5268,2024-08-07,111.7,111.7,1.9999999985553656,0.9,-223.39999983863433,47422.856415823895,0.0,0.9,-0.0,44710.13485882221
5269,2024-08-07,112.93,112.93,0.0,0.9,-0.0,47422.856415823895,0.0,0.9,-0.0,44710.13485882221
5270,2024-08-07,116.0,116.0,0.0,0.9,-0.0,47422.856415823895,0.0,0.9,-0.0,44710.13485882221
5271,2024-08-07,119.79,119.79,0.0,0.9,-0.0,47422.856415823895,0.0,0.9,-0.0,44710.13485882221
5272,2024-08-07,124.0,124.0,0.0,0.9,-0.0,47422.856415823895,0.0,0.9,-0.0,44710.13485882221
5273,2024-08-07,153.02406,153.02406,0.0,0.9,-0.0,47422.856415823895,0.0,0.9,-0.0,44710.13485882221
5274,2024-08-07,191.46045,191.46045,-2.0,0.37368421052631584,382.9209,47805.77731582389,-2.0,0.37368421052631584,382.9209,45093.05575882221
5275,2024-08-07,186.17834,186.17834,-1.0400000000000003,0.1,193.62547360000005,47999.40278942389,-1.0400000000000003,0.1,193.62547360000005,45286.681232422205
5276,2024-08-07,172.72295,172.72295,0.0,0.1,-0.0,47999.40278942389,0.0,0.1,-0.0,45286.681232422205
5277,2024-08-07,142.47241,142.47241,0.0,0.1,-0.0,47999.40278942389,0.0,0.1,-0.0,45286.681232422205
5278,2024-08-07,120.35605,120.35605,2.0,0.575,-240.7121,47758.69068942389,0.0,0.1,-0.0,45286.681232422205
5279,2024-08-08,142.86765,142.86765,-1.805,0.1,257.87610824999996,48016.56679767389,0.0,0.1,-0.0,45286.681232422205
5280,2024-08-08,117.40235,117.40235,0.0,0.1,-0.0,48016.56679767389,0.0,0.1,-0.0,45286.681232422205
5281,2024-08-08,115.54114,115.54114,0.0,0.1,-0.0,48016.56679767389,0.0,0.1,-0.0,45286.681232422205
5282,2024-08-08,115.08,115.08,1.3684212379094585,0.42500004400349634,-157.47791605862048,47859.08888161527,0.0,0.1,-0.0,45286.681232422205
5283,2024-08-08,114.91677,114.91677,1.999999814722121,0.9,-229.8335187084646,47629.255362906806,0.0,0.1,-0.0,45286.681232422205
5284,2024-08-08,115.3,115.3,0.0,0.9,-0.0,47629.255362906806,0.0,0.1,-0.0,45286.681232422205
5285,2024-08-08,123.64,123.64,-1.2,0.5842105263157895,148.368,47777.62336290681,0.0,0.1,-0.0,45286.681232422205
5286,2024-08-08,126.52923,126.52923,-1.84,0.1,232.81378320000002,48010.43714610681,0.0,0.1,-0.0,45286.681232422205
5287,2024-08-08,122.01,122.01,0.0,0.1,-0.0,48010.43714610681,0.0,0.1,-0.0,45286.681232422205
5288,2024-08-08,118.82,118.82,0.0,0.1,-0.0,48010.43714610681,2.0,0.575,-237.64,45049.041232422205
5289,2024-08-08,115.64528,115.64528,0.0,0.1,-0.0,48010.43714610681,1.3684210526315792,0.9,-158.2514357894737,44890.78979663273
5290,2024-08-08,115.3,115.3,0.0,0.1,-0.0,48010.43714610681,0.0,0.9,-0.0,44890.78979663273
5291,2024-08-08,115.0,115.0,2.0,0.575,-230.0,47780.43714610681,0.0,0.9,-0.0,44890.78979663273
5292,2024-08-08,115.08,115.08,1.3684210526315792,0.9,-157.47789473684213,47622.95925136997,0.0,0.9,-0.0,44890.78979663273
5293,2024-08-08,115.81022,115.81022,0.0,0.9,-0.0,47622.95925136997,0.0,0.9,-0.0,44890.78979663273
5294,2024-08-08,117.93,117.93,0.0,0.9,-0.0,47622.95925136997,0.0,0.9,-0.0,44890.78979663273
5295,2024-08-08,122.01,122.01,0.0,0.9,-0.0,47622.95925136997,0.0,0.9,-0.0,44890.78979663273
5296,2024-08-08,129.19192,129.19192,0.0,0.9,-0.0,47622.95925136997,0.0,0.9,-0.0,44890.78979663273
5297,2024-08-08,178.69954,178.69954,0.0,0.9,-0.0,47622.95925136997,0.0,0.9,-0.0,44890.78979663273
5298,2024-08-08,191.43713,191.43713,-1.2000000035425116,0.5842105253835497,229.72455667816826,47852.68380804814,-1.2,0.5842105263157895,229.72455599999998,45120.51435263273
5299,2024-08-08,194.00393,194.00393,-1.8399999964574887,0.1,356.96723051273887,48209.65103856088,-1.84,0.1,356.9672312,45477.48158383273
5300,2024-08-08,189.32736,189.32736,0.0,0.1,-0.0,48209.65103856088,0.0,0.1,-0.0,45477.48158383273
5301,2024-08-08,156.73691,156.73691,0.0,0.1,-0.0,48209.65103856088,0.0,0.1,-0.0,45477.48158383273
5302,2024-08-08,141.62273,141.62273,0.0,0.1,-0.0,48209.65103856088,0.0,0.1,-0.0,45477.48158383273
5303,2024-08-09,125.0,125.0,0.0,0.1,-0.0,48209.65103856088,0.0,0.1,-0.0,45477.48158383273
5304,2024-08-09,120.0,120.0,0.0,0.1,-0.0,48209.65103856088,0.0,0.1,-0.0,45477.48158383273
5305,2024-08-09,116.94,116.94,0.0,0.1,-0.0,48209.65103856088,0.0,0.1,-0.0,45477.48158383273
5306,2024-08-09,116.94,116.94,2.0,0.575,-233.88,47975.77103856088,0.0,0.1,-0.0,45477.48158383273
5307,2024-08-09,116.94,116.94,1.3684210526315792,0.9,-160.02315789473687,47815.747880666146,0.0,0.1,-0.0,45477.48158383273
5308,2024-08-09,117.22,117.22,0.0,0.9,-0.0,47815.747880666146,0.0,0.1,-0.0,45477.48158383273
5309,2024-08-09,122.42,122.42,0.0,0.9,-0.0,47815.747880666146,0.0,0.1,-0.0,45477.48158383273
5310,2024-08-09,123.42,123.42,0.0,0.9,-0.0,47815.747880666146,0.0,0.1,-0.0,45477.48158383273
5311,2024-08-09,120.0,120.0,0.0,0.9,-0.0,47815.747880666146,0.0,0.1,-0.0,45477.48158383273
5312,2024-08-09,118.0,118.0,0.0,0.9,-0.0,47815.747880666146,0.0,0.1,-0.0,45477.48158383273
5313,2024-08-09,117.0,117.0,0.0,0.9,-0.0,47815.747880666146,0.0,0.1,-0.0,45477.48158383273
5314,2024-08-09,114.11,114.11,0.0,0.9,-0.0,47815.747880666146,0.0,0.1,-0.0,45477.48158383273
5315,2024-08-09,110.83,110.83,0.0,0.9,-0.0,47815.747880666146,0.0,0.1,-0.0,45477.48158383273
5316,2024-08-09,112.2,112.2,0.0,0.9,-0.0,47815.747880666146,2.0,0.575,-224.4,45253.081583832725
5317,2024-08-09,113.49,113.49,0.0,0.9,-0.0,47815.747880666146,1.3684210526315792,0.9,-155.30210526315793,45097.779478569566
5318,2024-08-09,115.69,115.69,0.0,0.9,-0.0,47815.747880666146,0.0,0.9,-0.0,45097.779478569566
5319,2024-08-09,118.0,118.0,0.0,0.9,-0.0,47815.747880666146,0.0,0.9,-0.0,45097.779478569566
5320,2024-08-09,120.84,120.84,0.0,0.9,-0.0,47815.747880666146,0.0,0.9,-0.0,45097.779478569566
5321,2024-08-09,136.38,136.38,0.0,0.9,-0.0,47815.747880666146,0.0,0.9,-0.0,45097.779478569566
5322,2024-08-09,175.1186,175.1186,-1.1999999999545505,0.58421052632775,210.14231999204094,48025.890200658185,-2.0,0.37368421052631584,350.2372,45448.01667856957
5323,2024-08-09,198.81751,198.81751,-1.8400000000454497,0.1,365.8242184090362,48391.71441906722,-1.0400000000000003,0.1,206.77021040000005,45654.78688896957
5324,2024-08-09,159.18939,159.18939,0.0,0.1,-0.0,48391.71441906722,0.0,0.1,-0.0,45654.78688896957
5325,2024-08-09,131.61347,131.61347,0.0,0.1,-0.0,48391.71441906722,0.0,0.1,-0.0,45654.78688896957
5326,2024-08-09,123.98,123.98,2.0,0.575,-247.96,48143.75441906722,2.0,0.575,-247.96,45406.82688896957
5327,2024-08-10,151.31103,151.31103,-1.805,0.1,273.11640915,48416.87082821722,-1.4,0.20657894736842103,211.83544199999997,45618.66233096957
5328,2024-08-10,131.29844,131.29844,0.0,0.1,-0.0,48416.87082821722,-0.40499999999999986,0.1,53.17586819999998,45671.83819916957
5329,2024-08-10,123.28,123.28,0.0,0.1,-0.0,48416.87082821722,0.0,0.1,-0.0,45671.83819916957
5330,2024-08-10,125.0,125.0,0.0,0.1,-0.0,48416.87082821722,0.0,0.1,-0.0,45671.83819916957
5331,2024-08-10,126.0,126.0,0.0,0.1,-0.0,48416.87082821722,0.0,0.1,-0.0,45671.83819916957
5332,2024-08-10,125.47,125.47,0.0,0.1,-0.0,48416.87082821722,0.0,0.1,-0.0,45671.83819916957
5333,2024-08-10,125.81,125.81,0.0,0.1,-0.0,48416.87082821722,0.0,0.1,-0.0,45671.83819916957
5334,2024-08-10,121.68,121.68,0.0,0.1,-0.0,48416.87082821722,0.0,0.1,-0.0,45671.83819916957
5335,2024-08-10,118.56,118.56,0.0,0.1,-0.0,48416.87082821722,0.0,0.1,-0.0,45671.83819916957
5336,2024-08-10,116.77,116.77,0.0,0.1,-0.0,48416.87082821722,0.0,0.1,-0.0,45671.83819916957
5337,2024-08-10,110.77,110.77,0.0,0.1,-0.0,48416.87082821722,0.0,0.1,-0.0,45671.83819916957
5338,2024-08-10,106.78,106.78,1.8777440359031328,0.545964208526994,-200.5055081537365,48216.36532006349,0.0,0.1,-0.0,45671.83819916957
5339,2024-08-10,111.65,111.65,-0.4838563203545558,0.4186335979073741,54.022558167586155,48270.38787823107,0.0,0.1,-0.0,45671.83819916957
5340,2024-08-10,110.64,110.64,0.026805903578283753,0.4250000000072165,-2.9658051719013145,48267.42207305917,2.0,0.575,-221.28,45450.55819916957
5341,2024-08-10,100.69,100.69,1.999999999969615,0.9,-201.37999999694054,48066.04207306223,1.3684210526315792,0.9,-137.78631578947372,45312.7718833801
5342,2024-08-10,112.65,112.65,0.0,0.9,-0.0,48066.04207306223,0.0,0.9,-0.0,45312.7718833801
5343,2024-08-10,118.61,118.61,0.0,0.9,-0.0,48066.04207306223,0.0,0.9,-0.0,45312.7718833801
5344,2024-08-10,124.0,124.0,0.0,0.9,-0.0,48066.04207306223,0.0,0.9,-0.0,45312.7718833801
5345,2024-08-10,146.54,146.54,0.0,0.9,-0.0,48066.04207306223,0.0,0.9,-0.0,45312.7718833801
5346,2024-08-10,174.83,174.83,-1.2000000100007753,0.5842105236840065,209.79600174843554,48275.838074810665,-1.2,0.5842105263157895,209.79600000000002,45522.5678833801
5347,2024-08-10,190.42689,190.42689,-1.8399999899992248,0.1,350.38547569558347,48626.22355050625,-1.84,0.1,350.3854776,45872.9533609801
5348,2024-08-10,170.07,170.07,0.0,0.1,-0.0,48626.22355050625,0.0,0.1,-0.0,45872.9533609801
5349,2024-08-10,145.54,145.54,0.0,0.1,-0.0,48626.22355050625,0.0,0.1,-0.0,45872.9533609801
5350,2024-08-10,126.04,126.04,0.0,0.1,-0.0,48626.22355050625,2.0,0.575,-252.08,45620.8733609801
5351,2024-08-11,150.0,150.0,0.0,0.1,-0.0,48626.22355050625,-1.2,0.25921052631578945,180.0,45800.8733609801
5352,2024-08-11,136.9,136.9,0.0,0.1,-0.0,48626.22355050625,-0.6049999999999999,0.1,82.82449999999999,45883.6978609801
5353,2024-08-11,128.0,128.0,0.0,0.1,-0.0,48626.22355050625,0.0,0.1,-0.0,45883.6978609801
5354,2024-08-11,126.96,126.96,0.0,0.1,-0.0,48626.22355050625,0.0,0.1,-0.0,45883.6978609801
5355,2024-08-11,125.09,125.09,0.0,0.1,-0.0,48626.22355050625,0.0,0.1,-0.0,45883.6978609801
5356,2024-08-11,129.0,129.0,0.0,0.1,-0.0,48626.22355050625,0.0,0.1,-0.0,45883.6978609801
5357,2024-08-11,124.5,124.5,0.0,0.1,-0.0,48626.22355050625,0.0,0.1,-0.0,45883.6978609801
5358,2024-08-11,123.58,123.58,0.0,0.1,-0.0,48626.22355050625,0.0,0.1,-0.0,45883.6978609801
5359,2024-08-11,121.98,121.98,0.0,0.1,-0.0,48626.22355050625,0.0,0.1,-0.0,45883.6978609801
5360,2024-08-11,113.0,113.0,2.0,0.575,-226.0,48400.22355050625,2.0,0.575,-226.0,45657.6978609801
5361,2024-08-11,114.0,114.0,1.3684210526315792,0.9,-156.00000000000003,48244.22355050625,1.3684210526315792,0.9,-156.00000000000003,45501.6978609801
5362,2024-08-11,117.0,117.0,0.0,0.9,-0.0,48244.22355050625,0.0,0.9,-0.0,45501.6978609801
5363,2024-08-11,120.06,120.06,-1.1999999999928692,0.584210526317666,144.07199999914388,48388.29555050539,-1.2,0.5842105263157895,144.072,45645.7698609801
5364,2024-08-11,123.29,123.29,-1.8400000000071308,0.1,226.85360000087917,48615.14915050627,-1.2,0.268421052631579,147.948,45793.7178609801
5365,2024-08-11,111.49,111.49,0.0,0.1,-0.0,48615.14915050627,2.0,0.743421052631579,-222.98,45570.737860980094
5366,2024-08-11,109.14,109.14,2.0,0.575,-218.28,48396.869150506274,0.6592797783933517,0.9,-71.95379501385041,45498.78406596625
5367,2024-08-11,114.34,114.34,1.3684210526315792,0.9,-156.46526315789478,48240.40388734838,0.0,0.9,-0.0,45498.78406596625
5368,2024-08-11,123.29,123.29,0.0,0.9,-0.0,48240.40388734838,0.0,0.9,-0.0,45498.78406596625
5369,2024-08-11,135.16,135.16,0.0,0.9,-0.0,48240.40388734838,0.0,0.9,-0.0,45498.78406596625
5370,2024-08-11,162.09,162.09,0.0,0.9,-0.0,48240.40388734838,0.0,0.9,-0.0,45498.78406596625
5371,2024-08-11,178.15492,178.15492,-2.0,0.37368421052631584,356.30984,48596.71372734838,-2.0,0.37368421052631584,356.30984,45855.09390596625
5372,2024-08-11,170.07,170.07,-1.0400000000000003,0.1,176.87280000000004,48773.58652734838,-1.0400000000000003,0.1,176.87280000000004,46031.966705966246
5373,2024-08-11,153.62196,153.62196,0.0,0.1,-0.0,48773.58652734838,0.0,0.1,-0.0,46031.966705966246
5374,2024-08-11,134.66,134.66,0.0,0.1,-0.0,48773.58652734838,0.0,0.1,-0.0,46031.966705966246
5375,2024-08-12,125.48,125.48,0.0,0.1,-0.0,48773.58652734838,2.0,0.575,-250.96,45781.00670596625
5376,2024-08-12,134.17,134.17,0.0,0.1,-0.0,48773.58652734838,1.3684210526315792,0.9,-183.60105263157897,45597.40565333467
5377,2024-08-12,128.0,128.0,0.0,0.1,-0.0,48773.58652734838,0.0,0.9,-0.0,45597.40565333467
5378,2024-08-12,125.48,125.48,2.0,0.575,-250.96,48522.62652734838,0.0,0.9,-0.0,45597.40565333467
5379,2024-08-12,125.48,125.48,1.3684210526315792,0.9,-171.70947368421056,48350.91705366417,0.0,0.9,-0.0,45597.40565333467
5380,2024-08-12,130.0,130.0,0.0,0.9,-0.0,48350.91705366417,0.0,0.9,-0.0,45597.40565333467
5381,2024-08-12,146.39,146.39,-2.0,0.37368421052631584,292.78,48643.69705366417,-2.0,0.37368421052631584,292.78,45890.185653334665
5382,2024-08-12,130.17,130.17,-1.0400000000000003,0.1,135.37680000000003,48779.073853664166,-1.0400000000000003,0.1,135.37680000000003,46025.56245333466
5383,2024-08-12,125.62,125.62,0.0,0.1,-0.0,48779.073853664166,0.0,0.1,-0.0,46025.56245333466
5384,2024-08-12,120.48495,120.48495,0.0,0.1,-0.0,48779.073853664166,2.0,0.575,-240.9699,45784.59255333467
5385,2024-08-12,118.99701,118.99701,0.0,0.1,-0.0,48779.073853664166,1.3684210526315792,0.9,-162.83801368421055,45621.75453965046
5386,2024-08-12,115.59323,115.59323,2.0,0.575,-231.18646,48547.88739366417,0.0,0.9,-0.0,45621.75453965046
5387,2024-08-12,117.05418,117.05418,1.3684210526315792,0.9,-160.17940421052634,48387.707989453644,0.0,0.9,-0.0,45621.75453965046
5388,2024-08-12,122.1432,122.1432,0.0,0.9,-0.0,48387.707989453644,0.0,0.9,-0.0,45621.75453965046
5389,2024-08-12,124.87232,124.87232,0.0,0.9,-0.0,48387.707989453644,0.0,0.9,-0.0,45621.75453965046
5390,2024-08-12,125.12,125.12,0.0,0.9,-0.0,48387.707989453644,0.0,0.9,-0.0,45621.75453965046
5391,2024-08-12,125.48,125.48,0.0,0.9,-0.0,48387.707989453644,0.0,0.9,-0.0,45621.75453965046
5392,2024-08-12,130.7,130.7,0.0,0.9,-0.0,48387.707989453644,0.0,0.9,-0.0,45621.75453965046
5393,2024-08-12,153.5255,153.5255,0.0,0.9,-0.0,48387.707989453644,0.0,0.9,-0.0,45621.75453965046
5394,2024-08-12,192.60557,192.60557,-1.200000003747499,0.5842105253296055,231.12668472178916,48618.834674175436,-2.0,0.37368421052631584,385.21114,46006.96567965046
5395,2024-08-12,198.81468,198.81468,-1.8399999962525009,0.1,365.8190104549422,48984.65368463038,-1.0400000000000003,0.1,206.76726720000005,46213.732946850454
5396,2024-08-12,171.98758,171.98758,0.0,0.1,-0.0,48984.65368463038,0.0,0.1,-0.0,46213.732946850454
5397,2024-08-12,149.96421,149.96421,0.0,0.1,-0.0,48984.65368463038,0.0,0.1,-0.0,46213.732946850454
5398,2024-08-12,132.63481,132.63481,0.0,0.1,-0.0,48984.65368463038,0.0,0.1,-0.0,46213.732946850454
5399,2024-08-13,121.63837,121.63837,0.0,0.1,-0.0,48984.65368463038,2.0,0.575,-243.27674,45970.45620685045
5400,2024-08-13,119.89169,119.89169,0.0,0.1,-0.0,48984.65368463038,1.3684210526315792,0.9,-164.06231263157898,45806.393894218876
5401,2024-08-13,119.99,119.99,0.0,0.1,-0.0,48984.65368463038,0.0,0.9,-0.0,45806.393894218876
5402,2024-08-13,119.5,119.5,0.0,0.1,-0.0,48984.65368463038,0.0,0.9,-0.0,45806.393894218876
5403,2024-08-13,118.08,118.08,0.0,0.1,-0.0,48984.65368463038,-1.2,0.5842105263157895,141.696,45948.08989421888
5404,2024-08-13,121.0,121.0,0.0,0.1,-0.0,48984.65368463038,-1.4,0.2157894736842106,169.39999999999998,46117.48989421888
5405,2024-08-13,121.45381,121.45381,0.0,0.1,-0.0,48984.65368463038,-0.44000000000000017,0.1,53.439676400000025,46170.92957061888
5406,2024-08-13,124.0,124.0,0.0,0.1,-0.0,48984.65368463038,0.0,0.1,-0.0,46170.92957061888
5407,2024-08-13,117.89486,117.89486,0.0,0.1,-0.0,48984.65368463038,2.0,0.575,-235.78972,45935.13985061888
5408,2024-08-13,117.78,117.78,0.0,0.1,-0.0,48984.65368463038,1.3684210526315792,0.9,-161.1726315789474,45773.96721903993
5409,2024-08-13,115.77222,115.77222,0.0,0.1,-0.0,48984.65368463038,0.0,0.9,-0.0,45773.96721903993
5410,2024-08-13,113.76648,113.76648,2.0,0.575,-227.53296,48757.12072463038,0.0,0.9,-0.0,45773.96721903993
5411,2024-08-13,115.05452,115.05452,0.0,0.575,-0.0,48757.12072463038,0.0,0.9,-0.0,45773.96721903993
5412,2024-08-13,114.70554,114.70554,1.3684210526315792,0.9,-156.96547578947371,48600.15524884091,0.0,0.9,-0.0,45773.96721903993
5413,2024-08-13,115.77351,115.77351,0.0,0.9,-0.0,48600.15524884091,0.0,0.9,-0.0,45773.96721903993
5414,2024-08-13,119.5,119.5,0.0,0.9,-0.0,48600.15524884091,0.0,0.9,-0.0,45773.96721903993
5415,2024-08-13,125.89,125.89,0.0,0.9,-0.0,48600.15524884091,0.0,0.9,-0.0,45773.96721903993
5416,2024-08-13,128.55,128.55,0.0,0.9,-0.0,48600.15524884091,0.0,0.9,-0.0,45773.96721903993
5417,2024-08-13,157.31151,157.31151,0.0,0.9,-0.0,48600.15524884091,0.0,0.9,-0.0,45773.96721903993
5418,2024-08-13,212.02667,212.02667,-1.2000000000154762,0.5842105263117168,254.43200400328138,48854.58725284419,-2.0,0.37368421052631584,424.05334,46198.02055903993
5419,2024-08-13,214.55176,214.55176,-1.8399999999845238,0.1,394.7752383966796,49249.36249124087,-1.0400000000000003,0.1,223.13383040000005,46421.15438943993
5420,2024-08-13,198.97407,198.97407,0.0,0.1,-0.0,49249.36249124087,0.0,0.1,-0.0,46421.15438943993
5421,2024-08-13,160.14532,160.14532,0.0,0.1,-0.0,49249.36249124087,0.0,0.1,-0.0,46421.15438943993
5422,2024-08-13,133.34,133.34,0.0,0.1,-0.0,49249.36249124087,0.0,0.1,-0.0,46421.15438943993
5423,2024-08-14,125.0927,125.0927,0.0,0.1,-0.0,49249.36249124087,2.0,0.575,-250.1854,46170.96898943993
5424,2024-08-14,125.0,125.0,0.0,0.1,-0.0,49249.36249124087,1.3684210526315792,0.9,-171.0526315789474,45999.91635786098
5425,2024-08-14,123.0,123.0,0.0,0.1,-0.0,49249.36249124087,0.0,0.9,-0.0,45999.91635786098
5426,2024-08-14,121.98,121.98,0.0,0.1,-0.0,49249.36249124087,-1.2,0.5842105263157895,146.376,46146.29235786098
5427,2024-08-14,123.0,123.0,0.0,0.1,-0.0,49249.36249124087,-1.4,0.2157894736842106,172.2,46318.492357860974
5428,2024-08-14,123.29,123.29,0.0,0.1,-0.0,49249.36249124087,-0.44000000000000017,0.1,54.24760000000003,46372.73995786098
5429,2024-08-14,124.69059,124.69059,0.0,0.1,-0.0,49249.36249124087,0.0,0.1,-0.0,46372.73995786098
5430,2024-08-14,122.10235,122.10235,0.0,0.1,-0.0,49249.36249124087,0.0,0.1,-0.0,46372.73995786098
5431,2024-08-14,119.6657,119.6657,0.0,0.1,-0.0,49249.36249124087,0.0,0.1,-0.0,46372.73995786098
5432,2024-08-14,116.5,116.5,0.0,0.1,-0.0,49249.36249124087,0.0,0.1,-0.0,46372.73995786098
5433,2024-08-14,115.29,115.29,0.0,0.1,-0.0,49249.36249124087,0.0,0.1,-0.0,46372.73995786098
5434,2024-08-14,110.64,110.64,0.0,0.1,-0.0,49249.36249124087,0.0,0.1,-0.0,46372.73995786098
5435,2024-08-14,108.92,108.92,0.0,0.1,-0.0,49249.36249124087,0.0,0.1,-0.0,46372.73995786098
5436,2024-08-14,106.42,106.42,2.0,0.575,-212.84,49036.522491240874,2.0,0.575,-212.84,46159.89995786098
5437,2024-08-14,107.81,107.81,1.3684210526315792,0.9,-147.52947368421056,48888.99301755666,1.3684210526315792,0.9,-147.52947368421056,46012.37048417677
5438,2024-08-14,114.65,114.65,0.0,0.9,-0.0,48888.99301755666,0.0,0.9,-0.0,46012.37048417677
5439,2024-08-14,118.5,118.5,0.0,0.9,-0.0,48888.99301755666,0.0,0.9,-0.0,46012.37048417677
5440,2024-08-14,125.0,125.0,0.0,0.9,-0.0,48888.99301755666,0.0,0.9,-0.0,46012.37048417677
5441,2024-08-14,169.3287,169.3287,0.0,0.9,-0.0,48888.99301755666,0.0,0.9,-0.0,46012.37048417677
5442,2024-08-14,210.16781,210.16781,-2.0,0.37368421052631584,420.33562,49309.32863755666,-2.0,0.37368421052631584,420.33562,46432.70610417677
5443,2024-08-14,210.99484,210.99484,-1.0400000000000003,0.1,219.43463360000007,49528.76327115666,-1.0400000000000003,0.1,219.43463360000007,46652.14073777677
5444,2024-08-14,176.15664,176.15664,0.0,0.1,-0.0,49528.76327115666,0.0,0.1,-0.0,46652.14073777677
5445,2024-08-14,151.42985,151.42985,0.0,0.1,-0.0,49528.76327115666,0.0,0.1,-0.0,46652.14073777677
5446,2024-08-14,136.30458,136.30458,0.0,0.1,-0.0,49528.76327115666,0.0,0.1,-0.0,46652.14073777677
5447,2024-08-15,134.61969,134.61969,0.0,0.1,-0.0,49528.76327115666,0.0,0.1,-0.0,46652.14073777677
5448,2024-08-15,139.48,139.48,0.0,0.1,-0.0,49528.76327115666,0.0,0.1,-0.0,46652.14073777677
5449,2024-08-15,130.5,130.5,0.0,0.1,-0.0,49528.76327115666,0.0,0.1,-0.0,46652.14073777677
5450,2024-08-15,125.4,125.4,0.0,0.1,-0.0,49528.76327115666,0.0,0.1,-0.0,46652.14073777677
5451,2024-08-15,123.29,123.29,0.0,0.1,-0.0,49528.76327115666,0.0,0.1,-0.0,46652.14073777677
5452,2024-08-15,124.65,124.65,0.0,0.1,-0.0,49528.76327115666,0.0,0.1,-0.0,46652.14073777677
5453,2024-08-15,125.08817,125.08817,0.0,0.1,-0.0,49528.76327115666,0.0,0.1,-0.0,46652.14073777677
5454,2024-08-15,122.0,122.0,0.0,0.1,-0.0,49528.76327115666,0.0,0.1,-0.0,46652.14073777677
5455,2024-08-15,116.14,116.14,0.0,0.1,-0.0,49528.76327115666,0.0,0.1,-0.0,46652.14073777677
5456,2024-08-15,110.0,110.0,1.3684210526315934,0.4250000000000034,-150.52631578947526,49378.23695536719,2.0,0.575,-220.0,46432.14073777677
5457,2024-08-15,106.0,106.0,1.999999999999986,0.9,-211.99999999999852,49166.23695536719,1.3684210526315792,0.9,-145.0526315789474,46287.08810619782
5458,2024-08-15,115.04,115.04,0.0,0.9,-0.0,49166.23695536719,0.0,0.9,-0.0,46287.08810619782
5459,2024-08-15,117.98,117.98,0.0,0.9,-0.0,49166.23695536719,0.0,0.9,-0.0,46287.08810619782
5460,2024-08-15,117.98,117.98,0.0,0.9,-0.0,49166.23695536719,0.0,0.9,-0.0,46287.08810619782
5461,2024-08-15,117.98,117.98,0.0,0.9,-0.0,49166.23695536719,0.0,0.9,-0.0,46287.08810619782
5462,2024-08-15,117.98,117.98,0.0,0.9,-0.0,49166.23695536719,0.0,0.9,-0.0,46287.08810619782
5463,2024-08-15,117.85,117.85,0.0,0.9,-0.0,49166.23695536719,0.0,0.9,-0.0,46287.08810619782
5464,2024-08-15,121.57,121.57,0.0,0.9,-0.0,49166.23695536719,0.0,0.9,-0.0,46287.08810619782
5465,2024-08-15,139.12,139.12,0.0,0.9,-0.0,49166.23695536719,0.0,0.9,-0.0,46287.08810619782
5466,2024-08-15,172.94919,172.94919,0.0,0.9,-0.0,49166.23695536719,0.0,0.9,-0.0,46287.08810619782
5467,2024-08-15,205.22442,205.22442,-2.0,0.37368421052631584,410.44884,49576.685795367186,-2.0,0.37368421052631584,410.44884,46697.53694619782
5468,2024-08-15,180.33367,180.33367,-1.0400000000000003,0.1,187.54701680000005,49764.23281216719,-1.0400000000000003,0.1,187.54701680000005,46885.08396299782
5469,2024-08-15,153.72997,153.72997,0.0,0.1,-0.0,49764.23281216719,0.0,0.1,-0.0,46885.08396299782
5470,2024-08-15,140.18047,140.18047,0.0,0.1,-0.0,49764.23281216719,0.0,0.1,-0.0,46885.08396299782
5471,2024-08-16,121.90779,121.90779,0.0,0.1,-0.0,49764.23281216719,0.0,0.1,-0.0,46885.08396299782
5472,2024-08-16,120.73722,120.73722,0.0,0.1,-0.0,49764.23281216719,2.0,0.575,-241.47444,46643.609522997824
5473,2024-08-16,119.58614,119.58614,0.0,0.1,-0.0,49764.23281216719,1.3684210526315792,0.9,-163.6441915789474,46479.965331418876
5474,2024-08-16,118.0,118.0,0.0,0.1,-0.0,49764.23281216719,0.0,0.9,-0.0,46479.965331418876
5475,2024-08-16,119.51,119.51,0.0,0.1,-0.0,49764.23281216719,-1.2,0.5842105263157895,143.412,46623.37733141887
5476,2024-08-16,118.0,118.0,0.0,0.1,-0.0,49764.23281216719,-1.2,0.268421052631579,141.6,46764.97733141887
5477,2024-08-16,121.86645,121.86645,0.0,0.1,-0.0,49764.23281216719,-0.6400000000000001,0.1,77.99452800000002,46842.971859418874
5478,2024-08-16,122.0,122.0,0.0,0.1,-0.0,49764.23281216719,0.0,0.1,-0.0,46842.971859418874
5479,2024-08-16,118.0,118.0,0.0,0.1,-0.0,49764.23281216719,0.0,0.1,-0.0,46842.971859418874
5480,2024-08-16,113.95,113.95,0.0,0.1,-0.0,49764.23281216719,2.0,0.575,-227.9,46615.07185941887
5481,2024-08-16,112.83,112.83,0.0,0.1,-0.0,49764.23281216719,1.3684210526315792,0.9,-154.3989473684211,46460.67291205045
5482,2024-08-16,112.2,112.2,0.0,0.1,-0.0,49764.23281216719,0.0,0.9,-0.0,46460.67291205045
5483,2024-08-16,112.75,112.75,0.0,0.1,-0.0,49764.23281216719,0.0,0.9,-0.0,46460.67291205045
5484,2024-08-16,111.23,111.23,2.0,0.575,-222.46,49541.77281216719,0.0,0.9,-0.0,46460.67291205045
5485,2024-08-16,112.75,112.75,1.3684210526315792,0.9,-154.28947368421055,49387.483338482976,0.0,0.9,-0.0,46460.67291205045
5486,2024-08-16,116.34,116.34,0.0,0.9,-0.0,49387.483338482976,0.0,0.9,-0.0,46460.67291205045
5487,2024-08-16,120.0,120.0,0.0,0.9,-0.0,49387.483338482976,0.0,0.9,-0.0,46460.67291205045
5488,2024-08-16,122.55,122.55,0.0,0.9,-0.0,49387.483338482976,0.0,0.9,-0.0,46460.67291205045
5489,2024-08-16,141.65785,141.65785,0.0,0.9,-0.0,49387.483338482976,0.0,0.9,-0.0,46460.67291205045
5490,2024-08-16,178.20157,178.20157,-1.2000000000554707,0.5842105263011919,213.84188400988498,49601.32522249286,-1.2,0.5842105263157895,213.841884,46674.514796050455
5491,2024-08-16,200.0,200.0,-1.8399999999445291,0.1,367.9999999889058,49969.32522248176,-1.84,0.1,368.0,47042.514796050455
5492,2024-08-16,175.93584,175.93584,0.0,0.1,-0.0,49969.32522248176,0.0,0.1,-0.0,47042.514796050455
5493,2024-08-16,140.79425,140.79425,0.0,0.1,-0.0,49969.32522248176,0.0,0.1,-0.0,47042.514796050455
5494,2024-08-16,133.81843,133.81843,0.0,0.1,-0.0,49969.32522248176,0.0,0.1,-0.0,47042.514796050455
5495,2024-08-17,126.02081,126.02081,0.0,0.1,-0.0,49969.32522248176,0.0,0.1,-0.0,47042.514796050455
5496,2024-08-17,123.3872,123.3872,0.0,0.1,-0.0,49969.32522248176,0.0,0.1,-0.0,47042.514796050455
5497,2024-08-17,121.38,121.38,0.0,0.1,-0.0,49969.32522248176,0.0,0.1,-0.0,47042.514796050455
5498,2024-08-17,121.98,121.98,0.0,0.1,-0.0,49969.32522248176,0.0,0.1,-0.0,47042.514796050455
5499,2024-08-17,121.04,121.04,0.0,0.1,-0.0,49969.32522248176,0.0,0.1,-0.0,47042.514796050455
5500,2024-08-17,121.98,121.98,0.0,0.1,-0.0,49969.32522248176,0.0,0.1,-0.0,47042.514796050455
5501,2024-08-17,121.98,121.98,0.0,0.1,-0.0,49969.32522248176,0.0,0.1,-0.0,47042.514796050455
5502,2024-08-17,119.65,119.65,0.0,0.1,-0.0,49969.32522248176,0.0,0.1,-0.0,47042.514796050455
5503,2024-08-17,117.56,117.56,0.0,0.1,-0.0,49969.32522248176,0.0,0.1,-0.0,47042.514796050455
5504,2024-08-17,113.01,113.01,0.0,0.1,-0.0,49969.32522248176,0.0,0.1,-0.0,47042.514796050455
5505,2024-08-17,107.95,107.95,0.0,0.1,-0.0,49969.32522248176,0.0,0.1,-0.0,47042.514796050455
5506,2024-08-17,99.0,99.0,0.0,0.1,-0.0,49969.32522248176,0.0,0.1,-0.0,47042.514796050455
5507,2024-08-17,98.16,98.16,2.0,0.575,-196.32,49773.00522248176,2.0,0.575,-196.32,46846.194796050455
5508,2024-08-17,97.71,97.71,1.3684210526315792,0.9,-133.7084210526316,49639.29680142913,1.3684210526315792,0.9,-133.7084210526316,46712.486374997825
5509,2024-08-17,104.02,104.02,0.0,0.9,-0.0,49639.29680142913,0.0,0.9,-0.0,46712.486374997825
5510,2024-08-17,108.08,108.08,0.0,0.9,-0.0,49639.29680142913,0.0,0.9,-0.0,46712.486374997825
5511,2024-08-17,116.54,116.54,0.0,0.9,-0.0,49639.29680142913,0.0,0.9,-0.0,46712.486374997825
5512,2024-08-17,122.98241,122.98241,0.0,0.9,-0.0,49639.29680142913,0.0,0.9,-0.0,46712.486374997825
5513,2024-08-17,146.74885,146.74885,0.0,0.9,-0.0,49639.29680142913,0.0,0.9,-0.0,46712.486374997825
5514,2024-08-17,173.56826,173.56826,-1.2000000000002204,0.5842105263157314,208.28191200003826,49847.57871342917,-1.2,0.5842105263157895,208.281912,46920.76828699782
5515,2024-08-17,180.05355,180.05355,-1.8399999999997796,0.1,331.2985319999603,50178.877245429125,-1.84,0.1,331.298532,47252.066818997824
5516,2024-08-17,167.80726,167.80726,0.0,0.1,-0.0,50178.877245429125,0.0,0.1,-0.0,47252.066818997824
5517,2024-08-17,139.3134,139.3134,0.0,0.1,-0.0,50178.877245429125,0.0,0.1,-0.0,47252.066818997824
5518,2024-08-17,128.02856,128.02856,0.0,0.1,-0.0,50178.877245429125,0.0,0.1,-0.0,47252.066818997824
5519,2024-08-18,123.98265,123.98265,0.0,0.1,-0.0,50178.877245429125,0.0,0.1,-0.0,47252.066818997824
5520,2024-08-18,120.72148,120.72148,0.0,0.1,-0.0,50178.877245429125,2.0,0.575,-241.44296,47010.623858997824
5521,2024-08-18,120.66888,120.66888,0.0,0.1,-0.0,50178.877245429125,1.3684210526315792,0.9,-165.1258357894737,46845.49802320835
5522,2024-08-18,120.51,120.51,0.0,0.1,-0.0,50178.877245429125,0.0,0.9,-0.0,46845.49802320835
5523,2024-08-18,118.86,118.86,0.0,0.1,-0.0,50178.877245429125,0.0,0.9,-0.0,46845.49802320835
5524,2024-08-18,118.0,118.0,0.0,0.1,-0.0,50178.877245429125,0.0,0.9,-0.0,46845.49802320835
5525,2024-08-18,117.54,117.54,0.0,0.1,-0.0,50178.877245429125,0.0,0.9,-0.0,46845.49802320835
5526,2024-08-18,117.18,117.18,0.0,0.1,-0.0,50178.877245429125,0.0,0.9,-0.0,46845.49802320835
5527,2024-08-18,115.97,115.97,0.0,0.1,-0.0,50178.877245429125,0.0,0.9,-0.0,46845.49802320835
5528,2024-08-18,116.67,116.67,0.0,0.1,-0.0,50178.877245429125,0.0,0.9,-0.0,46845.49802320835
5529,2024-08-18,112.52,112.52,0.0,0.1,-0.0,50178.877245429125,0.0,0.9,-0.0,46845.49802320835
5530,2024-08-18,111.48,111.48,0.0,0.1,-0.0,50178.877245429125,0.0,0.9,-0.0,46845.49802320835
5531,2024-08-18,114.15,114.15,0.0,0.1,-0.0,50178.877245429125,-1.2,0.5842105263157895,136.98,46982.47802320835
5532,2024-08-18,111.76,111.76,0.0,0.1,-0.0,50178.877245429125,1.3296398891966759,0.9,-148.6005540166205,46833.87746919173
5533,2024-08-18,110.0,110.0,0.0,0.1,-0.0,50178.877245429125,0.0,0.9,-0.0,46833.87746919173
5534,2024-08-18,106.31,106.31,2.0,0.575,-212.62,49966.25724542912,0.0,0.9,-0.0,46833.87746919173
5535,2024-08-18,109.35078,109.35078,1.3684210526315792,0.9,-149.63790947368423,49816.61933595544,0.0,0.9,-0.0,46833.87746919173
5536,2024-08-18,119.87,119.87,0.0,0.9,-0.0,49816.61933595544,0.0,0.9,-0.0,46833.87746919173
5537,2024-08-18,122.0,122.0,0.0,0.9,-0.0,49816.61933595544,0.0,0.9,-0.0,46833.87746919173
5538,2024-08-18,140.4,140.4,0.0,0.9,-0.0,49816.61933595544,0.0,0.9,-0.0,46833.87746919173
5539,2024-08-18,166.07224,166.07224,-2.0,0.37368421052631584,332.14448,50148.76381595544,-2.0,0.37368421052631584,332.14448,47166.02194919173
5540,2024-08-18,154.35382,154.35382,-1.0400000000000003,0.1,160.52797280000004,50309.29178875544,-1.0400000000000003,0.1,160.52797280000004,47326.54992199173
5541,2024-08-18,139.66207,139.66207,0.0,0.1,-0.0,50309.29178875544,0.0,0.1,-0.0,47326.54992199173
5542,2024-08-18,126.61852,126.61852,0.0,0.1,-0.0,50309.29178875544,0.0,0.1,-0.0,47326.54992199173
5543,2024-08-19,118.0,118.0,0.0,0.1,-0.0,50309.29178875544,0.0,0.1,-0.0,47326.54992199173
5544,2024-08-19,112.06,112.06,0.0,0.1,-0.0,50309.29178875544,0.0,0.1,-0.0,47326.54992199173
5545,2024-08-19,110.04,110.04,0.0,0.1,-0.0,50309.29178875544,2.0,0.575,-220.08,47106.46992199173
5546,2024-08-19,108.15,108.15,1.368421090639819,0.425000009026957,-147.99474095269645,50161.29704780275,1.3684210526315792,0.9,-147.9947368421053,46958.475185149626
5547,2024-08-19,107.8,107.8,1.9999999619917601,0.9,-215.59999590271173,49945.69705190004,0.0,0.9,-0.0,46958.475185149626
5548,2024-08-19,113.30203,113.30203,0.0,0.9,-0.0,49945.69705190004,0.0,0.9,-0.0,46958.475185149626
5549,2024-08-19,119.65,119.65,0.0,0.9,-0.0,49945.69705190004,0.0,0.9,-0.0,46958.475185149626
5550,2024-08-19,124.0,124.0,-1.200391818380982,0.5841074162155311,148.8485854792418,50094.545637379284,-1.2,0.5842105263157895,148.79999999999998,47107.27518514963
5551,2024-08-19,127.68,127.68,-1.8396081816190182,0.1,234.88117262911626,50329.4268100084,-1.2,0.268421052631579,153.216,47260.49118514963
5552,2024-08-19,119.06,119.06,0.0,0.1,-0.0,50329.4268100084,-0.6400000000000001,0.1,76.19840000000002,47336.68958514963
5553,2024-08-19,114.72,114.72,0.0,0.1,-0.0,50329.4268100084,0.0,0.1,-0.0,47336.68958514963
5554,2024-08-19,111.48,111.48,0.0,0.1,-0.0,50329.4268100084,0.0,0.1,-0.0,47336.68958514963
5555,2024-08-19,108.62,108.62,2.0,0.575,-217.24,50112.1868100084,2.0,0.575,-217.24,47119.44958514963
5556,2024-08-19,108.55,108.55,1.3684210526315792,0.9,-148.5421052631579,49963.644704745246,1.3684210526315792,0.9,-148.5421052631579,46970.907479886475
5557,2024-08-19,110.0,110.0,0.0,0.9,-0.0,49963.644704745246,0.0,0.9,-0.0,46970.907479886475
5558,2024-08-19,116.04,116.04,0.0,0.9,-0.0,49963.644704745246,0.0,0.9,-0.0,46970.907479886475
5559,2024-08-19,118.0,118.0,0.0,0.9,-0.0,49963.644704745246,0.0,0.9,-0.0,46970.907479886475
5560,2024-08-19,121.98,121.98,0.0,0.9,-0.0,49963.644704745246,0.0,0.9,-0.0,46970.907479886475
5561,2024-08-19,130.0,130.0,0.0,0.9,-0.0,49963.644704745246,0.0,0.9,-0.0,46970.907479886475
5562,2024-08-19,147.12,147.12,-1.20000000020505,0.5842105262618289,176.54400003016696,50140.18870477541,-1.2,0.5842105263157895,176.544,47147.45147988648
5563,2024-08-19,165.00992,165.00992,-1.8399999997949499,0.1,303.6182527661647,50443.80695754158,-1.84,0.1,303.6182528,47451.069732686476
5564,2024-08-19,141.99,141.99,0.0,0.1,-0.0,50443.80695754158,0.0,0.1,-0.0,47451.069732686476
5565,2024-08-19,125.0,125.0,0.0,0.1,-0.0,50443.80695754158,0.0,0.1,-0.0,47451.069732686476
5566,2024-08-19,121.0,121.0,0.0,0.1,-0.0,50443.80695754158,0.0,0.1,-0.0,47451.069732686476
5567,2024-08-20,115.27,115.27,0.0,0.1,-0.0,50443.80695754158,0.0,0.1,-0.0,47451.069732686476
5568,2024-08-20,107.66496,107.66496,0.0,0.1,-0.0,50443.80695754158,0.0,0.1,-0.0,47451.069732686476
5569,2024-08-20,102.45659,102.45659,2.0,0.575,-204.91318,50238.893777541576,0.0,0.1,-0.0,47451.069732686476
5570,2024-08-20,101.84,101.84,1.3684210526315792,0.9,-139.36000000000004,50099.533777541576,2.0,0.575,-203.68,47247.389732686475
5571,2024-08-20,101.22,101.22,0.0,0.9,-0.0,50099.533777541576,1.3684210526315792,0.9,-138.51157894736843,47108.878153739104
5572,2024-08-20,108.68,108.68,0.0,0.9,-0.0,50099.533777541576,0.0,0.9,-0.0,47108.878153739104
5573,2024-08-20,119.32,119.32,0.0,0.9,-0.0,50099.533777541576,0.0,0.9,-0.0,47108.878153739104
5574,2024-08-20,124.95,124.95,0.0,0.9,-0.0,50099.533777541576,-1.2,0.5842105263157895,149.94,47258.81815373911
5575,2024-08-20,122.0,122.0,-2.0,0.37368421052631584,244.0,50343.533777541576,-1.4,0.2157894736842106,170.79999999999998,47429.61815373911
5576,2024-08-20,118.64,118.64,-1.0400000000000003,0.1,123.38560000000003,50466.91937754158,-0.44000000000000017,0.1,52.20160000000002,47481.81975373911
5577,2024-08-20,112.44,112.44,0.0,0.1,-0.0,50466.91937754158,0.0,0.1,-0.0,47481.81975373911
5578,2024-08-20,108.69,108.69,0.0,0.1,-0.0,50466.91937754158,0.0,0.1,-0.0,47481.81975373911
5579,2024-08-20,101.66,101.66,2.0,0.575,-203.32,50263.59937754158,2.0,0.575,-203.32,47278.49975373911
5580,2024-08-20,101.84,101.84,1.3684210526315792,0.9,-139.36000000000004,50124.23937754158,1.3684210526315792,0.9,-139.36000000000004,47139.13975373911
5581,2024-08-20,107.14,107.14,0.0,0.9,-0.0,50124.23937754158,0.0,0.9,-0.0,47139.13975373911
5582,2024-08-20,106.0,106.0,0.0,0.9,-0.0,50124.23937754158,0.0,0.9,-0.0,47139.13975373911
5583,2024-08-20,112.1,112.1,0.0,0.9,-0.0,50124.23937754158,0.0,0.9,-0.0,47139.13975373911
5584,2024-08-20,118.42,118.42,0.0,0.9,-0.0,50124.23937754158,0.0,0.9,-0.0,47139.13975373911
5585,2024-08-20,130.0,130.0,0.0,0.9,-0.0,50124.23937754158,0.0,0.9,-0.0,47139.13975373911
5586,2024-08-20,155.34133,155.34133,-1.2000000101882031,0.5842105236346834,186.409597582649,50310.648975124226,-1.2,0.5842105263157895,186.409596,47325.54934973911
5587,2024-08-20,166.14182,166.14182,-1.839999989811797,0.1,305.70094710731337,50616.34992223154,-1.84,0.1,305.7009488,47631.250298539104
5588,2024-08-20,149.59274,149.59274,0.0,0.1,-0.0,50616.34992223154,0.0,0.1,-0.0,47631.250298539104
5589,2024-08-20,128.23,128.23,0.0,0.1,-0.0,50616.34992223154,0.0,0.1,-0.0,47631.250298539104
5590,2024-08-20,121.6,121.6,2.0,0.575,-243.2,50373.14992223154,0.0,0.1,-0.0,47631.250298539104
5591,2024-08-21,133.45,133.45,-1.805,0.1,240.87724999999998,50614.02717223154,0.0,0.1,-0.0,47631.250298539104
5592,2024-08-21,121.59,121.59,0.0,0.1,-0.0,50614.02717223154,0.0,0.1,-0.0,47631.250298539104
5593,2024-08-21,117.97,117.97,0.0,0.1,-0.0,50614.02717223154,2.0,0.575,-235.94,47395.3102985391
5594,2024-08-21,115.72,115.72,1.368422961449801,0.4250004533443277,-158.35390509897096,50455.673267132566,1.3684210526315792,0.9,-158.35368421052635,47236.95661432858
5595,2024-08-21,114.97909,114.97909,-1.235001722708445,0.1,141.99937422544934,50597.67264135802,0.0,0.9,-0.0,47236.95661432858
5596,2024-08-21,120.08109,120.08109,2.0,0.575,-240.16218,50357.51046135802,0.0,0.9,-0.0,47236.95661432858
5597,2024-08-21,139.39757,139.39757,0.0,0.575,-0.0,50357.51046135802,-1.2,0.5842105263157895,167.277084,47404.23369832858
5598,2024-08-21,141.23118,141.23118,-1.805,0.1,254.92227989999998,50612.43274125802,-1.2,0.268421052631579,169.47741599999998,47573.71111432858
5599,2024-08-21,136.22,136.22,0.0,0.1,-0.0,50612.43274125802,-0.6400000000000001,0.1,87.18080000000002,47660.89191432858
5600,2024-08-21,119.0,119.0,0.0,0.1,-0.0,50612.43274125802,0.0,0.1,-0.0,47660.89191432858
5601,2024-08-21,119.0,119.0,0.0,0.1,-0.0,50612.43274125802,0.0,0.1,-0.0,47660.89191432858
5602,2024-08-21,114.87,114.87,0.0,0.1,-0.0,50612.43274125802,0.0,0.1,-0.0,47660.89191432858
5603,2024-08-21,109.14,109.14,0.0,0.1,-0.0,50612.43274125802,2.0,0.575,-218.28,47442.61191432858
5604,2024-08-21,106.39,106.39,2.0,0.575,-212.78,50399.65274125802,1.3684210526315792,0.9,-145.5863157894737,47297.02559853911
5605,2024-08-21,108.76,108.76,1.3684210526315792,0.9,-148.82947368421057,50250.82326757381,0.0,0.9,-0.0,47297.02559853911
5606,2024-08-21,114.87,114.87,0.0,0.9,-0.0,50250.82326757381,0.0,0.9,-0.0,47297.02559853911
5607,2024-08-21,119.0,119.0,0.0,0.9,-0.0,50250.82326757381,0.0,0.9,-0.0,47297.02559853911
5608,2024-08-21,123.39,123.39,0.0,0.9,-0.0,50250.82326757381,0.0,0.9,-0.0,47297.02559853911
5609,2024-08-21,133.45,133.45,0.0,0.9,-0.0,50250.82326757381,0.0,0.9,-0.0,47297.02559853911
5610,2024-08-21,152.65998,152.65998,-1.200000037525348,0.5842105164406979,183.19198172861886,50434.01524930243,-1.2,0.5842105263157895,183.19197599999998,47480.217574539114
5611,2024-08-21,168.02344,168.02344,-1.839999962474652,0.1,309.1631232948619,50743.17837259729,-1.84,0.1,309.1631296,47789.38070413911
5612,2024-08-21,151.27,151.27,0.0,0.1,-0.0,50743.17837259729,0.0,0.1,-0.0,47789.38070413911
5613,2024-08-21,126.27,126.27,0.0,0.1,-0.0,50743.17837259729,0.0,0.1,-0.0,47789.38070413911
5614,2024-08-21,122.0,122.0,0.0,0.1,-0.0,50743.17837259729,0.0,0.1,-0.0,47789.38070413911
5615,2024-08-22,118.5,118.5,0.0,0.1,-0.0,50743.17837259729,0.0,0.1,-0.0,47789.38070413911
5616,2024-08-22,110.0,110.0,0.0,0.1,-0.0,50743.17837259729,0.0,0.1,-0.0,47789.38070413911
5617,2024-08-22,108.76,108.76,0.0,0.1,-0.0,50743.17837259729,0.0,0.1,-0.0,47789.38070413911
5618,2024-08-22,107.0,107.0,2.0,0.575,-214.0,50529.17837259729,2.0,0.575,-214.0,47575.38070413911
5619,2024-08-22,106.4,106.4,1.3684210526315792,0.9,-145.60000000000002,50383.578372597294,1.3684210526315792,0.9,-145.60000000000002,47429.78070413911
5620,2024-08-22,110.0,110.0,0.0,0.9,-0.0,50383.578372597294,0.0,0.9,-0.0,47429.78070413911
5621,2024-08-22,120.35604,120.35604,-1.200000002059922,0.5842105257737047,144.42724824792404,50528.005620845215,0.0,0.9,-0.0,47429.78070413911
5622,2024-08-22,127.04,127.04,-1.8399999979400778,0.1,233.7535997383075,50761.759220583524,-2.0,0.37368421052631584,254.08,47683.860704139115
5623,2024-08-22,120.0,120.0,0.0,0.1,-0.0,50761.759220583524,-1.0400000000000003,0.1,124.80000000000003,47808.66070413912
5624,2024-08-22,111.71,111.71,0.0,0.1,-0.0,50761.759220583524,0.0,0.1,-0.0,47808.66070413912
5625,2024-08-22,107.56,107.56,0.0,0.1,-0.0,50761.759220583524,0.0,0.1,-0.0,47808.66070413912
5626,2024-08-22,102.81,102.81,0.0,0.1,-0.0,50761.759220583524,0.0,0.1,-0.0,47808.66070413912
5627,2024-08-22,99.74,99.74,2.0,0.575,-199.48,50562.27922058352,2.0,0.575,-199.48,47609.180704139115
5628,2024-08-22,99.74,99.74,1.3684210526315792,0.9,-136.4863157894737,50425.79290479405,1.3684210526315792,0.9,-136.4863157894737,47472.69438834964
5629,2024-08-22,103.01298,103.01298,0.0,0.9,-0.0,50425.79290479405,0.0,0.9,-0.0,47472.69438834964
5630,2024-08-22,107.59,107.59,0.0,0.9,-0.0,50425.79290479405,0.0,0.9,-0.0,47472.69438834964
5631,2024-08-22,113.97,113.97,0.0,0.9,-0.0,50425.79290479405,0.0,0.9,-0.0,47472.69438834964
5632,2024-08-22,120.0,120.0,0.0,0.9,-0.0,50425.79290479405,0.0,0.9,-0.0,47472.69438834964
5633,2024-08-22,129.76,129.76,0.0,0.9,-0.0,50425.79290479405,0.0,0.9,-0.0,47472.69438834964
5634,2024-08-22,162.25609,162.25609,-2.0,0.37368421052631584,324.51218,50750.30508479405,-2.0,0.37368421052631584,324.51218,47797.20656834964
5635,2024-08-22,172.466,172.466,-1.0400000000000003,0.1,179.36464000000007,50929.66972479405,-1.0400000000000003,0.1,179.36464000000007,47976.57120834964
5636,2024-08-22,147.51883,147.51883,0.0,0.1,-0.0,50929.66972479405,0.0,0.1,-0.0,47976.57120834964
5637,2024-08-22,125.83402,125.83402,0.0,0.1,-0.0,50929.66972479405,0.0,0.1,-0.0,47976.57120834964
5638,2024-08-22,118.96944,118.96944,0.0,0.1,-0.0,50929.66972479405,0.0,0.1,-0.0,47976.57120834964
5639,2024-08-23,122.30701,122.30701,0.0,0.1,-0.0,50929.66972479405,0.0,0.1,-0.0,47976.57120834964
5640,2024-08-23,118.0,118.0,2.0,0.575,-236.0,50693.66972479405,0.0,0.1,-0.0,47976.57120834964
5641,2024-08-23,115.5,115.5,0.0,0.575,-0.0,50693.66972479405,0.0,0.1,-0.0,47976.57120834964
5642,2024-08-23,115.0,115.0,1.3684210526315792,0.9,-157.36842105263162,50536.30130374141,2.0,0.575,-230.0,47746.57120834964
5643,2024-08-23,115.77,115.77,0.0,0.9,-0.0,50536.30130374141,1.3684210526315792,0.9,-158.42210526315793,47588.149103086485
5644,2024-08-23,116.0,116.0,0.0,0.9,-0.0,50536.30130374141,0.0,0.9,-0.0,47588.149103086485
5645,2024-08-23,133.36,133.36,-1.200000001627895,0.584210525887396,160.0320002170961,50696.33330395851,-1.2,0.5842105263157895,160.032,47748.181103086485
5646,2024-08-23,136.0,136.0,-1.8399999983721047,0.1,250.23999977860623,50946.57330373712,-1.4,0.2157894736842106,190.39999999999998,47938.581103086486
5647,2024-08-23,130.0,130.0,0.0,0.1,-0.0,50946.57330373712,-0.44000000000000017,0.1,57.200000000000024,47995.78110308648
5648,2024-08-23,121.0,121.0,0.0,0.1,-0.0,50946.57330373712,0.0,0.1,-0.0,47995.78110308648
5649,2024-08-23,109.63,109.63,0.0,0.1,-0.0,50946.57330373712,0.0,0.1,-0.0,47995.78110308648
5650,2024-08-23,105.25,105.25,0.0,0.1,-0.0,50946.57330373712,0.0,0.1,-0.0,47995.78110308648
5651,2024-08-23,105.0,105.0,1.3684211177159016,0.42500001545752664,-143.68421736016967,50802.88908637695,2.0,0.575,-210.0,47785.78110308648
5652,2024-08-23,104.69,104.69,1.9999999349156774,0.9,-209.37999318632225,50593.50909319062,1.3684210526315792,0.9,-143.26000000000002,47642.52110308648
5653,2024-08-23,108.0,108.0,0.0,0.9,-0.0,50593.50909319062,0.0,0.9,-0.0,47642.52110308648
5654,2024-08-23,114.7,114.7,0.0,0.9,-0.0,50593.50909319062,0.0,0.9,-0.0,47642.52110308648
5655,2024-08-23,121.68,121.68,0.0,0.9,-0.0,50593.50909319062,0.0,0.9,-0.0,47642.52110308648
5656,2024-08-23,131.41,131.41,0.0,0.9,-0.0,50593.50909319062,0.0,0.9,-0.0,47642.52110308648
5657,2024-08-23,160.0,160.0,0.0,0.9,-0.0,50593.50909319062,0.0,0.9,-0.0,47642.52110308648
5658,2024-08-23,193.98788,193.98788,-1.200000000361218,0.5842105262207322,232.7854560700719,50826.294549260696,-2.0,0.37368421052631584,387.97576,48030.49686308648
5659,2024-08-23,201.34783,201.34783,-1.8399999996387824,0.1,370.4800071272696,51196.774556387965,-1.0400000000000003,0.1,209.40174320000003,48239.89860628648
5660,2024-08-23,158.92092,158.92092,0.0,0.1,-0.0,51196.774556387965,0.0,0.1,-0.0,48239.89860628648
5661,2024-08-23,138.17259,138.17259,0.0,0.1,-0.0,51196.774556387965,0.0,0.1,-0.0,48239.89860628648
5662,2024-08-23,133.17039,133.17039,0.0,0.1,-0.0,51196.774556387965,0.0,0.1,-0.0,48239.89860628648
5663,2024-08-24,132.9139,132.9139,0.0,0.1,-0.0,51196.774556387965,0.0,0.1,-0.0,48239.89860628648
5664,2024-08-24,129.65,129.65,0.0,0.1,-0.0,51196.774556387965,0.0,0.1,-0.0,48239.89860628648
5665,2024-08-24,123.96,123.96,0.0,0.1,-0.0,51196.774556387965,0.0,0.1,-0.0,48239.89860628648
5666,2024-08-24,116.5,116.5,0.0,0.1,-0.0,51196.774556387965,0.0,0.1,-0.0,48239.89860628648
5667,2024-08-24,116.5,116.5,0.0,0.1,-0.0,51196.774556387965,0.0,0.1,-0.0,48239.89860628648
5668,2024-08-24,118.0,118.0,0.0,0.1,-0.0,51196.774556387965,0.0,0.1,-0.0,48239.89860628648
5669,2024-08-24,120.0,120.0,0.0,0.1,-0.0,51196.774556387965,0.0,0.1,-0.0,48239.89860628648
5670,2024-08-24,120.0,120.0,0.0,0.1,-0.0,51196.774556387965,0.0,0.1,-0.0,48239.89860628648
5671,2024-08-24,110.65,110.65,0.0,0.1,-0.0,51196.774556387965,0.0,0.1,-0.0,48239.89860628648
5672,2024-08-24,105.45,105.45,0.0,0.1,-0.0,51196.774556387965,2.0,0.575,-210.9,48028.99860628648
5673,2024-08-24,105.15,105.15,0.0,0.1,-0.0,51196.774556387965,-1.2,0.25921052631578945,126.18,48155.17860628648
5674,2024-08-24,105.39,105.39,0.0,0.1,-0.0,51196.774556387965,-0.6049999999999999,0.1,63.76094999999999,48218.93955628648
5675,2024-08-24,109.5,109.5,0.0,0.1,-0.0,51196.774556387965,0.0,0.1,-0.0,48218.93955628648
5676,2024-08-24,104.93,104.93,0.0,0.1,-0.0,51196.774556387965,0.0,0.1,-0.0,48218.93955628648
5677,2024-08-24,98.0,98.0,2.0,0.575,-196.0,51000.774556387965,2.0,0.575,-196.0,48022.93955628648
5678,2024-08-24,98.76,98.76,1.3684210526315792,0.9,-135.14526315789476,50865.62929323007,1.3684210526315792,0.9,-135.14526315789476,47887.79429312859
5679,2024-08-24,109.9,109.9,0.0,0.9,-0.0,50865.62929323007,0.0,0.9,-0.0,47887.79429312859
5680,2024-08-24,122.66,122.66,0.0,0.9,-0.0,50865.62929323007,0.0,0.9,-0.0,47887.79429312859
5681,2024-08-24,140.0,140.0,0.0,0.9,-0.0,50865.62929323007,0.0,0.9,-0.0,47887.79429312859
5682,2024-08-24,174.00526,174.00526,-1.2000000006462186,0.584210526145732,208.80631211244543,51074.435605342514,-2.0,0.37368421052631584,348.01052,48235.80481312859
5683,2024-08-24,178.18096,178.18096,-1.8399999993537817,0.1,327.8529662848562,51402.288571627374,-1.0400000000000003,0.1,185.30819840000004,48421.11301152859
5684,2024-08-24,149.03076,149.03076,0.0,0.1,-0.0,51402.288571627374,0.0,0.1,-0.0,48421.11301152859
5685,2024-08-24,132.51831,132.51831,0.0,0.1,-0.0,51402.288571627374,0.0,0.1,-0.0,48421.11301152859
5686,2024-08-24,120.97083,120.97083,2.0,0.575,-241.94166,51160.34691162738,0.0,0.1,-0.0,48421.11301152859
5687,2024-08-25,131.14123,131.14123,-1.805,0.1,236.70992015000002,51397.05683177738,0.0,0.1,-0.0,48421.11301152859
5688,2024-08-25,120.8133,120.8133,0.0,0.1,-0.0,51397.05683177738,2.0,0.575,-241.6266,48179.48641152859
5689,2024-08-25,124.46,124.46,0.0,0.1,-0.0,51397.05683177738,1.3684210526315792,0.9,-170.31368421052633,48009.172727318066
5690,2024-08-25,120.0,120.0,0.0,0.1,-0.0,51397.05683177738,-1.2,0.5842105263157895,144.0,48153.172727318066
5691,2024-08-25,120.0,120.0,0.0,0.1,-0.0,51397.05683177738,-1.4,0.2157894736842106,168.0,48321.172727318066
5692,2024-08-25,116.2,116.2,0.0,0.1,-0.0,51397.05683177738,-0.44000000000000017,0.1,51.12800000000002,48372.30072731806
5693,2024-08-25,115.0,115.0,0.0,0.1,-0.0,51397.05683177738,0.0,0.1,-0.0,48372.30072731806
5694,2024-08-25,115.0,115.0,0.0,0.1,-0.0,51397.05683177738,0.0,0.1,-0.0,48372.30072731806
5695,2024-08-25,110.5,110.5,0.0,0.1,-0.0,51397.05683177738,2.0,0.575,-221.0,48151.30072731806
5696,2024-08-25,110.65,110.65,2.0,0.575,-221.3,51175.75683177738,1.3684210526315792,0.9,-151.41578947368424,47999.88493784438
5697,2024-08-25,110.5,110.5,1.3684210526315792,0.9,-151.2105263157895,51024.54630546159,0.0,0.9,-0.0,47999.88493784438
5698,2024-08-25,110.65,110.65,0.0,0.9,-0.0,51024.54630546159,0.0,0.9,-0.0,47999.88493784438
5699,2024-08-25,115.0,115.0,0.0,0.9,-0.0,51024.54630546159,-1.2,0.5842105263157895,138.0,48137.88493784438
5700,2024-08-25,111.0,111.0,0.0,0.9,-0.0,51024.54630546159,1.3296398891966759,0.9,-147.59002770083103,47990.294910143544
5701,2024-08-25,112.0,112.0,0.0,0.9,-0.0,51024.54630546159,0.0,0.9,-0.0,47990.294910143544
5702,2024-08-25,110.52,110.52,0.0,0.9,-0.0,51024.54630546159,0.0,0.9,-0.0,47990.294910143544
5703,2024-08-25,110.65,110.65,0.0,0.9,-0.0,51024.54630546159,0.0,0.9,-0.0,47990.294910143544
5704,2024-08-25,119.99,119.99,0.0,0.9,-0.0,51024.54630546159,0.0,0.9,-0.0,47990.294910143544
5705,2024-08-25,135.42,135.42,0.0,0.9,-0.0,51024.54630546159,0.0,0.9,-0.0,47990.294910143544
5706,2024-08-25,175.22,175.22,0.0,0.9,-0.0,51024.54630546159,-1.2,0.5842105263157895,210.26399999999998,48200.55891014355
5707,2024-08-25,196.33431,196.33431,-2.0,0.37368421052631584,392.66862,51417.21492546159,-1.84,0.1,361.2551304,48561.81404054355
5708,2024-08-25,178.376,178.376,-1.0400000000000003,0.1,185.51104000000004,51602.725965461585,0.0,0.1,-0.0,48561.81404054355
5709,2024-08-25,149.70529,149.70529,0.0,0.1,-0.0,51602.725965461585,0.0,0.1,-0.0,48561.81404054355
5710,2024-08-25,125.07879,125.07879,0.0,0.1,-0.0,51602.725965461585,0.0,0.1,-0.0,48561.81404054355
5711,2024-08-26,115.0,115.0,0.0,0.1,-0.0,51602.725965461585,0.0,0.1,-0.0,48561.81404054355
5712,2024-08-26,111.57,111.57,0.0,0.1,-0.0,51602.725965461585,0.0,0.1,-0.0,48561.81404054355
5713,2024-08-26,110.2,110.2,0.0,0.1,-0.0,51602.725965461585,0.0,0.1,-0.0,48561.81404054355
5714,2024-08-26,109.95,109.95,1.3684210756784374,0.42500000547362893,-150.4578972708442,51452.26806819074,2.0,0.575,-219.9,48341.91404054355
5715,2024-08-26,108.12,108.12,1.9999999769531416,0.9,-216.23999750817367,51236.028070682565,1.3684210526315792,0.9,-147.95368421052635,48193.96035633302
5716,2024-08-26,114.99,114.99,0.0,0.9,-0.0,51236.028070682565,0.0,0.9,-0.0,48193.96035633302
5717,2024-08-26,126.0,126.0,0.0,0.9,-0.0,51236.028070682565,0.0,0.9,-0.0,48193.96035633302
5718,2024-08-26,141.72,141.72,-2.0,0.37368421052631584,283.44,51519.46807068257,-1.2,0.5842105263157895,170.064,48364.024356333015
5719,2024-08-26,137.99,137.99,-1.0400000000000003,0.1,143.50960000000003,51662.977670682565,-1.2,0.268421052631579,165.588,48529.61235633302
5720,2024-08-26,125.0,125.0,0.0,0.1,-0.0,51662.977670682565,-0.6400000000000001,0.1,80.00000000000001,48609.61235633302
5721,2024-08-26,118.83,118.83,0.0,0.1,-0.0,51662.977670682565,0.0,0.1,-0.0,48609.61235633302
5722,2024-08-26,116.73,116.73,0.0,0.1,-0.0,51662.977670682565,0.0,0.1,-0.0,48609.61235633302
5723,2024-08-26,115.0,115.0,2.0,0.575,-230.0,51432.977670682565,0.0,0.1,-0.0,48609.61235633302
5724,2024-08-26,116.0,116.0,1.3684210526315792,0.9,-158.73684210526318,51274.240828577305,2.0,0.575,-232.0,48377.61235633302
5725,2024-08-26,115.14985,115.14985,0.0,0.9,-0.0,51274.240828577305,1.3684210526315792,0.9,-157.57347894736844,48220.03887738565
5726,2024-08-26,121.44899,121.44899,0.0,0.9,-0.0,51274.240828577305,0.0,0.9,-0.0,48220.03887738565
5727,2024-08-26,130.0,130.0,0.0,0.9,-0.0,51274.240828577305,0.0,0.9,-0.0,48220.03887738565
5728,2024-08-26,133.01,133.01,0.0,0.9,-0.0,51274.240828577305,0.0,0.9,-0.0,48220.03887738565
5729,2024-08-26,170.8026,170.8026,0.0,0.9,-0.0,51274.240828577305,0.0,0.9,-0.0,48220.03887738565
5730,2024-08-26,213.6,213.6,-1.2000000713390027,0.5842105075423678,256.32001523801097,51530.560843815314,-2.0,0.37368421052631584,427.2,48647.238877385644
5731,2024-08-26,220.01,220.01,-1.8399999286609976,0.1,404.81838430470606,51935.37922812002,-1.0400000000000003,0.1,228.81040000000004,48876.049277385646
5732,2024-08-26,169.46313,169.46313,0.0,0.1,-0.0,51935.37922812002,0.0,0.1,-0.0,48876.049277385646
5733,2024-08-26,137.22256,137.22256,0.0,0.1,-0.0,51935.37922812002,0.0,0.1,-0.0,48876.049277385646
5734,2024-08-26,119.54915,119.54915,0.0,0.1,-0.0,51935.37922812002,0.0,0.1,-0.0,48876.049277385646
5735,2024-08-27,120.53297,120.53297,0.0,0.1,-0.0,51935.37922812002,0.0,0.1,-0.0,48876.049277385646
5736,2024-08-27,117.24804,117.24804,0.0,0.1,-0.0,51935.37922812002,0.0,0.1,-0.0,48876.049277385646
5737,2024-08-27,115.37,115.37,0.0,0.1,-0.0,51935.37922812002,0.0,0.1,-0.0,48876.049277385646
5738,2024-08-27,110.81,110.81,2.0,0.575,-221.62,51713.75922812002,2.0,0.575,-221.62,48654.42927738564
5739,2024-08-27,114.73,114.73,1.3684210526315792,0.9,-156.99894736842109,51556.7602807516,1.3684210526315792,0.9,-156.99894736842109,48497.430330017225
5740,2024-08-27,115.0,115.0,0.0,0.9,-0.0,51556.7602807516,0.0,0.9,-0.0,48497.430330017225
5741,2024-08-27,128.0,128.0,0.0,0.9,-0.0,51556.7602807516,0.0,0.9,-0.0,48497.430330017225
5742,2024-08-27,135.18,135.18,-2.0,0.37368421052631584,270.36,51827.1202807516,0.0,0.9,-0.0,48497.430330017225
5743,2024-08-27,129.94,129.94,-1.0400000000000003,0.1,135.13760000000002,51962.257880751604,0.0,0.9,-0.0,48497.430330017225
5744,2024-08-27,120.72,120.72,0.0,0.1,-0.0,51962.257880751604,0.0,0.9,-0.0,48497.430330017225
5745,2024-08-27,123.68,123.68,0.0,0.1,-0.0,51962.257880751604,-1.2,0.5842105263157895,148.416,48645.84633001722
5746,2024-08-27,117.41,117.41,1.3684210526317147,0.42500000000003224,-160.6663157894896,51801.59156496212,1.3296398891966759,0.9,-156.1130193905817,48489.73331062664
5747,2024-08-27,117.11,117.11,1.9999999999998643,0.9,-234.2199999999841,51567.37156496213,0.0,0.9,-0.0,48489.73331062664
5748,2024-08-27,118.0,118.0,0.0,0.9,-0.0,51567.37156496213,0.0,0.9,-0.0,48489.73331062664
5749,2024-08-27,126.91,126.91,0.0,0.9,-0.0,51567.37156496213,0.0,0.9,-0.0,48489.73331062664
5750,2024-08-27,134.79,134.79,0.0,0.9,-0.0,51567.37156496213,0.0,0.9,-0.0,48489.73331062664
5751,2024-08-27,189.63295,189.63295,0.0,0.9,-0.0,51567.37156496213,0.0,0.9,-0.0,48489.73331062664
5752,2024-08-27,186.00555,186.00555,0.0,0.9,-0.0,51567.37156496213,0.0,0.9,-0.0,48489.73331062664
5753,2024-08-27,198.07868,198.07868,0.0,0.9,-0.0,51567.37156496213,0.0,0.9,-0.0,48489.73331062664
5754,2024-08-27,229.87262,229.87262,-2.0,0.37368421052631584,459.74524,52027.11680496213,-2.0,0.37368421052631584,459.74524,48949.478550626634
5755,2024-08-27,227.53497,227.53497,-1.0400000000000003,0.1,236.63636880000004,52263.753173762125,-1.0400000000000003,0.1,236.63636880000004,49186.11491942663
5756,2024-08-27,170.45924,170.45924,0.0,0.1,-0.0,52263.753173762125,0.0,0.1,-0.0,49186.11491942663
5757,2024-08-27,135.5985,135.5985,0.0,0.1,-0.0,52263.753173762125,0.0,0.1,-0.0,49186.11491942663
5758,2024-08-27,127.45606,127.45606,0.0,0.1,-0.0,52263.753173762125,0.0,0.1,-0.0,49186.11491942663
5759,2024-08-28,122.61157,122.61157,0.0,0.1,-0.0,52263.753173762125,0.0,0.1,-0.0,49186.11491942663
5760,2024-08-28,117.17753,117.17753,0.0,0.1,-0.0,52263.753173762125,0.0,0.1,-0.0,49186.11491942663
5761,2024-08-28,115.27,115.27,0.0,0.1,-0.0,52263.753173762125,0.0,0.1,-0.0,49186.11491942663
5762,2024-08-28,112.68,112.68,2.0,0.575,-225.36,52038.393173762124,0.0,0.1,-0.0,49186.11491942663
5763,2024-08-28,114.37079,114.37079,1.3684210526315792,0.9,-156.5073968421053,51881.88577692002,0.0,0.1,-0.0,49186.11491942663
5764,2024-08-28,117.24,117.24,0.0,0.9,-0.0,51881.88577692002,0.0,0.1,-0.0,49186.11491942663
5765,2024-08-28,128.0,128.0,0.0,0.9,-0.0,51881.88577692002,0.0,0.1,-0.0,49186.11491942663
5766,2024-08-28,135.0,135.0,-2.0,0.37368421052631584,270.0,52151.88577692002,0.0,0.1,-0.0,49186.11491942663
5767,2024-08-28,130.0,130.0,-1.0400000000000003,0.1,135.20000000000005,52287.085776920016,0.0,0.1,-0.0,49186.11491942663
5768,2024-08-28,121.0,121.0,0.0,0.1,-0.0,52287.085776920016,0.0,0.1,-0.0,49186.11491942663
5769,2024-08-28,118.52,118.52,0.0,0.1,-0.0,52287.085776920016,0.0,0.1,-0.0,49186.11491942663
5770,2024-08-28,116.75,116.75,2.0,0.575,-233.5,52053.585776920016,0.0,0.1,-0.0,49186.11491942663
5771,2024-08-28,116.97,116.97,1.3684210526315792,0.9,-160.0642105263158,51893.5215663937,2.0,0.575,-233.94,48952.17491942663
5772,2024-08-28,116.97,116.97,0.0,0.9,-0.0,51893.5215663937,1.3684210526315792,0.9,-160.0642105263158,48792.11070890031
5773,2024-08-28,121.91,121.91,0.0,0.9,-0.0,51893.5215663937,0.0,0.9,-0.0,48792.11070890031
5774,2024-08-28,130.0,130.0,0.0,0.9,-0.0,51893.5215663937,0.0,0.9,-0.0,48792.11070890031
5775,2024-08-28,147.85,147.85,0.0,0.9,-0.0,51893.5215663937,0.0,0.9,-0.0,48792.11070890031
5776,2024-08-28,170.10294,170.10294,0.0,0.9,-0.0,51893.5215663937,0.0,0.9,-0.0,48792.11070890031
5777,2024-08-28,220.38445,220.38445,0.0,0.9,-0.0,51893.5215663937,0.0,0.9,-0.0,48792.11070890031
5778,2024-08-28,244.72306,244.72306,-2.0,0.37368421052631584,489.44612,52382.9676863937,-2.0,0.37368421052631584,489.44612,49281.55682890031
5779,2024-08-28,244.72753,244.72753,-1.0400000000000003,0.1,254.51663120000006,52637.4843175937,-1.0400000000000003,0.1,254.51663120000006,49536.07346010031
5780,2024-08-28,195.81666,195.81666,0.0,0.1,-0.0,52637.4843175937,0.0,0.1,-0.0,49536.07346010031
5781,2024-08-28,147.08,147.08,0.0,0.1,-0.0,52637.4843175937,0.0,0.1,-0.0,49536.07346010031
5782,2024-08-28,130.52144,130.52144,0.0,0.1,-0.0,52637.4843175937,0.0,0.1,-0.0,49536.07346010031
5783,2024-08-29,125.0,125.0,0.0,0.1,-0.0,52637.4843175937,0.0,0.1,-0.0,49536.07346010031
5784,2024-08-29,120.53,120.53,0.0,0.1,-0.0,52637.4843175937,0.0,0.1,-0.0,49536.07346010031
5785,2024-08-29,115.0,115.0,0.0,0.1,-0.0,52637.4843175937,0.0,0.1,-0.0,49536.07346010031
5786,2024-08-29,112.69695,112.69695,1.368421416181106,0.4250000863430127,-154.2169199182913,52483.26739767541,0.0,0.1,-0.0,49536.07346010031
5787,2024-08-29,112.55,112.55,1.999999636450473,0.9,-225.09995908250073,52258.16743859291,0.0,0.1,-0.0,49536.07346010031
5788,2024-08-29,119.29,119.29,0.0,0.9,-0.0,52258.16743859291,0.0,0.1,-0.0,49536.07346010031
5789,2024-08-29,125.93388,125.93388,0.0,0.9,-0.0,52258.16743859291,0.0,0.1,-0.0,49536.07346010031
5790,2024-08-29,133.9,133.9,-2.0,0.37368421052631584,267.8,52525.96743859291,0.0,0.1,-0.0,49536.07346010031
5791,2024-08-29,126.24,126.24,-1.0400000000000003,0.1,131.28960000000004,52657.25703859291,0.0,0.1,-0.0,49536.07346010031
5792,2024-08-29,119.42,119.42,0.0,0.1,-0.0,52657.25703859291,0.0,0.1,-0.0,49536.07346010031
5793,2024-08-29,115.0,115.0,0.0,0.1,-0.0,52657.25703859291,0.0,0.1,-0.0,49536.07346010031
5794,2024-08-29,109.9,109.9,2.0,0.575,-219.8,52437.457038592904,2.0,0.575,-219.8,49316.27346010031
5795,2024-08-29,112.43,112.43,1.3684210526315792,0.9,-153.85157894736847,52283.605459645536,1.3684210526315792,0.9,-153.85157894736847,49162.42188115294
5796,2024-08-29,115.0,115.0,0.0,0.9,-0.0,52283.605459645536,0.0,0.9,-0.0,49162.42188115294
5797,2024-08-29,120.94,120.94,0.0,0.9,-0.0,52283.605459645536,0.0,0.9,-0.0,49162.42188115294
5798,2024-08-29,122.92,122.92,0.0,0.9,-0.0,52283.605459645536,0.0,0.9,-0.0,49162.42188115294
5799,2024-08-29,139.0,139.0,0.0,0.9,-0.0,52283.605459645536,0.0,0.9,-0.0,49162.42188115294
5800,2024-08-29,165.0,165.0,0.0,0.9,-0.0,52283.605459645536,0.0,0.9,-0.0,49162.42188115294
5801,2024-08-29,220.0,220.0,0.0,0.9,-0.0,52283.605459645536,0.0,0.9,-0.0,49162.42188115294
5802,2024-08-29,245.43703,245.43703,-1.2000000128345263,0.5842105229382826,294.524439150068,52578.1298987956,-2.0,0.37368421052631584,490.87406,49653.295941152945
5803,2024-08-29,250.0,250.0,-1.8399999871654737,0.1,459.99999679136846,53038.12989558697,-1.0400000000000003,0.1,260.00000000000006,49913.295941152945
5804,2024-08-29,188.86599,188.86599,0.0,0.1,-0.0,53038.12989558697,0.0,0.1,-0.0,49913.295941152945
5805,2024-08-29,134.55172,134.55172,0.0,0.1,-0.0,53038.12989558697,0.0,0.1,-0.0,49913.295941152945
5806,2024-08-29,126.59852,126.59852,0.0,0.1,-0.0,53038.12989558697,0.0,0.1,-0.0,49913.295941152945
5807,2024-08-30,123.08,123.08,0.0,0.1,-0.0,53038.12989558697,0.0,0.1,-0.0,49913.295941152945
5808,2024-08-30,122.52,122.52,0.0,0.1,-0.0,53038.12989558697,0.0,0.1,-0.0,49913.295941152945
5809,2024-08-30,120.0,120.0,0.0,0.1,-0.0,53038.12989558697,0.0,0.1,-0.0,49913.295941152945
5810,2024-08-30,115.58,115.58,2.0,0.575,-231.16,52806.96989558697,0.0,0.1,-0.0,49913.295941152945
5811,2024-08-30,116.08,116.08,1.3684210526315792,0.9,-158.84631578947372,52648.123579797495,2.0,0.575,-232.16,49681.13594115294
5812,2024-08-30,122.0,122.0,0.0,0.9,-0.0,52648.123579797495,1.3684210526315792,0.9,-166.94736842105266,49514.18857273189
5813,2024-08-30,135.1333,135.1333,-1.2000000000292708,0.5842105263080867,162.15996000395543,52810.28353980145,-1.2,0.5842105263157895,162.15995999999998,49676.348532731885
5814,2024-08-30,149.9,149.9,-1.8399999999707293,0.1,275.81599999561234,53086.09953979706,-1.8,0.1105263157894737,269.82,49946.168532731885
5815,2024-08-30,133.50613,133.50613,0.0,0.1,-0.0,53086.09953979706,-0.040000000000000015,0.1,5.340245200000003,49951.508777931886
5816,2024-08-30,122.37,122.37,0.0,0.1,-0.0,53086.09953979706,0.0,0.1,-0.0,49951.508777931886
5817,2024-08-30,117.01,117.01,0.0,0.1,-0.0,53086.09953979706,0.0,0.1,-0.0,49951.508777931886
5818,2024-08-30,115.0,115.0,0.0,0.1,-0.0,53086.09953979706,0.0,0.1,-0.0,49951.508777931886
5819,2024-08-30,108.41,108.41,2.0,0.575,-216.82,52869.27953979706,2.0,0.575,-216.82,49734.688777931886
5820,2024-08-30,110.0,110.0,1.3684210526315792,0.9,-150.5263157894737,52718.75322400759,1.3684210526315792,0.9,-150.5263157894737,49584.16246214241
5821,2024-08-30,115.01947,115.01947,0.0,0.9,-0.0,52718.75322400759,0.0,0.9,-0.0,49584.16246214241
5822,2024-08-30,119.56,119.56,0.0,0.9,-0.0,52718.75322400759,0.0,0.9,-0.0,49584.16246214241
5823,2024-08-30,124.45,124.45,0.0,0.9,-0.0,52718.75322400759,0.0,0.9,-0.0,49584.16246214241
5824,2024-08-30,143.87,143.87,0.0,0.9,-0.0,52718.75322400759,0.0,0.9,-0.0,49584.16246214241
5825,2024-08-30,181.30251,181.30251,0.0,0.9,-0.0,52718.75322400759,0.0,0.9,-0.0,49584.16246214241
5826,2024-08-30,220.0,220.0,-2.0,0.37368421052631584,440.0,53158.75322400759,-2.0,0.37368421052631584,440.0,50024.16246214241
5827,2024-08-30,215.45551,215.45551,-1.0400000000000003,0.1,224.07373040000007,53382.82695440759,-1.0400000000000003,0.1,224.07373040000007,50248.23619254241
5828,2024-08-30,175.43649,175.43649,0.0,0.1,-0.0,53382.82695440759,0.0,0.1,-0.0,50248.23619254241
5829,2024-08-30,135.51875,135.51875,0.0,0.1,-0.0,53382.82695440759,0.0,0.1,-0.0,50248.23619254241
5830,2024-08-30,124.59412,124.59412,0.0,0.1,-0.0,53382.82695440759,0.0,0.1,-0.0,50248.23619254241
5831,2024-08-31,123.66,123.66,0.0,0.1,-0.0,53382.82695440759,0.0,0.1,-0.0,50248.23619254241
5832,2024-08-31,123.45,123.45,0.0,0.1,-0.0,53382.82695440759,0.0,0.1,-0.0,50248.23619254241
5833,2024-08-31,121.96,121.96,0.0,0.1,-0.0,53382.82695440759,0.0,0.1,-0.0,50248.23619254241
5834,2024-08-31,120.11,120.11,0.0,0.1,-0.0,53382.82695440759,0.0,0.1,-0.0,50248.23619254241
5835,2024-08-31,120.0,120.0,0.0,0.1,-0.0,53382.82695440759,0.0,0.1,-0.0,50248.23619254241
5836,2024-08-31,118.36,118.36,0.0,0.1,-0.0,53382.82695440759,0.0,0.1,-0.0,50248.23619254241
5837,2024-08-31,120.0,120.0,0.0,0.1,-0.0,53382.82695440759,0.0,0.1,-0.0,50248.23619254241
5838,2024-08-31,119.96,119.96,0.0,0.1,-0.0,53382.82695440759,0.0,0.1,-0.0,50248.23619254241
5839,2024-08-31,117.2,117.2,0.0,0.1,-0.0,53382.82695440759,0.0,0.1,-0.0,50248.23619254241
5840,2024-08-31,113.73,113.73,0.0,0.1,-0.0,53382.82695440759,0.0,0.1,-0.0,50248.23619254241
5841,2024-08-31,103.86,103.86,0.0,0.1,-0.0,53382.82695440759,0.0,0.1,-0.0,50248.23619254241
5842,2024-08-31,101.5,101.5,0.0,0.1,-0.0,53382.82695440759,0.0,0.1,-0.0,50248.23619254241
5843,2024-08-31,99.0,99.0,0.0,0.1,-0.0,53382.82695440759,2.0,0.575,-198.0,50050.23619254241
5844,2024-08-31,97.68,97.68,2.0,0.575,-195.36,53187.46695440759,1.3684210526315792,0.9,-133.66736842105266,49916.56882412136
5845,2024-08-31,99.0,99.0,1.3684210526315792,0.9,-135.47368421052633,53051.99327019706,0.0,0.9,-0.0,49916.56882412136
5846,2024-08-31,109.22,109.22,0.0,0.9,-0.0,53051.99327019706,0.0,0.9,-0.0,49916.56882412136
5847,2024-08-31,116.26,116.26,0.0,0.9,-0.0,53051.99327019706,0.0,0.9,-0.0,49916.56882412136
5848,2024-08-31,122.65,122.65,0.0,0.9,-0.0,53051.99327019706,0.0,0.9,-0.0,49916.56882412136
5849,2024-08-31,150.79527,150.79527,0.0,0.9,-0.0,53051.99327019706,0.0,0.9,-0.0,49916.56882412136
5850,2024-08-31,183.311,183.311,-1.2000000180794377,0.5842105215580427,219.9732033141598,53271.966473511224,-2.0,0.37368421052631584,366.622,50283.19082412136
5851,2024-08-31,185.72781,185.72781,-1.8399999819205621,0.1,341.7391670421456,53613.705640553366,-1.0400000000000003,0.1,193.15692240000004,50476.34774652136
5852,2024-08-31,156.01713,156.01713,0.0,0.1,-0.0,53613.705640553366,0.0,0.1,-0.0,50476.34774652136
5853,2024-08-31,132.7282,132.7282,0.0,0.1,-0.0,53613.705640553366,0.0,0.1,-0.0,50476.34774652136
5854,2024-08-31,123.35178,123.35178,0.0,0.1,-0.0,53613.705640553366,0.0,0.1,-0.0,50476.34774652136
5855,2024-09-01,123.67,123.67,0.0,0.1,-0.0,53613.705640553366,0.0,0.1,-0.0,50476.34774652136
5856,2024-09-01,123.48,123.48,0.0,0.1,-0.0,53613.705640553366,0.0,0.1,-0.0,50476.34774652136
5857,2024-09-01,121.2,121.2,0.0,0.1,-0.0,53613.705640553366,0.0,0.1,-0.0,50476.34774652136
5858,2024-09-01,118.18,118.18,0.0,0.1,-0.0,53613.705640553366,0.0,0.1,-0.0,50476.34774652136
5859,2024-09-01,116.41,116.41,0.0,0.1,-0.0,53613.705640553366,0.0,0.1,-0.0,50476.34774652136
5860,2024-09-01,113.33,113.33,0.0,0.1,-0.0,53613.705640553366,0.0,0.1,-0.0,50476.34774652136
5861,2024-09-01,116.0,116.0,0.0,0.1,-0.0,53613.705640553366,0.0,0.1,-0.0,50476.34774652136
5862,2024-09-01,112.5,112.5,0.0,0.1,-0.0,53613.705640553366,0.0,0.1,-0.0,50476.34774652136
5863,2024-09-01,108.49,108.49,0.0,0.1,-0.0,53613.705640553366,0.0,0.1,-0.0,50476.34774652136
5864,2024-09-01,100.2,100.2,0.0,0.1,-0.0,53613.705640553366,0.0,0.1,-0.0,50476.34774652136
5865,2024-09-01,92.04,92.04,2.0,0.575,-184.08,53429.625640553364,0.0,0.1,-0.0,50476.34774652136
5866,2024-09-01,94.67,94.67,1.3684210526315792,0.9,-129.5484210526316,53300.07721950073,0.0,0.1,-0.0,50476.34774652136
5867,2024-09-01,102.24,102.24,0.0,0.9,-0.0,53300.07721950073,0.0,0.1,-0.0,50476.34774652136
5868,2024-09-01,96.62,96.62,0.0,0.9,-0.0,53300.07721950073,0.0,0.1,-0.0,50476.34774652136
5869,2024-09-01,91.88,91.88,0.0,0.9,-0.0,53300.07721950073,2.0,0.575,-183.76,50292.587746521356
5870,2024-09-01,93.56,93.56,0.0,0.9,-0.0,53300.07721950073,1.3684210526315792,0.9,-128.02947368421056,50164.558272837145
5871,2024-09-01,104.95,104.95,0.0,0.9,-0.0,53300.07721950073,0.0,0.9,-0.0,50164.558272837145
5872,2024-09-01,116.44,116.44,0.0,0.9,-0.0,53300.07721950073,0.0,0.9,-0.0,50164.558272837145
5873,2024-09-01,143.4,143.4,0.0,0.9,-0.0,53300.07721950073,0.0,0.9,-0.0,50164.558272837145
5874,2024-09-01,171.65605,171.65605,0.0,0.9,-0.0,53300.07721950073,-1.2,0.5842105263157895,205.98726,50370.545532837146
5875,2024-09-01,176.17112,176.17112,-2.0,0.37368421052631584,352.34224,53652.41945950073,-1.8,0.1105263157894737,317.108016,50687.653548837145
5876,2024-09-01,166.2899,166.2899,-1.0400000000000003,0.1,172.94149600000003,53825.36095550073,-0.040000000000000015,0.1,6.651596000000002,50694.30514483715
5877,2024-09-01,163.76577,163.76577,0.0,0.1,-0.0,53825.36095550073,0.0,0.1,-0.0,50694.30514483715
5878,2024-09-01,139.74347,139.74347,0.0,0.1,-0.0,53825.36095550073,0.0,0.1,-0.0,50694.30514483715
5879,2024-09-02,123.0,123.0,0.0,0.1,-0.0,53825.36095550073,0.0,0.1,-0.0,50694.30514483715
5880,2024-09-02,120.0,120.0,0.0,0.1,-0.0,53825.36095550073,0.0,0.1,-0.0,50694.30514483715
5881,2024-09-02,117.0,117.0,0.0,0.1,-0.0,53825.36095550073,2.0,0.575,-234.0,50460.30514483715
5882,2024-09-02,116.74,116.74,2.0,0.575,-233.48,53591.880955500725,1.3684210526315792,0.9,-159.74947368421056,50300.555671152935
5883,2024-09-02,117.0,117.0,1.3684210526315792,0.9,-160.10526315789477,53431.77569234283,0.0,0.9,-0.0,50300.555671152935
5884,2024-09-02,121.28,121.28,0.0,0.9,-0.0,53431.77569234283,0.0,0.9,-0.0,50300.555671152935
5885,2024-09-02,166.0,166.0,0.0,0.9,-0.0,53431.77569234283,0.0,0.9,-0.0,50300.555671152935
5886,2024-09-02,191.67,191.67,-2.0,0.37368421052631584,383.34,53815.11569234283,-2.0,0.37368421052631584,383.34,50683.89567115293
5887,2024-09-02,192.43,192.43,-1.0400000000000003,0.1,200.12720000000004,54015.24289234283,-1.0400000000000003,0.1,200.12720000000004,50884.022871152934
5888,2024-09-02,173.21,173.21,0.0,0.1,-0.0,54015.24289234283,0.0,0.1,-0.0,50884.022871152934
5889,2024-09-02,132.79,132.79,0.0,0.1,-0.0,54015.24289234283,2.0,0.575,-265.58,50618.44287115293
5890,2024-09-02,130.0,130.0,2.0,0.575,-260.0,53755.24289234283,1.3684210526315792,0.9,-177.8947368421053,50440.548134310826
5891,2024-09-02,130.0,130.0,0.0,0.575,-0.0,53755.24289234283,0.0,0.9,-0.0,50440.548134310826
5892,2024-09-02,128.68,128.68,1.3684210526315792,0.9,-176.08842105263162,53579.154471290196,0.0,0.9,-0.0,50440.548134310826
5893,2024-09-02,170.0,170.0,0.0,0.9,-0.0,53579.154471290196,0.0,0.9,-0.0,50440.548134310826
5894,2024-09-02,198.17828,198.17828,0.0,0.9,-0.0,53579.154471290196,0.0,0.9,-0.0,50440.548134310826
5895,2024-09-02,209.17,209.17,0.0,0.9,-0.0,53579.154471290196,0.0,0.9,-0.0,50440.548134310826
5896,2024-09-02,210.0,210.0,0.0,0.9,-0.0,53579.154471290196,0.0,0.9,-0.0,50440.548134310826
5897,2024-09-02,210.15547,210.15547,0.0,0.9,-0.0,53579.154471290196,0.0,0.9,-0.0,50440.548134310826
5898,2024-09-02,215.16339,215.16339,-2.0,0.37368421052631584,430.32678,54009.4812512902,-2.0,0.37368421052631584,430.32678,50870.87491431083
5899,2024-09-02,215.42653,215.42653,-1.0400000000000003,0.1,224.04359120000007,54233.5248424902,-1.0400000000000003,0.1,224.04359120000007,51094.91850551083
5900,2024-09-02,206.73983,206.73983,0.0,0.1,-0.0,54233.5248424902,0.0,0.1,-0.0,51094.91850551083
5901,2024-09-02,170.25302,170.25302,0.0,0.1,-0.0,54233.5248424902,0.0,0.1,-0.0,51094.91850551083
5902,2024-09-02,148.95919,148.95919,0.0,0.1,-0.0,54233.5248424902,0.0,0.1,-0.0,51094.91850551083
5903,2024-09-03,139.98788,139.98788,0.0,0.1,-0.0,54233.5248424902,0.0,0.1,-0.0,51094.91850551083
5904,2024-09-03,121.92001,121.92001,2.0,0.575,-243.84002,53989.6848224902,0.0,0.1,-0.0,51094.91850551083
5905,2024-09-03,122.13444,122.13444,0.0,0.575,-0.0,53989.6848224902,0.0,0.1,-0.0,51094.91850551083
5906,2024-09-03,120.50383,120.50383,1.3684210526315792,0.9,-164.89997789473688,53824.78484459546,2.0,0.575,-241.00766,50853.91084551083
5907,2024-09-03,121.32254,121.32254,0.0,0.9,-0.0,53824.78484459546,1.3684210526315792,0.9,-166.02031789473688,50687.890527616095
5908,2024-09-03,123.0,123.0,0.0,0.9,-0.0,53824.78484459546,0.0,0.9,-0.0,50687.890527616095
5909,2024-09-03,140.72,140.72,0.0,0.9,-0.0,53824.78484459546,0.0,0.9,-0.0,50687.890527616095
5910,2024-09-03,157.08369,157.08369,-2.0,0.37368421052631584,314.16738,54138.95222459546,-1.2,0.5842105263157895,188.50042799999997,50876.390955616094
5911,2024-09-03,167.43,167.43,-1.0400000000000003,0.1,174.12720000000004,54313.07942459546,-1.84,0.1,308.07120000000003,51184.46215561609
5912,2024-09-03,146.0,146.0,0.0,0.1,-0.0,54313.07942459546,0.0,0.1,-0.0,51184.46215561609
5913,2024-09-03,128.7,128.7,0.0,0.1,-0.0,54313.07942459546,0.0,0.1,-0.0,51184.46215561609
5914,2024-09-03,124.38,124.38,0.0,0.1,-0.0,54313.07942459546,0.0,0.1,-0.0,51184.46215561609
5915,2024-09-03,122.01,122.01,2.0,0.575,-244.02,54069.05942459546,2.0,0.575,-244.02,50940.442155616096
5916,2024-09-03,122.04,122.04,1.3684210526315792,0.9,-167.00210526315794,53902.05731933231,1.3684210526315792,0.9,-167.00210526315794,50773.44005035294
5917,2024-09-03,125.72,125.72,0.0,0.9,-0.0,53902.05731933231,0.0,0.9,-0.0,50773.44005035294
5918,2024-09-03,130.0,130.0,0.0,0.9,-0.0,53902.05731933231,0.0,0.9,-0.0,50773.44005035294
5919,2024-09-03,167.12,167.12,0.0,0.9,-0.0,53902.05731933231,0.0,0.9,-0.0,50773.44005035294
5920,2024-09-03,182.29238,182.29238,0.0,0.9,-0.0,53902.05731933231,0.0,0.9,-0.0,50773.44005035294
5921,2024-09-03,214.12236,214.12236,0.0,0.9,-0.0,53902.05731933231,-1.2,0.5842105263157895,256.946832,51030.38688235294
5922,2024-09-03,217.24383,217.24383,-2.0,0.37368421052631584,434.48766,54336.544979332306,-1.84,0.1,399.7286472,51430.11552955294
5923,2024-09-03,214.77393,214.77393,-1.0400000000000003,0.1,223.36488720000006,54559.9098665323,0.0,0.1,-0.0,51430.11552955294
5924,2024-09-03,200.9627,200.9627,0.0,0.1,-0.0,54559.9098665323,0.0,0.1,-0.0,51430.11552955294
5925,2024-09-03,165.48,165.48,0.0,0.1,-0.0,54559.9098665323,0.0,0.1,-0.0,51430.11552955294
5926,2024-09-03,130.49676,130.49676,0.0,0.1,-0.0,54559.9098665323,0.0,0.1,-0.0,51430.11552955294
5927,2024-09-04,126.15,126.15,0.0,0.1,-0.0,54559.9098665323,0.0,0.1,-0.0,51430.11552955294
5928,2024-09-04,119.3433,119.3433,0.0,0.1,-0.0,54559.9098665323,0.0,0.1,-0.0,51430.11552955294
5929,2024-09-04,118.88572,118.88572,1.368421054232424,0.4250000003802007,-162.68572229558077,54397.22414423672,0.0,0.1,-0.0,51430.11552955294
5930,2024-09-04,118.88099,118.88099,1.9999999983991552,0.9,-237.76197980969,54159.46216442703,2.0,0.575,-237.76198,51192.353549552936
5931,2024-09-04,120.0,120.0,0.0,0.9,-0.0,54159.46216442703,1.3684210526315792,0.9,-164.2105263157895,51028.14302323715
5932,2024-09-04,120.0,120.0,0.0,0.9,-0.0,54159.46216442703,0.0,0.9,-0.0,51028.14302323715
5933,2024-09-04,148.54344,148.54344,0.0,0.9,-0.0,54159.46216442703,0.0,0.9,-0.0,51028.14302323715
5934,2024-09-04,177.44747,177.44747,0.0,0.9,-0.0,54159.46216442703,-1.2,0.5842105263157895,212.93696400000002,51241.07998723715
5935,2024-09-04,180.0,180.0,0.0,0.9,-0.0,54159.46216442703,-1.84,0.1,331.2,51572.27998723715
5936,2024-09-04,180.0,180.0,-2.0,0.37368421052631584,360.0,54519.46216442703,0.0,0.1,-0.0,51572.27998723715
5937,2024-09-04,141.76,141.76,-1.0400000000000003,0.1,147.43040000000002,54666.89256442703,0.0,0.1,-0.0,51572.27998723715
5938,2024-09-04,125.0,125.0,0.0,0.1,-0.0,54666.89256442703,0.0,0.1,-0.0,51572.27998723715
5939,2024-09-04,122.36,122.36,2.0,0.575,-244.72,54422.17256442703,2.0,0.575,-244.72,51327.559987237146
5940,2024-09-04,122.36,122.36,1.3684210526315792,0.9,-167.44000000000003,54254.732564427024,1.3684210526315792,0.9,-167.44000000000003,51160.11998723714
5941,2024-09-04,123.14,123.14,0.0,0.9,-0.0,54254.732564427024,0.0,0.9,-0.0,51160.11998723714
5942,2024-09-04,130.0,130.0,0.0,0.9,-0.0,54254.732564427024,0.0,0.9,-0.0,51160.11998723714
5943,2024-09-04,163.08,163.08,0.0,0.9,-0.0,54254.732564427024,0.0,0.9,-0.0,51160.11998723714
5944,2024-09-04,185.0,185.0,0.0,0.9,-0.0,54254.732564427024,0.0,0.9,-0.0,51160.11998723714
5945,2024-09-04,212.8802,212.8802,0.0,0.9,-0.0,54254.732564427024,-1.2,0.5842105263157895,255.45623999999998,51415.57622723714
5946,2024-09-04,214.11347,214.11347,-2.0,0.37368421052631584,428.22694,54682.959504427025,-1.84,0.1,393.96878480000004,51809.545012037146
5947,2024-09-04,214.2676,214.2676,-1.0400000000000003,0.1,222.83830400000005,54905.79780842702,0.0,0.1,-0.0,51809.545012037146
5948,2024-09-04,185.62533,185.62533,0.0,0.1,-0.0,54905.79780842702,0.0,0.1,-0.0,51809.545012037146
5949,2024-09-04,151.21613,151.21613,0.0,0.1,-0.0,54905.79780842702,0.0,0.1,-0.0,51809.545012037146
5950,2024-09-04,125.5759,125.5759,0.0,0.1,-0.0,54905.79780842702,0.0,0.1,-0.0,51809.545012037146
5951,2024-09-05,121.01,121.01,0.0,0.1,-0.0,54905.79780842702,0.0,0.1,-0.0,51809.545012037146
5952,2024-09-05,119.05,119.05,0.0,0.1,-0.0,54905.79780842702,0.0,0.1,-0.0,51809.545012037146
5953,2024-09-05,116.69,116.69,0.0,0.1,-0.0,54905.79780842702,0.0,0.1,-0.0,51809.545012037146
5954,2024-09-05,112.3,112.3,2.0,0.575,-224.6,54681.19780842702,2.0,0.575,-224.6,51584.94501203715
5955,2024-09-05,114.71,114.71,1.3684210526315792,0.9,-156.97157894736844,54524.22622947965,1.3684210526315792,0.9,-156.97157894736844,51427.97343308978
5956,2024-09-05,116.69,116.69,0.0,0.9,-0.0,54524.22622947965,0.0,0.9,-0.0,51427.97343308978
5957,2024-09-05,128.54,128.54,0.0,0.9,-0.0,54524.22622947965,0.0,0.9,-0.0,51427.97343308978
5958,2024-09-05,141.93,141.93,0.0,0.9,-0.0,54524.22622947965,0.0,0.9,-0.0,51427.97343308978
5959,2024-09-05,164.2,164.2,0.0,0.9,-0.0,54524.22622947965,0.0,0.9,-0.0,51427.97343308978
5960,2024-09-05,182.93,182.93,-2.0,0.37368421052631584,365.86,54890.08622947965,-2.0,0.37368421052631584,365.86,51793.83343308978
5961,2024-09-05,174.95194,174.95194,-1.0400000000000003,0.1,181.95001760000005,55072.03624707965,-1.0400000000000003,0.1,181.95001760000005,51975.78345068978
5962,2024-09-05,152.45513,152.45513,0.0,0.1,-0.0,55072.03624707965,0.0,0.1,-0.0,51975.78345068978
5963,2024-09-05,119.11508,119.11508,0.0,0.1,-0.0,55072.03624707965,0.0,0.1,-0.0,51975.78345068978
5964,2024-09-05,118.29775,118.29775,0.0,0.1,-0.0,55072.03624707965,2.0,0.575,-236.5955,51739.187950689775
5965,2024-09-05,118.13688,118.13688,2.0,0.575,-236.27376,54835.76248707966,1.3684210526315792,0.9,-161.66099368421055,51577.52695700557
5966,2024-09-05,119.58327,119.58327,1.3684210526315792,0.9,-163.64026421052634,54672.12222286913,0.0,0.9,-0.0,51577.52695700557
5967,2024-09-05,130.0,130.0,0.0,0.9,-0.0,54672.12222286913,0.0,0.9,-0.0,51577.52695700557
5968,2024-09-05,143.5,143.5,0.0,0.9,-0.0,54672.12222286913,0.0,0.9,-0.0,51577.52695700557
5969,2024-09-05,175.22388,175.22388,0.0,0.9,-0.0,54672.12222286913,0.0,0.9,-0.0,51577.52695700557
5970,2024-09-05,197.52404,197.52404,-2.0,0.37368421052631584,395.04808,55067.17030286913,-2.0,0.37368421052631584,395.04808,51972.57503700557
5971,2024-09-05,188.95943,188.95943,-1.0400000000000003,0.1,196.51780720000005,55263.68811006913,-1.0400000000000003,0.1,196.51780720000005,52169.09284420557
5972,2024-09-05,160.85675,160.85675,0.0,0.1,-0.0,55263.68811006913,0.0,0.1,-0.0,52169.09284420557
5973,2024-09-05,125.73888,125.73888,0.0,0.1,-0.0,55263.68811006913,0.0,0.1,-0.0,52169.09284420557
5974,2024-09-05,120.32526,120.32526,0.0,0.1,-0.0,55263.68811006913,0.0,0.1,-0.0,52169.09284420557
5975,2024-09-06,110.44,110.44,0.0,0.1,-0.0,55263.68811006913,0.0,0.1,-0.0,52169.09284420557
5976,2024-09-06,106.34,106.34,0.0,0.1,-0.0,55263.68811006913,0.0,0.1,-0.0,52169.09284420557
5977,2024-09-06,105.46,105.46,0.0,0.1,-0.0,55263.68811006913,0.0,0.1,-0.0,52169.09284420557
5978,2024-09-06,105.26,105.26,2.0,0.575,-210.52,55053.168110069135,0.0,0.1,-0.0,52169.09284420557
5979,2024-09-06,105.26,105.26,1.3684210526315792,0.9,-144.04000000000002,54909.128110069134,2.0,0.575,-210.52,51958.57284420557
5980,2024-09-06,106.34,106.34,0.0,0.9,-0.0,54909.128110069134,1.3684210526315792,0.9,-145.51789473684212,51813.05494946873
5981,2024-09-06,130.62,130.62,0.0,0.9,-0.0,54909.128110069134,0.0,0.9,-0.0,51813.05494946873
5982,2024-09-06,135.74046,135.74046,0.0,0.9,-0.0,54909.128110069134,0.0,0.9,-0.0,51813.05494946873
5983,2024-09-06,165.0,165.0,-2.0,0.37368421052631584,330.0,55239.128110069134,-2.0,0.37368421052631584,330.0,52143.05494946873
5984,2024-09-06,165.0,165.0,-1.0400000000000003,0.1,171.60000000000005,55410.72811006913,-1.0400000000000003,0.1,171.60000000000005,52314.65494946873
5985,2024-09-06,132.17,132.17,0.0,0.1,-0.0,55410.72811006913,0.0,0.1,-0.0,52314.65494946873
5986,2024-09-06,118.84,118.84,0.0,0.1,-0.0,55410.72811006913,0.0,0.1,-0.0,52314.65494946873
5987,2024-09-06,105.46,105.46,0.0,0.1,-0.0,55410.72811006913,2.0,0.575,-210.92,52103.73494946873
5988,2024-09-06,105.46,105.46,2.0,0.575,-210.92,55199.808110069134,1.3684210526315792,0.9,-144.31368421052633,51959.42126525821
5989,2024-09-06,110.0,110.0,1.3684210526315792,0.9,-150.5263157894737,55049.28179427966,0.0,0.9,-0.0,51959.42126525821
5990,2024-09-06,111.26,111.26,0.0,0.9,-0.0,55049.28179427966,0.0,0.9,-0.0,51959.42126525821
5991,2024-09-06,119.52,119.52,0.0,0.9,-0.0,55049.28179427966,0.0,0.9,-0.0,51959.42126525821
5992,2024-09-06,130.0,130.0,0.0,0.9,-0.0,55049.28179427966,0.0,0.9,-0.0,51959.42126525821
5993,2024-09-06,180.95302,180.95302,0.0,0.9,-0.0,55049.28179427966,0.0,0.9,-0.0,51959.42126525821
5994,2024-09-06,202.66499,202.66499,-2.0,0.37368421052631584,405.32998,55454.61177427966,-2.0,0.37368421052631584,405.32998,52364.75124525821
5995,2024-09-06,191.93194,191.93194,-1.0400000000000003,0.1,199.60921760000005,55654.220991879665,-1.0400000000000003,0.1,199.60921760000005,52564.36046285821
5996,2024-09-06,174.41136,174.41136,0.0,0.1,-0.0,55654.220991879665,0.0,0.1,-0.0,52564.36046285821
5997,2024-09-06,123.44525,123.44525,1.3684210526315996,0.42500000000000493,-168.92507894737096,55485.29591293229,2.0,0.575,-246.8905,52317.46996285821
5998,2024-09-06,118.26,118.26,1.9999999999999793,0.9,-236.51999999999757,55248.775912932295,1.3684210526315792,0.9,-161.82947368421057,52155.640489174
5999,2024-09-07,151.96777,151.96777,-2.0,0.37368421052631584,303.93554,55552.71145293229,-1.2,0.5842105263157895,182.361324,52338.001813174
6000,2024-09-07,142.28248,142.28248,-1.0400000000000003,0.1,147.97377920000002,55700.685232132295,-1.6,0.1631578947368421,227.651968,52565.653781174
6001,2024-09-07,135.19,135.19,0.0,0.1,-0.0,55700.685232132295,-0.24,0.1,32.4456,52598.099381174
6002,2024-09-07,123.11,123.11,0.0,0.1,-0.0,55700.685232132295,0.0,0.1,-0.0,52598.099381174
6003,2024-09-07,120.0,120.0,0.0,0.1,-0.0,55700.685232132295,2.0,0.575,-240.0,52358.099381174
6004,2024-09-07,119.0,119.0,2.0,0.575,-238.0,55462.685232132295,1.3684210526315792,0.9,-162.84210526315792,52195.25727591084
6005,2024-09-07,139.68,139.68,0.0,0.575,-0.0,55462.685232132295,-1.2,0.5842105263157895,167.616,52362.87327591084
6006,2024-09-07,143.54,143.54,-1.805,0.1,259.0897,55721.77493213229,-1.84,0.1,264.1136,52626.986875910836
6007,2024-09-07,141.32,141.32,0.0,0.1,-0.0,55721.77493213229,0.0,0.1,-0.0,52626.986875910836
6008,2024-09-07,113.86,113.86,0.0,0.1,-0.0,55721.77493213229,0.0,0.1,-0.0,52626.986875910836
6009,2024-09-07,105.0,105.0,0.0,0.1,-0.0,55721.77493213229,0.0,0.1,-0.0,52626.986875910836
6010,2024-09-07,96.0,96.0,0.0,0.1,-0.0,55721.77493213229,0.0,0.1,-0.0,52626.986875910836
6011,2024-09-07,89.5,89.5,0.0,0.1,-0.0,55721.77493213229,0.0,0.1,-0.0,52626.986875910836
6012,2024-09-07,83.03,83.03,2.0,0.575,-166.06,55555.714932132294,2.0,0.575,-166.06,52460.92687591084
6013,2024-09-07,86.06,86.06,1.3684210526315792,0.9,-117.76631578947371,55437.94861634282,1.3684210526315792,0.9,-117.76631578947371,52343.16056012137
6014,2024-09-07,92.36,92.36,0.0,0.9,-0.0,55437.94861634282,0.0,0.9,-0.0,52343.16056012137
6015,2024-09-07,103.85,103.85,0.0,0.9,-0.0,55437.94861634282,0.0,0.9,-0.0,52343.16056012137
6016,2024-09-07,117.25693,117.25693,0.0,0.9,-0.0,55437.94861634282,0.0,0.9,-0.0,52343.16056012137
6017,2024-09-07,159.47244,159.47244,0.0,0.9,-0.0,55437.94861634282,0.0,0.9,-0.0,52343.16056012137
6018,2024-09-07,184.86418,184.86418,-2.0,0.37368421052631584,369.72836,55807.676976342824,-2.0,0.37368421052631584,369.72836,52712.88892012137
6019,2024-09-07,182.01069,182.01069,-1.0400000000000003,0.1,189.29111760000006,55996.96809394282,-1.0400000000000003,0.1,189.29111760000006,52902.180037721366
6020,2024-09-07,156.39265,156.39265,0.0,0.1,-0.0,55996.96809394282,0.0,0.1,-0.0,52902.180037721366
6021,2024-09-07,119.30488,119.30488,0.0,0.1,-0.0,55996.96809394282,0.0,0.1,-0.0,52902.180037721366
6022,2024-09-07,117.3,117.3,2.0,0.575,-234.6,55762.36809394282,0.0,0.1,-0.0,52902.180037721366
6023,2024-09-08,123.59834,123.59834,-1.805,0.1,223.09500369999998,55985.46309764282,0.0,0.1,-0.0,52902.180037721366
6024,2024-09-08,118.4805,118.4805,0.0,0.1,-0.0,55985.46309764282,0.0,0.1,-0.0,52902.180037721366
6025,2024-09-08,115.69,115.69,0.0,0.1,-0.0,55985.46309764282,0.0,0.1,-0.0,52902.180037721366
6026,2024-09-08,115.1,115.1,0.0,0.1,-0.0,55985.46309764282,0.0,0.1,-0.0,52902.180037721366
6027,2024-09-08,113.87,113.87,0.0,0.1,-0.0,55985.46309764282,0.0,0.1,-0.0,52902.180037721366
6028,2024-09-08,115.14,115.14,0.0,0.1,-0.0,55985.46309764282,0.0,0.1,-0.0,52902.180037721366
6029,2024-09-08,113.65,113.65,0.0,0.1,-0.0,55985.46309764282,0.0,0.1,-0.0,52902.180037721366
6030,2024-09-08,113.72,113.72,0.0,0.1,-0.0,55985.46309764282,0.0,0.1,-0.0,52902.180037721366
6031,2024-09-08,113.1,113.1,0.0,0.1,-0.0,55985.46309764282,0.0,0.1,-0.0,52902.180037721366
6032,2024-09-08,111.49,111.49,0.0,0.1,-0.0,55985.46309764282,0.0,0.1,-0.0,52902.180037721366
6033,2024-09-08,113.49,113.49,0.0,0.1,-0.0,55985.46309764282,0.0,0.1,-0.0,52902.180037721366
6034,2024-09-08,107.09,107.09,0.0,0.1,-0.0,55985.46309764282,0.0,0.1,-0.0,52902.180037721366
6035,2024-09-08,106.73,106.73,0.0,0.1,-0.0,55985.46309764282,0.0,0.1,-0.0,52902.180037721366
6036,2024-09-08,106.71,106.71,1.3684210614886068,0.42500000210354405,-146.0242114714492,55839.438886171374,0.0,0.1,-0.0,52902.180037721366
6037,2024-09-08,107.92,107.92,1.9999999911429727,0.9,-215.8399990441496,55623.59888712723,2.0,0.575,-215.84,52686.34003772137
6038,2024-09-08,105.1,105.1,0.0,0.9,-0.0,55623.59888712723,1.3684210526315792,0.9,-143.82105263157897,52542.51898508979
6039,2024-09-08,108.5,108.5,0.0,0.9,-0.0,55623.59888712723,0.0,0.9,-0.0,52542.51898508979
6040,2024-09-08,111.49,111.49,0.0,0.9,-0.0,55623.59888712723,0.0,0.9,-0.0,52542.51898508979
6041,2024-09-08,120.53791,120.53791,0.0,0.9,-0.0,55623.59888712723,0.0,0.9,-0.0,52542.51898508979
6042,2024-09-08,142.25422,142.25422,-2.0,0.37368421052631584,284.50844,55908.107327127225,-2.0,0.37368421052631584,284.50844,52827.027425089786
6043,2024-09-08,144.41702,144.41702,-1.0400000000000003,0.1,150.19370080000004,56058.30102792723,-1.0400000000000003,0.1,150.19370080000004,52977.22112588979
6044,2024-09-08,129.63336,129.63336,0.0,0.1,-0.0,56058.30102792723,0.0,0.1,-0.0,52977.22112588979
6045,2024-09-08,115.1,115.1,0.0,0.1,-0.0,56058.30102792723,0.0,0.1,-0.0,52977.22112588979
6046,2024-09-08,112.89,112.89,0.0,0.1,-0.0,56058.30102792723,0.0,0.1,-0.0,52977.22112588979
6047,2024-09-09,105.28,105.28,0.0,0.1,-0.0,56058.30102792723,0.0,0.1,-0.0,52977.22112588979
6048,2024-09-09,102.03,102.03,0.0,0.1,-0.0,56058.30102792723,0.0,0.1,-0.0,52977.22112588979
6049,2024-09-09,98.96,98.96,2.0,0.575,-197.92,55860.38102792723,2.0,0.575,-197.92,52779.30112588979
6050,2024-09-09,98.9,98.9,1.3684210526315792,0.9,-135.3368421052632,55725.044185821964,1.3684210526315792,0.9,-135.3368421052632,52643.964283784524
6051,2024-09-09,98.9,98.9,0.0,0.9,-0.0,55725.044185821964,0.0,0.9,-0.0,52643.964283784524
6052,2024-09-09,105.28,105.28,0.0,0.9,-0.0,55725.044185821964,0.0,0.9,-0.0,52643.964283784524
6053,2024-09-09,121.85032,121.85032,0.0,0.9,-0.0,55725.044185821964,0.0,0.9,-0.0,52643.964283784524
6054,2024-09-09,139.28057,139.28057,0.0,0.9,-0.0,55725.044185821964,0.0,0.9,-0.0,52643.964283784524
6055,2024-09-09,153.0,153.0,-1.20000000058386,0.5842105261621421,183.6000000893306,55908.6441859113,-2.0,0.37368421052631584,306.0,52949.964283784524
6056,2024-09-09,155.42,155.42,-1.83999999941614,0.1,285.9727999092565,56194.616985820554,-1.0400000000000003,0.1,161.63680000000002,53111.601083784524
6057,2024-09-09,118.27,118.27,0.0,0.1,-0.0,56194.616985820554,0.0,0.1,-0.0,53111.601083784524
6058,2024-09-09,112.9,112.9,0.0,0.1,-0.0,56194.616985820554,0.0,0.1,-0.0,53111.601083784524
6059,2024-09-09,104.20543,104.20543,1.36842105833732,0.4250000013551135,-142.59690480509553,56052.02008101546,2.0,0.575,-208.41086,52903.19022378452
6060,2024-09-09,103.83013,103.83013,1.999999994294259,0.9,-207.66025940757217,55844.35982160788,1.3684210526315792,0.9,-142.0833357894737,52761.10688799505
6061,2024-09-09,107.14389,107.14389,0.0,0.9,-0.0,55844.35982160788,0.0,0.9,-0.0,52761.10688799505
6062,2024-09-09,112.65147,112.65147,0.0,0.9,-0.0,55844.35982160788,0.0,0.9,-0.0,52761.10688799505
6063,2024-09-09,118.42912,118.42912,0.0,0.9,-0.0,55844.35982160788,0.0,0.9,-0.0,52761.10688799505
6064,2024-09-09,121.96217,121.96217,0.0,0.9,-0.0,55844.35982160788,0.0,0.9,-0.0,52761.10688799505
6065,2024-09-09,149.29345,149.29345,0.0,0.9,-0.0,55844.35982160788,-1.2,0.5842105263157895,179.15214,52940.259027995045
6066,2024-09-09,164.0,164.0,-2.0,0.37368421052631584,328.0,56172.35982160788,-1.84,0.1,301.76,53242.01902799505
6067,2024-09-09,151.14729,151.14729,-1.0400000000000003,0.1,157.19318160000003,56329.55300320788,0.0,0.1,-0.0,53242.01902799505
6068,2024-09-09,132.1,132.1,0.0,0.1,-0.0,56329.55300320788,0.0,0.1,-0.0,53242.01902799505
6069,2024-09-09,116.42,116.42,0.0,0.1,-0.0,56329.55300320788,0.0,0.1,-0.0,53242.01902799505
6070,2024-09-09,111.9,111.9,0.0,0.1,-0.0,56329.55300320788,0.0,0.1,-0.0,53242.01902799505
6071,2024-09-10,96.8,96.8,2.0,0.575,-193.6,56135.953003207884,0.0,0.1,-0.0,53242.01902799505
6072,2024-09-10,96.0,96.0,1.3684210526315792,0.9,-131.36842105263162,56004.58458215525,0.0,0.1,-0.0,53242.01902799505
6073,2024-09-10,96.8,96.8,0.0,0.9,-0.0,56004.58458215525,0.0,0.1,-0.0,53242.01902799505
6074,2024-09-10,95.0,95.0,0.0,0.9,-0.0,56004.58458215525,2.0,0.575,-190.0,53052.01902799505
6075,2024-09-10,95.0,95.0,0.0,0.9,-0.0,56004.58458215525,1.3684210526315792,0.9,-130.00000000000003,52922.01902799505
6076,2024-09-10,98.7,98.7,0.0,0.9,-0.0,56004.58458215525,0.0,0.9,-0.0,52922.01902799505
6077,2024-09-10,115.8,115.8,0.0,0.9,-0.0,56004.58458215525,0.0,0.9,-0.0,52922.01902799505
6078,2024-09-10,125.71,125.71,-1.2040797713694975,0.5831369022711849,151.3648680588595,56155.94945021411,-2.0,0.37368421052631584,251.42,53173.439027995046
6079,2024-09-10,133.19,133.19,-1.8359202286305025,0.1,244.52621525129663,56400.475665465405,-1.0400000000000003,0.1,138.51760000000004,53311.956627995045
6080,2024-09-10,110.97908,110.97908,0.0,0.1,-0.0,56400.475665465405,0.0,0.1,-0.0,53311.956627995045
6081,2024-09-10,98.27,98.27,0.0,0.1,-0.0,56400.475665465405,0.0,0.1,-0.0,53311.956627995045
6082,2024-09-10,92.45,92.45,0.0,0.1,-0.0,56400.475665465405,0.0,0.1,-0.0,53311.956627995045
6083,2024-09-10,86.62,86.62,1.368421052892941,0.4250000000620735,-118.53263160158656,56281.94303386382,0.0,0.1,-0.0,53311.956627995045
6084,2024-09-10,80.43758,80.43758,1.9999999997386382,0.9,-160.87515997897668,56121.067873884844,2.0,0.575,-160.87516,53151.08146799504
6085,2024-09-10,88.50792,88.50792,0.0,0.9,-0.0,56121.067873884844,1.3684210526315792,0.9,-121.1161010526316,53029.96536694241
6086,2024-09-10,93.50999,93.50999,0.0,0.9,-0.0,56121.067873884844,0.0,0.9,-0.0,53029.96536694241
6087,2024-09-10,100.0,100.0,0.0,0.9,-0.0,56121.067873884844,0.0,0.9,-0.0,53029.96536694241
6088,2024-09-10,108.37,108.37,0.0,0.9,-0.0,56121.067873884844,0.0,0.9,-0.0,53029.96536694241
6089,2024-09-10,121.68,121.68,0.0,0.9,-0.0,56121.067873884844,0.0,0.9,-0.0,53029.96536694241
6090,2024-09-10,153.9,153.9,-2.0,0.37368421052631584,307.8,56428.86787388485,-2.0,0.37368421052631584,307.8,53337.76536694241
6091,2024-09-10,146.27,146.27,-1.0400000000000003,0.1,152.12080000000006,56580.98867388484,-1.0400000000000003,0.1,152.12080000000006,53489.88616694241
6092,2024-09-10,118.27,118.27,0.0,0.1,-0.0,56580.98867388484,0.0,0.1,-0.0,53489.88616694241
6093,2024-09-10,110.0,110.0,0.0,0.1,-0.0,56580.98867388484,0.0,0.1,-0.0,53489.88616694241
6094,2024-09-10,105.46,105.46,0.0,0.1,-0.0,56580.98867388484,0.0,0.1,-0.0,53489.88616694241
6095,2024-09-11,107.51,107.51,0.0,0.1,-0.0,56580.98867388484,0.0,0.1,-0.0,53489.88616694241
6096,2024-09-11,105.1,105.1,0.0,0.1,-0.0,56580.98867388484,0.0,0.1,-0.0,53489.88616694241
6097,2024-09-11,104.27,104.27,2.0,0.575,-208.54,56372.44867388484,0.0,0.1,-0.0,53489.88616694241
6098,2024-09-11,105.1,105.1,0.0,0.575,-0.0,56372.44867388484,2.0,0.575,-210.2,53279.68616694241
6099,2024-09-11,104.54,104.54,1.3684210526315792,0.9,-143.05473684210529,56229.39393704274,1.3684210526315792,0.9,-143.05473684210529,53136.63143010031
6100,2024-09-11,108.0,108.0,0.0,0.9,-0.0,56229.39393704274,0.0,0.9,-0.0,53136.63143010031
6101,2024-09-11,126.8,126.8,0.0,0.9,-0.0,56229.39393704274,0.0,0.9,-0.0,53136.63143010031
6102,2024-09-11,159.60704,159.60704,-2.0,0.37368421052631584,319.21408,56548.60801704274,-2.0,0.37368421052631584,319.21408,53455.845510100306
6103,2024-09-11,165.96,165.96,-1.0400000000000003,0.1,172.59840000000005,56721.20641704274,-1.0400000000000003,0.1,172.59840000000005,53628.44391010031
6104,2024-09-11,120.25,120.25,0.0,0.1,-0.0,56721.20641704274,0.0,0.1,-0.0,53628.44391010031
6105,2024-09-11,113.05,113.05,0.0,0.1,-0.0,56721.20641704274,0.0,0.1,-0.0,53628.44391010031
6106,2024-09-11,107.23964,107.23964,0.0,0.1,-0.0,56721.20641704274,0.0,0.1,-0.0,53628.44391010031
6107,2024-09-11,101.22399,101.22399,1.3684210541979351,0.4250000003720096,-138.51703910592124,56582.68937793682,2.0,0.575,-202.44798,53425.99593010031
6108,2024-09-11,101.13295,101.13295,1.999999998433644,0.9,-202.2658998415898,56380.42347809523,1.3684210526315792,0.9,-138.39245789473685,53287.60347220558
6109,2024-09-11,104.34718,104.34718,0.0,0.9,-0.0,56380.42347809523,0.0,0.9,-0.0,53287.60347220558
6110,2024-09-11,108.93659,108.93659,0.0,0.9,-0.0,56380.42347809523,0.0,0.9,-0.0,53287.60347220558
6111,2024-09-11,117.04277,117.04277,0.0,0.9,-0.0,56380.42347809523,0.0,0.9,-0.0,53287.60347220558
6112,2024-09-11,121.2,121.2,0.0,0.9,-0.0,56380.42347809523,0.0,0.9,-0.0,53287.60347220558
6113,2024-09-11,151.12,151.12,0.0,0.9,-0.0,56380.42347809523,0.0,0.9,-0.0,53287.60347220558
6114,2024-09-11,182.85,182.85,-2.0,0.37368421052631584,365.7,56746.12347809523,-2.0,0.37368421052631584,365.7,53653.303472205575
6115,2024-09-11,173.26144,173.26144,-1.0400000000000003,0.1,180.19189760000003,56926.31537569523,-1.0400000000000003,0.1,180.19189760000003,53833.495369805576
6116,2024-09-11,133.05664,133.05664,0.0,0.1,-0.0,56926.31537569523,0.0,0.1,-0.0,53833.495369805576
6117,2024-09-11,110.90755,110.90755,0.0,0.1,-0.0,56926.31537569523,0.0,0.1,-0.0,53833.495369805576
6118,2024-09-11,107.51,107.51,0.0,0.1,-0.0,56926.31537569523,0.0,0.1,-0.0,53833.495369805576
6119,2024-09-12,105.8514,105.8514,0.0,0.1,-0.0,56926.31537569523,0.0,0.1,-0.0,53833.495369805576
6120,2024-09-12,103.49,103.49,0.0,0.1,-0.0,56926.31537569523,0.0,0.1,-0.0,53833.495369805576
6121,2024-09-12,97.0,97.0,0.0,0.1,-0.0,56926.31537569523,2.0,0.575,-194.0,53639.495369805576
6122,2024-09-12,97.0,97.0,2.0,0.575,-194.0,56732.31537569523,1.3684210526315792,0.9,-132.73684210526318,53506.758527700316
6123,2024-09-12,98.43,98.43,1.3684210526315792,0.9,-134.69368421052636,56597.6216914847,0.0,0.9,-0.0,53506.758527700316
6124,2024-09-12,103.66826,103.66826,0.0,0.9,-0.0,56597.6216914847,0.0,0.9,-0.0,53506.758527700316
6125,2024-09-12,124.27254,124.27254,0.0,0.9,-0.0,56597.6216914847,0.0,0.9,-0.0,53506.758527700316
6126,2024-09-12,138.51417,138.51417,-1.2000000297791653,0.584210518479167,166.21700812483638,56763.838699609536,-1.2,0.5842105263157895,166.217004,53672.975531700315
6127,2024-09-12,139.52,139.52,-1.8399999702208347,0.1,256.71679584521087,57020.55549545475,-1.84,0.1,256.71680000000003,53929.69233170032
6128,2024-09-12,122.65,122.65,0.0,0.1,-0.0,57020.55549545475,0.0,0.1,-0.0,53929.69233170032
6129,2024-09-12,115.48,115.48,0.0,0.1,-0.0,57020.55549545475,0.0,0.1,-0.0,53929.69233170032
6130,2024-09-12,110.07,110.07,0.0,0.1,-0.0,57020.55549545475,0.0,0.1,-0.0,53929.69233170032
6131,2024-09-12,93.2,93.2,0.0,0.1,-0.0,57020.55549545475,2.0,0.575,-186.4,53743.292331700315
6132,2024-09-12,91.07967,91.07967,2.0,0.575,-182.15934,56838.39615545475,1.3684210526315792,0.9,-124.63533789473685,53618.656993805576
6133,2024-09-12,93.3,93.3,1.3684210526315792,0.9,-127.67368421052633,56710.722471244226,0.0,0.9,-0.0,53618.656993805576
6134,2024-09-12,99.1314,99.1314,0.0,0.9,-0.0,56710.722471244226,0.0,0.9,-0.0,53618.656993805576
6135,2024-09-12,106.94,106.94,0.0,0.9,-0.0,56710.722471244226,0.0,0.9,-0.0,53618.656993805576
6136,2024-09-12,116.18,116.18,0.0,0.9,-0.0,56710.722471244226,0.0,0.9,-0.0,53618.656993805576
6137,2024-09-12,129.49,129.49,0.0,0.9,-0.0,56710.722471244226,0.0,0.9,-0.0,53618.656993805576
6138,2024-09-12,155.87598,155.87598,-2.0,0.37368421052631584,311.75196,57022.47443124423,-2.0,0.37368421052631584,311.75196,53930.40895380558
6139,2024-09-12,145.8,145.8,-1.0400000000000003,0.1,151.63200000000006,57174.106431244225,-1.0400000000000003,0.1,151.63200000000006,54082.040953805576
6140,2024-09-12,117.85,117.85,0.0,0.1,-0.0,57174.106431244225,0.0,0.1,-0.0,54082.040953805576
6141,2024-09-12,104.33146,104.33146,0.0,0.1,-0.0,57174.106431244225,0.0,0.1,-0.0,54082.040953805576
6142,2024-09-12,97.56,97.56,0.0,0.1,-0.0,57174.106431244225,0.0,0.1,-0.0,54082.040953805576
6143,2024-09-13,96.24,96.24,0.0,0.1,-0.0,57174.106431244225,0.0,0.1,-0.0,54082.040953805576
6144,2024-09-13,89.09358,89.09358,0.0,0.1,-0.0,57174.106431244225,0.0,0.1,-0.0,54082.040953805576
6145,2024-09-13,83.69839,83.69839,0.0,0.1,-0.0,57174.106431244225,0.0,0.1,-0.0,54082.040953805576
6146,2024-09-13,80.1849,80.1849,1.3684215489448572,0.4250001178744036,-109.72674505998849,57064.379686184235,2.0,0.575,-160.3698,53921.671153805575
6147,2024-09-13,77.74679,77.74679,1.9999995036867217,0.9,-155.4935414132358,56908.886144771,1.3684210526315792,0.9,-106.39034421052634,53815.280809595046
6148,2024-09-13,88.14,88.14,0.0,0.9,-0.0,56908.886144771,0.0,0.9,-0.0,53815.280809595046
6149,2024-09-13,110.83,110.83,0.0,0.9,-0.0,56908.886144771,0.0,0.9,-0.0,53815.280809595046
6150,2024-09-13,131.2242,131.2242,-2.0,0.37368421052631584,262.4484,57171.334544771,-2.0,0.37368421052631584,262.4484,54077.72920959505
6151,2024-09-13,132.04,132.04,-1.0400000000000003,0.1,137.32160000000002,57308.656144771005,-1.0400000000000003,0.1,137.32160000000002,54215.05080959505
6152,2024-09-13,116.34,116.34,0.0,0.1,-0.0,57308.656144771005,0.0,0.1,-0.0,54215.05080959505
6153,2024-09-13,104.37517,104.37517,0.0,0.1,-0.0,57308.656144771005,0.0,0.1,-0.0,54215.05080959505
6154,2024-09-13,95.25228,95.25228,0.0,0.1,-0.0,57308.656144771005,0.0,0.1,-0.0,54215.05080959505
6155,2024-09-13,88.86715,88.86715,1.3684212582546507,0.4250000488354795,-121.60769722050478,57187.0484475505,2.0,0.575,-177.7343,54037.31650959505
6156,2024-09-13,84.72987,84.72987,1.9999997943769288,0.9,-169.4597225775839,57017.58872497291,1.3684210526315792,0.9,-115.94613789473686,53921.370371700315
6157,2024-09-13,92.01855,92.01855,0.0,0.9,-0.0,57017.58872497291,0.0,0.9,-0.0,53921.370371700315
6158,2024-09-13,91.60715,91.60715,0.0,0.9,-0.0,57017.58872497291,0.0,0.9,-0.0,53921.370371700315
6159,2024-09-13,95.87274,95.87274,0.0,0.9,-0.0,57017.58872497291,0.0,0.9,-0.0,53921.370371700315
6160,2024-09-13,102.0,102.0,0.0,0.9,-0.0,57017.58872497291,0.0,0.9,-0.0,53921.370371700315
6161,2024-09-13,111.0,111.0,0.0,0.9,-0.0,57017.58872497291,0.0,0.9,-0.0,53921.370371700315
6162,2024-09-13,131.1,131.1,-2.0,0.37368421052631584,262.2,57279.78872497291,-2.0,0.37368421052631584,262.2,54183.57037170031
6163,2024-09-13,125.8,125.8,-1.0400000000000003,0.1,130.83200000000002,57410.62072497291,-1.0400000000000003,0.1,130.83200000000002,54314.402371700315
6164,2024-09-13,111.26,111.26,0.0,0.1,-0.0,57410.62072497291,0.0,0.1,-0.0,54314.402371700315
6165,2024-09-13,100.08,100.08,0.0,0.1,-0.0,57410.62072497291,0.0,0.1,-0.0,54314.402371700315
6166,2024-09-13,100.56,100.56,0.0,0.1,-0.0,57410.62072497291,0.0,0.1,-0.0,54314.402371700315
6167,2024-09-14,93.58,93.58,0.0,0.1,-0.0,57410.62072497291,0.0,0.1,-0.0,54314.402371700315
6168,2024-09-14,94.59,94.59,0.0,0.1,-0.0,57410.62072497291,0.0,0.1,-0.0,54314.402371700315
6169,2024-09-14,93.36,93.36,0.0,0.1,-0.0,57410.62072497291,0.0,0.1,-0.0,54314.402371700315
6170,2024-09-14,88.0,88.0,0.0,0.1,-0.0,57410.62072497291,2.0,0.575,-176.0,54138.402371700315
6171,2024-09-14,88.0,88.0,2.0,0.575,-176.0,57234.62072497291,1.3684210526315792,0.9,-120.42105263157897,54017.981319068735
6172,2024-09-14,93.6,93.6,1.3684210526315792,0.9,-128.08421052631581,57106.5365144466,0.0,0.9,-0.0,54017.981319068735
6173,2024-09-14,105.0,105.0,-1.200000013706933,0.5842105227087018,126.00000143922797,57232.536515885826,-1.2,0.5842105263157895,126.0,54143.981319068735
6174,2024-09-14,111.0,111.0,-1.8399999862930667,0.1,204.2399984785304,57436.776514364356,-1.84,0.1,204.24,54348.22131906873
6175,2024-09-14,104.84496,104.84496,0.0,0.1,-0.0,57436.776514364356,0.0,0.1,-0.0,54348.22131906873
6176,2024-09-14,97.5,97.5,0.0,0.1,-0.0,57436.776514364356,0.0,0.1,-0.0,54348.22131906873
6177,2024-09-14,87.88,87.88,0.0,0.1,-0.0,57436.776514364356,0.0,0.1,-0.0,54348.22131906873
6178,2024-09-14,75.0,75.0,2.0,0.575,-150.0,57286.776514364356,0.0,0.1,-0.0,54348.22131906873
6179,2024-09-14,79.18,79.18,1.3684210526315792,0.9,-108.35157894736845,57178.42493541699,0.0,0.1,-0.0,54348.22131906873
6180,2024-09-14,80.0,80.0,0.0,0.9,-0.0,57178.42493541699,2.0,0.575,-160.0,54188.22131906873
6181,2024-09-14,81.5,81.5,0.0,0.9,-0.0,57178.42493541699,1.3684210526315792,0.9,-111.5263157894737,54076.69500327926
6182,2024-09-14,77.5,77.5,0.0,0.9,-0.0,57178.42493541699,0.0,0.9,-0.0,54076.69500327926
6183,2024-09-14,90.5,90.5,0.0,0.9,-0.0,57178.42493541699,0.0,0.9,-0.0,54076.69500327926
6184,2024-09-14,105.02,105.02,0.0,0.9,-0.0,57178.42493541699,0.0,0.9,-0.0,54076.69500327926
6185,2024-09-14,119.08288,119.08288,0.0,0.9,-0.0,57178.42493541699,0.0,0.9,-0.0,54076.69500327926
6186,2024-09-14,140.71633,140.71633,-2.0,0.37368421052631584,281.43266,57459.85759541699,-2.0,0.37368421052631584,281.43266,54358.12766327926
6187,2024-09-14,141.39669,141.39669,-1.0400000000000003,0.1,147.05255760000006,57606.91015301699,-1.0400000000000003,0.1,147.05255760000006,54505.18022087926
6188,2024-09-14,118.15,118.15,0.0,0.1,-0.0,57606.91015301699,0.0,0.1,-0.0,54505.18022087926
6189,2024-09-14,107.04541,107.04541,0.0,0.1,-0.0,57606.91015301699,0.0,0.1,-0.0,54505.18022087926
6190,2024-09-14,101.33622,101.33622,2.0,0.575,-202.67244,57404.237713016984,0.0,0.1,-0.0,54505.18022087926
6191,2024-09-15,105.28263,105.28263,-1.805,0.1,190.03514715,57594.27286016699,0.0,0.1,-0.0,54505.18022087926
6192,2024-09-15,98.95402,98.95402,0.0,0.1,-0.0,57594.27286016699,0.0,0.1,-0.0,54505.18022087926
6193,2024-09-15,93.99,93.99,0.0,0.1,-0.0,57594.27286016699,0.0,0.1,-0.0,54505.18022087926
6194,2024-09-15,93.98,93.98,0.0,0.1,-0.0,57594.27286016699,0.0,0.1,-0.0,54505.18022087926
6195,2024-09-15,92.87,92.87,0.0,0.1,-0.0,57594.27286016699,0.0,0.1,-0.0,54505.18022087926
6196,2024-09-15,93.95,93.95,0.0,0.1,-0.0,57594.27286016699,0.0,0.1,-0.0,54505.18022087926
6197,2024-09-15,95.76,95.76,0.0,0.1,-0.0,57594.27286016699,0.0,0.1,-0.0,54505.18022087926
6198,2024-09-15,95.77,95.77,0.0,0.1,-0.0,57594.27286016699,0.0,0.1,-0.0,54505.18022087926
6199,2024-09-15,94.44,94.44,0.0,0.1,-0.0,57594.27286016699,0.0,0.1,-0.0,54505.18022087926
6200,2024-09-15,94.53,94.53,0.0,0.1,-0.0,57594.27286016699,0.0,0.1,-0.0,54505.18022087926
6201,2024-09-15,90.0,90.0,0.0,0.1,-0.0,57594.27286016699,0.0,0.1,-0.0,54505.18022087926
6202,2024-09-15,71.3,71.3,0.0,0.1,-0.0,57594.27286016699,0.0,0.1,-0.0,54505.18022087926
6203,2024-09-15,59.18,59.18,0.0,0.1,-0.0,57594.27286016699,0.0,0.1,-0.0,54505.18022087926
6204,2024-09-15,33.0,33.0,1.3684210596780184,0.42500000167352936,-45.15789496937461,57549.114965197616,2.0,0.575,-66.0,54439.18022087926
6205,2024-09-15,23.63548,23.63548,1.9999999929535608,0.9,-47.27095983345403,57501.84400536416,1.3684210526315792,0.9,-32.34328842105264,54406.8369324582
6206,2024-09-15,47.8822,47.8822,0.0,0.9,-0.0,57501.84400536416,0.0,0.9,-0.0,54406.8369324582
6207,2024-09-15,77.00505,77.00505,0.0,0.9,-0.0,57501.84400536416,0.0,0.9,-0.0,54406.8369324582
6208,2024-09-15,99.0,99.0,0.0,0.9,-0.0,57501.84400536416,0.0,0.9,-0.0,54406.8369324582
6209,2024-09-15,107.24,107.24,0.0,0.9,-0.0,57501.84400536416,0.0,0.9,-0.0,54406.8369324582
6210,2024-09-15,141.29375,141.29375,-1.2000000034177665,0.5842105254163772,169.55250048290904,57671.39650584707,-2.0,0.37368421052631584,282.5875,54689.4244324582
6211,2024-09-15,150.43785,150.43785,-1.8399999965822333,0.1,276.8056434858385,57948.20214933291,-1.0400000000000003,0.1,156.45536400000003,54845.879796458205
6212,2024-09-15,122.64991,122.64991,0.0,0.1,-0.0,57948.20214933291,0.0,0.1,-0.0,54845.879796458205
6213,2024-09-15,113.94911,113.94911,0.0,0.1,-0.0,57948.20214933291,0.0,0.1,-0.0,54845.879796458205
6214,2024-09-15,102.09402,102.09402,0.0,0.1,-0.0,57948.20214933291,0.0,0.1,-0.0,54845.879796458205
6215,2024-09-16,98.9209,98.9209,0.0,0.1,-0.0,57948.20214933291,0.0,0.1,-0.0,54845.879796458205
6216,2024-09-16,98.20018,98.20018,0.0,0.1,-0.0,57948.20214933291,0.0,0.1,-0.0,54845.879796458205
6217,2024-09-16,92.7,92.7,2.0,0.575,-185.4,57762.80214933291,0.0,0.1,-0.0,54845.879796458205
6218,2024-09-16,93.98,93.98,1.3684210526315792,0.9,-128.60421052631582,57634.19793880659,2.0,0.575,-187.96,54657.919796458205
6219,2024-09-16,92.87,92.87,0.0,0.9,-0.0,57634.19793880659,1.3684210526315792,0.9,-127.08526315789477,54530.83453330031
6220,2024-09-16,102.5,102.5,0.0,0.9,-0.0,57634.19793880659,0.0,0.9,-0.0,54530.83453330031
6221,2024-09-16,117.0,117.0,0.0,0.9,-0.0,57634.19793880659,0.0,0.9,-0.0,54530.83453330031
6222,2024-09-16,133.56601,133.56601,-1.2000000110022906,0.5842105234204499,160.27921346953207,57794.47715227612,-1.2,0.5842105263157895,160.279212,54691.11374530031
6223,2024-09-16,141.02007,141.02007,-1.8399999889977094,0.1,259.4769272484562,58053.95407952458,-1.84,0.1,259.4769288,54950.59067410031
6224,2024-09-16,119.23613,119.23613,0.0,0.1,-0.0,58053.95407952458,0.0,0.1,-0.0,54950.59067410031
6225,2024-09-16,108.12,108.12,0.0,0.1,-0.0,58053.95407952458,0.0,0.1,-0.0,54950.59067410031
6226,2024-09-16,105.1,105.1,0.0,0.1,-0.0,58053.95407952458,0.0,0.1,-0.0,54950.59067410031
6227,2024-09-16,97.63,97.63,1.3684210646768495,0.4250000028607518,-133.59894854440083,57920.35513098018,2.0,0.575,-195.26,54755.33067410031
6228,2024-09-16,96.56,96.56,1.9999999879547294,0.9,-193.11999883690868,57727.235132143265,1.3684210526315792,0.9,-132.1347368421053,54623.195937258206
6229,2024-09-16,100.0,100.0,0.0,0.9,-0.0,57727.235132143265,0.0,0.9,-0.0,54623.195937258206
6230,2024-09-16,110.34,110.34,0.0,0.9,-0.0,57727.235132143265,0.0,0.9,-0.0,54623.195937258206
6231,2024-09-16,118.15,118.15,0.0,0.9,-0.0,57727.235132143265,0.0,0.9,-0.0,54623.195937258206
6232,2024-09-16,130.0,130.0,0.0,0.9,-0.0,57727.235132143265,0.0,0.9,-0.0,54623.195937258206
6233,2024-09-16,138.7361,138.7361,0.0,0.9,-0.0,57727.235132143265,0.0,0.9,-0.0,54623.195937258206
6234,2024-09-16,180.31607,180.31607,-2.0,0.37368421052631584,360.63214,58087.86727214327,-2.0,0.37368421052631584,360.63214,54983.82807725821
6235,2024-09-16,167.22829,167.22829,-1.0400000000000003,0.1,173.91742160000004,58261.78469374327,-1.0400000000000003,0.1,173.91742160000004,55157.74549885821
6236,2024-09-16,121.89709,121.89709,0.0,0.1,-0.0,58261.78469374327,0.0,0.1,-0.0,55157.74549885821
6237,2024-09-16,105.61415,105.61415,0.0,0.1,-0.0,58261.78469374327,0.0,0.1,-0.0,55157.74549885821
6238,2024-09-16,102.07571,102.07571,2.0,0.575,-204.15142,58057.63327374327,0.0,0.1,-0.0,55157.74549885821
6239,2024-09-17,108.31,108.31,-1.805,0.1,195.49955,58253.13282374327,0.0,0.1,-0.0,55157.74549885821
6240,2024-09-17,105.1,105.1,0.0,0.1,-0.0,58253.13282374327,0.0,0.1,-0.0,55157.74549885821
6241,2024-09-17,103.0,103.0,0.0,0.1,-0.0,58253.13282374327,0.0,0.1,-0.0,55157.74549885821
6242,2024-09-17,100.0,100.0,2.0,0.575,-200.0,58053.13282374327,2.0,0.575,-200.0,54957.74549885821
6243,2024-09-17,101.03,101.03,1.3684210526315792,0.9,-138.25157894736844,57914.8812447959,1.3684210526315792,0.9,-138.25157894736844,54819.49391991084
6244,2024-09-17,104.49245,104.49245,0.0,0.9,-0.0,57914.8812447959,0.0,0.9,-0.0,54819.49391991084
6245,2024-09-17,118.5,118.5,0.0,0.9,-0.0,57914.8812447959,0.0,0.9,-0.0,54819.49391991084
6246,2024-09-17,136.59,136.59,-2.0,0.37368421052631584,273.18,58188.0612447959,-2.0,0.37368421052631584,273.18,55092.67391991084
6247,2024-09-17,139.85,139.85,-1.0400000000000003,0.1,145.44400000000002,58333.5052447959,-1.0400000000000003,0.1,145.44400000000002,55238.117919910845
6248,2024-09-17,115.25789,115.25789,0.0,0.1,-0.0,58333.5052447959,0.0,0.1,-0.0,55238.117919910845
6249,2024-09-17,107.86,107.86,0.0,0.1,-0.0,58333.5052447959,0.0,0.1,-0.0,55238.117919910845
6250,2024-09-17,105.1,105.1,0.0,0.1,-0.0,58333.5052447959,0.0,0.1,-0.0,55238.117919910845
6251,2024-09-17,100.0,100.0,2.0,0.575,-200.0,58133.5052447959,2.0,0.575,-200.0,55038.117919910845
6252,2024-09-17,101.56,101.56,1.3684210526315792,0.9,-138.9768421052632,57994.52840269064,1.3684210526315792,0.9,-138.9768421052632,54899.14107780558
6253,2024-09-17,104.87,104.87,0.0,0.9,-0.0,57994.52840269064,0.0,0.9,-0.0,54899.14107780558
6254,2024-09-17,105.81,105.81,0.0,0.9,-0.0,57994.52840269064,0.0,0.9,-0.0,54899.14107780558
6255,2024-09-17,111.74,111.74,0.0,0.9,-0.0,57994.52840269064,0.0,0.9,-0.0,54899.14107780558
6256,2024-09-17,119.16,119.16,0.0,0.9,-0.0,57994.52840269064,0.0,0.9,-0.0,54899.14107780558
6257,2024-09-17,128.0,128.0,0.0,0.9,-0.0,57994.52840269064,0.0,0.9,-0.0,54899.14107780558
6258,2024-09-17,159.40501,159.40501,-2.0,0.37368421052631584,318.81002,58313.338422690635,-2.0,0.37368421052631584,318.81002,55217.95109780558
6259,2024-09-17,151.14653,151.14653,-1.0400000000000003,0.1,157.19239120000006,58470.53081389063,-1.0400000000000003,0.1,157.19239120000006,55375.143489005575
6260,2024-09-17,115.0,115.0,0.0,0.1,-0.0,58470.53081389063,0.0,0.1,-0.0,55375.143489005575
6261,2024-09-17,107.72,107.72,0.0,0.1,-0.0,58470.53081389063,0.0,0.1,-0.0,55375.143489005575
6262,2024-09-17,106.26,106.26,0.0,0.1,-0.0,58470.53081389063,0.0,0.1,-0.0,55375.143489005575
6263,2024-09-18,104.16,104.16,0.0,0.1,-0.0,58470.53081389063,0.0,0.1,-0.0,55375.143489005575
6264,2024-09-18,98.97,98.97,0.0,0.1,-0.0,58470.53081389063,0.0,0.1,-0.0,55375.143489005575
6265,2024-09-18,95.07,95.07,0.0,0.1,-0.0,58470.53081389063,0.0,0.1,-0.0,55375.143489005575
6266,2024-09-18,95.0,95.0,2.0,0.575,-190.0,58280.53081389063,2.0,0.575,-190.0,55185.143489005575
6267,2024-09-18,95.0,95.0,1.3684210526315792,0.9,-130.00000000000003,58150.53081389063,1.3684210526315792,0.9,-130.00000000000003,55055.143489005575
6268,2024-09-18,103.57,103.57,0.0,0.9,-0.0,58150.53081389063,0.0,0.9,-0.0,55055.143489005575
6269,2024-09-18,112.8,112.8,0.0,0.9,-0.0,58150.53081389063,0.0,0.9,-0.0,55055.143489005575
6270,2024-09-18,138.17697,138.17697,-2.0,0.37368421052631584,276.35394,58426.884753890634,-2.0,0.37368421052631584,276.35394,55331.497429005576
6271,2024-09-18,135.0,135.0,-1.0400000000000003,0.1,140.40000000000003,58567.284753890635,-1.0400000000000003,0.1,140.40000000000003,55471.89742900558
6272,2024-09-18,115.26,115.26,0.0,0.1,-0.0,58567.284753890635,0.0,0.1,-0.0,55471.89742900558
6273,2024-09-18,108.5,108.5,0.0,0.1,-0.0,58567.284753890635,0.0,0.1,-0.0,55471.89742900558
6274,2024-09-18,107.97,107.97,0.0,0.1,-0.0,58567.284753890635,0.0,0.1,-0.0,55471.89742900558
6275,2024-09-18,103.0,103.0,1.3684211181983652,0.42500001557211176,-140.9473751744316,58426.337378716205,2.0,0.575,-206.0,55265.89742900558
6276,2024-09-18,102.59,102.59,1.9999999344332138,0.9,-205.1799932735034,58221.157385442704,1.3684210526315792,0.9,-140.3863157894737,55125.511113216104
6277,2024-09-18,105.0,105.0,0.0,0.9,-0.0,58221.157385442704,0.0,0.9,-0.0,55125.511113216104
6278,2024-09-18,106.78,106.78,0.0,0.9,-0.0,58221.157385442704,0.0,0.9,-0.0,55125.511113216104
6279,2024-09-18,109.0,109.0,0.0,0.9,-0.0,58221.157385442704,0.0,0.9,-0.0,55125.511113216104
6280,2024-09-18,112.8,112.8,0.0,0.9,-0.0,58221.157385442704,0.0,0.9,-0.0,55125.511113216104
6281,2024-09-18,123.0,123.0,0.0,0.9,-0.0,58221.157385442704,0.0,0.9,-0.0,55125.511113216104
6282,2024-09-18,157.30127,157.30127,-2.0,0.37368421052631584,314.60254,58535.759925442704,-2.0,0.37368421052631584,314.60254,55440.1136532161
6283,2024-09-18,141.49112,141.49112,-1.0400000000000003,0.1,147.15076480000002,58682.9106902427,-1.0400000000000003,0.1,147.15076480000002,55587.2644180161
6284,2024-09-18,114.78,114.78,0.0,0.1,-0.0,58682.9106902427,0.0,0.1,-0.0,55587.2644180161
6285,2024-09-18,108.06,108.06,0.0,0.1,-0.0,58682.9106902427,0.0,0.1,-0.0,55587.2644180161
6286,2024-09-18,106.54,106.54,0.0,0.1,-0.0,58682.9106902427,0.0,0.1,-0.0,55587.2644180161
6287,2024-09-19,107.21,107.21,0.0,0.1,-0.0,58682.9106902427,0.0,0.1,-0.0,55587.2644180161
6288,2024-09-19,99.65,99.65,0.0,0.1,-0.0,58682.9106902427,0.0,0.1,-0.0,55587.2644180161
6289,2024-09-19,98.0,98.0,1.0503179764933994,0.34945051941718236,-102.93116169635314,58579.97952854635,0.0,0.1,-0.0,55587.2644180161
6290,2024-09-19,97.5,97.5,2.0,0.8244505194171823,-195.0,58384.97952854635,2.0,0.575,-195.0,55392.2644180161
6291,2024-09-19,98.0,98.0,0.31810307613817995,0.9,-31.174101461541635,58353.80542708481,1.3684210526315792,0.9,-134.10526315789477,55258.15915485821
6292,2024-09-19,102.08,102.08,0.0,0.9,-0.0,58353.80542708481,0.0,0.9,-0.0,55258.15915485821
6293,2024-09-19,109.94,109.94,0.0,0.9,-0.0,58353.80542708481,0.0,0.9,-0.0,55258.15915485821
6294,2024-09-19,135.12,135.12,-2.0,0.37368421052631584,270.24,58624.045427084806,-2.0,0.37368421052631584,270.24,55528.399154858205
6295,2024-09-19,136.22,136.22,-1.0400000000000003,0.1,141.66880000000003,58765.714227084805,-1.0400000000000003,0.1,141.66880000000003,55670.067954858205
6296,2024-09-19,114.18,114.18,0.0,0.1,-0.0,58765.714227084805,0.0,0.1,-0.0,55670.067954858205
6297,2024-09-19,108.0,108.0,0.0,0.1,-0.0,58765.714227084805,0.0,0.1,-0.0,55670.067954858205
6298,2024-09-19,100.47825,100.47825,0.0,0.1,-0.0,58765.714227084805,0.0,0.1,-0.0,55670.067954858205
6299,2024-09-19,92.49153,92.49153,2.0,0.575,-184.98306,58580.73116708481,0.0,0.1,-0.0,55670.067954858205
6300,2024-09-19,92.51174,92.51174,1.3684210526315792,0.9,-126.59501263157898,58454.13615445323,2.0,0.575,-185.02348,55485.0444748582
6301,2024-09-19,96.82893,96.82893,0.0,0.9,-0.0,58454.13615445323,1.3684210526315792,0.9,-132.5027463157895,55352.54172854241
6302,2024-09-19,101.60655,101.60655,0.0,0.9,-0.0,58454.13615445323,0.0,0.9,-0.0,55352.54172854241
6303,2024-09-19,107.5,107.5,0.0,0.9,-0.0,58454.13615445323,0.0,0.9,-0.0,55352.54172854241
6304,2024-09-19,107.8,107.8,0.0,0.9,-0.0,58454.13615445323,0.0,0.9,-0.0,55352.54172854241
6305,2024-09-19,122.0707,122.0707,0.0,0.9,-0.0,58454.13615445323,0.0,0.9,-0.0,55352.54172854241
6306,2024-09-19,150.50657,150.50657,-2.0,0.37368421052631584,301.01314,58755.14929445323,-2.0,0.37368421052631584,301.01314,55653.554868542415
6307,2024-09-19,131.86965,131.86965,-1.0400000000000003,0.1,137.14443600000004,58892.29373045323,-1.0400000000000003,0.1,137.14443600000004,55790.69930454242
6308,2024-09-19,114.09183,114.09183,0.0,0.1,-0.0,58892.29373045323,0.0,0.1,-0.0,55790.69930454242
6309,2024-09-19,107.89928,107.89928,0.0,0.1,-0.0,58892.29373045323,0.0,0.1,-0.0,55790.69930454242
6310,2024-09-19,107.5,107.5,0.0,0.1,-0.0,58892.29373045323,0.0,0.1,-0.0,55790.69930454242
6311,2024-09-20,111.0,111.0,0.0,0.1,-0.0,58892.29373045323,0.0,0.1,-0.0,55790.69930454242
6312,2024-09-20,109.72,109.72,0.0,0.1,-0.0,58892.29373045323,0.0,0.1,-0.0,55790.69930454242
6313,2024-09-20,108.13,108.13,0.0,0.1,-0.0,58892.29373045323,0.0,0.1,-0.0,55790.69930454242
6314,2024-09-20,103.8,103.8,2.0,0.575,-207.6,58684.69373045323,2.0,0.575,-207.6,55583.09930454242
6315,2024-09-20,106.79,106.79,1.3684210526315792,0.9,-146.13368421052635,58538.56004624271,1.3684210526315792,0.9,-146.13368421052635,55436.965620331895
6316,2024-09-20,108.13,108.13,0.0,0.9,-0.0,58538.56004624271,0.0,0.9,-0.0,55436.965620331895
6317,2024-09-20,116.67,116.67,0.0,0.9,-0.0,58538.56004624271,0.0,0.9,-0.0,55436.965620331895
6318,2024-09-20,150.65,150.65,-2.0,0.37368421052631584,301.3,58839.86004624271,-2.0,0.37368421052631584,301.3,55738.2656203319
6319,2024-09-20,143.86158,143.86158,-1.0400000000000003,0.1,149.61604320000004,58989.476089442716,-1.0400000000000003,0.1,149.61604320000004,55887.8816635319
6320,2024-09-20,130.85519,130.85519,0.0,0.1,-0.0,58989.476089442716,0.0,0.1,-0.0,55887.8816635319
6321,2024-09-20,124.51458,124.51458,0.0,0.1,-0.0,58989.476089442716,0.0,0.1,-0.0,55887.8816635319
6322,2024-09-20,116.64392,116.64392,0.0,0.1,-0.0,58989.476089442716,0.0,0.1,-0.0,55887.8816635319
6323,2024-09-20,106.89054,106.89054,0.0,0.1,-0.0,58989.476089442716,2.0,0.575,-213.78108,55674.1005835319
6324,2024-09-20,97.76844,97.76844,2.0,0.575,-195.53688,58793.93920944272,1.3684210526315792,0.9,-133.7883915789474,55540.31219195295
6325,2024-09-20,105.81557,105.81557,1.3684210526315792,0.9,-144.80025368421053,58649.138955758506,0.0,0.9,-0.0,55540.31219195295
6326,2024-09-20,112.49,112.49,0.0,0.9,-0.0,58649.138955758506,0.0,0.9,-0.0,55540.31219195295
6327,2024-09-20,116.72011,116.72011,0.0,0.9,-0.0,58649.138955758506,0.0,0.9,-0.0,55540.31219195295
6328,2024-09-20,115.14,115.14,0.0,0.9,-0.0,58649.138955758506,0.0,0.9,-0.0,55540.31219195295
6329,2024-09-20,127.0,127.0,0.0,0.9,-0.0,58649.138955758506,0.0,0.9,-0.0,55540.31219195295
6330,2024-09-20,161.01791,161.01791,-2.0,0.37368421052631584,322.03582,58971.1747757585,-2.0,0.37368421052631584,322.03582,55862.34801195295
6331,2024-09-20,145.51743,145.51743,-1.0400000000000003,0.1,151.33812720000003,59122.5129029585,-1.0400000000000003,0.1,151.33812720000003,56013.686139152946
6332,2024-09-20,124.07164,124.07164,0.0,0.1,-0.0,59122.5129029585,0.0,0.1,-0.0,56013.686139152946
6333,2024-09-20,113.97343,113.97343,0.0,0.1,-0.0,59122.5129029585,0.0,0.1,-0.0,56013.686139152946
6334,2024-09-20,113.09,113.09,0.0,0.1,-0.0,59122.5129029585,0.0,0.1,-0.0,56013.686139152946
6335,2024-09-21,105.12,105.12,0.0,0.1,-0.0,59122.5129029585,0.0,0.1,-0.0,56013.686139152946
6336,2024-09-21,102.07169,102.07169,0.0,0.1,-0.0,59122.5129029585,0.0,0.1,-0.0,56013.686139152946
6337,2024-09-21,102.75816,102.75816,0.0,0.1,-0.0,59122.5129029585,0.0,0.1,-0.0,56013.686139152946
6338,2024-09-21,102.06335,102.06335,0.0,0.1,-0.0,59122.5129029585,2.0,0.575,-204.1267,55809.559439152945
6339,2024-09-21,102.06357,102.06357,2.0,0.575,-204.12714,58918.3857629585,1.3684210526315792,0.9,-139.66593789473686,55669.89350125821
6340,2024-09-21,103.02,103.02,1.3684210526315792,0.9,-140.97473684210527,58777.411026116395,0.0,0.9,-0.0,55669.89350125821
6341,2024-09-21,110.92,110.92,0.0,0.9,-0.0,58777.411026116395,0.0,0.9,-0.0,55669.89350125821
6342,2024-09-21,125.0,125.0,-2.0,0.37368421052631584,250.0,59027.411026116395,-2.0,0.37368421052631584,250.0,55919.89350125821
6343,2024-09-21,115.0,115.0,-1.0400000000000003,0.1,119.60000000000002,59147.01102611639,-1.0400000000000003,0.1,119.60000000000002,56039.49350125821
6344,2024-09-21,104.99,104.99,0.0,0.1,-0.0,59147.01102611639,0.0,0.1,-0.0,56039.49350125821
6345,2024-09-21,96.5,96.5,0.0,0.1,-0.0,59147.01102611639,0.0,0.1,-0.0,56039.49350125821
6346,2024-09-21,81.49872,81.49872,0.0,0.1,-0.0,59147.01102611639,0.0,0.1,-0.0,56039.49350125821
6347,2024-09-21,80.5888,80.5888,0.0,0.1,-0.0,59147.01102611639,0.0,0.1,-0.0,56039.49350125821
6348,2024-09-21,80.0,80.0,1.3684210526316167,0.4250000000000089,-109.47368421052934,59037.53734190587,2.0,0.575,-160.0,55879.49350125821
6349,2024-09-21,79.4305,79.4305,1.9999999999999627,0.9,-158.86099999999703,58878.67634190587,1.3684210526315792,0.9,-108.69436842105264,55770.79913283716
6350,2024-09-21,81.19814,81.19814,0.0,0.9,-0.0,58878.67634190587,0.0,0.9,-0.0,55770.79913283716
6351,2024-09-21,98.18462,98.18462,0.0,0.9,-0.0,58878.67634190587,0.0,0.9,-0.0,55770.79913283716
6352,2024-09-21,103.60037,103.60037,0.0,0.9,-0.0,58878.67634190587,0.0,0.9,-0.0,55770.79913283716
6353,2024-09-21,125.73085,125.73085,0.0,0.9,-0.0,58878.67634190587,0.0,0.9,-0.0,55770.79913283716
6354,2024-09-21,148.19024,148.19024,-2.0,0.37368421052631584,296.38048,59175.05682190587,-2.0,0.37368421052631584,296.38048,56067.17961283716
6355,2024-09-21,145.58475,145.58475,-1.0400000000000003,0.1,151.40814000000006,59326.46496190587,-1.0400000000000003,0.1,151.40814000000006,56218.58775283716
6356,2024-09-21,120.78039,120.78039,0.0,0.1,-0.0,59326.46496190587,0.0,0.1,-0.0,56218.58775283716
6357,2024-09-21,110.0,110.0,0.0,0.1,-0.0,59326.46496190587,0.0,0.1,-0.0,56218.58775283716
6358,2024-09-21,107.5,107.5,0.0,0.1,-0.0,59326.46496190587,0.0,0.1,-0.0,56218.58775283716
6359,2024-09-22,108.236,108.236,0.0,0.1,-0.0,59326.46496190587,0.0,0.1,-0.0,56218.58775283716
6360,2024-09-22,95.84795,95.84795,0.0,0.1,-0.0,59326.46496190587,0.0,0.1,-0.0,56218.58775283716
6361,2024-09-22,92.96936,92.96936,0.0,0.1,-0.0,59326.46496190587,0.0,0.1,-0.0,56218.58775283716
6362,2024-09-22,89.87085,89.87085,2.0,0.575,-179.7417,59146.72326190587,0.0,0.1,-0.0,56218.58775283716
6363,2024-09-22,89.23068,89.23068,1.3684210526315792,0.9,-122.10514105263161,59024.618120853236,0.0,0.1,-0.0,56218.58775283716
6364,2024-09-22,91.78603,91.78603,0.0,0.9,-0.0,59024.618120853236,0.0,0.1,-0.0,56218.58775283716
6365,2024-09-22,92.03252,92.03252,0.0,0.9,-0.0,59024.618120853236,0.0,0.1,-0.0,56218.58775283716
6366,2024-09-22,92.12375,92.12375,0.0,0.9,-0.0,59024.618120853236,0.0,0.1,-0.0,56218.58775283716
6367,2024-09-22,91.93622,91.93622,0.0,0.9,-0.0,59024.618120853236,0.0,0.1,-0.0,56218.58775283716
6368,2024-09-22,95.19862,95.19862,0.0,0.9,-0.0,59024.618120853236,0.0,0.1,-0.0,56218.58775283716
6369,2024-09-22,96.38291,96.38291,0.0,0.9,-0.0,59024.618120853236,0.0,0.1,-0.0,56218.58775283716
6370,2024-09-22,94.69436,94.69436,0.0,0.9,-0.0,59024.618120853236,0.0,0.1,-0.0,56218.58775283716
6371,2024-09-22,100.48046,100.48046,0.0,0.9,-0.0,59024.618120853236,0.0,0.1,-0.0,56218.58775283716
6372,2024-09-22,95.66,95.66,0.0,0.9,-0.0,59024.618120853236,0.0,0.1,-0.0,56218.58775283716
6373,2024-09-22,95.65,95.65,0.0,0.9,-0.0,59024.618120853236,2.0,0.575,-191.3,56027.287752837154
6374,2024-09-22,91.19,91.19,0.0,0.9,-0.0,59024.618120853236,1.3684210526315792,0.9,-124.7863157894737,55902.50143704768
6375,2024-09-22,97.75636,97.75636,0.0,0.9,-0.0,59024.618120853236,0.0,0.9,-0.0,55902.50143704768
6376,2024-09-22,105.22,105.22,0.0,0.9,-0.0,59024.618120853236,0.0,0.9,-0.0,55902.50143704768
6377,2024-09-22,124.37,124.37,0.0,0.9,-0.0,59024.618120853236,-1.6,0.4789473684210526,198.99200000000002,56101.49343704768
6378,2024-09-22,157.52866,157.52866,-2.0,0.37368421052631584,315.05732,59339.675440853236,-1.4399999999999997,0.10000000000000003,226.84127039999996,56328.33470744768
6379,2024-09-22,148.09705,148.09705,-1.0400000000000003,0.1,154.02093200000004,59493.696372853236,0.0,0.10000000000000003,-0.0,56328.33470744768
6380,2024-09-22,121.66074,121.66074,0.0,0.1,-0.0,59493.696372853236,0.0,0.10000000000000003,-0.0,56328.33470744768
6381,2024-09-22,109.37,109.37,0.0,0.1,-0.0,59493.696372853236,0.0,0.10000000000000003,-0.0,56328.33470744768
6382,2024-09-22,102.66687,102.66687,2.0,0.575,-205.33374,59288.362632853234,0.0,0.10000000000000003,-0.0,56328.33470744768
6383,2024-09-23,106.4,106.4,-1.805,0.1,192.052,59480.41463285324,0.0,0.10000000000000003,-0.0,56328.33470744768
6384,2024-09-23,102.56,102.56,0.0,0.1,-0.0,59480.41463285324,0.0,0.10000000000000003,-0.0,56328.33470744768
6385,2024-09-23,100.0,100.0,1.368421052645636,0.4250000000033385,-136.8421052645636,59343.57252758867,0.0,0.10000000000000003,-0.0,56328.33470744768
6386,2024-09-23,98.0,98.0,1.9999999999859435,0.9,-195.99999999862246,59147.57252759005,2.0,0.575,-196.0,56132.33470744768
6387,2024-09-23,102.58,102.58,0.0,0.9,-0.0,59147.57252759005,1.3684210526315792,0.9,-140.3726315789474,55991.96207586873
6388,2024-09-23,107.44,107.44,0.0,0.9,-0.0,59147.57252759005,0.0,0.9,-0.0,55991.96207586873
6389,2024-09-23,133.0,133.0,0.0,0.9,-0.0,59147.57252759005,0.0,0.9,-0.0,55991.96207586873
6390,2024-09-23,186.38,186.38,0.0,0.9,-0.0,59147.57252759005,0.0,0.9,-0.0,55991.96207586873
6391,2024-09-23,215.0,215.0,-2.0,0.37368421052631584,430.0,59577.57252759005,-2.0,0.37368421052631584,430.0,56421.96207586873
6392,2024-09-23,200.0,200.0,-1.0400000000000003,0.1,208.00000000000006,59785.57252759005,-1.0400000000000003,0.1,208.00000000000006,56629.96207586873
6393,2024-09-23,200.0,200.0,0.0,0.1,-0.0,59785.57252759005,0.0,0.1,-0.0,56629.96207586873
6394,2024-09-23,170.0,170.0,0.0,0.1,-0.0,59785.57252759005,0.0,0.1,-0.0,56629.96207586873
6395,2024-09-23,113.51,113.51,0.0,0.1,-0.0,59785.57252759005,2.0,0.575,-227.02,56402.942075868734
6396,2024-09-23,106.44703,106.44703,2.0,0.575,-212.89406,59572.67846759005,1.3684210526315792,0.9,-145.6643568421053,56257.27771902663
6397,2024-09-23,113.48849,113.48849,1.3684210526315792,0.9,-155.30003894736845,59417.37842864268,0.0,0.9,-0.0,56257.27771902663
6398,2024-09-23,132.50033,132.50033,0.0,0.9,-0.0,59417.37842864268,0.0,0.9,-0.0,56257.27771902663
6399,2024-09-23,147.53,147.53,0.0,0.9,-0.0,59417.37842864268,0.0,0.9,-0.0,56257.27771902663
6400,2024-09-23,161.49,161.49,0.0,0.9,-0.0,59417.37842864268,0.0,0.9,-0.0,56257.27771902663
6401,2024-09-23,180.0,180.0,0.0,0.9,-0.0,59417.37842864268,-2.0,0.37368421052631584,360.0,56617.27771902663
6402,2024-09-23,206.29853,206.29853,-2.0,0.37368421052631584,412.59706,59829.97548864268,-1.0400000000000003,0.1,214.55047120000006,56831.828190226624
6403,2024-09-23,182.65079,182.65079,-1.0400000000000003,0.1,189.95682160000004,60019.93231024268,0.0,0.1,-0.0,56831.828190226624
6404,2024-09-23,123.94266,123.94266,0.0,0.1,-0.0,60019.93231024268,0.0,0.1,-0.0,56831.828190226624
6405,2024-09-23,107.76391,107.76391,0.0,0.1,-0.0,60019.93231024268,0.0,0.1,-0.0,56831.828190226624
6406,2024-09-23,102.67,102.67,0.0,0.1,-0.0,60019.93231024268,0.0,0.1,-0.0,56831.828190226624
6407,2024-09-24,96.53,96.53,0.0,0.1,-0.0,60019.93231024268,0.0,0.1,-0.0,56831.828190226624
6408,2024-09-24,90.66,90.66,0.0,0.1,-0.0,60019.93231024268,0.0,0.1,-0.0,56831.828190226624
6409,2024-09-24,88.48,88.48,0.0,0.1,-0.0,60019.93231024268,0.0,0.1,-0.0,56831.828190226624
6410,2024-09-24,86.73,86.73,1.3684217264237157,0.42500016002563246,-118.68321633272888,59901.24909390995,2.0,0.575,-173.46,56658.368190226625
6411,2024-09-24,85.17,85.17,1.9999993262078635,0.9,-170.33994261312372,59730.90915129683,1.3684210526315792,0.9,-116.5484210526316,56541.81976917399
6412,2024-09-24,88.94,88.94,0.0,0.9,-0.0,59730.90915129683,0.0,0.9,-0.0,56541.81976917399
6413,2024-09-24,108.76463,108.76463,0.0,0.9,-0.0,59730.90915129683,0.0,0.9,-0.0,56541.81976917399
6414,2024-09-24,135.76,135.76,-1.2000062968917145,0.5842088692390226,162.91285486601913,59893.822006162845,-2.0,0.37368421052631584,271.52,56813.33976917399
6415,2024-09-24,141.55,141.55,-1.8399937031082858,0.1,260.4511086749779,60154.27311483782,-1.0400000000000003,0.1,147.21200000000005,56960.55176917399
6416,2024-09-24,115.0,115.0,0.0,0.1,-0.0,60154.27311483782,0.0,0.1,-0.0,56960.55176917399
6417,2024-09-24,103.94,103.94,0.0,0.1,-0.0,60154.27311483782,0.0,0.1,-0.0,56960.55176917399
6418,2024-09-24,97.91,97.91,0.0,0.1,-0.0,60154.27311483782,0.0,0.1,-0.0,56960.55176917399
6419,2024-09-24,92.0,92.0,1.3684210555283296,0.4250000006879783,-125.89473710860632,60028.37837772922,2.0,0.575,-184.0,56776.55176917399
6420,2024-09-24,90.24742,90.24742,1.9999999971032496,0.9,-180.49483973857576,59847.883537990645,1.3684210526315792,0.9,-123.49646947368424,56653.0552997003
6421,2024-09-24,94.0,94.0,0.0,0.9,-0.0,59847.883537990645,0.0,0.9,-0.0,56653.0552997003
6422,2024-09-24,98.46,98.46,0.0,0.9,-0.0,59847.883537990645,0.0,0.9,-0.0,56653.0552997003
6423,2024-09-24,104.18128,104.18128,0.0,0.9,-0.0,59847.883537990645,0.0,0.9,-0.0,56653.0552997003
6424,2024-09-24,110.0,110.0,0.0,0.9,-0.0,59847.883537990645,0.0,0.9,-0.0,56653.0552997003
6425,2024-09-24,126.36,126.36,0.0,0.9,-0.0,59847.883537990645,0.0,0.9,-0.0,56653.0552997003
6426,2024-09-24,159.43468,159.43468,-2.0,0.37368421052631584,318.86936,60166.75289799064,-2.0,0.37368421052631584,318.86936,56971.9246597003
6427,2024-09-24,142.86901,142.86901,-1.0400000000000003,0.1,148.58377040000005,60315.33666839064,-1.0400000000000003,0.1,148.58377040000005,57120.5084301003
6428,2024-09-24,111.09286,111.09286,0.0,0.1,-0.0,60315.33666839064,0.0,0.1,-0.0,57120.5084301003
6429,2024-09-24,100.81,100.81,0.0,0.1,-0.0,60315.33666839064,0.0,0.1,-0.0,57120.5084301003
6430,2024-09-24,99.4,99.4,0.0,0.1,-0.0,60315.33666839064,0.0,0.1,-0.0,57120.5084301003
6431,2024-09-25,102.37,102.37,0.0,0.1,-0.0,60315.33666839064,0.0,0.1,-0.0,57120.5084301003
6432,2024-09-25,102.04,102.04,0.0,0.1,-0.0,60315.33666839064,0.0,0.1,-0.0,57120.5084301003
6433,2024-09-25,99.64,99.64,0.0,0.1,-0.0,60315.33666839064,0.0,0.1,-0.0,57120.5084301003
6434,2024-09-25,96.37,96.37,2.0,0.575,-192.74,60122.596668390644,2.0,0.575,-192.74,56927.7684301003
6435,2024-09-25,96.07,96.07,1.3684210526315792,0.9,-131.4642105263158,59991.132457864325,1.3684210526315792,0.9,-131.4642105263158,56796.30421957398
6436,2024-09-25,102.0,102.0,0.0,0.9,-0.0,59991.132457864325,0.0,0.9,-0.0,56796.30421957398
6437,2024-09-25,112.25,112.25,0.0,0.9,-0.0,59991.132457864325,0.0,0.9,-0.0,56796.30421957398
6438,2024-09-25,144.91769,144.91769,-1.2000000315005057,0.5842105180261827,173.90123256498052,60165.03369042931,-1.2,0.5842105263157895,173.90122799999997,56970.205447573986
6439,2024-09-25,170.0,170.0,-1.8399999684994943,0.1,312.799994644914,60477.83368507422,-1.84,0.1,312.8,57283.00544757399
6440,2024-09-25,140.04,140.04,0.0,0.1,-0.0,60477.83368507422,0.0,0.1,-0.0,57283.00544757399
6441,2024-09-25,110.0,110.0,0.0,0.1,-0.0,60477.83368507422,0.0,0.1,-0.0,57283.00544757399
6442,2024-09-25,103.13,103.13,0.0,0.1,-0.0,60477.83368507422,0.0,0.1,-0.0,57283.00544757399
6443,2024-09-25,94.7,94.7,0.0,0.1,-0.0,60477.83368507422,0.0,0.1,-0.0,57283.00544757399
6444,2024-09-25,91.44663,91.44663,2.0,0.575,-182.89326,60294.94042507422,2.0,0.575,-182.89326,57100.11218757399
6445,2024-09-25,92.67668,92.67668,1.3684210526315792,0.9,-126.82072000000004,60168.11970507422,1.3684210526315792,0.9,-126.82072000000004,56973.29146757399
6446,2024-09-25,97.86275,97.86275,0.0,0.9,-0.0,60168.11970507422,0.0,0.9,-0.0,56973.29146757399
6447,2024-09-25,106.25,106.25,0.0,0.9,-0.0,60168.11970507422,0.0,0.9,-0.0,56973.29146757399
6448,2024-09-25,110.0,110.0,0.0,0.9,-0.0,60168.11970507422,0.0,0.9,-0.0,56973.29146757399
6449,2024-09-25,131.81229,131.81229,0.0,0.9,-0.0,60168.11970507422,0.0,0.9,-0.0,56973.29146757399
6450,2024-09-25,169.04195,169.04195,-2.0,0.37368421052631584,338.0839,60506.20360507422,-2.0,0.37368421052631584,338.0839,57311.375367573986
6451,2024-09-25,142.08827,142.08827,-1.0400000000000003,0.1,147.77180080000002,60653.97540587422,-1.0400000000000003,0.1,147.77180080000002,57459.14716837399
6452,2024-09-25,110.0,110.0,0.0,0.1,-0.0,60653.97540587422,0.0,0.1,-0.0,57459.14716837399
6453,2024-09-25,106.55,106.55,0.0,0.1,-0.0,60653.97540587422,0.0,0.1,-0.0,57459.14716837399
6454,2024-09-25,105.0,105.0,0.0,0.1,-0.0,60653.97540587422,0.0,0.1,-0.0,57459.14716837399
6455,2024-09-26,98.63,98.63,0.0,0.1,-0.0,60653.97540587422,0.0,0.1,-0.0,57459.14716837399
6456,2024-09-26,96.99938,96.99938,0.0,0.1,-0.0,60653.97540587422,0.0,0.1,-0.0,57459.14716837399
6457,2024-09-26,94.32322,94.32322,0.0,0.1,-0.0,60653.97540587422,0.0,0.1,-0.0,57459.14716837399
6458,2024-09-26,92.6,92.6,2.0,0.575,-185.2,60468.77540587422,2.0,0.575,-185.2,57273.94716837399
6459,2024-09-26,92.32277,92.32277,1.3684210526315792,0.9,-126.3364221052632,60342.43898376896,1.3684210526315792,0.9,-126.3364221052632,57147.61074626873
6460,2024-09-26,96.75,96.75,0.0,0.9,-0.0,60342.43898376896,0.0,0.9,-0.0,57147.61074626873
6461,2024-09-26,111.21,111.21,0.0,0.9,-0.0,60342.43898376896,0.0,0.9,-0.0,57147.61074626873
6462,2024-09-26,130.0,130.0,-1.2000000000371571,0.5842105263060113,156.00000000483044,60498.43898377379,-1.2,0.5842105263157895,156.0,57303.61074626873
6463,2024-09-26,139.36,139.36,-1.8399999999628431,0.1,256.42239999482183,60754.86138376861,-1.84,0.1,256.42240000000004,57560.03314626873
6464,2024-09-26,121.51275,121.51275,0.0,0.1,-0.0,60754.86138376861,0.0,0.1,-0.0,57560.03314626873
6465,2024-09-26,110.0,110.0,0.0,0.1,-0.0,60754.86138376861,0.0,0.1,-0.0,57560.03314626873
6466,2024-09-26,106.76369,106.76369,0.0,0.1,-0.0,60754.86138376861,0.0,0.1,-0.0,57560.03314626873
6467,2024-09-26,97.90764,97.90764,0.0,0.1,-0.0,60754.86138376861,0.0,0.1,-0.0,57560.03314626873
6468,2024-09-26,93.61106,93.61106,2.0,0.575,-187.22212,60567.639263768615,2.0,0.575,-187.22212,57372.81102626873
6469,2024-09-26,97.21018,97.21018,1.3684210526315792,0.9,-133.02445684210528,60434.61480692651,1.3684210526315792,0.9,-133.02445684210528,57239.78656942663
6470,2024-09-26,101.90251,101.90251,0.0,0.9,-0.0,60434.61480692651,0.0,0.9,-0.0,57239.78656942663
6471,2024-09-26,107.81078,107.81078,0.0,0.9,-0.0,60434.61480692651,0.0,0.9,-0.0,57239.78656942663
6472,2024-09-26,110.4,110.4,0.0,0.9,-0.0,60434.61480692651,0.0,0.9,-0.0,57239.78656942663
6473,2024-09-26,125.4,125.4,0.0,0.9,-0.0,60434.61480692651,-1.2,0.5842105263157895,150.48,57390.26656942663
6474,2024-09-26,148.31528,148.31528,-2.0,0.37368421052631584,296.63056,60731.24536692651,-1.84,0.1,272.9001152,57663.16668462663
6475,2024-09-26,127.53,127.53,-1.0400000000000003,0.1,132.63120000000004,60863.87656692651,0.0,0.1,-0.0,57663.16668462663
6476,2024-09-26,109.92,109.92,0.0,0.1,-0.0,60863.87656692651,0.0,0.1,-0.0,57663.16668462663
6477,2024-09-26,104.3,104.3,0.0,0.1,-0.0,60863.87656692651,0.0,0.1,-0.0,57663.16668462663
6478,2024-09-26,108.0,108.0,0.0,0.1,-0.0,60863.87656692651,0.0,0.1,-0.0,57663.16668462663
6479,2024-09-27,98.72,98.72,0.0,0.1,-0.0,60863.87656692651,0.0,0.1,-0.0,57663.16668462663
6480,2024-09-27,96.08185,96.08185,0.0,0.1,-0.0,60863.87656692651,0.0,0.1,-0.0,57663.16668462663
6481,2024-09-27,95.0,95.0,2.0,0.575,-190.0,60673.87656692651,0.0,0.1,-0.0,57663.16668462663
6482,2024-09-27,95.0,95.0,1.3684210526315792,0.9,-130.00000000000003,60543.87656692651,2.0,0.575,-190.0,57473.16668462663
6483,2024-09-27,95.2,95.2,0.0,0.9,-0.0,60543.87656692651,1.3684210526315792,0.9,-130.27368421052634,57342.8930004161
6484,2024-09-27,103.5,103.5,0.0,0.9,-0.0,60543.87656692651,0.0,0.9,-0.0,57342.8930004161
6485,2024-09-27,110.0,110.0,0.0,0.9,-0.0,60543.87656692651,0.0,0.9,-0.0,57342.8930004161
6486,2024-09-27,135.07,135.07,-1.2000000008110836,0.5842105261023465,162.08400010955305,60705.96056703607,-1.2,0.5842105263157895,162.08399999999997,57504.977000416104
6487,2024-09-27,137.3,137.3,-1.8399999991889167,0.1,252.6319998886383,60958.59256692471,-1.8,0.1105263157894737,247.14000000000001,57752.1170004161
6488,2024-09-27,130.07,130.07,0.0,0.1,-0.0,60958.59256692471,-0.040000000000000015,0.1,5.202800000000002,57757.3198004161
6489,2024-09-27,109.49,109.49,0.0,0.1,-0.0,60958.59256692471,0.0,0.1,-0.0,57757.3198004161
6490,2024-09-27,99.52942,99.52942,0.0,0.1,-0.0,60958.59256692471,0.0,0.1,-0.0,57757.3198004161
6491,2024-09-27,88.54682,88.54682,0.0,0.1,-0.0,60958.59256692471,0.0,0.1,-0.0,57757.3198004161
6492,2024-09-27,80.8049,80.8049,2.0,0.575,-161.6098,60796.98276692471,2.0,0.575,-161.6098,57595.710000416104
6493,2024-09-27,81.98051,81.98051,1.3684210526315792,0.9,-112.1838557894737,60684.798911135236,1.3684210526315792,0.9,-112.1838557894737,57483.52614462663
6494,2024-09-27,96.53009,96.53009,0.0,0.9,-0.0,60684.798911135236,0.0,0.9,-0.0,57483.52614462663
6495,2024-09-27,103.0,103.0,0.0,0.9,-0.0,60684.798911135236,0.0,0.9,-0.0,57483.52614462663
6496,2024-09-27,109.61515,109.61515,0.0,0.9,-0.0,60684.798911135236,0.0,0.9,-0.0,57483.52614462663
6497,2024-09-27,128.7,128.7,0.0,0.9,-0.0,60684.798911135236,0.0,0.9,-0.0,57483.52614462663
6498,2024-09-27,156.90382,156.90382,-2.0,0.37368421052631584,313.80764,60998.606551135235,-2.0,0.37368421052631584,313.80764,57797.33378462663
6499,2024-09-27,136.5015,136.5015,-1.0400000000000003,0.1,141.96156000000002,61140.56811113524,-1.0400000000000003,0.1,141.96156000000002,57939.29534462663
6500,2024-09-27,111.41,111.41,0.0,0.1,-0.0,61140.56811113524,0.0,0.1,-0.0,57939.29534462663
6501,2024-09-27,108.3774,108.3774,2.0,0.575,-216.7548,60923.813311135236,0.0,0.1,-0.0,57939.29534462663
6502,2024-09-27,110.26,110.26,0.10511364818276168,0.5999644914434059,-11.589830848631303,60912.22348028661,0.0,0.1,-0.0,57939.29534462663
6503,2024-09-28,116.08209,116.08209,-1.8998650674849424,0.1,220.54030775164316,61132.76378803825,0.0,0.1,-0.0,57939.29534462663
6504,2024-09-28,108.31204,108.31204,0.0,0.1,-0.0,61132.76378803825,0.0,0.1,-0.0,57939.29534462663
6505,2024-09-28,106.33466,106.33466,0.0,0.1,-0.0,61132.76378803825,0.0,0.1,-0.0,57939.29534462663
6506,2024-09-28,105.41261,105.41261,2.0,0.575,-210.82522,60921.938568038255,0.0,0.1,-0.0,57939.29534462663
6507,2024-09-28,105.50251,105.50251,0.0,0.575,-0.0,60921.938568038255,0.0,0.1,-0.0,57939.29534462663
6508,2024-09-28,105.2491,105.2491,1.3684210526315792,0.9,-144.02508421052633,60777.91348382773,0.0,0.1,-0.0,57939.29534462663
6509,2024-09-28,110.93,110.93,0.0,0.9,-0.0,60777.91348382773,0.0,0.1,-0.0,57939.29534462663
6510,2024-09-28,119.02,119.02,-1.200000001128517,0.5842105260188113,142.8240001343161,60920.737483962046,0.0,0.1,-0.0,57939.29534462663
6511,2024-09-28,123.67,123.67,-1.839999998871483,0.1,227.5527998604363,61148.29028382248,0.0,0.1,-0.0,57939.29534462663
6512,2024-09-28,105.47485,105.47485,0.0,0.1,-0.0,61148.29028382248,0.0,0.1,-0.0,57939.29534462663
6513,2024-09-28,95.41769,95.41769,0.0,0.1,-0.0,61148.29028382248,0.0,0.1,-0.0,57939.29534462663
6514,2024-09-28,80.97819,80.97819,0.0,0.1,-0.0,61148.29028382248,0.0,0.1,-0.0,57939.29534462663
6515,2024-09-28,75.07908,75.07908,0.0,0.1,-0.0,61148.29028382248,0.0,0.1,-0.0,57939.29534462663
6516,2024-09-28,70.24565,70.24565,1.368421052631581,0.4250000000000005,-96.12562631578962,61052.16465750669,2.0,0.575,-140.4913,57798.80404462663
6517,2024-09-28,66.07187,66.07187,1.9999999999999982,0.9,-132.1437399999999,60920.02091750669,1.3684210526315792,0.9,-90.41413789473687,57708.38990673189
6518,2024-09-28,79.0,79.0,0.0,0.9,-0.0,60920.02091750669,0.0,0.9,-0.0,57708.38990673189
6519,2024-09-28,83.16651,83.16651,0.0,0.9,-0.0,60920.02091750669,0.0,0.9,-0.0,57708.38990673189
6520,2024-09-28,101.74351,101.74351,0.0,0.9,-0.0,60920.02091750669,0.0,0.9,-0.0,57708.38990673189
6521,2024-09-28,118.91,118.91,0.0,0.9,-0.0,60920.02091750669,0.0,0.9,-0.0,57708.38990673189
6522,2024-09-28,139.15,139.15,-2.0,0.37368421052631584,278.3,61198.320917506695,-2.0,0.37368421052631584,278.3,57986.689906731895
6523,2024-09-28,134.67,134.67,-1.0400000000000003,0.1,140.0568,61338.37771750669,-1.0400000000000003,0.1,140.0568,58126.746706731894
6524,2024-09-28,110.0,110.0,0.0,0.1,-0.0,61338.37771750669,0.0,0.1,-0.0,58126.746706731894
6525,2024-09-28,105.0,105.0,0.0,0.1,-0.0,61338.37771750669,0.0,0.1,-0.0,58126.746706731894
6526,2024-09-28,103.32,103.32,0.0,0.1,-0.0,61338.37771750669,0.0,0.1,-0.0,58126.746706731894
6527,2024-09-29,101.08,101.08,0.0,0.1,-0.0,61338.37771750669,0.0,0.1,-0.0,58126.746706731894
6528,2024-09-29,101.57,101.57,0.0,0.1,-0.0,61338.37771750669,0.0,0.1,-0.0,58126.746706731894
6529,2024-09-29,101.74,101.74,0.0,0.1,-0.0,61338.37771750669,0.0,0.1,-0.0,58126.746706731894
6530,2024-09-29,101.81,101.81,0.0,0.1,-0.0,61338.37771750669,0.0,0.1,-0.0,58126.746706731894
6531,2024-09-29,101.08,101.08,0.0,0.1,-0.0,61338.37771750669,0.0,0.1,-0.0,58126.746706731894
6532,2024-09-29,101.81,101.81,0.0,0.1,-0.0,61338.37771750669,0.0,0.1,-0.0,58126.746706731894
6533,2024-09-29,105.1,105.1,0.0,0.1,-0.0,61338.37771750669,0.0,0.1,-0.0,58126.746706731894
6534,2024-09-29,105.1,105.1,0.0,0.1,-0.0,61338.37771750669,0.0,0.1,-0.0,58126.746706731894
6535,2024-09-29,103.0,103.0,0.0,0.1,-0.0,61338.37771750669,0.0,0.1,-0.0,58126.746706731894
6536,2024-09-29,69.36558,69.36558,0.0,0.1,-0.0,61338.37771750669,0.0,0.1,-0.0,58126.746706731894
6537,2024-09-29,46.76231,46.76231,0.0,0.1,-0.0,61338.37771750669,0.0,0.1,-0.0,58126.746706731894
6538,2024-09-29,43.79489,43.79489,0.0,0.1,-0.0,61338.37771750669,0.0,0.1,-0.0,58126.746706731894
6539,2024-09-29,8.56387,8.56387,0.0,0.1,-0.0,61338.37771750669,0.0,0.1,-0.0,58126.746706731894
6540,2024-09-29,0.9666,0.9666,2.0,0.575,-1.9332,61336.444517506694,2.0,0.575,-1.9332,58124.813506731894
6541,2024-09-29,3.10253,3.10253,1.3684210526315792,0.9,-4.245567368421053,61332.19895013827,1.3684210526315792,0.9,-4.245567368421053,58120.56793936347
6542,2024-09-29,31.04633,31.04633,0.0,0.9,-0.0,61332.19895013827,0.0,0.9,-0.0,58120.56793936347
6543,2024-09-29,66.95532,66.95532,0.0,0.9,-0.0,61332.19895013827,0.0,0.9,-0.0,58120.56793936347
6544,2024-09-29,94.17321,94.17321,0.0,0.9,-0.0,61332.19895013827,0.0,0.9,-0.0,58120.56793936347
6545,2024-09-29,114.62795,114.62795,0.0,0.9,-0.0,61332.19895013827,0.0,0.9,-0.0,58120.56793936347
6546,2024-09-29,135.91,135.91,-2.0,0.37368421052631584,271.82,61604.01895013827,-2.0,0.37368421052631584,271.82,58392.38793936347
6547,2024-09-29,131.98,131.98,-1.0400000000000003,0.1,137.25920000000002,61741.27815013827,-1.0400000000000003,0.1,137.25920000000002,58529.64713936347
6548,2024-09-29,120.0,120.0,0.0,0.1,-0.0,61741.27815013827,0.0,0.1,-0.0,58529.64713936347
6549,2024-09-29,105.35,105.35,0.0,0.1,-0.0,61741.27815013827,0.0,0.1,-0.0,58529.64713936347
6550,2024-09-29,100.39,100.39,0.0,0.1,-0.0,61741.27815013827,0.0,0.1,-0.0,58529.64713936347
6551,2024-09-30,103.56,103.56,0.0,0.1,-0.0,61741.27815013827,0.0,0.1,-0.0,58529.64713936347
6552,2024-09-30,101.08,101.08,0.0,0.1,-0.0,61741.27815013827,0.0,0.1,-0.0,58529.64713936347
6553,2024-09-30,100.0,100.0,0.0,0.1,-0.0,61741.27815013827,0.0,0.1,-0.0,58529.64713936347
6554,2024-09-30,99.28,99.28,1.3684210538439763,0.4250000002879444,-135.85684222562998,61605.42130791264,2.0,0.575,-198.56,58331.08713936347
6555,2024-09-30,95.85,95.85,1.9999999987876027,0.9,-191.69999988379172,61413.72130802885,1.3684210526315792,0.9,-131.16315789473686,58199.92398146874
6556,2024-09-30,101.81,101.81,0.0,0.9,-0.0,61413.72130802885,0.0,0.9,-0.0,58199.92398146874
6557,2024-09-30,115.0,115.0,0.0,0.9,-0.0,61413.72130802885,0.0,0.9,-0.0,58199.92398146874
6558,2024-09-30,138.81929,138.81929,-2.0,0.37368421052631584,277.63858,61691.35988802885,-1.8,0.4263157894736842,249.874722,58449.79870346874
6559,2024-09-30,144.0,144.0,-1.0400000000000003,0.1,149.76000000000005,61841.11988802885,-1.24,0.1,178.56,58628.35870346874
6560,2024-09-30,117.42,117.42,0.0,0.1,-0.0,61841.11988802885,0.0,0.1,-0.0,58628.35870346874
6561,2024-09-30,105.48,105.48,0.0,0.1,-0.0,61841.11988802885,0.0,0.1,-0.0,58628.35870346874
6562,2024-09-30,99.22,99.22,0.0,0.1,-0.0,61841.11988802885,0.0,0.1,-0.0,58628.35870346874
6563,2024-09-30,69.13696,69.13696,1.368421052632452,0.4250000000002073,-94.60847157900774,61746.511416449845,2.0,0.575,-138.27392,58490.08478346874
6564,2024-09-30,68.50185,68.50185,1.9999999999991271,0.9,-137.0036999999402,61609.5077164499,1.3684210526315792,0.9,-93.73937368421055,58396.345409784524
6565,2024-09-30,89.0446,89.0446,0.0,0.9,-0.0,61609.5077164499,0.0,0.9,-0.0,58396.345409784524
6566,2024-09-30,100.22749,100.22749,0.0,0.9,-0.0,61609.5077164499,0.0,0.9,-0.0,58396.345409784524
6567,2024-09-30,106.54,106.54,0.0,0.9,-0.0,61609.5077164499,0.0,0.9,-0.0,58396.345409784524
6568,2024-09-30,118.29,118.29,0.0,0.9,-0.0,61609.5077164499,0.0,0.9,-0.0,58396.345409784524
6569,2024-09-30,135.0,135.0,0.0,0.9,-0.0,61609.5077164499,-1.2,0.5842105263157895,162.0,58558.345409784524
6570,2024-09-30,165.49137,165.49137,-2.0,0.37368421052631584,330.98274,61940.4904564499,-1.84,0.1,304.5041208,58862.84953058452
6571,2024-09-30,142.54635,142.54635,-1.0400000000000003,0.1,148.24820400000002,62088.738660449904,0.0,0.1,-0.0,58862.84953058452
6572,2024-09-30,117.29,117.29,0.0,0.1,-0.0,62088.738660449904,0.0,0.1,-0.0,58862.84953058452
6573,2024-09-30,114.99,114.99,0.0,0.1,-0.0,62088.738660449904,0.0,0.1,-0.0,58862.84953058452
6574,2024-09-30,113.0,113.0,0.0,0.1,-0.0,62088.738660449904,0.0,0.1,-0.0,58862.84953058452
6575,2024-10-01,109.91,109.91,0.0,0.1,-0.0,62088.738660449904,0.0,0.1,-0.0,58862.84953058452
6576,2024-10-01,109.05,109.05,0.0,0.1,-0.0,62088.738660449904,0.0,0.1,-0.0,58862.84953058452
6577,2024-10-01,105.17,105.17,0.0,0.1,-0.0,62088.738660449904,0.0,0.1,-0.0,58862.84953058452
6578,2024-10-01,105.0,105.0,2.0,0.575,-210.0,61878.738660449904,2.0,0.575,-210.0,58652.84953058452
6579,2024-10-01,105.1,105.1,1.3684210526315792,0.9,-143.82105263157897,61734.91760781832,1.3684210526315792,0.9,-143.82105263157897,58509.02847795294
6580,2024-10-01,109.52,109.52,0.0,0.9,-0.0,61734.91760781832,0.0,0.9,-0.0,58509.02847795294
6581,2024-10-01,125.0,125.0,0.0,0.9,-0.0,61734.91760781832,0.0,0.9,-0.0,58509.02847795294
6582,2024-10-01,160.99,160.99,-2.0,0.37368421052631584,321.98,62056.897607818326,-1.8,0.4263157894736842,289.78200000000004,58798.81047795294
6583,2024-10-01,157.93,157.93,-1.0400000000000003,0.1,164.24720000000005,62221.144807818324,-1.24,0.1,195.8332,58994.64367795294
6584,2024-10-01,139.0,139.0,0.0,0.1,-0.0,62221.144807818324,0.0,0.1,-0.0,58994.64367795294
6585,2024-10-01,125.0,125.0,0.0,0.1,-0.0,62221.144807818324,0.0,0.1,-0.0,58994.64367795294
6586,2024-10-01,117.3,117.3,0.0,0.1,-0.0,62221.144807818324,0.0,0.1,-0.0,58994.64367795294
6587,2024-10-01,105.53,105.53,1.3684210546577724,0.4250000004812209,-144.40947389803472,62076.73533392029,0.0,0.1,-0.0,58994.64367795294
6588,2024-10-01,103.40186,103.40186,1.999999997973807,0.9,-206.80371979048786,61869.931614129804,2.0,0.575,-206.80372,58787.839957952936
6589,2024-10-01,109.80745,109.80745,0.0,0.9,-0.0,61869.931614129804,1.3684210526315792,0.9,-150.2628263157895,58637.57713163715
6590,2024-10-01,116.05495,116.05495,0.0,0.9,-0.0,61869.931614129804,0.0,0.9,-0.0,58637.57713163715
6591,2024-10-01,119.1,119.1,0.0,0.9,-0.0,61869.931614129804,0.0,0.9,-0.0,58637.57713163715
6592,2024-10-01,130.42634,130.42634,0.0,0.9,-0.0,61869.931614129804,0.0,0.9,-0.0,58637.57713163715
6593,2024-10-01,151.76718,151.76718,0.0,0.9,-0.0,61869.931614129804,-1.2,0.5842105263157895,182.12061599999998,58819.69774763715
6594,2024-10-01,187.4613,187.4613,-2.0,0.37368421052631584,374.9226,62244.8542141298,-1.84,0.1,344.928792,59164.626539637145
6595,2024-10-01,153.38996,153.38996,-1.0400000000000003,0.1,159.52555840000005,62404.3797725298,0.0,0.1,-0.0,59164.626539637145
6596,2024-10-01,124.60639,124.60639,0.0,0.1,-0.0,62404.3797725298,0.0,0.1,-0.0,59164.626539637145
6597,2024-10-01,117.30806,117.30806,0.0,0.1,-0.0,62404.3797725298,0.0,0.1,-0.0,59164.626539637145
6598,2024-10-01,115.0,115.0,0.0,0.1,-0.0,62404.3797725298,0.0,0.1,-0.0,59164.626539637145
6599,2024-10-02,112.83,112.83,0.0,0.1,-0.0,62404.3797725298,0.0,0.1,-0.0,59164.626539637145
6600,2024-10-02,110.7782,110.7782,0.0,0.1,-0.0,62404.3797725298,0.0,0.1,-0.0,59164.626539637145
6601,2024-10-02,108.46,108.46,0.0,0.1,-0.0,62404.3797725298,0.0,0.1,-0.0,59164.626539637145
6602,2024-10-02,104.05,104.05,2.0,0.575,-208.1,62196.2797725298,2.0,0.575,-208.1,58956.52653963715
6603,2024-10-02,106.05,106.05,1.3684210526315792,0.9,-145.12105263157898,62051.15871989822,1.3684210526315792,0.9,-145.12105263157898,58811.40548700557
6604,2024-10-02,108.84,108.84,0.0,0.9,-0.0,62051.15871989822,0.0,0.9,-0.0,58811.40548700557
6605,2024-10-02,128.58252,128.58252,0.0,0.9,-0.0,62051.15871989822,0.0,0.9,-0.0,58811.40548700557
6606,2024-10-02,160.5566,160.5566,0.0,0.9,-0.0,62051.15871989822,-1.2,0.5842105263157895,192.66792,59004.07340700557
6607,2024-10-02,167.46,167.46,-2.0,0.37368421052631584,334.92,62386.07871989822,-1.8,0.1105263157894737,301.428,59305.50140700557
6608,2024-10-02,157.81,157.81,-1.0400000000000003,0.1,164.12240000000006,62550.20111989822,-0.040000000000000015,0.1,6.312400000000002,59311.81380700557
6609,2024-10-02,152.97,152.97,0.0,0.1,-0.0,62550.20111989822,0.0,0.1,-0.0,59311.81380700557
6610,2024-10-02,121.03,121.03,0.0,0.1,-0.0,62550.20111989822,0.0,0.1,-0.0,59311.81380700557
6611,2024-10-02,112.82849,112.82849,0.0,0.1,-0.0,62550.20111989822,0.0,0.1,-0.0,59311.81380700557
6612,2024-10-02,105.13648,105.13648,2.0,0.575,-210.27296,62339.92815989822,2.0,0.575,-210.27296,59101.54084700557
6613,2024-10-02,109.25474,109.25474,1.3684210526315792,0.9,-149.5064863157895,62190.42167358243,1.3684210526315792,0.9,-149.5064863157895,58952.03436068978
6614,2024-10-02,115.67415,115.67415,0.0,0.9,-0.0,62190.42167358243,0.0,0.9,-0.0,58952.03436068978
6615,2024-10-02,118.32,118.32,0.0,0.9,-0.0,62190.42167358243,0.0,0.9,-0.0,58952.03436068978
6616,2024-10-02,129.0,129.0,0.0,0.9,-0.0,62190.42167358243,0.0,0.9,-0.0,58952.03436068978
6617,2024-10-02,154.81,154.81,0.0,0.9,-0.0,62190.42167358243,-1.2,0.5842105263157895,185.772,59137.80636068978
6618,2024-10-02,186.38526,186.38526,-2.0,0.37368421052631584,372.77052,62563.19219358243,-1.84,0.1,342.9488784,59480.755239089776
6619,2024-10-02,153.28234,153.28234,-1.0400000000000003,0.1,159.41363360000005,62722.60582718243,0.0,0.1,-0.0,59480.755239089776
6620,2024-10-02,117.9,117.9,0.0,0.1,-0.0,62722.60582718243,0.0,0.1,-0.0,59480.755239089776
6621,2024-10-02,110.87,110.87,0.0,0.1,-0.0,62722.60582718243,0.0,0.1,-0.0,59480.755239089776
6622,2024-10-02,110.14,110.14,0.0,0.1,-0.0,62722.60582718243,0.0,0.1,-0.0,59480.755239089776
6623,2024-10-03,110.0,110.0,0.0,0.1,-0.0,62722.60582718243,0.0,0.1,-0.0,59480.755239089776
6624,2024-10-03,108.42,108.42,0.0,0.1,-0.0,62722.60582718243,0.0,0.1,-0.0,59480.755239089776
6625,2024-10-03,102.1,102.1,2.0,0.575,-204.2,62518.40582718243,0.0,0.1,-0.0,59480.755239089776
6626,2024-10-03,107.2,107.2,1.3684210526315792,0.9,-146.6947368421053,62371.71109034033,2.0,0.575,-214.4,59266.355239089775
6627,2024-10-03,108.08,108.08,0.0,0.9,-0.0,62371.71109034033,1.3684210526315792,0.9,-147.8989473684211,59118.456291721355
6628,2024-10-03,108.11,108.11,0.0,0.9,-0.0,62371.71109034033,0.0,0.9,-0.0,59118.456291721355
6629,2024-10-03,117.19141,117.19141,0.0,0.9,-0.0,62371.71109034033,0.0,0.9,-0.0,59118.456291721355
6630,2024-10-03,129.58,129.58,0.0,0.9,-0.0,62371.71109034033,0.0,0.9,-0.0,59118.456291721355
6631,2024-10-03,133.46,133.46,-1.2000000122584142,0.5842105230898911,160.15200163600798,62531.86309197634,-1.2,0.5842105263157895,160.15200000000002,59278.60829172136
6632,2024-10-03,133.89,133.89,-1.839999987741586,0.1,246.35759835872094,62778.22069033506,-1.8,0.1105263157894737,241.00199999999998,59519.61029172136
6633,2024-10-03,128.0,128.0,0.0,0.1,-0.0,62778.22069033506,-0.040000000000000015,0.1,5.120000000000002,59524.73029172136
6634,2024-10-03,118.11,118.11,0.0,0.1,-0.0,62778.22069033506,0.0,0.1,-0.0,59524.73029172136
6635,2024-10-03,113.13,113.13,0.0,0.1,-0.0,62778.22069033506,0.0,0.1,-0.0,59524.73029172136
6636,2024-10-03,110.03,110.03,2.0,0.575,-220.06,62558.16069033506,2.0,0.575,-220.06,59304.67029172136
6637,2024-10-03,112.83645,112.83645,1.3684210526315792,0.9,-154.40777368421055,62403.752916650854,1.3684210526315792,0.9,-154.40777368421055,59150.262518037154
6638,2024-10-03,116.17699,116.17699,0.0,0.9,-0.0,62403.752916650854,0.0,0.9,-0.0,59150.262518037154
6639,2024-10-03,117.61,117.61,0.0,0.9,-0.0,62403.752916650854,0.0,0.9,-0.0,59150.262518037154
6640,2024-10-03,120.0,120.0,0.0,0.9,-0.0,62403.752916650854,0.0,0.9,-0.0,59150.262518037154
6641,2024-10-03,125.0,125.0,-1.2000000065027336,0.5842105246045438,150.0000008128417,62553.752917463695,-1.8,0.4263157894736842,225.0,59375.262518037154
6642,2024-10-03,143.57,143.57,-1.8399999934972664,0.1,264.1687990664025,62817.921716530094,-1.24,0.1,178.02679999999998,59553.289318037154
6643,2024-10-03,122.31,122.31,0.0,0.1,-0.0,62817.921716530094,0.0,0.1,-0.0,59553.289318037154
6644,2024-10-03,105.98,105.98,0.0,0.1,-0.0,62817.921716530094,0.0,0.1,-0.0,59553.289318037154
6645,2024-10-03,96.26467,96.26467,0.0,0.1,-0.0,62817.921716530094,0.0,0.1,-0.0,59553.289318037154
6646,2024-10-03,94.04,94.04,2.0,0.575,-188.08,62629.84171653009,0.0,0.1,-0.0,59553.289318037154
6647,2024-10-04,102.23,102.23,-1.805,0.1,184.52515,62814.366866530094,0.0,0.1,-0.0,59553.289318037154
6648,2024-10-04,95.79521,95.79521,0.0,0.1,-0.0,62814.366866530094,0.0,0.1,-0.0,59553.289318037154
6649,2024-10-04,90.70496,90.70496,0.0,0.1,-0.0,62814.366866530094,0.0,0.1,-0.0,59553.289318037154
6650,2024-10-04,87.22625,87.22625,2.0,0.575,-174.4525,62639.914366530094,2.0,0.575,-174.4525,59378.836818037154
6651,2024-10-04,88.78,88.78,1.3684210526315792,0.9,-121.48842105263161,62518.425945477466,1.3684210526315792,0.9,-121.48842105263161,59257.348396984526
6652,2024-10-04,97.73,97.73,0.0,0.9,-0.0,62518.425945477466,0.0,0.9,-0.0,59257.348396984526
6653,2024-10-04,117.76,117.76,0.0,0.9,-0.0,62518.425945477466,0.0,0.9,-0.0,59257.348396984526
6654,2024-10-04,154.08,154.08,-1.2000000045844166,0.5842105251093641,184.89600070636692,62703.32194618383,-1.2,0.5842105263157895,184.89600000000002,59442.244396984526
6655,2024-10-04,163.46,163.46,-1.8399999954155837,0.1,300.7663992506313,63004.08834543446,-1.8,0.1105263157894737,294.228,59736.47239698453
6656,2024-10-04,151.08363,151.08363,0.0,0.1,-0.0,63004.08834543446,-0.040000000000000015,0.1,6.043345200000002,59742.51574218453
6657,2024-10-04,126.82264,126.82264,0.0,0.1,-0.0,63004.08834543446,0.0,0.1,-0.0,59742.51574218453
6658,2024-10-04,110.94095,110.94095,0.0,0.1,-0.0,63004.08834543446,0.0,0.1,-0.0,59742.51574218453
6659,2024-10-04,94.94359,94.94359,0.0,0.1,-0.0,63004.08834543446,2.0,0.575,-189.88718,59552.62856218453
6660,2024-10-04,89.81153,89.81153,2.0,0.575,-179.62306,62824.46528543446,1.3684210526315792,0.9,-122.89998842105265,59429.72857376348
6661,2024-10-04,91.07765,91.07765,1.3684210526315792,0.9,-124.63257368421056,62699.83271175025,0.0,0.9,-0.0,59429.72857376348
6662,2024-10-04,108.77936,108.77936,0.0,0.9,-0.0,62699.83271175025,0.0,0.9,-0.0,59429.72857376348
6663,2024-10-04,118.75184,118.75184,0.0,0.9,-0.0,62699.83271175025,0.0,0.9,-0.0,59429.72857376348
6664,2024-10-04,126.75077,126.75077,0.0,0.9,-0.0,62699.83271175025,0.0,0.9,-0.0,59429.72857376348
6665,2024-10-04,140.0,140.0,0.0,0.9,-0.0,62699.83271175025,0.0,0.9,-0.0,59429.72857376348
6666,2024-10-04,164.94296,164.94296,-2.0,0.37368421052631584,329.88592,63029.71863175025,-2.0,0.37368421052631584,329.88592,59759.61449376348
6667,2024-10-04,149.97909,149.97909,-1.0400000000000003,0.1,155.97825360000004,63185.69688535025,-1.0400000000000003,0.1,155.97825360000004,59915.59274736348
6668,2024-10-04,122.75109,122.75109,0.0,0.1,-0.0,63185.69688535025,0.0,0.1,-0.0,59915.59274736348
6669,2024-10-04,116.7,116.7,0.0,0.1,-0.0,63185.69688535025,0.0,0.1,-0.0,59915.59274736348
6670,2024-10-04,116.18,116.18,0.0,0.1,-0.0,63185.69688535025,0.0,0.1,-0.0,59915.59274736348
6671,2024-10-05,115.714,115.714,0.0,0.1,-0.0,63185.69688535025,0.0,0.1,-0.0,59915.59274736348
6672,2024-10-05,114.78875,114.78875,0.0,0.1,-0.0,63185.69688535025,0.0,0.1,-0.0,59915.59274736348
6673,2024-10-05,112.93,112.93,2.0,0.575,-225.86,62959.83688535025,0.0,0.1,-0.0,59915.59274736348
6674,2024-10-05,114.13,114.13,0.0,0.575,-0.0,62959.83688535025,0.0,0.1,-0.0,59915.59274736348
6675,2024-10-05,113.35,113.35,1.3684210526315792,0.9,-155.11052631578949,62804.72635903446,0.0,0.1,-0.0,59915.59274736348
6676,2024-10-05,114.35,114.35,0.0,0.9,-0.0,62804.72635903446,0.0,0.1,-0.0,59915.59274736348
6677,2024-10-05,123.0,123.0,0.0,0.9,-0.0,62804.72635903446,0.0,0.1,-0.0,59915.59274736348
6678,2024-10-05,129.02874,129.02874,-1.2000000000001567,0.5842105263157482,154.83448800002023,62959.56084703448,0.0,0.1,-0.0,59915.59274736348
6679,2024-10-05,130.9,130.9,-1.8399999999998433,0.1,240.8559999999795,63200.41684703446,0.0,0.1,-0.0,59915.59274736348
6680,2024-10-05,117.92,117.92,0.0,0.1,-0.0,63200.41684703446,0.0,0.1,-0.0,59915.59274736348
6681,2024-10-05,105.13718,105.13718,0.0,0.1,-0.0,63200.41684703446,0.0,0.1,-0.0,59915.59274736348
6682,2024-10-05,89.18747,89.18747,0.0,0.1,-0.0,63200.41684703446,0.0,0.1,-0.0,59915.59274736348
6683,2024-10-05,77.63757,77.63757,2.0,0.575,-155.27514,63045.14170703446,0.0,0.1,-0.0,59915.59274736348
6684,2024-10-05,87.32456,87.32456,1.3684210526315792,0.9,-119.4967663157895,62925.644940718674,2.0,0.575,-174.64912,59740.94362736348
6685,2024-10-05,83.89509,83.89509,0.0,0.9,-0.0,62925.644940718674,1.3684210526315792,0.9,-114.80380736842108,59626.139819995056
6686,2024-10-05,87.39951,87.39951,0.0,0.9,-0.0,62925.644940718674,0.0,0.9,-0.0,59626.139819995056
6687,2024-10-05,102.36179,102.36179,0.0,0.9,-0.0,62925.644940718674,0.0,0.9,-0.0,59626.139819995056
6688,2024-10-05,114.7,114.7,0.0,0.9,-0.0,62925.644940718674,0.0,0.9,-0.0,59626.139819995056
6689,2024-10-05,141.87377,141.87377,0.0,0.9,-0.0,62925.644940718674,-1.2,0.5842105263157895,170.248524,59796.38834399506
6690,2024-10-05,158.55501,158.55501,-2.0,0.37368421052631584,317.11002,63242.754960718674,-1.8,0.1105263157894737,285.399018,60081.787361995055
6691,2024-10-05,147.08505,147.08505,-1.0400000000000003,0.1,152.96845200000004,63395.723412718675,-0.040000000000000015,0.1,5.883402000000002,60087.670763995055
6692,2024-10-05,124.78899,124.78899,0.0,0.1,-0.0,63395.723412718675,0.0,0.1,-0.0,60087.670763995055
6693,2024-10-05,114.31469,114.31469,0.0,0.1,-0.0,63395.723412718675,0.0,0.1,-0.0,60087.670763995055
6694,2024-10-05,115.13125,115.13125,2.0,0.575,-230.2625,63165.46091271868,0.0,0.1,-0.0,60087.670763995055
6695,2024-10-06,125.10332,125.10332,-1.805,0.1,225.81149259999998,63391.272405318676,0.0,0.1,-0.0,60087.670763995055
6696,2024-10-06,117.29597,117.29597,0.0,0.1,-0.0,63391.272405318676,0.0,0.1,-0.0,60087.670763995055
6697,2024-10-06,112.49951,112.49951,0.0,0.1,-0.0,63391.272405318676,0.0,0.1,-0.0,60087.670763995055
6698,2024-10-06,111.11382,111.11382,0.0,0.1,-0.0,63391.272405318676,0.0,0.1,-0.0,60087.670763995055
6699,2024-10-06,111.09881,111.09881,2.0,0.575,-222.19762,63169.07478531868,0.0,0.1,-0.0,60087.670763995055
6700,2024-10-06,111.46303,111.46303,0.10526315709773419,0.5999999998107118,-11.73295043747946,63157.3418348812,0.0,0.1,-0.0,60087.670763995055
6701,2024-10-06,119.11218,119.11218,0.0,0.5999999998107118,-0.0,63157.3418348812,0.0,0.1,-0.0,60087.670763995055
6702,2024-10-06,116.59887,116.59887,0.0,0.5999999998107118,-0.0,63157.3418348812,0.0,0.1,-0.0,60087.670763995055
6703,2024-10-06,130.0,130.0,-1.899999999280705,0.1,246.99999990649167,63404.34183478769,0.0,0.1,-0.0,60087.670763995055
6704,2024-10-06,120.91,120.91,0.0,0.1,-0.0,63404.34183478769,0.0,0.1,-0.0,60087.670763995055
6705,2024-10-06,114.19,114.19,0.0,0.1,-0.0,63404.34183478769,0.0,0.1,-0.0,60087.670763995055
6706,2024-10-06,113.57,113.57,0.0,0.1,-0.0,63404.34183478769,0.0,0.1,-0.0,60087.670763995055
6707,2024-10-06,105.44,105.44,1.368421053169535,0.4250000001277646,-144.28631584619578,63260.05551894149,0.0,0.1,-0.0,60087.670763995055
6708,2024-10-06,106.83389,106.83389,0.0,0.4250000001277646,-0.0,63260.05551894149,0.0,0.1,-0.0,60087.670763995055
6709,2024-10-06,104.95092,104.95092,1.9999999994620439,0.9,-209.901839943541,63050.153678997944,2.0,0.575,-209.90184,59877.768923995056
6710,2024-10-06,106.38,106.38,0.0,0.9,-0.0,63050.153678997944,1.3684210526315792,0.9,-145.57263157894738,59732.196292416105
6711,2024-10-06,106.99,106.99,0.0,0.9,-0.0,63050.153678997944,0.0,0.9,-0.0,59732.196292416105
6712,2024-10-06,117.0,117.0,0.0,0.9,-0.0,63050.153678997944,0.0,0.9,-0.0,59732.196292416105
6713,2024-10-06,137.76,137.76,0.0,0.9,-0.0,63050.153678997944,-1.2,0.5842105263157895,165.31199999999998,59897.5082924161
6714,2024-10-06,148.7587,148.7587,-2.0,0.37368421052631584,297.5174,63347.67107899794,-1.8,0.1105263157894737,267.76566,60165.2739524161
6715,2024-10-06,144.76,144.76,-1.0400000000000003,0.1,150.55040000000002,63498.22147899794,-0.040000000000000015,0.1,5.790400000000002,60171.0643524161
6716,2024-10-06,131.3659,131.3659,0.0,0.1,-0.0,63498.22147899794,0.0,0.1,-0.0,60171.0643524161
6717,2024-10-06,117.96397,117.96397,0.0,0.1,-0.0,63498.22147899794,0.0,0.1,-0.0,60171.0643524161
6718,2024-10-06,109.51864,109.51864,0.0,0.1,-0.0,63498.22147899794,0.0,0.1,-0.0,60171.0643524161
6719,2024-10-07,110.0,110.0,0.0,0.1,-0.0,63498.22147899794,0.0,0.1,-0.0,60171.0643524161
6720,2024-10-07,107.81,107.81,0.0,0.1,-0.0,63498.22147899794,0.0,0.1,-0.0,60171.0643524161
6721,2024-10-07,104.25,104.25,0.0,0.1,-0.0,63498.22147899794,0.0,0.1,-0.0,60171.0643524161
6722,2024-10-07,101.48,101.48,2.0,0.575,-202.96,63295.26147899794,2.0,0.575,-202.96,59968.1043524161
6723,2024-10-07,101.48,101.48,1.3684210526315792,0.9,-138.86736842105267,63156.39411057689,1.3684210526315792,0.9,-138.86736842105267,59829.23698399505
6724,2024-10-07,109.66,109.66,0.0,0.9,-0.0,63156.39411057689,0.0,0.9,-0.0,59829.23698399505
6725,2024-10-07,116.409,116.409,0.0,0.9,-0.0,63156.39411057689,0.0,0.9,-0.0,59829.23698399505
6726,2024-10-07,149.98699,149.98699,-2.0,0.37368421052631584,299.97398,63456.36809057689,-1.2,0.5842105263157895,179.984388,60009.221371995045
6727,2024-10-07,155.21864,155.21864,-1.0400000000000003,0.1,161.42738560000004,63617.79547617689,-1.8,0.1105263157894737,279.393552,60288.61492399505
6728,2024-10-07,136.18506,136.18506,0.0,0.1,-0.0,63617.79547617689,-0.040000000000000015,0.1,5.447402400000001,60294.06232639505
6729,2024-10-07,122.34917,122.34917,0.0,0.1,-0.0,63617.79547617689,0.0,0.1,-0.0,60294.06232639505
6730,2024-10-07,120.16682,120.16682,0.0,0.1,-0.0,63617.79547617689,0.0,0.1,-0.0,60294.06232639505
6731,2024-10-07,108.15404,108.15404,1.3684212036947307,0.42500003587749857,-148.00028160124805,63469.79519457564,2.0,0.575,-216.30808,60077.754246395045
6732,2024-10-07,106.37334,106.37334,1.9999998489368482,0.9,-212.746663930908,63257.04853064474,1.3684210526315792,0.9,-145.56351789473686,59932.19072850031
6733,2024-10-07,114.03071,114.03071,0.0,0.9,-0.0,63257.04853064474,0.0,0.9,-0.0,59932.19072850031
6734,2024-10-07,120.08595,120.08595,0.0,0.9,-0.0,63257.04853064474,0.0,0.9,-0.0,59932.19072850031
6735,2024-10-07,125.47657,125.47657,0.0,0.9,-0.0,63257.04853064474,0.0,0.9,-0.0,59932.19072850031
6736,2024-10-07,147.15815,147.15815,0.0,0.9,-0.0,63257.04853064474,0.0,0.9,-0.0,59932.19072850031
6737,2024-10-07,156.39626,156.39626,-1.2000000140847276,0.5842105226092822,187.67551420279872,63444.724044847535,-1.2,0.5842105263157895,187.675512,60119.86624050031
6738,2024-10-07,179.30357,179.30357,-1.8399999859152723,0.1,329.91856627455803,63774.64261112209,-1.84,0.1,329.9185688,60449.78480930031
6739,2024-10-07,147.55929,147.55929,0.0,0.1,-0.0,63774.64261112209,0.0,0.1,-0.0,60449.78480930031
6740,2024-10-07,125.05402,125.05402,0.0,0.1,-0.0,63774.64261112209,0.0,0.1,-0.0,60449.78480930031
6741,2024-10-07,123.0805,123.0805,0.0,0.1,-0.0,63774.64261112209,0.0,0.1,-0.0,60449.78480930031
6742,2024-10-07,118.18411,118.18411,0.0,0.1,-0.0,63774.64261112209,0.0,0.1,-0.0,60449.78480930031
6743,2024-10-08,104.96233,104.96233,0.0,0.1,-0.0,63774.64261112209,0.0,0.1,-0.0,60449.78480930031
6744,2024-10-08,99.31736,99.31736,0.0,0.1,-0.0,63774.64261112209,0.0,0.1,-0.0,60449.78480930031
6745,2024-10-08,96.56146,96.56146,0.0,0.1,-0.0,63774.64261112209,0.0,0.1,-0.0,60449.78480930031
6746,2024-10-08,93.7,93.7,1.368421052766696,0.42500000003209026,-128.22105264423942,63646.42155847786,2.0,0.575,-187.4,60262.38480930031
6747,2024-10-08,92.58,92.58,1.9999999998648832,0.9,-185.1599999874909,63461.26155849037,1.3684210526315792,0.9,-126.6884210526316,60135.69638824768
6748,2024-10-08,100.00342,100.00342,0.0,0.9,-0.0,63461.26155849037,0.0,0.9,-0.0,60135.69638824768
6749,2024-10-08,113.76544,113.76544,0.0,0.9,-0.0,63461.26155849037,0.0,0.9,-0.0,60135.69638824768
6750,2024-10-08,134.6574,134.6574,-1.1999963872031079,0.5842114770518138,161.58839351016377,63622.849952000535,-1.2,0.5842105263157895,161.58888,60297.28526824768
6751,2024-10-08,148.91861,148.91861,-1.8400036127968922,0.1,274.0107804126914,63896.860732413224,-1.8,0.1105263157894737,268.053498,60565.33876624768
6752,2024-10-08,131.6,131.6,0.0,0.1,-0.0,63896.860732413224,-0.040000000000000015,0.1,5.264000000000002,60570.602766247684
6753,2024-10-08,119.46,119.46,0.0,0.1,-0.0,63896.860732413224,0.0,0.1,-0.0,60570.602766247684
6754,2024-10-08,111.66,111.66,2.0,0.575,-223.32,63673.540732413225,0.0,0.1,-0.0,60570.602766247684
6755,2024-10-08,101.60463,101.60463,1.3684210526315792,0.9,-139.03791473684214,63534.50281767638,2.0,0.575,-203.20926,60367.39350624768
6756,2024-10-08,104.31089,104.31089,0.0,0.9,-0.0,63534.50281767638,1.3684210526315792,0.9,-142.74121789473688,60224.65228835295
6757,2024-10-08,103.59991,103.59991,0.0,0.9,-0.0,63534.50281767638,0.0,0.9,-0.0,60224.65228835295
6758,2024-10-08,106.00585,106.00585,0.0,0.9,-0.0,63534.50281767638,0.0,0.9,-0.0,60224.65228835295
6759,2024-10-08,115.65,115.65,0.0,0.9,-0.0,63534.50281767638,0.0,0.9,-0.0,60224.65228835295
6760,2024-10-08,123.40086,123.40086,0.0,0.9,-0.0,63534.50281767638,0.0,0.9,-0.0,60224.65228835295
6761,2024-10-08,139.94972,139.94972,-1.2000014952119964,0.5842101328389484,167.93987325450024,63702.44269093088,-2.0,0.37368421052631584,279.89944,60504.55172835295
6762,2024-10-08,157.17961,157.17961,-1.8399985047880039,0.1,289.2102473831616,63991.652938314044,-1.0400000000000003,0.1,163.46679440000003,60668.01852275295
6763,2024-10-08,122.33679,122.33679,0.0,0.1,-0.0,63991.652938314044,0.0,0.1,-0.0,60668.01852275295
6764,2024-10-08,107.00218,107.00218,0.0,0.1,-0.0,63991.652938314044,0.0,0.1,-0.0,60668.01852275295
6765,2024-10-08,101.38115,101.38115,0.0,0.1,-0.0,63991.652938314044,0.0,0.1,-0.0,60668.01852275295
6766,2024-10-08,96.40416,96.40416,0.0,0.1,-0.0,63991.652938314044,0.0,0.1,-0.0,60668.01852275295
6767,2024-10-09,97.90513,97.90513,0.0,0.1,-0.0,63991.652938314044,0.0,0.1,-0.0,60668.01852275295
6768,2024-10-09,94.10075,94.10075,0.0,0.1,-0.0,63991.652938314044,0.0,0.1,-0.0,60668.01852275295
6769,2024-10-09,93.80092,93.80092,0.0,0.1,-0.0,63991.652938314044,2.0,0.575,-187.60184,60480.41668275295
6770,2024-10-09,92.00409,92.00409,2.0,0.575,-184.00818,63807.64475831405,1.3684210526315792,0.9,-125.90033368421055,60354.51634906874
6771,2024-10-09,94.15763,94.15763,1.3684210526315792,0.9,-128.84728315789476,63678.79747515615,0.0,0.9,-0.0,60354.51634906874
6772,2024-10-09,101.86331,101.86331,0.0,0.9,-0.0,63678.79747515615,0.0,0.9,-0.0,60354.51634906874
6773,2024-10-09,119.60459,119.60459,0.0,0.9,-0.0,63678.79747515615,0.0,0.9,-0.0,60354.51634906874
6774,2024-10-09,128.1659,128.1659,0.0,0.9,-0.0,63678.79747515615,-1.2,0.5842105263157895,153.79907999999998,60508.31542906874
6775,2024-10-09,156.62469,156.62469,-2.0,0.37368421052631584,313.24938,63992.04685515615,-1.84,0.1,288.1894296,60796.50485866874
6776,2024-10-09,143.38605,143.38605,-1.0400000000000003,0.1,149.12149200000005,64141.16834715615,0.0,0.1,-0.0,60796.50485866874
6777,2024-10-09,107.02,107.02,0.0,0.1,-0.0,64141.16834715615,0.0,0.1,-0.0,60796.50485866874
6778,2024-10-09,96.75802,96.75802,0.0,0.1,-0.0,64141.16834715615,0.0,0.1,-0.0,60796.50485866874
6779,2024-10-09,81.6,81.6,1.3684210527976883,0.42500000003945093,-111.66315790829135,64029.50518924786,2.0,0.575,-163.2,60633.304858668744
6780,2024-10-09,77.26044,77.26044,1.999999999833891,0.9,-154.52087998716635,63874.98430926069,1.3684210526315792,0.9,-105.72481263157897,60527.58004603717
6781,2024-10-09,91.00136,91.00136,0.0,0.9,-0.0,63874.98430926069,0.0,0.9,-0.0,60527.58004603717
6782,2024-10-09,105.0215,105.0215,0.0,0.9,-0.0,63874.98430926069,0.0,0.9,-0.0,60527.58004603717
6783,2024-10-09,114.89896,114.89896,0.0,0.9,-0.0,63874.98430926069,0.0,0.9,-0.0,60527.58004603717
6784,2024-10-09,125.40082,125.40082,0.0,0.9,-0.0,63874.98430926069,0.0,0.9,-0.0,60527.58004603717
6785,2024-10-09,150.15764,150.15764,-1.1999999999680402,0.5842105263241999,180.18916799520096,64055.17347725589,-2.0,0.37368421052631584,300.31528,60827.89532603717
6786,2024-10-09,166.4354,166.4354,-1.8400000000319596,0.1,306.24113600531916,64361.41461326121,-1.0400000000000003,0.1,173.09281600000003,61000.98814203717
6787,2024-10-09,136.49182,136.49182,0.0,0.1,-0.0,64361.41461326121,0.0,0.1,-0.0,61000.98814203717
6788,2024-10-09,119.56191,119.56191,0.0,0.1,-0.0,64361.41461326121,0.0,0.1,-0.0,61000.98814203717
6789,2024-10-09,109.20282,109.20282,0.0,0.1,-0.0,64361.41461326121,0.0,0.1,-0.0,61000.98814203717
6790,2024-10-09,105.55102,105.55102,0.0,0.1,-0.0,64361.41461326121,0.0,0.1,-0.0,61000.98814203717
6791,2024-10-10,77.9,77.9,0.0,0.1,-0.0,64361.41461326121,0.0,0.1,-0.0,61000.98814203717
6792,2024-10-10,47.33769,47.33769,1.368421052885677,0.4250000000603483,-64.77789159097578,64296.636721670235,0.0,0.1,-0.0,61000.98814203717
6793,2024-10-10,44.44576,44.44576,1.999999999745902,0.9,-88.89151998870642,64207.74520168153,2.0,0.575,-88.89152,60912.09662203717
6794,2024-10-10,65.63941,65.63941,0.0,0.9,-0.0,64207.74520168153,1.3684210526315792,0.9,-89.8223505263158,60822.274271510854
6795,2024-10-10,62.63853,62.63853,0.0,0.9,-0.0,64207.74520168153,0.0,0.9,-0.0,60822.274271510854
6796,2024-10-10,84.73519,84.73519,0.0,0.9,-0.0,64207.74520168153,0.0,0.9,-0.0,60822.274271510854
6797,2024-10-10,105.33734,105.33734,0.0,0.9,-0.0,64207.74520168153,0.0,0.9,-0.0,60822.274271510854
6798,2024-10-10,125.43514,125.43514,0.0,0.9,-0.0,64207.74520168153,0.0,0.9,-0.0,60822.274271510854
6799,2024-10-10,155.45434,155.45434,-2.0,0.37368421052631584,310.90868,64518.65388168153,-2.0,0.37368421052631584,310.90868,61133.182951510855
6800,2024-10-10,148.5,148.5,-1.0400000000000003,0.1,154.44000000000003,64673.09388168153,-1.0400000000000003,0.1,154.44000000000003,61287.62295151086
6801,2024-10-10,111.47012,111.47012,0.0,0.1,-0.0,64673.09388168153,0.0,0.1,-0.0,61287.62295151086
6802,2024-10-10,101.28496,101.28496,0.0,0.1,-0.0,64673.09388168153,0.0,0.1,-0.0,61287.62295151086
6803,2024-10-10,87.60349,87.60349,0.0,0.1,-0.0,64673.09388168153,2.0,0.575,-175.20698,61112.415971510854
6804,2024-10-10,78.0299,78.0299,2.0,0.575,-156.0598,64517.03408168153,1.3684210526315792,0.9,-106.77775789473687,61005.63821361612
6805,2024-10-10,87.10007,87.10007,1.3684210526315792,0.9,-119.18956947368423,64397.84451220785,0.0,0.9,-0.0,61005.63821361612
6806,2024-10-10,92.47502,92.47502,0.0,0.9,-0.0,64397.84451220785,0.0,0.9,-0.0,61005.63821361612
6807,2024-10-10,102.43827,102.43827,0.0,0.9,-0.0,64397.84451220785,0.0,0.9,-0.0,61005.63821361612
6808,2024-10-10,116.12849,116.12849,0.0,0.9,-0.0,64397.84451220785,0.0,0.9,-0.0,61005.63821361612
6809,2024-10-10,155.24464,155.24464,-2.0,0.37368421052631584,310.48928,64708.33379220785,-2.0,0.37368421052631584,310.48928,61316.12749361612
6810,2024-10-10,161.0979,161.0979,-1.0400000000000003,0.1,167.54181600000004,64875.87560820785,-1.0400000000000003,0.1,167.54181600000004,61483.66930961612
6811,2024-10-10,140.09632,140.09632,0.0,0.1,-0.0,64875.87560820785,0.0,0.1,-0.0,61483.66930961612
6812,2024-10-10,116.93043,116.93043,0.0,0.1,-0.0,64875.87560820785,0.0,0.1,-0.0,61483.66930961612
6813,2024-10-10,107.53902,107.53902,0.0,0.1,-0.0,64875.87560820785,0.0,0.1,-0.0,61483.66930961612
6814,2024-10-10,104.02077,104.02077,0.0,0.1,-0.0,64875.87560820785,0.0,0.1,-0.0,61483.66930961612
6815,2024-10-11,89.84826,89.84826,0.0,0.1,-0.0,64875.87560820785,0.0,0.1,-0.0,61483.66930961612
6816,2024-10-11,82.68,82.68,0.0,0.1,-0.0,64875.87560820785,0.0,0.1,-0.0,61483.66930961612
6817,2024-10-11,75.82882,75.82882,0.0,0.1,-0.0,64875.87560820785,0.0,0.1,-0.0,61483.66930961612
6818,2024-10-11,71.45359,71.45359,2.0,0.575,-142.90718,64732.968428207845,2.0,0.575,-142.90718,61340.762129616116
6819,2024-10-11,73.30703,73.30703,1.3684210526315792,0.9,-100.31488315789476,64632.65354504995,1.3684210526315792,0.9,-100.31488315789476,61240.44724645822
6820,2024-10-11,85.76117,85.76117,0.0,0.9,-0.0,64632.65354504995,0.0,0.9,-0.0,61240.44724645822
6821,2024-10-11,112.35363,112.35363,0.0,0.9,-0.0,64632.65354504995,0.0,0.9,-0.0,61240.44724645822
6822,2024-10-11,141.45222,141.45222,-1.1999921306655814,0.5842125971932681,169.74155086517658,64802.395095915126,-2.0,0.37368421052631584,282.90444,61523.35168645822
6823,2024-10-11,155.70013,155.70013,-1.8400078693344188,0.1,286.48946445639206,65088.884560371516,-1.0400000000000003,0.1,161.92813520000004,61685.27982165822
6824,2024-10-11,139.0,139.0,0.0,0.1,-0.0,65088.884560371516,0.0,0.1,-0.0,61685.27982165822
6825,2024-10-11,106.25694,106.25694,0.0,0.1,-0.0,65088.884560371516,0.0,0.1,-0.0,61685.27982165822
6826,2024-10-11,88.14436,88.14436,0.0,0.1,-0.0,65088.884560371516,0.0,0.1,-0.0,61685.27982165822
6827,2024-10-11,62.24521,62.24521,0.0,0.1,-0.0,65088.884560371516,2.0,0.575,-124.49042,61560.78940165822
6828,2024-10-11,55.77791,55.77791,2.0,0.575,-111.55582,64977.328740371515,1.3684210526315792,0.9,-76.32766631578949,61484.46173534243
6829,2024-10-11,58.15322,58.15322,1.3684210526315792,0.9,-79.5780905263158,64897.7506498452,0.0,0.9,-0.0,61484.46173534243
6830,2024-10-11,86.43598,86.43598,0.0,0.9,-0.0,64897.7506498452,0.0,0.9,-0.0,61484.46173534243
6831,2024-10-11,106.31905,106.31905,0.0,0.9,-0.0,64897.7506498452,0.0,0.9,-0.0,61484.46173534243
6832,2024-10-11,122.28916,122.28916,0.0,0.9,-0.0,64897.7506498452,0.0,0.9,-0.0,61484.46173534243
6833,2024-10-11,150.54868,150.54868,-1.2000000000005246,0.5842105263156514,180.65841600007897,65078.40906584528,-2.0,0.37368421052631584,301.09736,61785.55909534243
6834,2024-10-11,160.19578,160.19578,-1.8399999999994754,0.1,294.760235199916,65373.16930104519,-1.0400000000000003,0.1,166.60361120000005,61952.16270654243
6835,2024-10-11,136.96,136.96,0.0,0.1,-0.0,65373.16930104519,0.0,0.1,-0.0,61952.16270654243
6836,2024-10-11,115.79231,115.79231,0.0,0.1,-0.0,65373.16930104519,0.0,0.1,-0.0,61952.16270654243
6837,2024-10-11,109.23154,109.23154,0.0,0.1,-0.0,65373.16930104519,0.0,0.1,-0.0,61952.16270654243
6838,2024-10-11,107.78379,107.78379,0.0,0.1,-0.0,65373.16930104519,0.0,0.1,-0.0,61952.16270654243
6839,2024-10-12,102.3504,102.3504,0.0,0.1,-0.0,65373.16930104519,0.0,0.1,-0.0,61952.16270654243
6840,2024-10-12,93.75374,93.75374,0.0,0.1,-0.0,65373.16930104519,0.0,0.1,-0.0,61952.16270654243
6841,2024-10-12,90.6224,90.6224,0.0,0.1,-0.0,65373.16930104519,0.0,0.1,-0.0,61952.16270654243
6842,2024-10-12,86.57444,86.57444,1.368421052631595,0.4250000000000038,-118.47028631579086,65254.699014729405,0.0,0.1,-0.0,61952.16270654243
6843,2024-10-12,84.80504,84.80504,1.999999999999984,0.9,-169.61007999999865,65085.08893472941,2.0,0.575,-169.61008,61782.552626542434
6844,2024-10-12,90.83633,90.83633,0.0,0.9,-0.0,65085.08893472941,1.3684210526315792,0.9,-124.3023463157895,61658.250280226646
6845,2024-10-12,103.41132,103.41132,0.0,0.9,-0.0,65085.08893472941,0.0,0.9,-0.0,61658.250280226646
6846,2024-10-12,123.76018,123.76018,-2.0,0.37368421052631584,247.52036,65332.60929472941,-2.0,0.37368421052631584,247.52036,61905.77064022665
6847,2024-10-12,122.34148,122.34148,-1.0400000000000003,0.1,127.23513920000003,65459.84443392941,-1.0400000000000003,0.1,127.23513920000003,62033.00577942665
6848,2024-10-12,106.36252,106.36252,0.0,0.1,-0.0,65459.84443392941,0.0,0.1,-0.0,62033.00577942665
6849,2024-10-12,91.30547,91.30547,0.0,0.1,-0.0,65459.84443392941,0.0,0.1,-0.0,62033.00577942665
6850,2024-10-12,68.71116,68.71116,0.0,0.1,-0.0,65459.84443392941,0.0,0.1,-0.0,62033.00577942665
6851,2024-10-12,60.0,60.0,0.0,0.1,-0.0,65459.84443392941,0.0,0.1,-0.0,62033.00577942665
6852,2024-10-12,49.17245,49.17245,1.3684246003774296,0.42500084258963955,-67.28879024082914,65392.55564368858,2.0,0.575,-98.3449,61934.66087942665
6853,2024-10-12,23.3903,23.3903,1.9999964522541493,0.9,-46.78051701716023,65345.77512667142,1.3684210526315792,0.9,-32.00777894736843,61902.653100479285
6854,2024-10-12,51.37054,51.37054,0.0,0.9,-0.0,65345.77512667142,0.0,0.9,-0.0,61902.653100479285
6855,2024-10-12,73.70983,73.70983,0.0,0.9,-0.0,65345.77512667142,0.0,0.9,-0.0,61902.653100479285
6856,2024-10-12,117.41811,117.41811,0.0,0.9,-0.0,65345.77512667142,0.0,0.9,-0.0,61902.653100479285
6857,2024-10-12,131.35302,131.35302,0.0,0.9,-0.0,65345.77512667142,-1.2,0.5842105263157895,157.62362399999998,62060.276724479285
6858,2024-10-12,155.85492,155.85492,-2.0,0.37368421052631584,311.70984,65657.48496667141,-1.84,0.1,286.7730528,62347.04977727929
6859,2024-10-12,134.67431,134.67431,-1.0400000000000003,0.1,140.06128240000004,65797.54624907141,0.0,0.1,-0.0,62347.04977727929
6860,2024-10-12,123.05869,123.05869,0.0,0.1,-0.0,65797.54624907141,0.0,0.1,-0.0,62347.04977727929
6861,2024-10-12,110.83293,110.83293,0.0,0.1,-0.0,65797.54624907141,2.0,0.575,-221.66586,62125.38391727929
6862,2024-10-12,106.27775,106.27775,2.0,0.575,-212.5555,65584.99074907141,1.3684210526315792,0.9,-145.43271052631582,61979.95120675297
6863,2024-10-13,113.62575,113.62575,-1.805,0.1,205.09447874999998,65790.08522782142,0.0,0.9,-0.0,61979.95120675297
6864,2024-10-13,114.09549,114.09549,0.0,0.1,-0.0,65790.08522782142,-1.2,0.5842105263157895,136.91458799999998,62116.86579475297
6865,2024-10-13,110.93268,110.93268,0.0,0.1,-0.0,65790.08522782142,-1.6,0.1631578947368421,177.49228800000003,62294.35808275297
6866,2024-10-13,109.96566,109.96566,0.0,0.1,-0.0,65790.08522782142,-0.24,0.1,26.3917584,62320.749841152974
6867,2024-10-13,106.4468,106.4468,0.0,0.1,-0.0,65790.08522782142,0.0,0.1,-0.0,62320.749841152974
6868,2024-10-13,106.47606,106.47606,0.0,0.1,-0.0,65790.08522782142,0.0,0.1,-0.0,62320.749841152974
6869,2024-10-13,107.04918,107.04918,0.0,0.1,-0.0,65790.08522782142,0.0,0.1,-0.0,62320.749841152974
6870,2024-10-13,109.58652,109.58652,0.0,0.1,-0.0,65790.08522782142,0.0,0.1,-0.0,62320.749841152974
6871,2024-10-13,116.37166,116.37166,0.0,0.1,-0.0,65790.08522782142,0.0,0.1,-0.0,62320.749841152974
6872,2024-10-13,108.3524,108.3524,0.0,0.1,-0.0,65790.08522782142,0.0,0.1,-0.0,62320.749841152974
6873,2024-10-13,101.63935,101.63935,0.0,0.1,-0.0,65790.08522782142,0.0,0.1,-0.0,62320.749841152974
6874,2024-10-13,45.0,45.0,0.0,0.1,-0.0,65790.08522782142,0.0,0.1,-0.0,62320.749841152974
6875,2024-10-13,29.37809,29.37809,0.0,0.1,-0.0,65790.08522782142,0.0,0.1,-0.0,62320.749841152974
6876,2024-10-13,8.56334,8.56334,2.0,0.575,-17.12668,65772.95854782141,2.0,0.575,-17.12668,62303.62316115297
6877,2024-10-13,14.01628,14.01628,1.3684210526315792,0.9,-19.18017263157895,65753.77837518984,1.3684210526315792,0.9,-19.18017263157895,62284.44298852139
6878,2024-10-13,40.64114,40.64114,0.0,0.9,-0.0,65753.77837518984,0.0,0.9,-0.0,62284.44298852139
6879,2024-10-13,85.22153,85.22153,0.0,0.9,-0.0,65753.77837518984,0.0,0.9,-0.0,62284.44298852139
6880,2024-10-13,105.09528,105.09528,0.0,0.9,-0.0,65753.77837518984,0.0,0.9,-0.0,62284.44298852139
6881,2024-10-13,134.02035,134.02035,-1.2000000238142952,0.5842105200488696,160.82442319160018,65914.60279838144,-1.8,0.4263157894736842,241.23663000000002,62525.67961852139
6882,2024-10-13,142.91483,142.91483,-1.8399999761857047,0.1,262.963283796584,66177.56608217803,-1.24,0.1,177.2143892,62702.89400772139
6883,2024-10-13,124.57228,124.57228,0.0,0.1,-0.0,66177.56608217803,0.0,0.1,-0.0,62702.89400772139
6884,2024-10-13,113.5482,113.5482,0.0,0.1,-0.0,66177.56608217803,0.0,0.1,-0.0,62702.89400772139
6885,2024-10-13,108.42754,108.42754,0.0,0.1,-0.0,66177.56608217803,0.0,0.1,-0.0,62702.89400772139
6886,2024-10-13,99.40163,99.40163,0.0,0.1,-0.0,66177.56608217803,0.0,0.1,-0.0,62702.89400772139
6887,2024-10-14,103.82246,103.82246,0.0,0.1,-0.0,66177.56608217803,0.0,0.1,-0.0,62702.89400772139
6888,2024-10-14,103.22816,103.22816,0.0,0.1,-0.0,66177.56608217803,0.0,0.1,-0.0,62702.89400772139
6889,2024-10-14,102.46016,102.46016,0.0,0.1,-0.0,66177.56608217803,0.0,0.1,-0.0,62702.89400772139
6890,2024-10-14,100.0,100.0,2.0,0.575,-200.0,65977.56608217803,2.0,0.575,-200.0,62502.89400772139
6891,2024-10-14,99.68289,99.68289,1.3684210526315792,0.9,-136.4081652631579,65841.15791691488,1.3684210526315792,0.9,-136.4081652631579,62366.485842458234
6892,2024-10-14,99.78076,99.78076,0.0,0.9,-0.0,65841.15791691488,0.0,0.9,-0.0,62366.485842458234
6893,2024-10-14,117.73505,117.73505,0.0,0.9,-0.0,65841.15791691488,0.0,0.9,-0.0,62366.485842458234
6894,2024-10-14,136.67566,136.67566,-1.2000000006774503,0.5842105261375131,164.01079209259095,66005.16870900747,-1.2,0.5842105263157895,164.01079199999998,62530.496634458235
6895,2024-10-14,152.70661,152.70661,-1.8399999993225498,0.1,280.9801622965489,66286.14887130402,-1.84,0.1,280.98016240000004,62811.47679685824
6896,2024-10-14,128.17698,128.17698,0.0,0.1,-0.0,66286.14887130402,0.0,0.1,-0.0,62811.47679685824
6897,2024-10-14,110.97085,110.97085,0.0,0.1,-0.0,66286.14887130402,0.0,0.1,-0.0,62811.47679685824
6898,2024-10-14,101.47044,101.47044,0.0,0.1,-0.0,66286.14887130402,0.0,0.1,-0.0,62811.47679685824
6899,2024-10-14,95.78046,95.78046,1.3684212207547093,0.4250000399292434,-131.0680139976476,66155.08085730637,2.0,0.575,-191.56092,62619.915876858235
6900,2024-10-14,95.6968,95.6968,1.9999998318768701,0.9,-191.39358391115445,65963.68727339522,1.3684210526315792,0.9,-130.9535157894737,62488.96236106876
6901,2024-10-14,99.58378,99.58378,0.0,0.9,-0.0,65963.68727339522,0.0,0.9,-0.0,62488.96236106876
6902,2024-10-14,106.33474,106.33474,0.0,0.9,-0.0,65963.68727339522,0.0,0.9,-0.0,62488.96236106876
6903,2024-10-14,117.46619,117.46619,0.0,0.9,-0.0,65963.68727339522,0.0,0.9,-0.0,62488.96236106876
6904,2024-10-14,136.23602,136.23602,0.0,0.9,-0.0,65963.68727339522,0.0,0.9,-0.0,62488.96236106876
6905,2024-10-14,157.19457,157.19457,0.0,0.9,-0.0,65963.68727339522,-1.2,0.5842105263157895,188.63348399999998,62677.59584506876
6906,2024-10-14,185.34523,185.34523,-2.0,0.37368421052631584,370.69046,66334.37773339522,-1.84,0.1,341.0352232,63018.63106826876
6907,2024-10-14,162.51282,162.51282,-1.0400000000000003,0.1,169.01333280000006,66503.39106619521,0.0,0.1,-0.0,63018.63106826876
6908,2024-10-14,123.73383,123.73383,0.0,0.1,-0.0,66503.39106619521,0.0,0.1,-0.0,63018.63106826876
6909,2024-10-14,115.45664,115.45664,0.0,0.1,-0.0,66503.39106619521,0.0,0.1,-0.0,63018.63106826876
6910,2024-10-14,108.55947,108.55947,0.0,0.1,-0.0,66503.39106619521,0.0,0.1,-0.0,63018.63106826876
6911,2024-10-15,97.16429,97.16429,0.0,0.1,-0.0,66503.39106619521,0.0,0.1,-0.0,63018.63106826876
6912,2024-10-15,88.81697,88.81697,2.0,0.575,-177.63394,66325.75712619521,0.0,0.1,-0.0,63018.63106826876
6913,2024-10-15,87.78449,87.78449,0.0,0.575,-0.0,66325.75712619521,0.0,0.1,-0.0,63018.63106826876
6914,2024-10-15,85.5564,85.5564,1.3684210526315792,0.9,-117.07717894736844,66208.67994724785,2.0,0.575,-171.1128,62847.51826826876
6915,2024-10-15,87.37287,87.37287,0.0,0.9,-0.0,66208.67994724785,1.3684210526315792,0.9,-119.56287473684213,62727.95539353192
6916,2024-10-15,96.16324,96.16324,0.0,0.9,-0.0,66208.67994724785,0.0,0.9,-0.0,62727.95539353192
6917,2024-10-15,115.30437,115.30437,0.0,0.9,-0.0,66208.67994724785,0.0,0.9,-0.0,62727.95539353192
6918,2024-10-15,144.89069,144.89069,-2.0,0.37368421052631584,289.78138,66498.46132724785,-2.0,0.37368421052631584,289.78138,63017.73677353192
6919,2024-10-15,153.68004,153.68004,-1.0400000000000003,0.1,159.82724160000004,66658.28856884784,-1.0400000000000003,0.1,159.82724160000004,63177.564015131924
6920,2024-10-15,113.53688,113.53688,0.0,0.1,-0.0,66658.28856884784,0.0,0.1,-0.0,63177.564015131924
6921,2024-10-15,103.13656,103.13656,0.0,0.1,-0.0,66658.28856884784,0.0,0.1,-0.0,63177.564015131924
6922,2024-10-15,93.70999,93.70999,0.0,0.1,-0.0,66658.28856884784,0.0,0.1,-0.0,63177.564015131924
6923,2024-10-15,80.98686,80.98686,1.3684235438035557,0.4250005916533445,-110.82432596272243,66547.46424288512,0.0,0.1,-0.0,63177.564015131924
6924,2024-10-15,74.71331,74.71331,1.9999975088280235,0.9,-149.42643387629587,66398.03780900882,2.0,0.575,-149.42662,63028.137395131926
6925,2024-10-15,91.88677,91.88677,0.0,0.9,-0.0,66398.03780900882,1.3684210526315792,0.9,-125.73979052631582,62902.39760460561
6926,2024-10-15,99.19956,99.19956,0.0,0.9,-0.0,66398.03780900882,0.0,0.9,-0.0,62902.39760460561
6927,2024-10-15,108.2742,108.2742,0.0,0.9,-0.0,66398.03780900882,0.0,0.9,-0.0,62902.39760460561
6928,2024-10-15,129.61204,129.61204,0.0,0.9,-0.0,66398.03780900882,0.0,0.9,-0.0,62902.39760460561
6929,2024-10-15,150.71765,150.71765,-1.1999999999912594,0.5842105263180897,180.86117999868262,66578.8989890075,-1.8,0.4263157894736842,271.29177,63173.689374605616
6930,2024-10-15,162.94359,162.94359,-1.8400000000087409,0.1,299.81620560142426,66878.71519460893,-1.24,0.1,202.0500516,63375.73942620562
6931,2024-10-15,127.26628,127.26628,0.0,0.1,-0.0,66878.71519460893,0.0,0.1,-0.0,63375.73942620562
6932,2024-10-15,112.16447,112.16447,0.0,0.1,-0.0,66878.71519460893,0.0,0.1,-0.0,63375.73942620562
6933,2024-10-15,107.72017,107.72017,0.0,0.1,-0.0,66878.71519460893,0.0,0.1,-0.0,63375.73942620562
6934,2024-10-15,102.98699,102.98699,0.0,0.1,-0.0,66878.71519460893,0.0,0.1,-0.0,63375.73942620562
6935,2024-10-16,97.11599,97.11599,0.0,0.1,-0.0,66878.71519460893,0.0,0.1,-0.0,63375.73942620562
6936,2024-10-16,96.35894,96.35894,0.0,0.1,-0.0,66878.71519460893,0.0,0.1,-0.0,63375.73942620562
6937,2024-10-16,94.80219,94.80219,0.0,0.1,-0.0,66878.71519460893,0.0,0.1,-0.0,63375.73942620562
6938,2024-10-16,91.58075,91.58075,2.0,0.575,-183.1615,66695.55369460893,2.0,0.575,-183.1615,63192.57792620562
6939,2024-10-16,91.14786,91.14786,1.3684210526315792,0.9,-124.7286505263158,66570.82504408261,1.3684210526315792,0.9,-124.7286505263158,63067.8492756793
6940,2024-10-16,96.38823,96.38823,0.0,0.9,-0.0,66570.82504408261,0.0,0.9,-0.0,63067.8492756793
6941,2024-10-16,114.95085,114.95085,0.0,0.9,-0.0,66570.82504408261,0.0,0.9,-0.0,63067.8492756793
6942,2024-10-16,145.44483,145.44483,0.0,0.9,-0.0,66570.82504408261,0.0,0.9,-0.0,63067.8492756793
6943,2024-10-16,159.35,159.35,-2.0,0.37368421052631584,318.7,66889.5250440826,-1.2,0.5842105263157895,191.22,63259.0692756793
6944,2024-10-16,145.0,145.0,-1.0400000000000003,0.1,150.80000000000004,67040.32504408261,-1.8,0.1105263157894737,261.0,63520.0692756793
6945,2024-10-16,136.28043,136.28043,2.0,0.575,-272.56086,66767.76418408261,-0.040000000000000015,0.1,5.451217200000002,63525.5204928793
6946,2024-10-16,144.35979,144.35979,-1.805,0.1,260.56942095,67028.33360503262,0.0,0.1,-0.0,63525.5204928793
6947,2024-10-16,117.12,117.12,2.0,0.575,-234.24,66794.09360503261,2.0,0.575,-234.24,63291.280492879305
6948,2024-10-16,117.17,117.17,1.3684210526315792,0.9,-160.33789473684214,66633.75571029577,1.3684210526315792,0.9,-160.33789473684214,63130.942598142465
6949,2024-10-16,125.0,125.0,0.0,0.9,-0.0,66633.75571029577,0.0,0.9,-0.0,63130.942598142465
6950,2024-10-16,132.09,132.09,0.0,0.9,-0.0,66633.75571029577,0.0,0.9,-0.0,63130.942598142465
6951,2024-10-16,136.86048,136.86048,0.0,0.9,-0.0,66633.75571029577,0.0,0.9,-0.0,63130.942598142465
6952,2024-10-16,135.0,135.0,0.0,0.9,-0.0,66633.75571029577,0.0,0.9,-0.0,63130.942598142465
6953,2024-10-16,151.38633,151.38633,-1.2000000885993505,0.584210503000171,181.6636094127305,66815.4193197085,-1.8,0.4263157894736842,272.495394,63403.43799214246
6954,2024-10-16,162.55591,162.55591,-1.8399999114006498,0.1,299.10285999765205,67114.52217970615,-1.24,0.1,201.56932840000002,63605.00732054246
6955,2024-10-16,126.05175,126.05175,0.0,0.1,-0.0,67114.52217970615,0.0,0.1,-0.0,63605.00732054246
6956,2024-10-16,118.6072,118.6072,0.0,0.1,-0.0,67114.52217970615,0.0,0.1,-0.0,63605.00732054246
6957,2024-10-16,109.83807,109.83807,0.0,0.1,-0.0,67114.52217970615,0.0,0.1,-0.0,63605.00732054246
6958,2024-10-16,107.06742,107.06742,0.0,0.1,-0.0,67114.52217970615,0.0,0.1,-0.0,63605.00732054246
6959,2024-10-17,97.21806,97.21806,1.3684210526489715,0.42500000000413074,-133.03524000169085,66981.48693970447,0.0,0.1,-0.0,63605.00732054246
6960,2024-10-17,85.80815,85.80815,1.9999999999826077,0.9,-171.6162999985076,66809.87063970596,2.0,0.575,-171.6163,63433.39102054246
6961,2024-10-17,100.2209,100.2209,0.0,0.9,-0.0,66809.87063970596,1.3684210526315792,0.9,-137.14438947368424,63296.246631068774
6962,2024-10-17,98.09112,98.09112,0.0,0.9,-0.0,66809.87063970596,0.0,0.9,-0.0,63296.246631068774
6963,2024-10-17,102.26919,102.26919,0.0,0.9,-0.0,66809.87063970596,0.0,0.9,-0.0,63296.246631068774
6964,2024-10-17,104.01296,104.01296,0.0,0.9,-0.0,66809.87063970596,0.0,0.9,-0.0,63296.246631068774
6965,2024-10-17,116.6291,116.6291,0.0,0.9,-0.0,66809.87063970596,0.0,0.9,-0.0,63296.246631068774
6966,2024-10-17,130.39,130.39,0.0,0.9,-0.0,66809.87063970596,0.0,0.9,-0.0,63296.246631068774
6967,2024-10-17,160.73854,160.73854,-2.0,0.37368421052631584,321.47708,67131.34771970595,-2.0,0.37368421052631584,321.47708,63617.72371106877
6968,2024-10-17,139.71595,139.71595,-1.0400000000000003,0.1,145.30458800000002,67276.65230770595,-1.0400000000000003,0.1,145.30458800000002,63763.02829906877
6969,2024-10-17,129.8,129.8,0.0,0.1,-0.0,67276.65230770595,0.0,0.1,-0.0,63763.02829906877
6970,2024-10-17,130.0,130.0,0.0,0.1,-0.0,67276.65230770595,0.0,0.1,-0.0,63763.02829906877
6971,2024-10-17,108.68848,108.68848,2.0,0.575,-217.37696,67059.27534770596,0.0,0.1,-0.0,63763.02829906877
6972,2024-10-17,113.50279,113.50279,1.3684210526315792,0.9,-155.3196073684211,66903.95574033754,0.0,0.1,-0.0,63763.02829906877
6973,2024-10-17,115.76884,115.76884,0.0,0.9,-0.0,66903.95574033754,2.0,0.575,-231.53768,63531.49061906877
6974,2024-10-17,118.57,118.57,0.0,0.9,-0.0,66903.95574033754,1.3684210526315792,0.9,-162.25368421052633,63369.23693485824
6975,2024-10-17,119.39597,119.39597,0.0,0.9,-0.0,66903.95574033754,0.0,0.9,-0.0,63369.23693485824
6976,2024-10-17,120.56525,120.56525,0.0,0.9,-0.0,66903.95574033754,0.0,0.9,-0.0,63369.23693485824
6977,2024-10-17,141.35559,141.35559,-1.2000000764370293,0.5842105062007817,169.62671880480138,67073.58245914234,-1.8,0.4263157894736842,254.440062,63623.676996858245
6978,2024-10-17,152.64697,152.64697,-1.8399999235629707,0.1,280.8704131321191,67354.45287227446,-1.24,0.1,189.2822428,63812.959239658245
6979,2024-10-17,117.83305,117.83305,0.0,0.1,-0.0,67354.45287227446,0.0,0.1,-0.0,63812.959239658245
6980,2024-10-17,117.74335,117.74335,0.0,0.1,-0.0,67354.45287227446,0.0,0.1,-0.0,63812.959239658245
6981,2024-10-17,117.73642,117.73642,0.0,0.1,-0.0,67354.45287227446,0.0,0.1,-0.0,63812.959239658245
6982,2024-10-17,103.16768,103.16768,0.0,0.1,-0.0,67354.45287227446,0.0,0.1,-0.0,63812.959239658245
6983,2024-10-18,104.73149,104.73149,0.0,0.1,-0.0,67354.45287227446,0.0,0.1,-0.0,63812.959239658245
6984,2024-10-18,101.39497,101.39497,0.0,0.1,-0.0,67354.45287227446,0.0,0.1,-0.0,63812.959239658245
6985,2024-10-18,93.93,93.93,2.0,0.575,-187.86,67166.59287227446,0.0,0.1,-0.0,63812.959239658245
6986,2024-10-18,94.83894,94.83894,1.3684210526315792,0.9,-129.77960210526317,67036.8132701692,2.0,0.575,-189.67788,63623.28135965824
6987,2024-10-18,94.92215,94.92215,0.0,0.9,-0.0,67036.8132701692,1.3684210526315792,0.9,-129.89346842105266,63493.38789123719
6988,2024-10-18,95.14821,95.14821,0.0,0.9,-0.0,67036.8132701692,0.0,0.9,-0.0,63493.38789123719
6989,2024-10-18,111.32654,111.32654,0.0,0.9,-0.0,67036.8132701692,0.0,0.9,-0.0,63493.38789123719
6990,2024-10-18,133.33413,133.33413,0.0,0.9,-0.0,67036.8132701692,0.0,0.9,-0.0,63493.38789123719
6991,2024-10-18,149.74123,149.74123,-2.0,0.37368421052631584,299.48246,67336.2957301692,-1.2,0.5842105263157895,179.68947599999998,63673.07736723719
6992,2024-10-18,152.82,152.82,-1.0400000000000003,0.1,158.93280000000004,67495.22853016919,-1.8,0.1105263157894737,275.076,63948.15336723719
6993,2024-10-18,133.06683,133.06683,0.0,0.1,-0.0,67495.22853016919,-0.040000000000000015,0.1,5.322673200000002,63953.476040437185
6994,2024-10-18,130.22229,130.22229,0.0,0.1,-0.0,67495.22853016919,0.0,0.1,-0.0,63953.476040437185
6995,2024-10-18,109.78056,109.78056,0.0,0.1,-0.0,67495.22853016919,0.0,0.1,-0.0,63953.476040437185
6996,2024-10-18,108.45915,108.45915,0.0,0.1,-0.0,67495.22853016919,0.0,0.1,-0.0,63953.476040437185
6997,2024-10-18,110.80166,110.80166,2.0,0.575,-221.60332,67273.6252101692,2.0,0.575,-221.60332,63731.87272043718
6998,2024-10-18,106.53167,106.53167,1.3684210526315792,0.9,-145.78018000000003,67127.84503016919,1.3684210526315792,0.9,-145.78018000000003,63586.09254043718
6999,2024-10-18,111.32115,111.32115,0.0,0.9,-0.0,67127.84503016919,0.0,0.9,-0.0,63586.09254043718
7000,2024-10-18,121.74766,121.74766,0.0,0.9,-0.0,67127.84503016919,0.0,0.9,-0.0,63586.09254043718
7001,2024-10-18,139.06663,139.06663,-1.200000042666361,0.5842105150877998,166.87996193346706,67294.72499210265,-1.8,0.4263157894736842,250.31993400000002,63836.41247443718
7002,2024-10-18,145.51624,145.51624,-1.839999957333639,0.1,267.74987539135157,67562.474867494,-1.24,0.1,180.4401376,64016.85261203718
7003,2024-10-18,116.15887,116.15887,0.0,0.1,-0.0,67562.474867494,0.0,0.1,-0.0,64016.85261203718
7004,2024-10-18,107.81507,107.81507,0.0,0.1,-0.0,67562.474867494,0.0,0.1,-0.0,64016.85261203718
7005,2024-10-18,103.59713,103.59713,0.0,0.1,-0.0,67562.474867494,0.0,0.1,-0.0,64016.85261203718
7006,2024-10-18,99.77,99.77,2.0,0.575,-199.54,67362.93486749401,0.0,0.1,-0.0,64016.85261203718
7007,2024-10-19,110.81406,110.81406,-1.805,0.1,200.0193783,67562.95424579401,0.0,0.1,-0.0,64016.85261203718
7008,2024-10-19,105.1,105.1,0.0,0.1,-0.0,67562.95424579401,0.0,0.1,-0.0,64016.85261203718
7009,2024-10-19,96.07246,96.07246,0.0,0.1,-0.0,67562.95424579401,0.0,0.1,-0.0,64016.85261203718
7010,2024-10-19,94.31374,94.31374,2.0,0.575,-188.62748,67374.32676579402,0.0,0.1,-0.0,64016.85261203718
7011,2024-10-19,91.36115,91.36115,1.3684210526315792,0.9,-125.0205210526316,67249.30624474138,2.0,0.575,-182.7223,63834.13031203718
7012,2024-10-19,92.11456,92.11456,0.0,0.9,-0.0,67249.30624474138,1.3684210526315792,0.9,-126.05150315789476,63708.07880887928
7013,2024-10-19,105.0,105.0,0.0,0.9,-0.0,67249.30624474138,0.0,0.9,-0.0,63708.07880887928
7014,2024-10-19,110.78584,110.78584,0.0,0.9,-0.0,67249.30624474138,0.0,0.9,-0.0,63708.07880887928
7015,2024-10-19,129.43293,129.43293,-2.0,0.37368421052631584,258.86586,67508.17210474139,-1.2,0.5842105263157895,155.319516,63863.39832487929
7016,2024-10-19,128.39745,128.39745,-1.0400000000000003,0.1,133.53334800000002,67641.70545274139,-1.8,0.1105263157894737,231.11541,64094.513734879285
7017,2024-10-19,124.18997,124.18997,0.0,0.1,-0.0,67641.70545274139,-0.040000000000000015,0.1,4.967598800000002,64099.48133367929
7018,2024-10-19,111.54967,111.54967,0.0,0.1,-0.0,67641.70545274139,0.0,0.1,-0.0,64099.48133367929
7019,2024-10-19,105.0,105.0,0.0,0.1,-0.0,67641.70545274139,0.0,0.1,-0.0,64099.48133367929
7020,2024-10-19,98.44192,98.44192,1.3684213049229341,0.42500005991919687,-134.7100206255191,67506.99543211587,0.0,0.1,-0.0,64099.48133367929
7021,2024-10-19,94.63731,94.63731,1.9999997477086449,0.9,-189.2745961238248,67317.72083599205,2.0,0.575,-189.27462,63910.20671367929
7022,2024-10-19,99.20203,99.20203,0.0,0.9,-0.0,67317.72083599205,1.3684210526315792,0.9,-135.7501463157895,63774.4565673635
7023,2024-10-19,105.0,105.0,0.0,0.9,-0.0,67317.72083599205,0.0,0.9,-0.0,63774.4565673635
7024,2024-10-19,113.22498,113.22498,0.0,0.9,-0.0,67317.72083599205,0.0,0.9,-0.0,63774.4565673635
7025,2024-10-19,144.14143,144.14143,-1.2000000049710853,0.5842105250076092,172.96971671653935,67490.69055270859,-1.8,0.4263157894736842,259.45457400000004,64033.911141363504
7026,2024-10-19,151.06501,151.06501,-1.8399999950289148,0.1,277.95961764904297,67768.65017035764,-1.24,0.1,187.3206124,64221.2317537635
7027,2024-10-19,120.0,120.0,0.0,0.1,-0.0,67768.65017035764,0.0,0.1,-0.0,64221.2317537635
7028,2024-10-19,110.68608,110.68608,0.0,0.1,-0.0,67768.65017035764,0.0,0.1,-0.0,64221.2317537635
7029,2024-10-19,95.39461,95.39461,1.3684210524063711,0.42499999994651316,-130.53999261009534,67638.11017774754,0.0,0.1,-0.0,64221.2317537635
7030,2024-10-19,92.04264,92.04264,2.0,0.8999999999465131,-184.08528,67454.02489774754,2.0,0.575,-184.08528,64037.1464737635
7031,2024-10-20,104.57651,104.57651,0.0,0.8999999999465131,-0.0,67454.02489774754,1.3684210526315792,0.9,-143.10469789473686,63894.04177586877
7032,2024-10-20,103.83471,103.83471,0.0,0.8999999999465131,-0.0,67454.02489774754,0.0,0.9,-0.0,63894.04177586877
7033,2024-10-20,111.3701,111.3701,0.0,0.8999999999465131,-0.0,67454.02489774754,0.0,0.9,-0.0,63894.04177586877
7034,2024-10-20,111.10011,111.10011,0.0,0.8999999999465131,-0.0,67454.02489774754,0.0,0.9,-0.0,63894.04177586877
7035,2024-10-20,111.5892,111.5892,0.0,0.8999999999465131,-0.0,67454.02489774754,0.0,0.9,-0.0,63894.04177586877
7036,2024-10-20,111.14055,111.14055,0.0,0.8999999999465131,-0.0,67454.02489774754,0.0,0.9,-0.0,63894.04177586877
7037,2024-10-20,112.02398,112.02398,0.0,0.8999999999465131,-0.0,67454.02489774754,0.0,0.9,-0.0,63894.04177586877
7038,2024-10-20,120.43972,120.43972,0.0,0.8999999999465131,-0.0,67454.02489774754,0.0,0.9,-0.0,63894.04177586877
7039,2024-10-20,119.98219,119.98219,0.0,0.8999999999465131,-0.0,67454.02489774754,0.0,0.9,-0.0,63894.04177586877
7040,2024-10-20,127.93456,127.93456,-1.2000000027781983,0.5842105255311978,153.5214723554276,67607.54637010297,-1.2,0.5842105263157895,153.521472,64047.56324786877
7041,2024-10-20,131.77274,131.77274,-1.8399999970185517,0.1,242.46184120712638,67850.0082113101,-1.8,0.1105263157894737,237.190932,64284.75417986877
7042,2024-10-20,127.12,127.12,0.0,0.1,-0.0,67850.0082113101,-0.040000000000000015,0.1,5.084800000000002,64289.838979868764
7043,2024-10-20,117.77643,117.77643,0.0,0.1,-0.0,67850.0082113101,0.0,0.1,-0.0,64289.838979868764
7044,2024-10-20,111.41285,111.41285,2.0,0.575,-222.8257,67627.1825113101,2.0,0.575,-222.8257,64067.01327986876
7045,2024-10-20,110.8755,110.8755,1.3684210526315792,0.9,-151.72436842105267,67475.45814288904,1.3684210526315792,0.9,-151.72436842105267,63915.28891144771
7046,2024-10-20,115.88688,115.88688,0.0,0.9,-0.0,67475.45814288904,0.0,0.9,-0.0,63915.28891144771
7047,2024-10-20,115.83593,115.83593,0.0,0.9,-0.0,67475.45814288904,0.0,0.9,-0.0,63915.28891144771
7048,2024-10-20,122.51067,122.51067,0.0,0.9,-0.0,67475.45814288904,0.0,0.9,-0.0,63915.28891144771
7049,2024-10-20,141.24142,141.24142,-1.2000467698529378,0.5841982184597532,169.49630984044214,67644.95445272948,-1.8,0.4263157894736842,254.23455600000003,64169.52346744771
7050,2024-10-20,147.9488,147.9488,-1.839953230147062,0.1,272.21887245638163,67917.17332518585,-1.24,0.1,183.456512,64352.97997944771
7051,2024-10-20,131.35154,131.35154,0.0,0.1,-0.0,67917.17332518585,0.0,0.1,-0.0,64352.97997944771
7052,2024-10-20,116.00169,116.00169,0.0,0.1,-0.0,67917.17332518585,0.0,0.1,-0.0,64352.97997944771
7053,2024-10-20,111.32839,111.32839,0.0,0.1,-0.0,67917.17332518585,0.0,0.1,-0.0,64352.97997944771
7054,2024-10-20,107.84576,107.84576,0.0,0.1,-0.0,67917.17332518585,0.0,0.1,-0.0,64352.97997944771
7055,2024-10-21,106.24407,106.24407,0.0,0.1,-0.0,67917.17332518585,0.0,0.1,-0.0,64352.97997944771
7056,2024-10-21,101.0222,101.0222,0.0,0.1,-0.0,67917.17332518585,0.0,0.1,-0.0,64352.97997944771
7057,2024-10-21,98.18867,98.18867,2.0,0.575,-196.37734,67720.79598518585,0.0,0.1,-0.0,64352.97997944771
7058,2024-10-21,98.1819,98.1819,1.3684210526315792,0.9,-134.35417894736844,67586.44180623848,2.0,0.575,-196.3638,64156.61617944771
7059,2024-10-21,98.17354,98.17354,0.0,0.9,-0.0,67586.44180623848,1.3684210526315792,0.9,-134.34273894736845,64022.27344050034
7060,2024-10-21,99.20397,99.20397,0.0,0.9,-0.0,67586.44180623848,0.0,0.9,-0.0,64022.27344050034
7061,2024-10-21,122.50943,122.50943,0.0,0.9,-0.0,67586.44180623848,0.0,0.9,-0.0,64022.27344050034
7062,2024-10-21,164.74,164.74,-1.2000929475946283,0.5841860664224663,197.70331218673908,67784.14511842522,-1.2,0.5842105263157895,197.68800000000002,64219.961440500345
7063,2024-10-21,171.51467,171.51467,-1.839907052405372,0.1,315.57105092398007,68099.71616934921,-1.84,0.1,315.5869928,64535.54843330035
7064,2024-10-21,164.26,164.26,0.0,0.1,-0.0,68099.71616934921,0.0,0.1,-0.0,64535.54843330035
7065,2024-10-21,136.43416,136.43416,0.0,0.1,-0.0,68099.71616934921,0.0,0.1,-0.0,64535.54843330035
7066,2024-10-21,120.56075,120.56075,0.0,0.1,-0.0,68099.71616934921,0.0,0.1,-0.0,64535.54843330035
7067,2024-10-21,106.31393,106.31393,1.3684211354932525,0.4250000196796475,-145.48222880935015,67954.23394053985,2.0,0.575,-212.62786,64322.92057330035
7068,2024-10-21,105.93185,105.93185,1.9999999171383265,0.9,-211.86369122230963,67742.37024931754,1.3684210526315792,0.9,-144.95937368421056,64177.96119961614
7069,2024-10-21,113.13065,113.13065,0.0,0.9,-0.0,67742.37024931754,0.0,0.9,-0.0,64177.96119961614
7070,2024-10-21,118.49356,118.49356,0.0,0.9,-0.0,67742.37024931754,0.0,0.9,-0.0,64177.96119961614
7071,2024-10-21,131.91,131.91,0.0,0.9,-0.0,67742.37024931754,0.0,0.9,-0.0,64177.96119961614
7072,2024-10-21,163.09823,163.09823,0.0,0.9,-0.0,67742.37024931754,-1.2,0.5842105263157895,195.717876,64373.67907561614
7073,2024-10-21,174.04354,174.04354,-1.200000126515699,0.5842104930221845,208.85227001924014,67951.22251933678,-1.8,0.1105263157894737,313.27837200000005,64686.95744761614
7074,2024-10-21,178.91967,178.91967,-1.8399998734843013,0.1,329.21217016385293,68280.43468950063,-0.040000000000000015,0.1,7.156786800000003,64694.11423441614
7075,2024-10-21,160.72043,160.72043,0.0,0.1,-0.0,68280.43468950063,0.0,0.1,-0.0,64694.11423441614
7076,2024-10-21,129.18235,129.18235,0.0,0.1,-0.0,68280.43468950063,0.0,0.1,-0.0,64694.11423441614
7077,2024-10-21,118.33,118.33,0.0,0.1,-0.0,68280.43468950063,0.0,0.1,-0.0,64694.11423441614
7078,2024-10-21,111.80956,111.80956,0.0,0.1,-0.0,68280.43468950063,0.0,0.1,-0.0,64694.11423441614
7079,2024-10-22,104.72,104.72,0.0,0.1,-0.0,68280.43468950063,0.0,0.1,-0.0,64694.11423441614
7080,2024-10-22,103.26651,103.26651,0.0,0.1,-0.0,68280.43468950063,0.0,0.1,-0.0,64694.11423441614
7081,2024-10-22,101.13338,101.13338,0.0,0.1,-0.0,68280.43468950063,0.0,0.1,-0.0,64694.11423441614
7082,2024-10-22,101.13605,101.13605,2.0,0.575,-202.2721,68078.16258950063,2.0,0.575,-202.2721,64491.84213441614
7083,2024-10-22,101.35699,101.35699,1.3684210526315792,0.9,-138.69903894736845,67939.46355055326,1.3684210526315792,0.9,-138.69903894736845,64353.143095468775
7084,2024-10-22,103.68904,103.68904,0.0,0.9,-0.0,67939.46355055326,0.0,0.9,-0.0,64353.143095468775
7085,2024-10-22,119.70511,119.70511,0.0,0.9,-0.0,67939.46355055326,0.0,0.9,-0.0,64353.143095468775
7086,2024-10-22,160.0,160.0,-1.2000000000044857,0.584210526314609,192.0000000007177,68131.46355055398,-1.2,0.5842105263157895,192.0,64545.143095468775
7087,2024-10-22,165.63,165.63,-1.8399999999955143,0.1,304.759199999257,68436.22275055324,-1.84,0.1,304.7592,64849.902295468775
7088,2024-10-22,152.48468,152.48468,0.0,0.1,-0.0,68436.22275055324,0.0,0.1,-0.0,64849.902295468775
7089,2024-10-22,131.68,131.68,0.0,0.1,-0.0,68436.22275055324,0.0,0.1,-0.0,64849.902295468775
7090,2024-10-22,114.50967,114.50967,0.0,0.1,-0.0,68436.22275055324,0.0,0.1,-0.0,64849.902295468775
7091,2024-10-22,102.63,102.63,2.0,0.575,-205.26,68230.96275055324,2.0,0.575,-205.26,64644.64229546877
7092,2024-10-22,101.81,101.81,1.3684210526315792,0.9,-139.31894736842108,68091.64380318482,1.3684210526315792,0.9,-139.31894736842108,64505.323348100355
7093,2024-10-22,107.33,107.33,0.0,0.9,-0.0,68091.64380318482,0.0,0.9,-0.0,64505.323348100355
7094,2024-10-22,116.25702,116.25702,0.0,0.9,-0.0,68091.64380318482,0.0,0.9,-0.0,64505.323348100355
7095,2024-10-22,124.75478,124.75478,0.0,0.9,-0.0,68091.64380318482,0.0,0.9,-0.0,64505.323348100355
7096,2024-10-22,148.60027,148.60027,0.0,0.9,-0.0,68091.64380318482,0.0,0.9,-0.0,64505.323348100355
7097,2024-10-22,162.2029,162.2029,-1.2000000052383892,0.584210524937266,194.64348084968194,68286.28728403451,-1.8,0.4263157894736842,291.96522,64797.28856810035
7098,2024-10-22,165.60037,165.60037,-1.8399999947616108,0.1,304.70467993252083,68590.99196396703,-1.24,0.1,205.34445879999998,65002.63302690035
7099,2024-10-22,144.18297,144.18297,0.0,0.1,-0.0,68590.99196396703,0.0,0.1,-0.0,65002.63302690035
7100,2024-10-22,120.34739,120.34739,0.0,0.1,-0.0,68590.99196396703,0.0,0.1,-0.0,65002.63302690035
7101,2024-10-22,117.28238,117.28238,0.0,0.1,-0.0,68590.99196396703,0.0,0.1,-0.0,65002.63302690035
7102,2024-10-22,109.412,109.412,0.0,0.1,-0.0,68590.99196396703,0.0,0.1,-0.0,65002.63302690035
7103,2024-10-23,103.42835,103.42835,0.0,0.1,-0.0,68590.99196396703,0.0,0.1,-0.0,65002.63302690035
7104,2024-10-23,101.0198,101.0198,0.0,0.1,-0.0,68590.99196396703,0.0,0.1,-0.0,65002.63302690035
7105,2024-10-23,100.08261,100.08261,2.0,0.575,-200.16522,68390.82674396703,0.0,0.1,-0.0,65002.63302690035
7106,2024-10-23,98.55591,98.55591,1.3684210526315792,0.9,-134.86598210526319,68255.96076186177,2.0,0.575,-197.11182,64805.521206900354
7107,2024-10-23,99.25145,99.25145,0.0,0.9,-0.0,68255.96076186177,1.3684210526315792,0.9,-135.81777368421055,64669.70343321614
7108,2024-10-23,98.85127,98.85127,0.0,0.9,-0.0,68255.96076186177,0.0,0.9,-0.0,64669.70343321614
7109,2024-10-23,114.33468,114.33468,0.0,0.9,-0.0,68255.96076186177,0.0,0.9,-0.0,64669.70343321614
7110,2024-10-23,158.25897,158.25897,0.0,0.9,-0.0,68255.96076186177,-1.2,0.5842105263157895,189.910764,64859.61419721614
7111,2024-10-23,172.49453,172.49453,-2.0,0.37368421052631584,344.98906,68600.94982186178,-1.84,0.1,317.3899352,65177.00413241614
7112,2024-10-23,155.86,155.86,-1.0400000000000003,0.1,162.09440000000006,68763.04422186178,0.0,0.1,-0.0,65177.00413241614
7113,2024-10-23,130.21806,130.21806,0.0,0.1,-0.0,68763.04422186178,0.0,0.1,-0.0,65177.00413241614
7114,2024-10-23,115.36938,115.36938,0.0,0.1,-0.0,68763.04422186178,0.0,0.1,-0.0,65177.00413241614
7115,2024-10-23,110.76051,110.76051,2.0,0.575,-221.52102,68541.52320186178,2.0,0.575,-221.52102,64955.48311241614
7116,2024-10-23,110.731,110.731,1.3684210526315792,0.9,-151.5266315789474,68389.99657028283,1.3684210526315792,0.9,-151.5266315789474,64803.956480837194
7117,2024-10-23,115.3803,115.3803,0.0,0.9,-0.0,68389.99657028283,0.0,0.9,-0.0,64803.956480837194
7118,2024-10-23,115.91633,115.91633,0.0,0.9,-0.0,68389.99657028283,0.0,0.9,-0.0,64803.956480837194
7119,2024-10-23,117.87972,117.87972,0.0,0.9,-0.0,68389.99657028283,0.0,0.9,-0.0,64803.956480837194
7120,2024-10-23,136.94976,136.94976,0.0,0.9,-0.0,68389.99657028283,0.0,0.9,-0.0,64803.956480837194
7121,2024-10-23,165.54127,165.54127,-1.2000261655498932,0.584203640644765,198.65385547835956,68588.6504257612,-2.0,0.37368421052631584,331.08254,65135.0390208372
7122,2024-10-23,170.59992,170.59992,-1.839973834450107,0.1,313.8993889592815,68902.54981472048,-1.0400000000000003,0.1,177.42391680000003,65312.462937637196
7123,2024-10-23,135.56052,135.56052,0.0,0.1,-0.0,68902.54981472048,0.0,0.1,-0.0,65312.462937637196
7124,2024-10-23,115.98387,115.98387,0.0,0.1,-0.0,68902.54981472048,0.0,0.1,-0.0,65312.462937637196
7125,2024-10-23,112.95187,112.95187,0.0,0.1,-0.0,68902.54981472048,0.0,0.1,-0.0,65312.462937637196
7126,2024-10-23,105.94941,105.94941,0.0,0.1,-0.0,68902.54981472048,0.0,0.1,-0.0,65312.462937637196
7127,2024-10-24,106.39575,106.39575,0.0,0.1,-0.0,68902.54981472048,0.0,0.1,-0.0,65312.462937637196
7128,2024-10-24,100.55988,100.55988,0.0,0.1,-0.0,68902.54981472048,0.0,0.1,-0.0,65312.462937637196
7129,2024-10-24,97.02838,97.02838,2.0,0.575,-194.05676,68708.49305472047,0.0,0.1,-0.0,65312.462937637196
7130,2024-10-24,97.85499,97.85499,0.0,0.575,-0.0,68708.49305472047,2.0,0.575,-195.70998,65116.752957637196
7131,2024-10-24,95.73356,95.73356,1.3684210526315792,0.9,-131.00381894736844,68577.4892357731,1.3684210526315792,0.9,-131.00381894736844,64985.749138689825
7132,2024-10-24,96.64522,96.64522,0.0,0.9,-0.0,68577.4892357731,0.0,0.9,-0.0,64985.749138689825
7133,2024-10-24,120.44775,120.44775,0.0,0.9,-0.0,68577.4892357731,0.0,0.9,-0.0,64985.749138689825
7134,2024-10-24,143.67712,143.67712,-1.2000000004735065,0.5842105261911825,172.41254406803205,68749.90177984114,-1.2,0.5842105263157895,172.412544,65158.161682689824
7135,2024-10-24,162.27951,162.27951,-1.8399999995264935,0.1,298.5942983231596,69048.4960781643,-1.84,0.1,298.5942984,65456.755981089824
7136,2024-10-24,142.0,142.0,0.0,0.1,-0.0,69048.4960781643,0.0,0.1,-0.0,65456.755981089824
7137,2024-10-24,125.61868,125.61868,0.0,0.1,-0.0,69048.4960781643,0.0,0.1,-0.0,65456.755981089824
7138,2024-10-24,113.79412,113.79412,0.0,0.1,-0.0,69048.4960781643,0.0,0.1,-0.0,65456.755981089824
7139,2024-10-24,106.92315,106.92315,1.3684210666706609,0.4250000033342819,-146.3158909747871,68902.18018718951,0.0,0.1,-0.0,65456.755981089824
7140,2024-10-24,105.67737,105.67737,1.9999999859609185,0.9,-211.3547385163868,68690.82544867313,2.0,0.575,-211.35474,65245.40124108982
7141,2024-10-24,109.10464,109.10464,0.0,0.9,-0.0,68690.82544867313,1.3684210526315792,0.9,-149.30108631578952,65096.10015477403
7142,2024-10-24,113.11674,113.11674,0.0,0.9,-0.0,68690.82544867313,0.0,0.9,-0.0,65096.10015477403
7143,2024-10-24,114.82491,114.82491,0.0,0.9,-0.0,68690.82544867313,0.0,0.9,-0.0,65096.10015477403
7144,2024-10-24,133.72966,133.72966,0.0,0.9,-0.0,68690.82544867313,0.0,0.9,-0.0,65096.10015477403
7145,2024-10-24,150.94142,150.94142,-1.2000007249265252,0.5842103355456513,181.1298134214391,68871.95526209458,-1.8,0.4263157894736842,271.694556,65367.79471077403
7146,2024-10-24,158.55966,158.55966,-1.8399992750734748,0.1,291.7496594558967,69163.70492155047,-1.24,0.1,196.6139784,65564.40868917403
7147,2024-10-24,131.11778,131.11778,0.0,0.1,-0.0,69163.70492155047,0.0,0.1,-0.0,65564.40868917403
7148,2024-10-24,116.56342,116.56342,0.0,0.1,-0.0,69163.70492155047,0.0,0.1,-0.0,65564.40868917403
7149,2024-10-24,119.32595,119.32595,0.0,0.1,-0.0,69163.70492155047,0.0,0.1,-0.0,65564.40868917403
7150,2024-10-24,109.10238,109.10238,0.0,0.1,-0.0,69163.70492155047,0.0,0.1,-0.0,65564.40868917403
7151,2024-10-25,105.27695,105.27695,0.0,0.1,-0.0,69163.70492155047,0.0,0.1,-0.0,65564.40868917403
7152,2024-10-25,99.6961,99.6961,0.0,0.1,-0.0,69163.70492155047,0.0,0.1,-0.0,65564.40868917403
7153,2024-10-25,98.71926,98.71926,0.0,0.1,-0.0,69163.70492155047,0.0,0.1,-0.0,65564.40868917403
7154,2024-10-25,98.67664,98.67664,1.16623232736473,0.3769801777491234,-115.07988752373161,69048.62503402673,2.0,0.575,-197.35328,65367.05540917403
7155,2024-10-25,98.72814,98.72814,2.0,0.8519801777491234,-197.45628,68851.16875402673,1.3684210526315792,0.9,-135.1016652631579,65231.95374391087
7156,2024-10-25,97.891,97.891,0.20218872526684903,0.9,-19.79245650509712,68831.37629752164,0.0,0.9,-0.0,65231.95374391087
7157,2024-10-25,118.85422,118.85422,0.0,0.9,-0.0,68831.37629752164,0.0,0.9,-0.0,65231.95374391087
7158,2024-10-25,144.43699,144.43699,0.0,0.9,-0.0,68831.37629752164,0.0,0.9,-0.0,65231.95374391087
7159,2024-10-25,162.861,162.861,-2.0,0.37368421052631584,325.722,69157.09829752163,-2.0,0.37368421052631584,325.722,65557.67574391086
7160,2024-10-25,145.1,145.1,-1.0400000000000003,0.1,150.90400000000002,69308.00229752163,-1.0400000000000003,0.1,150.90400000000002,65708.57974391086
7161,2024-10-25,128.68448,128.68448,0.0,0.1,-0.0,69308.00229752163,0.0,0.1,-0.0,65708.57974391086
7162,2024-10-25,120.77654,120.77654,0.0,0.1,-0.0,69308.00229752163,0.0,0.1,-0.0,65708.57974391086
7163,2024-10-25,115.39803,115.39803,0.0,0.1,-0.0,69308.00229752163,0.0,0.1,-0.0,65708.57974391086
7164,2024-10-25,112.0295,112.0295,2.0,0.575,-224.059,69083.94329752163,2.0,0.575,-224.059,65484.520743910856
7165,2024-10-25,114.44188,114.44188,1.3684210526315792,0.9,-156.60467789473688,68927.3386196269,1.3684210526315792,0.9,-156.60467789473688,65327.91606601612
7166,2024-10-25,115.38237,115.38237,0.0,0.9,-0.0,68927.3386196269,0.0,0.9,-0.0,65327.91606601612
7167,2024-10-25,122.09768,122.09768,0.0,0.9,-0.0,68927.3386196269,0.0,0.9,-0.0,65327.91606601612
7168,2024-10-25,134.2183,134.2183,0.0,0.9,-0.0,68927.3386196269,0.0,0.9,-0.0,65327.91606601612
7169,2024-10-25,155.54274,155.54274,-1.2000000007235332,0.584210526125386,186.65128811254036,69113.98990773944,-2.0,0.37368421052631584,311.08548,65639.00154601612
7170,2024-10-25,160.99789,160.99789,-1.839999999276467,0.1,296.23611748351277,69410.22602522295,-1.0400000000000003,0.1,167.43780560000005,65806.43935161612
7171,2024-10-25,132.50058,132.50058,0.0,0.1,-0.0,69410.22602522295,0.0,0.1,-0.0,65806.43935161612
7172,2024-10-25,118.46404,118.46404,0.0,0.1,-0.0,69410.22602522295,0.0,0.1,-0.0,65806.43935161612
7173,2024-10-25,113.55,113.55,0.0,0.1,-0.0,69410.22602522295,0.0,0.1,-0.0,65806.43935161612
7174,2024-10-25,108.3,108.3,2.0,0.575,-216.6,69193.62602522294,0.0,0.1,-0.0,65806.43935161612
7175,2024-10-26,118.57,118.57,-1.805,0.1,214.01885,69407.64487522293,0.0,0.1,-0.0,65806.43935161612
7176,2024-10-26,109.14,109.14,0.0,0.1,-0.0,69407.64487522293,0.0,0.1,-0.0,65806.43935161612
7177,2024-10-26,105.1,105.1,0.0,0.1,-0.0,69407.64487522293,0.0,0.1,-0.0,65806.43935161612
7178,2024-10-26,104.3,104.3,0.0,0.1,-0.0,69407.64487522293,0.0,0.1,-0.0,65806.43935161612
7179,2024-10-26,101.46,101.46,2.0,0.575,-202.92,69204.72487522294,2.0,0.575,-202.92,65603.51935161612
7180,2024-10-26,101.46,101.46,1.3684210526315792,0.9,-138.84,69065.88487522294,1.3684210526315792,0.9,-138.84,65464.67935161613
7181,2024-10-26,111.46,111.46,0.0,0.9,-0.0,69065.88487522294,0.0,0.9,-0.0,65464.67935161613
7182,2024-10-26,118.91195,118.91195,0.0,0.9,-0.0,69065.88487522294,0.0,0.9,-0.0,65464.67935161613
7183,2024-10-26,135.93,135.93,-2.0,0.37368421052631584,271.86,69337.74487522294,-1.8,0.4263157894736842,244.674,65709.35335161613
7184,2024-10-26,130.39,130.39,-1.0400000000000003,0.1,135.6056,69473.35047522293,-1.24,0.1,161.68359999999998,65871.03695161613
7185,2024-10-26,115.0,115.0,0.0,0.1,-0.0,69473.35047522293,0.0,0.1,-0.0,65871.03695161613
7186,2024-10-26,110.0,110.0,0.0,0.1,-0.0,69473.35047522293,0.0,0.1,-0.0,65871.03695161613
7187,2024-10-26,98.79,98.79,0.0,0.1,-0.0,69473.35047522293,0.0,0.1,-0.0,65871.03695161613
7188,2024-10-26,90.9,90.9,1.3684210539577093,0.425000000314956,-124.38947380475578,69348.96100141818,2.0,0.575,-181.8,65689.23695161613
7189,2024-10-26,88.79,88.79,1.9999999986738697,0.9,-177.5799998822529,69171.38100153593,1.3684210526315792,0.9,-121.50210526315793,65567.73484635296
7190,2024-10-26,95.28,95.28,0.0,0.9,-0.0,69171.38100153593,0.0,0.9,-0.0,65567.73484635296
7191,2024-10-26,110.0,110.0,0.0,0.9,-0.0,69171.38100153593,0.0,0.9,-0.0,65567.73484635296
7192,2024-10-26,130.98011,130.98011,0.0,0.9,-0.0,69171.38100153593,0.0,0.9,-0.0,65567.73484635296
7193,2024-10-26,153.78303,153.78303,-2.0,0.37368421052631584,307.56606,69478.94706153593,-2.0,0.37368421052631584,307.56606,65875.30090635296
7194,2024-10-26,151.95105,151.95105,-1.0400000000000003,0.1,158.02909200000005,69636.97615353593,-1.0400000000000003,0.1,158.02909200000005,66033.32999835296
7195,2024-10-26,127.5217,127.5217,0.0,0.1,-0.0,69636.97615353593,0.0,0.1,-0.0,66033.32999835296
7196,2024-10-26,119.25158,119.25158,0.0,0.1,-0.0,69636.97615353593,0.0,0.1,-0.0,66033.32999835296
7197,2024-10-26,111.46,111.46,0.0,0.1,-0.0,69636.97615353593,0.0,0.1,-0.0,66033.32999835296
7198,2024-10-26,105.0,105.0,0.0,0.1,-0.0,69636.97615353593,0.0,0.1,-0.0,66033.32999835296
7199,2024-10-27,97.71,97.71,2.0,0.575,-195.42,69441.55615353593,0.0,0.1,-0.0,66033.32999835296
7200,2024-10-27,99.28,99.28,0.0,0.575,-0.0,69441.55615353593,0.0,0.1,-0.0,66033.32999835296
7201,2024-10-27,95.35,95.35,1.3684210526315792,0.9,-130.47894736842107,69311.07720616751,0.0,0.1,-0.0,66033.32999835296
7202,2024-10-27,97.64,97.64,0.0,0.9,-0.0,69311.07720616751,0.0,0.1,-0.0,66033.32999835296
7203,2024-10-27,105.1,105.1,0.0,0.9,-0.0,69311.07720616751,0.0,0.1,-0.0,66033.32999835296
7204,2024-10-27,107.26,107.26,0.0,0.9,-0.0,69311.07720616751,0.0,0.1,-0.0,66033.32999835296
7205,2024-10-27,105.9,105.9,0.0,0.9,-0.0,69311.07720616751,0.0,0.1,-0.0,66033.32999835296
7206,2024-10-27,106.92,106.92,0.0,0.9,-0.0,69311.07720616751,0.0,0.1,-0.0,66033.32999835296
7207,2024-10-27,115.93,115.93,0.0,0.9,-0.0,69311.07720616751,0.0,0.1,-0.0,66033.32999835296
7208,2024-10-27,109.18,109.18,0.0,0.9,-0.0,69311.07720616751,0.0,0.1,-0.0,66033.32999835296
7209,2024-10-27,106.81,106.81,0.0,0.9,-0.0,69311.07720616751,0.0,0.1,-0.0,66033.32999835296
7210,2024-10-27,117.45,117.45,-2.0,0.37368421052631584,234.9,69545.9772061675,0.0,0.1,-0.0,66033.32999835296
7211,2024-10-27,110.0,110.0,0.0,0.37368421052631584,-0.0,69545.9772061675,0.0,0.1,-0.0,66033.32999835296
7212,2024-10-27,109.97,109.97,0.0,0.37368421052631584,-0.0,69545.9772061675,0.0,0.1,-0.0,66033.32999835296
7213,2024-10-27,105.1,105.1,2.0,0.8486842105263158,-210.2,69335.7772061675,2.0,0.575,-210.2,65823.12999835296
7214,2024-10-27,105.1,105.1,0.21606648199445982,0.9,-22.708587257617726,69313.06861890989,1.3684210526315792,0.9,-143.82105263157897,65679.30894572138
7215,2024-10-27,116.36501,116.36501,0.0,0.9,-0.0,69313.06861890989,0.0,0.9,-0.0,65679.30894572138
7216,2024-10-27,130.0,130.0,0.0,0.9,-0.0,69313.06861890989,0.0,0.9,-0.0,65679.30894572138
7217,2024-10-27,141.72332,141.72332,0.0,0.9,-0.0,69313.06861890989,-1.8,0.4263157894736842,255.101976,65934.41092172138
7218,2024-10-27,146.10309,146.10309,-2.0,0.37368421052631584,292.20618,69605.27479890989,-1.24,0.1,181.1678316,66115.57875332139
7219,2024-10-27,142.92,142.92,-1.0400000000000003,0.1,148.63680000000002,69753.91159890988,0.0,0.1,-0.0,66115.57875332139
7220,2024-10-27,131.44,131.44,0.0,0.1,-0.0,69753.91159890988,0.0,0.1,-0.0,66115.57875332139
7221,2024-10-27,122.04099,122.04099,0.0,0.1,-0.0,69753.91159890988,0.0,0.1,-0.0,66115.57875332139
7222,2024-10-27,116.20894,116.20894,0.0,0.1,-0.0,69753.91159890988,0.0,0.1,-0.0,66115.57875332139
7223,2024-10-27,110.0,110.0,0.0,0.1,-0.0,69753.91159890988,0.0,0.1,-0.0,66115.57875332139
7224,2024-10-28,107.38,107.38,0.0,0.1,-0.0,69753.91159890988,0.0,0.1,-0.0,66115.57875332139
7225,2024-10-28,105.1,105.1,0.0,0.1,-0.0,69753.91159890988,0.0,0.1,-0.0,66115.57875332139
7226,2024-10-28,99.1,99.1,1.368421052631595,0.4250000000000038,-135.61052631579105,69618.30107259408,0.0,0.1,-0.0,66115.57875332139
7227,2024-10-28,97.71,97.71,1.999999999999984,0.9,-195.41999999999842,69422.88107259409,2.0,0.575,-195.42,65920.15875332139
7228,2024-10-28,100.28,100.28,0.0,0.9,-0.0,69422.88107259409,1.3684210526315792,0.9,-137.22526315789477,65782.9334901635
7229,2024-10-28,102.7,102.7,0.0,0.9,-0.0,69422.88107259409,0.0,0.9,-0.0,65782.9334901635
7230,2024-10-28,120.98349,120.98349,0.0,0.9,-0.0,69422.88107259409,0.0,0.9,-0.0,65782.9334901635
7231,2024-10-28,125.04,125.04,-2.0,0.37368421052631584,250.08,69672.96107259409,-1.8,0.4263157894736842,225.072,66008.0054901635
7232,2024-10-28,122.61336,122.61336,-1.0400000000000003,0.1,127.51789440000003,69800.4789669941,-1.24,0.1,152.0405664,66160.0460565635
7233,2024-10-28,112.9,112.9,0.0,0.1,-0.0,69800.4789669941,0.0,0.1,-0.0,66160.0460565635
7234,2024-10-28,106.81,106.81,0.0,0.1,-0.0,69800.4789669941,0.0,0.1,-0.0,66160.0460565635
7235,2024-10-28,105.1,105.1,0.0,0.1,-0.0,69800.4789669941,0.0,0.1,-0.0,66160.0460565635
7236,2024-10-28,98.88,98.88,2.0,0.575,-197.76,69602.7189669941,2.0,0.575,-197.76,65962.2860565635
7237,2024-10-28,103.11518,103.11518,1.3684210526315792,0.9,-141.10498315789476,69461.6139838362,1.3684210526315792,0.9,-141.10498315789476,65821.1810734056
7238,2024-10-28,115.73,115.73,0.0,0.9,-0.0,69461.6139838362,0.0,0.9,-0.0,65821.1810734056
7239,2024-10-28,126.4941,126.4941,0.0,0.9,-0.0,69461.6139838362,0.0,0.9,-0.0,65821.1810734056
7240,2024-10-28,140.78112,140.78112,0.0,0.9,-0.0,69461.6139838362,0.0,0.9,-0.0,65821.1810734056
7241,2024-10-28,145.11657,145.11657,0.0,0.9,-0.0,69461.6139838362,-1.8,0.4263157894736842,261.209826,66082.39089940561
7242,2024-10-28,159.93305,159.93305,-2.0,0.37368421052631584,319.8661,69781.4800838362,-1.24,0.1,198.316982,66280.70788140561
7243,2024-10-28,155.97305,155.97305,-1.0400000000000003,0.1,162.21197200000003,69943.6920558362,0.0,0.1,-0.0,66280.70788140561
7244,2024-10-28,134.50028,134.50028,0.0,0.1,-0.0,69943.6920558362,0.0,0.1,-0.0,66280.70788140561
7245,2024-10-28,123.47035,123.47035,0.0,0.1,-0.0,69943.6920558362,0.0,0.1,-0.0,66280.70788140561
7246,2024-10-28,116.14536,116.14536,0.0,0.1,-0.0,69943.6920558362,0.0,0.1,-0.0,66280.70788140561
7247,2024-10-28,104.93868,104.93868,2.0,0.575,-209.87736,69733.8146958362,0.0,0.1,-0.0,66280.70788140561
7248,2024-10-29,117.15,117.15,-1.805,0.1,211.45575,69945.2704458362,0.0,0.1,-0.0,66280.70788140561
7249,2024-10-29,111.46,111.46,0.716297756853004,0.27012071725258846,-79.83854797883582,69865.43189785736,0.0,0.1,-0.0,66280.70788140561
7250,2024-10-29,111.46,111.46,2.0,0.7451207172525884,-222.92,69642.51189785736,0.0,0.1,-0.0,66280.70788140561
7251,2024-10-29,110.0,110.0,0.6521232957785751,0.9,-71.73356253564326,69570.77833532171,2.0,0.575,-220.0,66060.70788140561
7252,2024-10-29,111.46,111.46,0.0,0.9,-0.0,69570.77833532171,1.3684210526315792,0.9,-152.5242105263158,65908.1836708793
7253,2024-10-29,115.56607,115.56607,0.0,0.9,-0.0,69570.77833532171,0.0,0.9,-0.0,65908.1836708793
7254,2024-10-29,130.15476,130.15476,0.0,0.9,-0.0,69570.77833532171,0.0,0.9,-0.0,65908.1836708793
7255,2024-10-29,152.5,152.5,-2.0,0.37368421052631584,305.0,69875.77833532171,-1.8,0.4263157894736842,274.5,66182.6836708793
7256,2024-10-29,153.70477,153.70477,-1.0400000000000003,0.1,159.85296080000003,70035.6312961217,-1.24,0.1,190.5939148,66373.2775856793
7257,2024-10-29,130.60371,130.60371,0.0,0.1,-0.0,70035.6312961217,0.0,0.1,-0.0,66373.2775856793
7258,2024-10-29,120.34,120.34,0.0,0.1,-0.0,70035.6312961217,0.0,0.1,-0.0,66373.2775856793
7259,2024-10-29,113.65,113.65,0.0,0.1,-0.0,70035.6312961217,0.0,0.1,-0.0,66373.2775856793
7260,2024-10-29,105.89,105.89,2.0,0.575,-211.78,69823.8512961217,2.0,0.575,-211.78,66161.4975856793
7261,2024-10-29,109.26,109.26,1.3684210526315792,0.9,-149.51368421052635,69674.33761191118,1.3684210526315792,0.9,-149.51368421052635,66011.98390146878
7262,2024-10-29,122.3,122.3,0.0,0.9,-0.0,69674.33761191118,0.0,0.9,-0.0,66011.98390146878
7263,2024-10-29,134.78,134.78,0.0,0.9,-0.0,69674.33761191118,0.0,0.9,-0.0,66011.98390146878
7264,2024-10-29,164.46,164.46,-2.0,0.37368421052631584,328.92,70003.25761191118,0.0,0.9,-0.0,66011.98390146878
7265,2024-10-29,160.0,160.0,-1.0400000000000003,0.1,166.40000000000003,70169.65761191117,-1.8,0.4263157894736842,288.0,66299.98390146878
7266,2024-10-29,162.57954,162.57954,0.0,0.1,-0.0,70169.65761191117,-1.24,0.1,201.5986296,66501.58253106878
7267,2024-10-29,167.1431,167.1431,0.0,0.1,-0.0,70169.65761191117,0.0,0.1,-0.0,66501.58253106878
7268,2024-10-29,139.87993,139.87993,0.0,0.1,-0.0,70169.65761191117,0.0,0.1,-0.0,66501.58253106878
7269,2024-10-29,125.72774,125.72774,0.0,0.1,-0.0,70169.65761191117,0.0,0.1,-0.0,66501.58253106878
7270,2024-10-29,121.03712,121.03712,0.0,0.1,-0.0,70169.65761191117,0.0,0.1,-0.0,66501.58253106878
7271,2024-10-29,115.11,115.11,0.0,0.1,-0.0,70169.65761191117,0.0,0.1,-0.0,66501.58253106878
7272,2024-10-30,113.21594,113.21594,0.0,0.1,-0.0,70169.65761191117,0.0,0.1,-0.0,66501.58253106878
7273,2024-10-30,113.55333,113.55333,0.0,0.1,-0.0,70169.65761191117,0.0,0.1,-0.0,66501.58253106878
7274,2024-10-30,108.00456,108.00456,0.0,0.1,-0.0,70169.65761191117,0.0,0.1,-0.0,66501.58253106878
7275,2024-10-30,106.58439,106.58439,2.0,0.575,-213.16878,69956.48883191116,2.0,0.575,-213.16878,66288.41375106877
7276,2024-10-30,106.13312,106.13312,1.3684210526315792,0.9,-145.2347957894737,69811.2540361217,1.3684210526315792,0.9,-145.2347957894737,66143.1789552793
7277,2024-10-30,113.39,113.39,0.0,0.9,-0.0,69811.2540361217,0.0,0.9,-0.0,66143.1789552793
7278,2024-10-30,127.82069,127.82069,0.0,0.9,-0.0,69811.2540361217,0.0,0.9,-0.0,66143.1789552793
7279,2024-10-30,149.65472,149.65472,-1.200029062258351,0.5842028783530655,179.59001330413608,69990.84404942584,-1.8,0.4263157894736842,269.378496,66412.55745127931
7280,2024-10-30,152.99177,152.99177,-1.8399709377416489,0.1,281.5004105136547,70272.3444599395,-1.24,0.1,189.7097948,66602.26724607931
7281,2024-10-30,125.59964,125.59964,0.0,0.1,-0.0,70272.3444599395,0.0,0.1,-0.0,66602.26724607931
7282,2024-10-30,116.87,116.87,0.0,0.1,-0.0,70272.3444599395,0.0,0.1,-0.0,66602.26724607931
7283,2024-10-30,110.64,110.64,0.0,0.1,-0.0,70272.3444599395,0.0,0.1,-0.0,66602.26724607931
7284,2024-10-30,102.71,102.71,2.0,0.575,-205.42,70066.9244599395,2.0,0.575,-205.42,66396.84724607931
7285,2024-10-30,106.7,106.7,1.3684210526315792,0.9,-146.0105263157895,69920.91393362371,1.3684210526315792,0.9,-146.0105263157895,66250.83671976352
7286,2024-10-30,113.27452,113.27452,0.0,0.9,-0.0,69920.91393362371,0.0,0.9,-0.0,66250.83671976352
7287,2024-10-30,127.57,127.57,0.0,0.9,-0.0,69920.91393362371,0.0,0.9,-0.0,66250.83671976352
7288,2024-10-30,162.9445,162.9445,0.0,0.9,-0.0,69920.91393362371,0.0,0.9,-0.0,66250.83671976352
7289,2024-10-30,160.0,160.0,0.0,0.9,-0.0,69920.91393362371,-1.8,0.4263157894736842,288.0,66538.83671976352
7290,2024-10-30,164.22845,164.22845,-2.0,0.37368421052631584,328.4569,70249.37083362372,-1.24,0.1,203.643278,66742.47999776353
7291,2024-10-30,162.8943,162.8943,-1.0400000000000003,0.1,169.41007200000004,70418.78090562372,0.0,0.1,-0.0,66742.47999776353
7292,2024-10-30,132.22718,132.22718,0.0,0.1,-0.0,70418.78090562372,0.0,0.1,-0.0,66742.47999776353
7293,2024-10-30,124.28653,124.28653,0.0,0.1,-0.0,70418.78090562372,0.0,0.1,-0.0,66742.47999776353
7294,2024-10-30,121.04,121.04,0.0,0.1,-0.0,70418.78090562372,0.0,0.1,-0.0,66742.47999776353
7295,2024-10-30,117.34983,117.34983,0.0,0.1,-0.0,70418.78090562372,0.0,0.1,-0.0,66742.47999776353
7296,2024-10-31,107.52671,107.52671,0.0,0.1,-0.0,70418.78090562372,0.0,0.1,-0.0,66742.47999776353
7297,2024-10-31,102.09004,102.09004,0.0,0.1,-0.0,70418.78090562372,0.0,0.1,-0.0,66742.47999776353
7298,2024-10-31,101.72273,101.72273,2.0,0.575,-203.44546,70215.33544562371,0.0,0.1,-0.0,66742.47999776353
7299,2024-10-31,99.15551,99.15551,1.3684210526315792,0.9,-135.6864873684211,70079.64895825529,2.0,0.575,-198.31102,66544.16897776353
7300,2024-10-31,101.42979,101.42979,0.0,0.9,-0.0,70079.64895825529,1.3684210526315792,0.9,-138.79866,66405.37031776353
7301,2024-10-31,105.21156,105.21156,0.0,0.9,-0.0,70079.64895825529,0.0,0.9,-0.0,66405.37031776353
7302,2024-10-31,123.34963,123.34963,0.0,0.9,-0.0,70079.64895825529,0.0,0.9,-0.0,66405.37031776353
7303,2024-10-31,136.18048,136.18048,-1.2000000010406953,0.5842105260419224,163.41657614172237,70243.06553439701,-1.8,0.4263157894736842,245.12486399999997,66650.49518176353
7304,2024-10-31,136.73892,136.73892,-1.839999998959305,0.1,251.5996126576965,70494.66514705471,-1.24,0.1,169.55626080000002,66820.05144256353
7305,2024-10-31,115.31629,115.31629,0.0,0.1,-0.0,70494.66514705471,0.0,0.1,-0.0,66820.05144256353
7306,2024-10-31,107.32004,107.32004,0.0,0.1,-0.0,70494.66514705471,0.0,0.1,-0.0,66820.05144256353
7307,2024-10-31,100.57148,100.57148,0.0,0.1,-0.0,70494.66514705471,0.0,0.1,-0.0,66820.05144256353
7308,2024-10-31,91.17194,91.17194,2.0,0.575,-182.34388,70312.32126705471,2.0,0.575,-182.34388,66637.70756256353
7309,2024-10-31,95.28388,95.28388,1.3684210526315792,0.9,-130.38846736842106,70181.93279968628,1.3684210526315792,0.9,-130.38846736842106,66507.31909519511
7310,2024-10-31,102.43185,102.43185,0.0,0.9,-0.0,70181.93279968628,0.0,0.9,-0.0,66507.31909519511
7311,2024-10-31,116.14633,116.14633,0.0,0.9,-0.0,70181.93279968628,0.0,0.9,-0.0,66507.31909519511
7312,2024-10-31,143.45208,143.45208,0.0,0.9,-0.0,70181.93279968628,0.0,0.9,-0.0,66507.31909519511
7313,2024-10-31,142.65788,142.65788,0.0,0.9,-0.0,70181.93279968628,0.0,0.9,-0.0,66507.31909519511
7314,2024-10-31,144.16496,144.16496,-1.2000000202160057,0.584210520995788,172.99795491443967,70354.93075460072,-1.8,0.4263157894736842,259.496928,66766.8160231951
7315,2024-10-31,146.41475,146.41475,-1.8399999797839943,0.1,269.4031370400786,70624.3338916408,-1.24,0.1,181.55429,66948.3703131951
7316,2024-10-31,130.08,130.08,0.0,0.1,-0.0,70624.3338916408,0.0,0.1,-0.0,66948.3703131951
7317,2024-10-31,123.88926,123.88926,0.0,0.1,-0.0,70624.3338916408,0.0,0.1,-0.0,66948.3703131951
7318,2024-10-31,116.49436,116.49436,0.0,0.1,-0.0,70624.3338916408,0.0,0.1,-0.0,66948.3703131951
7319,2024-10-31,105.66865,105.66865,0.0,0.1,-0.0,70624.3338916408,0.0,0.1,-0.0,66948.3703131951
7320,2024-11-01,102.25029,102.25029,0.0,0.1,-0.0,70624.3338916408,0.0,0.1,-0.0,66948.3703131951
7321,2024-11-01,100.48684,100.48684,0.0,0.1,-0.0,70624.3338916408,0.0,0.1,-0.0,66948.3703131951
7322,2024-11-01,102.90747,102.90747,0.0,0.1,-0.0,70624.3338916408,0.0,0.1,-0.0,66948.3703131951
7323,2024-11-01,104.86195,104.86195,0.0,0.1,-0.0,70624.3338916408,0.0,0.1,-0.0,66948.3703131951
7324,2024-11-01,102.14767,102.14767,0.0,0.1,-0.0,70624.3338916408,0.0,0.1,-0.0,66948.3703131951
7325,2024-11-01,99.69549,99.69549,0.0,0.1,-0.0,70624.3338916408,0.0,0.1,-0.0,66948.3703131951
7326,2024-11-01,99.2272,99.2272,2.0,0.575,-198.4544,70425.8794916408,0.0,0.1,-0.0,66948.3703131951
7327,2024-11-01,104.52864,104.52864,0.0,0.575,-0.0,70425.8794916408,0.0,0.1,-0.0,66948.3703131951
7328,2024-11-01,104.85761,104.85761,-1.805,0.1,189.26798605,70615.1474776908,0.0,0.1,-0.0,66948.3703131951
7329,2024-11-01,98.35482,98.35482,0.0,0.1,-0.0,70615.1474776908,0.0,0.1,-0.0,66948.3703131951
7330,2024-11-01,93.14242,93.14242,0.0,0.1,-0.0,70615.1474776908,0.0,0.1,-0.0,66948.3703131951
7331,2024-11-01,91.25,91.25,2.0,0.575,-182.5,70432.6474776908,0.0,0.1,-0.0,66948.3703131951
7332,2024-11-01,91.86257,91.86257,1.3684210526315792,0.9,-125.70667473684213,70306.94080295396,2.0,0.575,-183.72514,66764.64517319511
7333,2024-11-01,93.92237,93.92237,0.0,0.9,-0.0,70306.94080295396,1.3684210526315792,0.9,-128.52534842105266,66636.11982477405
7334,2024-11-01,102.43627,102.43627,0.0,0.9,-0.0,70306.94080295396,0.0,0.9,-0.0,66636.11982477405
7335,2024-11-01,109.95431,109.95431,0.0,0.9,-0.0,70306.94080295396,0.0,0.9,-0.0,66636.11982477405
7336,2024-11-01,129.31111,129.31111,0.0,0.9,-0.0,70306.94080295396,0.0,0.9,-0.0,66636.11982477405
7337,2024-11-01,134.19606,134.19606,-2.0,0.37368421052631584,268.39212,70575.33292295397,-1.8,0.4263157894736842,241.55290799999997,66877.67273277405
7338,2024-11-01,132.82044,132.82044,-1.0400000000000003,0.1,138.13325760000004,70713.46618055397,-1.24,0.1,164.69734559999998,67042.37007837405
7339,2024-11-01,130.17016,130.17016,0.0,0.1,-0.0,70713.46618055397,0.0,0.1,-0.0,67042.37007837405
7340,2024-11-01,118.61631,118.61631,0.0,0.1,-0.0,70713.46618055397,0.0,0.1,-0.0,67042.37007837405
7341,2024-11-01,116.19021,116.19021,0.0,0.1,-0.0,70713.46618055397,0.0,0.1,-0.0,67042.37007837405
7342,2024-11-01,110.64726,110.64726,0.0,0.1,-0.0,70713.46618055397,0.0,0.1,-0.0,67042.37007837405
7343,2024-11-01,105.17846,105.17846,2.0,0.575,-210.35692,70503.10926055396,0.0,0.1,-0.0,67042.37007837405
7344,2024-11-02,110.09352,110.09352,0.0,0.575,-0.0,70503.10926055396,0.0,0.1,-0.0,67042.37007837405
7345,2024-11-02,111.11118,111.11118,-1.805,0.1,200.5556799,70703.66494045396,0.0,0.1,-0.0,67042.37007837405
7346,2024-11-02,108.50845,108.50845,0.0,0.1,-0.0,70703.66494045396,0.0,0.1,-0.0,67042.37007837405
7347,2024-11-02,105.01509,105.01509,0.0,0.1,-0.0,70703.66494045396,0.0,0.1,-0.0,67042.37007837405
7348,2024-11-02,107.28456,107.28456,0.0,0.1,-0.0,70703.66494045396,0.0,0.1,-0.0,67042.37007837405
7349,2024-11-02,103.25957,103.25957,2.0,0.575,-206.51914,70497.14580045396,2.0,0.575,-206.51914,66835.85093837405
7350,2024-11-02,105.87817,105.87817,1.3684210526315792,0.9,-144.88591684210527,70352.25988361186,1.3684210526315792,0.9,-144.88591684210527,66690.96502153194
7351,2024-11-02,116.11661,116.11661,0.0,0.9,-0.0,70352.25988361186,0.0,0.9,-0.0,66690.96502153194
7352,2024-11-02,116.32277,116.32277,-2.0,0.37368421052631584,232.64554,70584.90542361185,-1.8,0.4263157894736842,209.380986,66900.34600753195
7353,2024-11-02,116.11819,116.11819,-1.0400000000000003,0.1,120.76291760000002,70705.66834121186,-1.24,0.1,143.9865556,67044.33256313195
7354,2024-11-02,107.71364,107.71364,0.0,0.1,-0.0,70705.66834121186,0.0,0.1,-0.0,67044.33256313195
7355,2024-11-02,104.07327,104.07327,2.0,0.575,-208.14654,70497.52180121186,0.0,0.1,-0.0,67044.33256313195
7356,2024-11-02,103.07097,103.07097,1.3684210526315792,0.9,-141.04448526315792,70356.4773159487,2.0,0.575,-206.14194,66838.19062313194
7357,2024-11-02,103.92,103.92,0.0,0.9,-0.0,70356.4773159487,1.3684210526315792,0.9,-142.2063157894737,66695.98430734247
7358,2024-11-02,106.97417,106.97417,0.0,0.9,-0.0,70356.4773159487,0.0,0.9,-0.0,66695.98430734247
7359,2024-11-02,116.08546,116.08546,0.0,0.9,-0.0,70356.4773159487,0.0,0.9,-0.0,66695.98430734247
7360,2024-11-02,134.9,134.9,0.0,0.9,-0.0,70356.4773159487,0.0,0.9,-0.0,66695.98430734247
7361,2024-11-02,144.26427,144.26427,-1.2000000151640373,0.5842105223252534,173.1171261876288,70529.59444213632,-1.8,0.4263157894736842,259.67568600000004,66955.65999334247
7362,2024-11-02,148.68856,148.68856,-1.839999984835963,0.1,273.58694814528116,70803.1813902816,-1.24,0.1,184.3738144,67140.03380774247
7363,2024-11-02,137.12545,137.12545,0.0,0.1,-0.0,70803.1813902816,0.0,0.1,-0.0,67140.03380774247
7364,2024-11-02,125.46141,125.46141,0.0,0.1,-0.0,70803.1813902816,0.0,0.1,-0.0,67140.03380774247
7365,2024-11-02,112.87092,112.87092,0.0,0.1,-0.0,70803.1813902816,0.0,0.1,-0.0,67140.03380774247
7366,2024-11-02,106.34957,106.34957,0.0,0.1,-0.0,70803.1813902816,0.0,0.1,-0.0,67140.03380774247
7367,2024-11-02,104.26,104.26,0.0,0.1,-0.0,70803.1813902816,0.0,0.1,-0.0,67140.03380774247
7368,2024-11-03,103.28664,103.28664,0.0,0.1,-0.0,70803.1813902816,0.0,0.1,-0.0,67140.03380774247
7369,2024-11-03,107.38,107.38,0.0,0.1,-0.0,70803.1813902816,0.0,0.1,-0.0,67140.03380774247
7370,2024-11-03,100.0,100.0,2.0,0.575,-200.0,70603.1813902816,0.0,0.1,-0.0,67140.03380774247
7371,2024-11-03,103.04,103.04,0.0,0.575,-0.0,70603.1813902816,0.0,0.1,-0.0,67140.03380774247
7372,2024-11-03,107.3,107.3,-1.805,0.1,193.67649999999998,70796.85789028161,0.0,0.1,-0.0,67140.03380774247
7373,2024-11-03,102.68,102.68,0.0,0.1,-0.0,70796.85789028161,0.0,0.1,-0.0,67140.03380774247
7374,2024-11-03,106.75,106.75,0.0,0.1,-0.0,70796.85789028161,0.0,0.1,-0.0,67140.03380774247
7375,2024-11-03,107.37,107.37,0.0,0.1,-0.0,70796.85789028161,0.0,0.1,-0.0,67140.03380774247
7376,2024-11-03,107.0,107.0,0.0,0.1,-0.0,70796.85789028161,0.0,0.1,-0.0,67140.03380774247
7377,2024-11-03,100.19,100.19,0.0,0.1,-0.0,70796.85789028161,0.0,0.1,-0.0,67140.03380774247
7378,2024-11-03,86.11,86.11,1.3684210697620947,0.4250000040684975,-117.83473831721398,70679.0231519644,0.0,0.1,-0.0,67140.03380774247
7379,2024-11-03,83.53,83.53,1.9999999828694845,0.9,-167.05999856908804,70511.9631533953,0.0,0.1,-0.0,67140.03380774247
7380,2024-11-03,87.46,87.46,0.0,0.9,-0.0,70511.9631533953,2.0,0.575,-174.92,66965.11380774247
7381,2024-11-03,86.79,86.79,0.0,0.9,-0.0,70511.9631533953,1.3684210526315792,0.9,-118.76526315789476,66846.34854458457
7382,2024-11-03,100.86,100.86,0.0,0.9,-0.0,70511.9631533953,0.0,0.9,-0.0,66846.34854458457
7383,2024-11-03,113.08,113.08,0.0,0.9,-0.0,70511.9631533953,0.0,0.9,-0.0,66846.34854458457
7384,2024-11-03,125.93,125.93,0.0,0.9,-0.0,70511.9631533953,0.0,0.9,-0.0,66846.34854458457
7385,2024-11-03,133.69001,133.69001,0.0,0.9,-0.0,70511.9631533953,-1.8,0.4263157894736842,240.642018,67086.99056258457
7386,2024-11-03,137.81322,137.81322,-2.0,0.37368421052631584,275.62644,70787.5895933953,-1.24,0.1,170.8883928,67257.87895538457
7387,2024-11-03,134.62909,134.62909,-1.0400000000000003,0.1,140.01425360000002,70927.6038469953,0.0,0.1,-0.0,67257.87895538457
7388,2024-11-03,122.90161,122.90161,0.0,0.1,-0.0,70927.6038469953,0.0,0.1,-0.0,67257.87895538457
7389,2024-11-03,112.45999,112.45999,0.0,0.1,-0.0,70927.6038469953,0.0,0.1,-0.0,67257.87895538457
7390,2024-11-03,109.76762,109.76762,0.0,0.1,-0.0,70927.6038469953,0.0,0.1,-0.0,67257.87895538457
7391,2024-11-03,104.70796,104.70796,0.0,0.1,-0.0,70927.6038469953,0.0,0.1,-0.0,67257.87895538457
7392,2024-11-04,107.0,107.0,0.0,0.1,-0.0,70927.6038469953,0.0,0.1,-0.0,67257.87895538457
7393,2024-11-04,106.58,106.58,0.0,0.1,-0.0,70927.6038469953,0.0,0.1,-0.0,67257.87895538457
7394,2024-11-04,105.0,105.0,0.0,0.1,-0.0,70927.6038469953,0.0,0.1,-0.0,67257.87895538457
7395,2024-11-04,102.68,102.68,1.3684210526316458,0.4250000000000159,-140.5094736842174,70787.09437331109,2.0,0.575,-205.36,67052.51895538457
7396,2024-11-04,101.0,101.0,1.9999999999999332,0.9,-201.99999999999324,70585.09437331109,1.3684210526315792,0.9,-138.2105263157895,66914.30842906878
7397,2024-11-04,105.0,105.0,0.0,0.9,-0.0,70585.09437331109,0.0,0.9,-0.0,66914.30842906878
7398,2024-11-04,131.08,131.08,0.0,0.9,-0.0,70585.09437331109,0.0,0.9,-0.0,66914.30842906878
7399,2024-11-04,152.71,152.71,-2.0,0.37368421052631584,305.42,70890.51437331109,-1.8,0.4263157894736842,274.87800000000004,67189.18642906878
7400,2024-11-04,152.71,152.71,-1.0400000000000003,0.1,158.81840000000005,71049.3327733111,-1.24,0.1,189.3604,67378.54682906879
7401,2024-11-04,131.08,131.08,0.0,0.1,-0.0,71049.3327733111,0.0,0.1,-0.0,67378.54682906879
7402,2024-11-04,116.78,116.78,0.0,0.1,-0.0,71049.3327733111,0.0,0.1,-0.0,67378.54682906879
7403,2024-11-04,109.39,109.39,0.0,0.1,-0.0,71049.3327733111,0.0,0.1,-0.0,67378.54682906879
7404,2024-11-04,103.16,103.16,2.0,0.575,-206.32,70843.01277331109,2.0,0.575,-206.32,67172.22682906878
7405,2024-11-04,104.65,104.65,1.3684210526315792,0.9,-143.20526315789476,70699.80751015319,1.3684210526315792,0.9,-143.20526315789476,67029.02156591088
7406,2024-11-04,115.88,115.88,0.0,0.9,-0.0,70699.80751015319,0.0,0.9,-0.0,67029.02156591088
7407,2024-11-04,136.87,136.87,0.0,0.9,-0.0,70699.80751015319,0.0,0.9,-0.0,67029.02156591088
7408,2024-11-04,170.68,170.68,0.0,0.9,-0.0,70699.80751015319,0.0,0.9,-0.0,67029.02156591088
7409,2024-11-04,170.0,170.0,0.0,0.9,-0.0,70699.80751015319,-1.8,0.4263157894736842,306.0,67335.02156591088
7410,2024-11-04,177.15,177.15,-2.0,0.37368421052631584,354.3,71054.10751015319,-1.24,0.1,219.666,67554.68756591088
7411,2024-11-04,177.15,177.15,-1.0400000000000003,0.1,184.23600000000005,71238.3435101532,0.0,0.1,-0.0,67554.68756591088
7412,2024-11-04,147.32282,147.32282,0.0,0.1,-0.0,71238.3435101532,0.0,0.1,-0.0,67554.68756591088
7413,2024-11-04,127.0,127.0,0.0,0.1,-0.0,71238.3435101532,0.0,0.1,-0.0,67554.68756591088
7414,2024-11-04,117.39,117.39,0.0,0.1,-0.0,71238.3435101532,0.0,0.1,-0.0,67554.68756591088
7415,2024-11-04,113.0,113.0,0.0,0.1,-0.0,71238.3435101532,0.0,0.1,-0.0,67554.68756591088
7416,2024-11-05,107.58,107.58,0.0,0.1,-0.0,71238.3435101532,0.0,0.1,-0.0,67554.68756591088
7417,2024-11-05,102.3,102.3,0.0,0.1,-0.0,71238.3435101532,0.0,0.1,-0.0,67554.68756591088
7418,2024-11-05,100.67,100.67,0.0,0.1,-0.0,71238.3435101532,0.0,0.1,-0.0,67554.68756591088
7419,2024-11-05,100.56,100.56,1.3684210526316356,0.4250000000000135,-137.60842105263728,71100.73508910056,2.0,0.575,-201.12,67353.56756591088
7420,2024-11-05,100.39,100.39,1.9999999999999434,0.9,-200.77999999999432,70899.95508910056,1.3684210526315792,0.9,-137.37578947368425,67216.1917764372
7421,2024-11-05,105.47,105.47,0.0,0.9,-0.0,70899.95508910056,0.0,0.9,-0.0,67216.1917764372
7422,2024-11-05,123.64744,123.64744,0.0,0.9,-0.0,70899.95508910056,0.0,0.9,-0.0,67216.1917764372
7423,2024-11-05,134.75,134.75,-2.0,0.37368421052631584,269.5,71169.45508910056,-1.8,0.4263157894736842,242.55,67458.74177643721
7424,2024-11-05,133.14,133.14,-1.0400000000000003,0.1,138.46560000000002,71307.92068910056,-1.24,0.1,165.09359999999998,67623.8353764372
7425,2024-11-05,118.23,118.23,0.0,0.1,-0.0,71307.92068910056,0.0,0.1,-0.0,67623.8353764372
7426,2024-11-05,106.8,106.8,0.0,0.1,-0.0,71307.92068910056,0.0,0.1,-0.0,67623.8353764372
7427,2024-11-05,103.01,103.01,0.0,0.1,-0.0,71307.92068910056,0.0,0.1,-0.0,67623.8353764372
7428,2024-11-05,96.69,96.69,2.0,0.575,-193.38,71114.54068910056,2.0,0.575,-193.38,67430.4553764372
7429,2024-11-05,99.25,99.25,1.3684210526315792,0.9,-135.81578947368425,70978.72489962688,1.3684210526315792,0.9,-135.81578947368425,67294.63958696352
7430,2024-11-05,109.74,109.74,0.0,0.9,-0.0,70978.72489962688,0.0,0.9,-0.0,67294.63958696352
7431,2024-11-05,133.02,133.02,0.0,0.9,-0.0,70978.72489962688,0.0,0.9,-0.0,67294.63958696352
7432,2024-11-05,155.56,155.56,0.0,0.9,-0.0,70978.72489962688,0.0,0.9,-0.0,67294.63958696352
7433,2024-11-05,170.34718,170.34718,0.0,0.9,-0.0,70978.72489962688,0.0,0.9,-0.0,67294.63958696352
7434,2024-11-05,193.0,193.0,-2.0,0.37368421052631584,386.0,71364.72489962688,-2.0,0.37368421052631584,386.0,67680.63958696352
7435,2024-11-05,186.20228,186.20228,-1.0400000000000003,0.1,193.65037120000005,71558.37527082687,-1.0400000000000003,0.1,193.65037120000005,67874.28995816351
7436,2024-11-05,154.45005,154.45005,0.0,0.1,-0.0,71558.37527082687,0.0,0.1,-0.0,67874.28995816351
7437,2024-11-05,130.8818,130.8818,0.0,0.1,-0.0,71558.37527082687,0.0,0.1,-0.0,67874.28995816351
7438,2024-11-05,117.80056,117.80056,0.0,0.1,-0.0,71558.37527082687,0.0,0.1,-0.0,67874.28995816351
7439,2024-11-05,114.06,114.06,0.0,0.1,-0.0,71558.37527082687,0.0,0.1,-0.0,67874.28995816351
7440,2024-11-06,110.3,110.3,0.0,0.1,-0.0,71558.37527082687,0.0,0.1,-0.0,67874.28995816351
7441,2024-11-06,105.11,105.11,0.0,0.1,-0.0,71558.37527082687,0.0,0.1,-0.0,67874.28995816351
7442,2024-11-06,105.11,105.11,2.0,0.575,-210.22,71348.15527082687,0.0,0.1,-0.0,67874.28995816351
7443,2024-11-06,105.1,105.1,1.3684210526315792,0.9,-143.82105263157897,71204.33421819529,2.0,0.575,-210.2,67664.08995816352
7444,2024-11-06,105.01,105.01,0.0,0.9,-0.0,71204.33421819529,1.3684210526315792,0.9,-143.69789473684213,67520.39206342667
7445,2024-11-06,109.0,109.0,0.0,0.9,-0.0,71204.33421819529,0.0,0.9,-0.0,67520.39206342667
7446,2024-11-06,125.0,125.0,0.0,0.9,-0.0,71204.33421819529,0.0,0.9,-0.0,67520.39206342667
7447,2024-11-06,131.61,131.61,0.0,0.9,-0.0,71204.33421819529,-1.2,0.5842105263157895,157.93200000000002,67678.32406342667
7448,2024-11-06,144.44,144.44,-2.0,0.37368421052631584,288.88,71493.2142181953,-1.8,0.1105263157894737,259.992,67938.31606342667
7449,2024-11-06,131.61,131.61,-1.0400000000000003,0.1,136.87440000000004,71630.0886181953,-0.040000000000000015,0.1,5.264400000000003,67943.58046342667
7450,2024-11-06,118.27353,118.27353,0.0,0.1,-0.0,71630.0886181953,0.0,0.1,-0.0,67943.58046342667
7451,2024-11-06,115.76005,115.76005,0.0,0.1,-0.0,71630.0886181953,0.0,0.1,-0.0,67943.58046342667
7452,2024-11-06,111.0,111.0,2.0,0.575,-222.0,71408.0886181953,2.0,0.575,-222.0,67721.58046342667
7453,2024-11-06,114.66,114.66,1.3684210526315792,0.9,-156.90315789473686,71251.18546030056,1.3684210526315792,0.9,-156.90315789473686,67564.67730553194
7454,2024-11-06,123.72,123.72,0.0,0.9,-0.0,71251.18546030056,0.0,0.9,-0.0,67564.67730553194
7455,2024-11-06,131.61,131.61,0.0,0.9,-0.0,71251.18546030056,0.0,0.9,-0.0,67564.67730553194
7456,2024-11-06,150.49,150.49,0.0,0.9,-0.0,71251.18546030056,0.0,0.9,-0.0,67564.67730553194
7457,2024-11-06,155.0,155.0,0.0,0.9,-0.0,71251.18546030056,-1.2,0.5842105263157895,186.0,67750.67730553194
7458,2024-11-06,171.89,171.89,-2.0,0.37368421052631584,343.78,71594.96546030056,-1.8,0.1105263157894737,309.402,68060.07930553194
7459,2024-11-06,167.02,167.02,-1.0400000000000003,0.1,173.70080000000004,71768.66626030057,-0.040000000000000015,0.1,6.680800000000003,68066.76010553194
7460,2024-11-06,139.0,139.0,0.0,0.1,-0.0,71768.66626030057,0.0,0.1,-0.0,68066.76010553194
7461,2024-11-06,131.6,131.6,0.0,0.1,-0.0,71768.66626030057,0.0,0.1,-0.0,68066.76010553194
7462,2024-11-06,118.7,118.7,0.0,0.1,-0.0,71768.66626030057,0.0,0.1,-0.0,68066.76010553194
7463,2024-11-06,115.94,115.94,0.0,0.1,-0.0,71768.66626030057,0.0,0.1,-0.0,68066.76010553194
7464,2024-11-07,110.09702,110.09702,0.0,0.1,-0.0,71768.66626030057,0.0,0.1,-0.0,68066.76010553194
7465,2024-11-07,103.56,103.56,0.0,0.1,-0.0,71768.66626030057,0.0,0.1,-0.0,68066.76010553194
7466,2024-11-07,100.41,100.41,2.0,0.575,-200.82,71567.84626030056,0.0,0.1,-0.0,68066.76010553194
7467,2024-11-07,100.52,100.52,1.3684210526315792,0.9,-137.55368421052634,71430.29257609004,2.0,0.575,-201.04,67865.72010553195
7468,2024-11-07,103.67855,103.67855,0.0,0.9,-0.0,71430.29257609004,1.3684210526315792,0.9,-141.8759105263158,67723.84419500563
7469,2024-11-07,115.75,115.75,0.0,0.9,-0.0,71430.29257609004,0.0,0.9,-0.0,67723.84419500563
7470,2024-11-07,125.0,125.0,0.0,0.9,-0.0,71430.29257609004,0.0,0.9,-0.0,67723.84419500563
7471,2024-11-07,141.61,141.61,-1.200000000000006,0.584210526315788,169.93200000000087,71600.22457609004,-1.8,0.4263157894736842,254.89800000000002,67978.74219500563
7472,2024-11-07,149.1,149.1,-1.8399999999999943,0.1,274.34399999999914,71874.56857609004,-1.24,0.1,184.884,68163.62619500564
7473,2024-11-07,134.16424,134.16424,0.0,0.1,-0.0,71874.56857609004,0.0,0.1,-0.0,68163.62619500564
7474,2024-11-07,119.32062,119.32062,0.0,0.1,-0.0,71874.56857609004,0.0,0.1,-0.0,68163.62619500564
7475,2024-11-07,118.41,118.41,0.0,0.1,-0.0,71874.56857609004,0.0,0.1,-0.0,68163.62619500564
7476,2024-11-07,113.03,113.03,2.0,0.575,-226.06,71648.50857609004,2.0,0.575,-226.06,67937.56619500564
7477,2024-11-07,116.0,116.0,1.3684210526315792,0.9,-158.73684210526318,71489.77173398477,1.3684210526315792,0.9,-158.73684210526318,67778.82935290037
7478,2024-11-07,124.35568,124.35568,0.0,0.9,-0.0,71489.77173398477,0.0,0.9,-0.0,67778.82935290037
7479,2024-11-07,138.85,138.85,0.0,0.9,-0.0,71489.77173398477,0.0,0.9,-0.0,67778.82935290037
7480,2024-11-07,160.74,160.74,0.0,0.9,-0.0,71489.77173398477,0.0,0.9,-0.0,67778.82935290037
7481,2024-11-07,167.84,167.84,-2.0,0.37368421052631584,335.68,71825.45173398477,-1.8,0.4263157894736842,302.112,68080.94135290037
7482,2024-11-07,164.52221,164.52221,-1.0400000000000003,0.1,171.10309840000005,71996.55483238476,-1.24,0.1,204.0075404,68284.94889330036
7483,2024-11-07,163.07922,163.07922,0.0,0.1,-0.0,71996.55483238476,0.0,0.1,-0.0,68284.94889330036
7484,2024-11-07,135.0,135.0,0.0,0.1,-0.0,71996.55483238476,0.0,0.1,-0.0,68284.94889330036
7485,2024-11-07,118.88494,118.88494,0.0,0.1,-0.0,71996.55483238476,0.0,0.1,-0.0,68284.94889330036
7486,2024-11-07,114.69147,114.69147,0.0,0.1,-0.0,71996.55483238476,0.0,0.1,-0.0,68284.94889330036
7487,2024-11-07,108.38,108.38,0.0,0.1,-0.0,71996.55483238476,0.0,0.1,-0.0,68284.94889330036
7488,2024-11-08,104.05505,104.05505,0.0,0.1,-0.0,71996.55483238476,0.0,0.1,-0.0,68284.94889330036
7489,2024-11-08,100.89,100.89,0.0,0.1,-0.0,71996.55483238476,0.0,0.1,-0.0,68284.94889330036
7490,2024-11-08,99.06,99.06,1.3684210527605707,0.42500000003063554,-135.55578948646215,71860.9990428983,0.0,0.1,-0.0,68284.94889330036
7491,2024-11-08,98.77,98.77,1.9999999998710085,0.9,-197.5399999872595,71663.45904291104,2.0,0.575,-197.54,68087.40889330037
7492,2024-11-08,100.31,100.31,0.0,0.9,-0.0,71663.45904291104,1.3684210526315792,0.9,-137.2663157894737,67950.1425775109
7493,2024-11-08,105.15,105.15,0.0,0.9,-0.0,71663.45904291104,0.0,0.9,-0.0,67950.1425775109
7494,2024-11-08,119.26,119.26,0.0,0.9,-0.0,71663.45904291104,0.0,0.9,-0.0,67950.1425775109
7495,2024-11-08,130.0,130.0,-1.2000000000104747,0.584210526313033,156.0000000013617,71819.45904291241,-1.8,0.4263157894736842,234.0,68184.1425775109
7496,2024-11-08,135.90586,135.90586,-1.8399999999895256,0.1,250.06678239857644,72069.52582531098,-1.24,0.1,168.52326639999998,68352.6658439109
7497,2024-11-08,124.1,124.1,0.0,0.1,-0.0,72069.52582531098,0.0,0.1,-0.0,68352.6658439109
7498,2024-11-08,117.34,117.34,0.0,0.1,-0.0,72069.52582531098,0.0,0.1,-0.0,68352.6658439109
7499,2024-11-08,110.94,110.94,0.0,0.1,-0.0,72069.52582531098,0.0,0.1,-0.0,68352.6658439109
7500,2024-11-08,105.59279,105.59279,2.0,0.575,-211.18558,71858.34024531097,2.0,0.575,-211.18558,68141.4802639109
7501,2024-11-08,106.80586,106.80586,1.3684210526315792,0.9,-146.15538736842106,71712.18485794256,1.3684210526315792,0.9,-146.15538736842106,67995.32487654248
7502,2024-11-08,114.0,114.0,0.0,0.9,-0.0,71712.18485794256,0.0,0.9,-0.0,67995.32487654248
7503,2024-11-08,122.8,122.8,0.0,0.9,-0.0,71712.18485794256,0.0,0.9,-0.0,67995.32487654248
7504,2024-11-08,135.39,135.39,0.0,0.9,-0.0,71712.18485794256,0.0,0.9,-0.0,67995.32487654248
7505,2024-11-08,144.14466,144.14466,0.0,0.9,-0.0,71712.18485794256,-1.8,0.4263157894736842,259.46038799999997,68254.78526454249
7506,2024-11-08,149.8703,149.8703,-2.0,0.37368421052631584,299.7406,72011.92545794256,-1.24,0.1,185.839172,68440.6244365425
7507,2024-11-08,149.90441,149.90441,-1.0400000000000003,0.1,155.90058640000007,72167.82604434257,0.0,0.1,-0.0,68440.6244365425
7508,2024-11-08,122.82845,122.82845,0.0,0.1,-0.0,72167.82604434257,0.0,0.1,-0.0,68440.6244365425
7509,2024-11-08,116.27344,116.27344,0.0,0.1,-0.0,72167.82604434257,0.0,0.1,-0.0,68440.6244365425
7510,2024-11-08,117.55,117.55,0.0,0.1,-0.0,72167.82604434257,0.0,0.1,-0.0,68440.6244365425
7511,2024-11-08,113.19,113.19,0.0,0.1,-0.0,72167.82604434257,0.0,0.1,-0.0,68440.6244365425
7512,2024-11-09,111.54,111.54,0.0,0.1,-0.0,72167.82604434257,0.0,0.1,-0.0,68440.6244365425
7513,2024-11-09,110.89,110.89,0.0,0.1,-0.0,72167.82604434257,0.0,0.1,-0.0,68440.6244365425
7514,2024-11-09,105.1,105.1,0.0,0.1,-0.0,72167.82604434257,0.0,0.1,-0.0,68440.6244365425
7515,2024-11-09,104.43,104.43,1.358420904109139,0.4226249647259205,-141.8598950161174,72025.96614932646,0.0,0.1,-0.0,68440.6244365425
7516,2024-11-09,102.4,102.4,2.0,0.8976249647259205,-204.8,71821.16614932645,2.0,0.575,-204.8,68235.82443654249
7517,2024-11-09,104.48,104.48,0.010000148522440262,0.9,-1.0448155176245586,71820.12133380883,1.3684210526315792,0.9,-142.97263157894741,68092.85180496355
7518,2024-11-09,113.68,113.68,0.0,0.9,-0.0,71820.12133380883,0.0,0.9,-0.0,68092.85180496355
7519,2024-11-09,122.58,122.58,0.0,0.9,-0.0,71820.12133380883,0.0,0.9,-0.0,68092.85180496355
7520,2024-11-09,123.85,123.85,-2.0,0.37368421052631584,247.7,72067.82133380882,-1.8,0.4263157894736842,222.93,68315.78180496354
7521,2024-11-09,124.36,124.36,-1.0400000000000003,0.1,129.33440000000004,72197.15573380883,-1.24,0.1,154.2064,68469.98820496353
7522,2024-11-09,117.48,117.48,0.0,0.1,-0.0,72197.15573380883,0.0,0.1,-0.0,68469.98820496353
7523,2024-11-09,113.54,113.54,0.0,0.1,-0.0,72197.15573380883,0.0,0.1,-0.0,68469.98820496353
7524,2024-11-09,106.88125,106.88125,0.0,0.1,-0.0,72197.15573380883,2.0,0.575,-213.7625,68256.22570496354
7525,2024-11-09,108.0,108.0,2.0,0.575,-216.0,71981.15573380883,1.3684210526315792,0.9,-147.78947368421055,68108.43623127932
7526,2024-11-09,110.18,110.18,1.3684210526315792,0.9,-150.7726315789474,71830.38310222988,0.0,0.9,-0.0,68108.43623127932
7527,2024-11-09,122.12,122.12,0.0,0.9,-0.0,71830.38310222988,0.0,0.9,-0.0,68108.43623127932
7528,2024-11-09,134.0,134.0,0.0,0.9,-0.0,71830.38310222988,0.0,0.9,-0.0,68108.43623127932
7529,2024-11-09,145.42879,145.42879,-1.200000000078513,0.5842105262951283,174.51454801141804,72004.8976502413,-1.8,0.4263157894736842,261.771822,68370.20805327932
7530,2024-11-09,150.0,150.0,-1.8399999999214873,0.1,275.9999999882231,72280.89765022953,-1.24,0.1,186.0,68556.20805327932
7531,2024-11-09,142.31054,142.31054,0.0,0.1,-0.0,72280.89765022953,0.0,0.1,-0.0,68556.20805327932
7532,2024-11-09,129.62,129.62,0.0,0.1,-0.0,72280.89765022953,0.0,0.1,-0.0,68556.20805327932
7533,2024-11-09,122.87,122.87,0.0,0.1,-0.0,72280.89765022953,0.0,0.1,-0.0,68556.20805327932
7534,2024-11-09,120.0,120.0,0.0,0.1,-0.0,72280.89765022953,0.0,0.1,-0.0,68556.20805327932
7535,2024-11-09,114.77,114.77,2.0,0.575,-229.54,72051.35765022953,0.0,0.1,-0.0,68556.20805327932
7536,2024-11-10,125.0,125.0,-1.805,0.1,225.625,72276.98265022953,0.0,0.1,-0.0,68556.20805327932
7537,2024-11-10,120.0,120.0,0.0,0.1,-0.0,72276.98265022953,0.0,0.1,-0.0,68556.20805327932
7538,2024-11-10,116.03,116.03,0.0,0.1,-0.0,72276.98265022953,0.0,0.1,-0.0,68556.20805327932
7539,2024-11-10,116.05,116.05,0.0,0.1,-0.0,72276.98265022953,0.0,0.1,-0.0,68556.20805327932
7540,2024-11-10,116.32,116.32,0.0,0.1,-0.0,72276.98265022953,0.0,0.1,-0.0,68556.20805327932
7541,2024-11-10,116.1,116.1,0.0,0.1,-0.0,72276.98265022953,0.0,0.1,-0.0,68556.20805327932
7542,2024-11-10,117.51,117.51,0.0,0.1,-0.0,72276.98265022953,0.0,0.1,-0.0,68556.20805327932
7543,2024-11-10,114.43,114.43,0.0,0.1,-0.0,72276.98265022953,0.0,0.1,-0.0,68556.20805327932
7544,2024-11-10,110.53,110.53,0.0,0.1,-0.0,72276.98265022953,0.0,0.1,-0.0,68556.20805327932
7545,2024-11-10,111.03516,111.03516,0.0,0.1,-0.0,72276.98265022953,0.0,0.1,-0.0,68556.20805327932
7546,2024-11-10,109.73567,109.73567,0.0,0.1,-0.0,72276.98265022953,0.0,0.1,-0.0,68556.20805327932
7547,2024-11-10,110.12504,110.12504,0.0,0.1,-0.0,72276.98265022953,0.0,0.1,-0.0,68556.20805327932
7548,2024-11-10,110.92325,110.92325,0.0,0.1,-0.0,72276.98265022953,0.0,0.1,-0.0,68556.20805327932
7549,2024-11-10,106.3,106.3,2.0,0.575,-212.6,72064.38265022953,2.0,0.575,-212.6,68343.60805327931
7550,2024-11-10,109.72,109.72,1.3684210526315792,0.9,-150.14315789473687,71914.23949233479,1.3684210526315792,0.9,-150.14315789473687,68193.46489538458
7551,2024-11-10,123.91,123.91,0.0,0.9,-0.0,71914.23949233479,0.0,0.9,-0.0,68193.46489538458
7552,2024-11-10,130.12,130.12,0.0,0.9,-0.0,71914.23949233479,0.0,0.9,-0.0,68193.46489538458
7553,2024-11-10,143.0,143.0,-1.200000062091508,0.584210509975919,171.60000887908564,72085.83950121388,-1.8,0.4263157894736842,257.40000000000003,68450.86489538457
7554,2024-11-10,144.5198,144.5198,-1.839999937908492,0.1,265.9164230265477,72351.75592424042,-1.24,0.1,179.204552,68630.06944738457
7555,2024-11-10,138.44318,138.44318,0.0,0.1,-0.0,72351.75592424042,0.0,0.1,-0.0,68630.06944738457
7556,2024-11-10,127.7,127.7,0.0,0.1,-0.0,72351.75592424042,0.0,0.1,-0.0,68630.06944738457
7557,2024-11-10,125.87,125.87,0.0,0.1,-0.0,72351.75592424042,0.0,0.1,-0.0,68630.06944738457
7558,2024-11-10,123.8,123.8,0.0,0.1,-0.0,72351.75592424042,0.0,0.1,-0.0,68630.06944738457
7559,2024-11-10,114.32,114.32,0.0,0.1,-0.0,72351.75592424042,0.0,0.1,-0.0,68630.06944738457
7560,2024-11-11,109.72,109.72,0.0,0.1,-0.0,72351.75592424042,0.0,0.1,-0.0,68630.06944738457
7561,2024-11-11,103.8855,103.8855,0.0,0.1,-0.0,72351.75592424042,0.0,0.1,-0.0,68630.06944738457
7562,2024-11-11,100.0638,100.0638,0.0,0.1,-0.0,72351.75592424042,0.0,0.1,-0.0,68630.06944738457
7563,2024-11-11,99.18304,99.18304,2.0,0.575,-198.36608,72153.38984424042,2.0,0.575,-198.36608,68431.70336738456
7564,2024-11-11,99.28923,99.28923,1.3684210526315792,0.9,-135.869472631579,72017.52037160884,1.3684210526315792,0.9,-135.869472631579,68295.83389475298
7565,2024-11-11,105.33248,105.33248,0.0,0.9,-0.0,72017.52037160884,0.0,0.9,-0.0,68295.83389475298
7566,2024-11-11,125.0,125.0,0.0,0.9,-0.0,72017.52037160884,0.0,0.9,-0.0,68295.83389475298
7567,2024-11-11,140.37,140.37,-1.200000000031131,0.5842105263075972,168.44400000436988,72185.96437161321,-1.8,0.4263157894736842,252.66600000000003,68548.49989475298
7568,2024-11-11,149.07,149.07,-1.8399999999688692,0.1,274.28879999535934,72460.25317160857,-1.24,0.1,184.8468,68733.34669475298
7569,2024-11-11,127.61,127.61,0.0,0.1,-0.0,72460.25317160857,0.0,0.1,-0.0,68733.34669475298
7570,2024-11-11,125.07,125.07,0.0,0.1,-0.0,72460.25317160857,0.0,0.1,-0.0,68733.34669475298
7571,2024-11-11,122.23,122.23,0.0,0.1,-0.0,72460.25317160857,0.0,0.1,-0.0,68733.34669475298
7572,2024-11-11,117.99,117.99,2.0,0.575,-235.98,72224.27317160857,2.0,0.575,-235.98,68497.36669475299
7573,2024-11-11,118.91,118.91,1.3684210526315792,0.9,-162.71894736842108,72061.55422424014,1.3684210526315792,0.9,-162.71894736842108,68334.64774738456
7574,2024-11-11,128.06,128.06,0.0,0.9,-0.0,72061.55422424014,0.0,0.9,-0.0,68334.64774738456
7575,2024-11-11,149.59,149.59,0.0,0.9,-0.0,72061.55422424014,0.0,0.9,-0.0,68334.64774738456
7576,2024-11-11,151.0,151.0,0.0,0.9,-0.0,72061.55422424014,0.0,0.9,-0.0,68334.64774738456
7577,2024-11-11,154.47,154.47,0.0,0.9,-0.0,72061.55422424014,-1.8,0.4263157894736842,278.046,68612.69374738456
7578,2024-11-11,156.7,156.7,-2.0,0.37368421052631584,313.4,72374.95422424014,-1.24,0.1,194.308,68807.00174738457
7579,2024-11-11,158.28,158.28,-1.0400000000000003,0.1,164.61120000000005,72539.56542424014,0.0,0.1,-0.0,68807.00174738457
7580,2024-11-11,136.94,136.94,0.0,0.1,-0.0,72539.56542424014,0.0,0.1,-0.0,68807.00174738457
7581,2024-11-11,127.28,127.28,0.0,0.1,-0.0,72539.56542424014,0.0,0.1,-0.0,68807.00174738457
7582,2024-11-11,125.0,125.0,0.0,0.1,-0.0,72539.56542424014,0.0,0.1,-0.0,68807.00174738457
7583,2024-11-11,120.0,120.0,0.0,0.1,-0.0,72539.56542424014,0.0,0.1,-0.0,68807.00174738457
7584,2024-11-12,116.59,116.59,0.0,0.1,-0.0,72539.56542424014,0.0,0.1,-0.0,68807.00174738457
7585,2024-11-12,111.18,111.18,2.0,0.575,-222.36,72317.20542424014,0.0,0.1,-0.0,68807.00174738457
7586,2024-11-12,111.6,111.6,1.3684210526315792,0.9,-152.71578947368423,72164.48963476645,0.0,0.1,-0.0,68807.00174738457
7587,2024-11-12,111.6,111.6,0.0,0.9,-0.0,72164.48963476645,2.0,0.575,-223.2,68583.80174738457
7588,2024-11-12,115.27,115.27,0.0,0.9,-0.0,72164.48963476645,1.3684210526315792,0.9,-157.73789473684212,68426.06385264773
7589,2024-11-12,121.89473,121.89473,0.0,0.9,-0.0,72164.48963476645,0.0,0.9,-0.0,68426.06385264773
7590,2024-11-12,140.0,140.0,0.0,0.9,-0.0,72164.48963476645,0.0,0.9,-0.0,68426.06385264773
7591,2024-11-12,168.14,168.14,-1.20000000003173,0.5842105263074395,201.76800000533504,72366.25763477178,-1.8,0.4263157894736842,302.652,68728.71585264773
7592,2024-11-12,175.05,175.05,-1.8399999999682701,0.1,322.0919999944457,72688.34963476623,-1.24,0.1,217.062,68945.77785264773
7593,2024-11-12,157.83746,157.83746,0.0,0.1,-0.0,72688.34963476623,0.0,0.1,-0.0,68945.77785264773
7594,2024-11-12,147.40031,147.40031,0.0,0.1,-0.0,72688.34963476623,0.0,0.1,-0.0,68945.77785264773
7595,2024-11-12,139.30004,139.30004,0.0,0.1,-0.0,72688.34963476623,0.0,0.1,-0.0,68945.77785264773
7596,2024-11-12,130.36075,130.36075,2.0,0.575,-260.7215,72427.62813476623,2.0,0.575,-260.7215,68685.05635264773
7597,2024-11-12,139.10414,139.10414,1.3684210526315792,0.9,-190.35303368421057,72237.27510108202,1.3684210526315792,0.9,-190.35303368421057,68494.70331896353
7598,2024-11-12,143.7858,143.7858,0.0,0.9,-0.0,72237.27510108202,0.0,0.9,-0.0,68494.70331896353
7599,2024-11-12,150.41707,150.41707,0.0,0.9,-0.0,72237.27510108202,0.0,0.9,-0.0,68494.70331896353
7600,2024-11-12,153.11162,153.11162,0.0,0.9,-0.0,72237.27510108202,0.0,0.9,-0.0,68494.70331896353
7601,2024-11-12,168.52,168.52,-2.0,0.37368421052631584,337.04,72574.31510108201,-1.8,0.4263157894736842,303.336,68798.03931896352
7602,2024-11-12,161.84,161.84,-1.0400000000000003,0.1,168.31360000000004,72742.62870108201,-1.24,0.1,200.6816,68998.72091896352
7603,2024-11-12,159.5,159.5,0.0,0.1,-0.0,72742.62870108201,0.0,0.1,-0.0,68998.72091896352
7604,2024-11-12,145.22307,145.22307,0.0,0.1,-0.0,72742.62870108201,0.0,0.1,-0.0,68998.72091896352
7605,2024-11-12,134.95265,134.95265,0.0,0.1,-0.0,72742.62870108201,0.0,0.1,-0.0,68998.72091896352
7606,2024-11-12,128.47,128.47,0.0,0.1,-0.0,72742.62870108201,0.0,0.1,-0.0,68998.72091896352
7607,2024-11-12,119.46142,119.46142,0.0,0.1,-0.0,72742.62870108201,0.0,0.1,-0.0,68998.72091896352
7608,2024-11-13,118.93,118.93,0.0,0.1,-0.0,72742.62870108201,0.0,0.1,-0.0,68998.72091896352
7609,2024-11-13,113.2,113.2,0.0,0.1,-0.0,72742.62870108201,0.0,0.1,-0.0,68998.72091896352
7610,2024-11-13,108.9,108.9,2.0,0.575,-217.8,72524.828701082,0.0,0.1,-0.0,68998.72091896352
7611,2024-11-13,110.52,110.52,1.3684210526315792,0.9,-151.23789473684212,72373.59080634516,2.0,0.575,-221.04,68777.68091896352
7612,2024-11-13,112.88889,112.88889,0.0,0.9,-0.0,72373.59080634516,1.3684210526315792,0.9,-154.47953368421057,68623.20138527932
7613,2024-11-13,123.01,123.01,0.0,0.9,-0.0,72373.59080634516,0.0,0.9,-0.0,68623.20138527932
7614,2024-11-13,131.23,131.23,0.0,0.9,-0.0,72373.59080634516,0.0,0.9,-0.0,68623.20138527932
7615,2024-11-13,145.30743,145.30743,-1.1999999997454913,0.5842105263827655,174.368915963018,72547.95972230818,-1.8,0.4263157894736842,261.553374,68884.75475927931
7616,2024-11-13,154.97605,154.97605,-1.840000000254509,0.1,285.15593203944275,72833.11565434762,-1.24,0.1,192.170302,69076.92506127931
7617,2024-11-13,141.18333,141.18333,0.0,0.1,-0.0,72833.11565434762,0.0,0.1,-0.0,69076.92506127931
7618,2024-11-13,130.97911,130.97911,0.0,0.1,-0.0,72833.11565434762,0.0,0.1,-0.0,69076.92506127931
7619,2024-11-13,127.0,127.0,1.3684210629437463,0.4250000024491397,-173.78947499385578,72659.32617935377,2.0,0.575,-254.0,68822.92506127931
7620,2024-11-13,126.42,126.42,1.9999999896878329,0.9,-252.83999869633584,72406.48618065743,1.3684210526315792,0.9,-172.99578947368425,68649.92927180562
7621,2024-11-13,129.22805,129.22805,0.0,0.9,-0.0,72406.48618065743,0.0,0.9,-0.0,68649.92927180562
7622,2024-11-13,139.81873,139.81873,0.0,0.9,-0.0,72406.48618065743,0.0,0.9,-0.0,68649.92927180562
7623,2024-11-13,152.94722,152.94722,0.0,0.9,-0.0,72406.48618065743,0.0,0.9,-0.0,68649.92927180562
7624,2024-11-13,179.0,179.0,0.0,0.9,-0.0,72406.48618065743,-1.2,0.5842105263157895,214.79999999999998,68864.72927180563
7625,2024-11-13,186.54,186.54,-2.0,0.37368421052631584,373.08,72779.56618065744,-1.8,0.1105263157894737,335.772,69200.50127180562
7626,2024-11-13,185.7,185.7,-1.0400000000000003,0.1,193.12800000000004,72972.69418065743,-0.040000000000000015,0.1,7.428000000000003,69207.92927180562
7627,2024-11-13,162.47272,162.47272,0.0,0.1,-0.0,72972.69418065743,0.0,0.1,-0.0,69207.92927180562
7628,2024-11-13,144.68,144.68,0.0,0.1,-0.0,72972.69418065743,0.0,0.1,-0.0,69207.92927180562
7629,2024-11-13,135.59,135.59,0.0,0.1,-0.0,72972.69418065743,0.0,0.1,-0.0,69207.92927180562
7630,2024-11-13,129.52,129.52,0.0,0.1,-0.0,72972.69418065743,0.0,0.1,-0.0,69207.92927180562
7631,2024-11-13,123.58,123.58,0.0,0.1,-0.0,72972.69418065743,0.0,0.1,-0.0,69207.92927180562
7632,2024-11-14,118.63,118.63,0.0,0.1,-0.0,72972.69418065743,0.0,0.1,-0.0,69207.92927180562
7633,2024-11-14,113.65,113.65,0.0,0.1,-0.0,72972.69418065743,0.0,0.1,-0.0,69207.92927180562
7634,2024-11-14,113.46,113.46,0.0,0.1,-0.0,72972.69418065743,0.0,0.1,-0.0,69207.92927180562
7635,2024-11-14,112.43,112.43,1.3684210526317406,0.42500000000003835,-153.8515789473866,72818.84260171004,2.0,0.575,-224.86,68983.06927180562
7636,2024-11-14,111.69,111.69,1.9999999999998388,0.9,-223.379999999982,72595.46260171007,1.3684210526315792,0.9,-152.8389473684211,68830.2303244372
7637,2024-11-14,122.0,122.0,0.0,0.9,-0.0,72595.46260171007,0.0,0.9,-0.0,68830.2303244372
7638,2024-11-14,133.52,133.52,0.0,0.9,-0.0,72595.46260171007,0.0,0.9,-0.0,68830.2303244372
7639,2024-11-14,136.1,136.1,0.0,0.9,-0.0,72595.46260171007,0.0,0.9,-0.0,68830.2303244372
7640,2024-11-14,155.0,155.0,-2.0,0.37368421052631584,310.0,72905.46260171007,-1.8,0.4263157894736842,279.0,69109.2303244372
7641,2024-11-14,146.0,146.0,-1.0400000000000003,0.1,151.84000000000003,73057.30260171006,-1.24,0.1,181.04,69290.2703244372
7642,2024-11-14,130.17765,130.17765,0.0,0.1,-0.0,73057.30260171006,0.0,0.1,-0.0,69290.2703244372
7643,2024-11-14,130.27,130.27,0.0,0.1,-0.0,73057.30260171006,0.0,0.1,-0.0,69290.2703244372
7644,2024-11-14,128.62,128.62,2.0,0.575,-257.24,72800.06260171006,2.0,0.575,-257.24,69033.03032443719
7645,2024-11-14,128.62,128.62,1.3684210526315792,0.9,-176.00631578947372,72624.05628592058,1.3684210526315792,0.9,-176.00631578947372,68857.02400864771
7646,2024-11-14,131.93,131.93,0.0,0.9,-0.0,72624.05628592058,0.0,0.9,-0.0,68857.02400864771
7647,2024-11-14,147.59,147.59,0.0,0.9,-0.0,72624.05628592058,0.0,0.9,-0.0,68857.02400864771
7648,2024-11-14,155.0,155.0,-2.0,0.37368421052631584,310.0,72934.05628592058,0.0,0.9,-0.0,68857.02400864771
7649,2024-11-14,161.681,161.681,-1.0400000000000003,0.1,168.14824000000004,73102.20452592058,-1.8,0.4263157894736842,291.0258,69148.04980864772
7650,2024-11-14,159.29379,159.29379,0.0,0.1,-0.0,73102.20452592058,-1.24,0.1,197.5242996,69345.57410824772
7651,2024-11-14,151.63,151.63,0.0,0.1,-0.0,73102.20452592058,0.0,0.1,-0.0,69345.57410824772
7652,2024-11-14,140.09591,140.09591,0.0,0.1,-0.0,73102.20452592058,0.0,0.1,-0.0,69345.57410824772
7653,2024-11-14,130.0,130.0,0.0,0.1,-0.0,73102.20452592058,0.0,0.1,-0.0,69345.57410824772
7654,2024-11-14,127.86,127.86,0.0,0.1,-0.0,73102.20452592058,0.0,0.1,-0.0,69345.57410824772
7655,2024-11-14,118.49,118.49,0.0,0.1,-0.0,73102.20452592058,0.0,0.1,-0.0,69345.57410824772
7656,2024-11-15,121.2,121.2,0.0,0.1,-0.0,73102.20452592058,0.0,0.1,-0.0,69345.57410824772
7657,2024-11-15,112.78,112.78,0.0,0.1,-0.0,73102.20452592058,0.0,0.1,-0.0,69345.57410824772
7658,2024-11-15,110.1,110.1,0.0,0.1,-0.0,73102.20452592058,0.0,0.1,-0.0,69345.57410824772
7659,2024-11-15,108.2573,108.2573,2.0,0.575,-216.5146,72885.68992592058,2.0,0.575,-216.5146,69129.05950824772
7660,2024-11-15,109.72721,109.72721,1.3684210526315792,0.9,-150.15302421052635,72735.53690171006,1.3684210526315792,0.9,-150.15302421052635,68978.9064840372
7661,2024-11-15,113.6,113.6,0.0,0.9,-0.0,72735.53690171006,0.0,0.9,-0.0,68978.9064840372
7662,2024-11-15,137.90306,137.90306,0.0,0.9,-0.0,72735.53690171006,0.0,0.9,-0.0,68978.9064840372
7663,2024-11-15,160.0,160.0,-2.0,0.37368421052631584,320.0,73055.53690171006,-1.8,0.4263157894736842,288.0,69266.9064840372
7664,2024-11-15,165.0,165.0,-1.0400000000000003,0.1,171.60000000000005,73227.13690171007,-1.24,0.1,204.6,69471.5064840372
7665,2024-11-15,145.05507,145.05507,0.0,0.1,-0.0,73227.13690171007,0.0,0.1,-0.0,69471.5064840372
7666,2024-11-15,130.62014,130.62014,0.0,0.1,-0.0,73227.13690171007,0.0,0.1,-0.0,69471.5064840372
7667,2024-11-15,124.67753,124.67753,0.0,0.1,-0.0,73227.13690171007,0.0,0.1,-0.0,69471.5064840372
7668,2024-11-15,119.92132,119.92132,2.0,0.575,-239.84264,72987.29426171006,2.0,0.575,-239.84264,69231.6638440372
7669,2024-11-15,119.34888,119.34888,1.3684210526315792,0.9,-163.31952,72823.97474171006,1.3684210526315792,0.9,-163.31952,69068.3443240372
7670,2024-11-15,126.15739,126.15739,0.0,0.9,-0.0,72823.97474171006,0.0,0.9,-0.0,69068.3443240372
7671,2024-11-15,140.22,140.22,0.0,0.9,-0.0,72823.97474171006,0.0,0.9,-0.0,69068.3443240372
7672,2024-11-15,150.54674,150.54674,0.0,0.9,-0.0,72823.97474171006,0.0,0.9,-0.0,69068.3443240372
7673,2024-11-15,160.8,160.8,-2.0,0.37368421052631584,321.6,73145.57474171006,-1.8,0.4263157894736842,289.44000000000005,69357.7843240372
7674,2024-11-15,161.15,161.15,-1.0400000000000003,0.1,167.59600000000006,73313.17074171007,-1.24,0.1,199.826,69557.6103240372
7675,2024-11-15,161.95,161.95,0.0,0.1,-0.0,73313.17074171007,0.0,0.1,-0.0,69557.6103240372
7676,2024-11-15,150.0,150.0,0.0,0.1,-0.0,73313.17074171007,0.0,0.1,-0.0,69557.6103240372
7677,2024-11-15,140.22,140.22,0.0,0.1,-0.0,73313.17074171007,0.0,0.1,-0.0,69557.6103240372
7678,2024-11-15,134.0,134.0,0.0,0.1,-0.0,73313.17074171007,0.0,0.1,-0.0,69557.6103240372
7679,2024-11-15,125.97338,125.97338,0.0,0.1,-0.0,73313.17074171007,0.0,0.1,-0.0,69557.6103240372
7680,2024-11-16,124.16,124.16,0.0,0.1,-0.0,73313.17074171007,0.0,0.1,-0.0,69557.6103240372
7681,2024-11-16,121.5,121.5,0.0,0.1,-0.0,73313.17074171007,0.0,0.1,-0.0,69557.6103240372
7682,2024-11-16,116.26116,116.26116,1.3684210537469284,0.4250000002648955,-159.09421907704024,73154.07652263303,0.0,0.1,-0.0,69557.6103240372
7683,2024-11-16,111.62741,111.62741,1.9999999988846509,0.9,-223.25481987549645,72930.82170275753,2.0,0.575,-223.25482,69334.3555040372
7684,2024-11-16,118.24,118.24,0.0,0.9,-0.0,72930.82170275753,1.3684210526315792,0.9,-161.80210526315793,69172.55339877405
7685,2024-11-16,122.71,122.71,0.0,0.9,-0.0,72930.82170275753,0.0,0.9,-0.0,69172.55339877405
7686,2024-11-16,140.0,140.0,0.0,0.9,-0.0,72930.82170275753,0.0,0.9,-0.0,69172.55339877405
7687,2024-11-16,155.0,155.0,-2.0,0.37368421052631584,310.0,73240.82170275753,-1.8,0.4263157894736842,279.0,69451.55339877405
7688,2024-11-16,155.33174,155.33174,-1.0400000000000003,0.1,161.54500960000004,73402.36671235753,-1.24,0.1,192.6113576,69644.16475637406
7689,2024-11-16,131.64,131.64,0.0,0.1,-0.0,73402.36671235753,0.0,0.1,-0.0,69644.16475637406
7690,2024-11-16,121.62,121.62,0.0,0.1,-0.0,73402.36671235753,0.0,0.1,-0.0,69644.16475637406
7691,2024-11-16,106.34506,106.34506,0.0,0.1,-0.0,73402.36671235753,2.0,0.575,-212.69012,69431.47463637406
7692,2024-11-16,103.41,103.41,2.0,0.575,-206.82,73195.54671235752,1.3684210526315792,0.9,-141.5084210526316,69289.96621532143
7693,2024-11-16,106.1,106.1,1.3684210526315792,0.9,-145.18947368421055,73050.35723867331,0.0,0.9,-0.0,69289.96621532143
7694,2024-11-16,123.06,123.06,0.0,0.9,-0.0,73050.35723867331,0.0,0.9,-0.0,69289.96621532143
7695,2024-11-16,135.72,135.72,0.0,0.9,-0.0,73050.35723867331,0.0,0.9,-0.0,69289.96621532143
7696,2024-11-16,154.68,154.68,0.0,0.9,-0.0,73050.35723867331,0.0,0.9,-0.0,69289.96621532143
7697,2024-11-16,167.54321,167.54321,-2.0,0.37368421052631584,335.08642,73385.44365867332,-1.2,0.5842105263157895,201.05185199999997,69491.01806732143
7698,2024-11-16,166.62377,166.62377,-1.0400000000000003,0.1,173.28872080000005,73558.73237947332,-1.8,0.1105263157894737,299.92278600000003,69790.94085332143
7699,2024-11-16,164.50457,164.50457,0.0,0.1,-0.0,73558.73237947332,-0.040000000000000015,0.1,6.580182800000003,69797.52103612143
7700,2024-11-16,152.04106,152.04106,0.0,0.1,-0.0,73558.73237947332,0.0,0.1,-0.0,69797.52103612143
7701,2024-11-16,137.16769,137.16769,0.0,0.1,-0.0,73558.73237947332,0.0,0.1,-0.0,69797.52103612143
7702,2024-11-16,131.84886,131.84886,0.0,0.1,-0.0,73558.73237947332,0.0,0.1,-0.0,69797.52103612143
7703,2024-11-16,129.6402,129.6402,0.0,0.1,-0.0,73558.73237947332,0.0,0.1,-0.0,69797.52103612143
7704,2024-11-17,123.18661,123.18661,0.0,0.1,-0.0,73558.73237947332,0.0,0.1,-0.0,69797.52103612143
7705,2024-11-17,119.99029,119.99029,0.0,0.1,-0.0,73558.73237947332,0.0,0.1,-0.0,69797.52103612143
7706,2024-11-17,114.22,114.22,0.0,0.1,-0.0,73558.73237947332,0.0,0.1,-0.0,69797.52103612143
7707,2024-11-17,110.9,110.9,2.0,0.575,-221.8,73336.93237947332,0.0,0.1,-0.0,69797.52103612143
7708,2024-11-17,108.77641,108.77641,1.3684210526315792,0.9,-148.85192947368424,73188.08044999963,2.0,0.575,-217.55282,69579.96821612143
7709,2024-11-17,118.0,118.0,0.0,0.9,-0.0,73188.08044999963,1.3684210526315792,0.9,-161.47368421052636,69418.49453191091
7710,2024-11-17,120.59232,120.59232,0.0,0.9,-0.0,73188.08044999963,0.0,0.9,-0.0,69418.49453191091
7711,2024-11-17,123.26732,123.26732,-2.0,0.37368421052631584,246.53464,73434.61508999963,-1.8,0.4263157894736842,221.881176,69640.3757079109
7712,2024-11-17,121.32,121.32,-1.0400000000000003,0.1,126.17280000000002,73560.78788999963,-1.24,0.1,150.43679999999998,69790.8125079109
7713,2024-11-17,119.71,119.71,0.0,0.1,-0.0,73560.78788999963,0.0,0.1,-0.0,69790.8125079109
7714,2024-11-17,109.19105,109.19105,0.0,0.1,-0.0,73560.78788999963,0.0,0.1,-0.0,69790.8125079109
7715,2024-11-17,103.11,103.11,2.0,0.575,-206.22,73354.56788999963,0.0,0.1,-0.0,69790.8125079109
7716,2024-11-17,104.5,104.5,0.0,0.575,-0.0,73354.56788999963,2.0,0.575,-209.0,69581.8125079109
7717,2024-11-17,103.17,103.17,1.3684210526315792,0.9,-141.18000000000004,73213.38788999963,1.3684210526315792,0.9,-141.18000000000004,69440.63250791091
7718,2024-11-17,116.0,116.0,0.0,0.9,-0.0,73213.38788999963,0.0,0.9,-0.0,69440.63250791091
7719,2024-11-17,130.92,130.92,0.0,0.9,-0.0,73213.38788999963,0.0,0.9,-0.0,69440.63250791091
7720,2024-11-17,141.0,141.0,0.0,0.9,-0.0,73213.38788999963,0.0,0.9,-0.0,69440.63250791091
7721,2024-11-17,146.5,146.5,0.0,0.9,-0.0,73213.38788999963,0.0,0.9,-0.0,69440.63250791091
7722,2024-11-17,155.85,155.85,-1.2000000015064656,0.5842105259193512,187.02000023478266,73400.40789023442,-1.8,0.4263157894736842,280.53,69721.1625079109
7723,2024-11-17,159.24,159.24,-1.8399999984935345,0.1,293.0015997601104,73693.40948999453,-1.24,0.1,197.4576,69918.6201079109
7724,2024-11-17,147.19,147.19,0.0,0.1,-0.0,73693.40948999453,0.0,0.1,-0.0,69918.6201079109
7725,2024-11-17,134.65,134.65,0.0,0.1,-0.0,73693.40948999453,0.0,0.1,-0.0,69918.6201079109
7726,2024-11-17,126.0,126.0,0.0,0.1,-0.0,73693.40948999453,0.0,0.1,-0.0,69918.6201079109
7727,2024-11-17,115.3,115.3,0.0,0.1,-0.0,73693.40948999453,0.0,0.1,-0.0,69918.6201079109
7728,2024-11-18,114.44,114.44,0.0,0.1,-0.0,73693.40948999453,0.0,0.1,-0.0,69918.6201079109
7729,2024-11-18,106.83139,106.83139,1.368421052631593,0.4250000000000034,-146.19032315789624,73547.21916683664,0.0,0.1,-0.0,69918.6201079109
7730,2024-11-18,103.45,103.45,1.999999999999986,0.9,-206.89999999999856,73340.31916683665,0.0,0.1,-0.0,69918.6201079109
7731,2024-11-18,111.0,111.0,0.0,0.9,-0.0,73340.31916683665,2.0,0.575,-222.0,69696.6201079109
7732,2024-11-18,111.0,111.0,0.0,0.9,-0.0,73340.31916683665,1.3684210526315792,0.9,-151.8947368421053,69544.7253710688
7733,2024-11-18,117.1,117.1,0.0,0.9,-0.0,73340.31916683665,0.0,0.9,-0.0,69544.7253710688
7734,2024-11-18,140.43,140.43,0.0,0.9,-0.0,73340.31916683665,0.0,0.9,-0.0,69544.7253710688
7735,2024-11-18,153.0,153.0,0.0,0.9,-0.0,73340.31916683665,-1.8,0.4263157894736842,275.40000000000003,69820.12537106879
7736,2024-11-18,150.0,150.0,0.0,0.9,-0.0,73340.31916683665,-1.24,0.1,186.0,70006.12537106879
7737,2024-11-18,141.66,141.66,-2.0,0.37368421052631584,283.32,73623.63916683666,0.0,0.1,-0.0,70006.12537106879
7738,2024-11-18,133.96,133.96,0.0,0.37368421052631584,-0.0,73623.63916683666,0.0,0.1,-0.0,70006.12537106879
7739,2024-11-18,130.36,130.36,0.0,0.37368421052631584,-0.0,73623.63916683666,0.0,0.1,-0.0,70006.12537106879
7740,2024-11-18,124.0,124.0,2.0,0.8486842105263158,-248.0,73375.63916683666,2.0,0.575,-248.0,69758.12537106879
7741,2024-11-18,127.8,127.8,0.21606648199445982,0.9,-27.613296398891965,73348.02587043776,1.3684210526315792,0.9,-174.88421052631583,69583.24116054247
7742,2024-11-18,133.1,133.1,0.0,0.9,-0.0,73348.02587043776,0.0,0.9,-0.0,69583.24116054247
7743,2024-11-18,155.0,155.0,0.0,0.9,-0.0,73348.02587043776,0.0,0.9,-0.0,69583.24116054247
7744,2024-11-18,164.23,164.23,0.0,0.9,-0.0,73348.02587043776,0.0,0.9,-0.0,69583.24116054247
7745,2024-11-18,169.75,169.75,0.0,0.9,-0.0,73348.02587043776,-1.8,0.4263157894736842,305.55,69888.79116054247
7746,2024-11-18,174.61525,174.61525,-2.0,0.37368421052631584,349.2305,73697.25637043777,-1.24,0.1,216.52291,70105.31407054247
7747,2024-11-18,170.56223,170.56223,-1.0400000000000003,0.1,177.38471920000003,73874.64108963776,0.0,0.1,-0.0,70105.31407054247
7748,2024-11-18,156.25576,156.25576,0.0,0.1,-0.0,73874.64108963776,0.0,0.1,-0.0,70105.31407054247
7749,2024-11-18,141.66,141.66,0.0,0.1,-0.0,73874.64108963776,0.0,0.1,-0.0,70105.31407054247
7750,2024-11-18,132.91,132.91,0.0,0.1,-0.0,73874.64108963776,0.0,0.1,-0.0,70105.31407054247
7751,2024-11-18,129.93,129.93,0.0,0.1,-0.0,73874.64108963776,0.0,0.1,-0.0,70105.31407054247
7752,2024-11-19,123.27,123.27,2.0,0.575,-246.54,73628.10108963777,0.0,0.1,-0.0,70105.31407054247
7753,2024-11-19,120.0,120.0,0.0,0.575,-0.0,73628.10108963777,0.0,0.1,-0.0,70105.31407054247
7754,2024-11-19,116.84,116.84,0.0,0.575,-0.0,73628.10108963777,0.0,0.1,-0.0,70105.31407054247
7755,2024-11-19,116.0,116.0,1.3684210526315792,0.9,-158.73684210526318,73469.3642475325,2.0,0.575,-232.0,69873.31407054247
7756,2024-11-19,116.36,116.36,0.0,0.9,-0.0,73469.3642475325,1.3684210526315792,0.9,-159.22947368421055,69714.08459685826
7757,2024-11-19,124.6,124.6,0.0,0.9,-0.0,73469.3642475325,0.0,0.9,-0.0,69714.08459685826
7758,2024-11-19,150.0,150.0,0.0,0.9,-0.0,73469.3642475325,0.0,0.9,-0.0,69714.08459685826
7759,2024-11-19,164.9,164.9,-1.1999999999994484,0.5842105263159346,197.87999999990905,73667.2442475324,0.0,0.9,-0.0,69714.08459685826
7760,2024-11-19,171.36,171.36,-1.8400000000005516,0.1,315.30240000009456,73982.5466475325,-1.8,0.4263157894736842,308.44800000000004,70022.53259685826
7761,2024-11-19,160.0,160.0,0.0,0.1,-0.0,73982.5466475325,-1.24,0.1,198.4,70220.93259685826
7762,2024-11-19,152.80748,152.80748,0.0,0.1,-0.0,73982.5466475325,0.0,0.1,-0.0,70220.93259685826
7763,2024-11-19,152.14078,152.14078,0.0,0.1,-0.0,73982.5466475325,0.0,0.1,-0.0,70220.93259685826
7764,2024-11-19,134.16615,134.16615,2.0,0.575,-268.3323,73714.2143475325,2.0,0.575,-268.3323,69952.60029685826
7765,2024-11-19,136.41926,136.41926,1.3684210526315792,0.9,-186.6789873684211,73527.53536016408,1.3684210526315792,0.9,-186.6789873684211,69765.92130948984
7766,2024-11-19,148.86602,148.86602,0.0,0.9,-0.0,73527.53536016408,0.0,0.9,-0.0,69765.92130948984
7767,2024-11-19,157.73697,157.73697,0.0,0.9,-0.0,73527.53536016408,0.0,0.9,-0.0,69765.92130948984
7768,2024-11-19,164.9,164.9,-1.2000000034888993,0.584210525397658,197.8800005753195,73725.4153607394,-1.8,0.4263157894736842,296.82,70062.74130948985
7769,2024-11-19,168.75,168.75,-1.8399999965111007,0.1,310.49999941124827,74035.91536015064,-1.24,0.1,209.25,70271.99130948985
7770,2024-11-19,152.42772,152.42772,0.0,0.1,-0.0,74035.91536015064,0.0,0.1,-0.0,70271.99130948985
7771,2024-11-19,145.34897,145.34897,0.0,0.1,-0.0,74035.91536015064,0.0,0.1,-0.0,70271.99130948985
7772,2024-11-19,136.06,136.06,0.0,0.1,-0.0,74035.91536015064,0.0,0.1,-0.0,70271.99130948985
7773,2024-11-19,132.34,132.34,0.0,0.1,-0.0,74035.91536015064,0.0,0.1,-0.0,70271.99130948985
7774,2024-11-19,130.0,130.0,0.0,0.1,-0.0,74035.91536015064,0.0,0.1,-0.0,70271.99130948985
7775,2024-11-19,117.86,117.86,0.0,0.1,-0.0,74035.91536015064,0.0,0.1,-0.0,70271.99130948985
7776,2024-11-20,111.11,111.11,0.0,0.1,-0.0,74035.91536015064,0.0,0.1,-0.0,70271.99130948985
7777,2024-11-20,110.0,110.0,0.0,0.1,-0.0,74035.91536015064,0.0,0.1,-0.0,70271.99130948985
7778,2024-11-20,106.9,106.9,0.0,0.1,-0.0,74035.91536015064,0.0,0.1,-0.0,70271.99130948985
7779,2024-11-20,105.9,105.9,1.368421052632627,0.42500000000024896,-144.9157894737952,73890.99957067684,2.0,0.575,-211.8,70060.19130948985
7780,2024-11-20,105.89,105.89,1.999999999998952,0.9,-211.77999999988901,73679.21957067696,1.3684210526315792,0.9,-144.90210526315792,69915.28920422669
7781,2024-11-20,109.17,109.17,0.0,0.9,-0.0,73679.21957067696,0.0,0.9,-0.0,69915.28920422669
7782,2024-11-20,135.4,135.4,0.0,0.9,-0.0,73679.21957067696,0.0,0.9,-0.0,69915.28920422669
7783,2024-11-20,140.0,140.0,0.0,0.9,-0.0,73679.21957067696,0.0,0.9,-0.0,69915.28920422669
7784,2024-11-20,151.36,151.36,-2.0,0.37368421052631584,302.72,73981.93957067696,-1.8,0.4263157894736842,272.44800000000004,70187.7372042267
7785,2024-11-20,146.77,146.77,-1.0400000000000003,0.1,152.64080000000004,74134.58037067695,-1.24,0.1,181.9948,70369.7320042267
7786,2024-11-20,136.97,136.97,0.0,0.1,-0.0,74134.58037067695,0.0,0.1,-0.0,70369.7320042267
7787,2024-11-20,134.61821,134.61821,0.0,0.1,-0.0,74134.58037067695,0.0,0.1,-0.0,70369.7320042267
7788,2024-11-20,127.23439,127.23439,2.0,0.575,-254.46878,73880.11159067696,2.0,0.575,-254.46878,70115.2632242267
7789,2024-11-20,130.91676,130.91676,1.3684210526315792,0.9,-179.14925052631583,73700.96234015064,1.3684210526315792,0.9,-179.14925052631583,69936.11397370038
7790,2024-11-20,138.38609,138.38609,0.0,0.9,-0.0,73700.96234015064,0.0,0.9,-0.0,69936.11397370038
7791,2024-11-20,144.25,144.25,0.0,0.9,-0.0,73700.96234015064,0.0,0.9,-0.0,69936.11397370038
7792,2024-11-20,152.99,152.99,0.0,0.9,-0.0,73700.96234015064,-1.8,0.4263157894736842,275.382,70211.49597370038
7793,2024-11-20,154.93,154.93,-2.0,0.37368421052631584,309.86,74010.82234015064,-1.24,0.1,192.1132,70403.60917370039
7794,2024-11-20,154.7,154.7,-1.0400000000000003,0.1,160.88800000000003,74171.71034015065,0.0,0.1,-0.0,70403.60917370039
7795,2024-11-20,148.84223,148.84223,0.0,0.1,-0.0,74171.71034015065,0.0,0.1,-0.0,70403.60917370039
7796,2024-11-20,135.98,135.98,0.0,0.1,-0.0,74171.71034015065,0.0,0.1,-0.0,70403.60917370039
7797,2024-11-20,126.61988,126.61988,0.0,0.1,-0.0,74171.71034015065,0.0,0.1,-0.0,70403.60917370039
7798,2024-11-20,123.65,123.65,0.0,0.1,-0.0,74171.71034015065,0.0,0.1,-0.0,70403.60917370039
7799,2024-11-20,111.02,111.02,0.0,0.1,-0.0,74171.71034015065,0.0,0.1,-0.0,70403.60917370039
7800,2024-11-21,110.0,110.0,0.0,0.1,-0.0,74171.71034015065,0.0,0.1,-0.0,70403.60917370039
7801,2024-11-21,108.82,108.82,0.0,0.1,-0.0,74171.71034015065,0.0,0.1,-0.0,70403.60917370039
7802,2024-11-21,106.41,106.41,2.0,0.575,-212.82,73958.89034015064,0.0,0.1,-0.0,70403.60917370039
7803,2024-11-21,107.3,107.3,1.3684210526315792,0.9,-146.83157894736846,73812.05876120327,2.0,0.575,-214.6,70189.00917370038
7804,2024-11-21,108.82,108.82,0.0,0.9,-0.0,73812.05876120327,1.3684210526315792,0.9,-148.91157894736844,70040.09759475301
7805,2024-11-21,111.65,111.65,0.0,0.9,-0.0,73812.05876120327,0.0,0.9,-0.0,70040.09759475301
7806,2024-11-21,131.93,131.93,0.0,0.9,-0.0,73812.05876120327,0.0,0.9,-0.0,70040.09759475301
7807,2024-11-21,148.15,148.15,-1.2000382145986301,0.5842004698424658,177.78566149278706,73989.84442269606,-1.8,0.4263157894736842,266.67,70306.76759475301
7808,2024-11-21,160.0,160.0,-1.83996178540137,0.1,294.39388566421917,74284.23830836028,-1.24,0.1,198.4,70505.167594753
7809,2024-11-21,140.0,140.0,0.0,0.1,-0.0,74284.23830836028,0.0,0.1,-0.0,70505.167594753
7810,2024-11-21,134.0,134.0,0.0,0.1,-0.0,74284.23830836028,0.0,0.1,-0.0,70505.167594753
7811,2024-11-21,130.37,130.37,1.3581988252403,0.42257222099457126,-177.0683808465779,74107.16992751369,0.0,0.1,-0.0,70505.167594753
7812,2024-11-21,124.49,124.49,2.0,0.8975722209945712,-248.98,73858.1899275137,2.0,0.575,-248.98,70256.187594753
7813,2024-11-21,130.68,130.68,0.010222227391279105,0.9,-1.3358406754923535,73856.85408683821,1.3684210526315792,0.9,-178.82526315789477,70077.36233159511
7814,2024-11-21,144.42718,144.42718,0.0,0.9,-0.0,73856.85408683821,0.0,0.9,-0.0,70077.36233159511
7815,2024-11-21,156.9169,156.9169,0.0,0.9,-0.0,73856.85408683821,0.0,0.9,-0.0,70077.36233159511
7816,2024-11-21,167.42,167.42,-1.200113640384379,0.5841806209514793,200.92302567315272,74057.77711251136,-1.8,0.4263157894736842,301.356,70378.71833159511
7817,2024-11-21,170.0,170.0,-1.8398863596156212,0.1,312.7806811346556,74370.55779364602,-1.24,0.1,210.8,70589.51833159511
7818,2024-11-21,162.24,162.24,0.0,0.1,-0.0,74370.55779364602,0.0,0.1,-0.0,70589.51833159511
7819,2024-11-21,154.63138,154.63138,0.0,0.1,-0.0,74370.55779364602,0.0,0.1,-0.0,70589.51833159511
7820,2024-11-21,135.78,135.78,0.0,0.1,-0.0,74370.55779364602,0.0,0.1,-0.0,70589.51833159511
7821,2024-11-21,134.0,134.0,0.0,0.1,-0.0,74370.55779364602,0.0,0.1,-0.0,70589.51833159511
7822,2024-11-21,128.23,128.23,0.0,0.1,-0.0,74370.55779364602,0.0,0.1,-0.0,70589.51833159511
7823,2024-11-21,116.96,116.96,2.0,0.575,-233.92,74136.63779364602,0.0,0.1,-0.0,70589.51833159511
7824,2024-11-22,120.38,120.38,1.3684210526315792,0.9,-164.7305263157895,73971.90726733023,0.0,0.1,-0.0,70589.51833159511
7825,2024-11-22,116.56,116.56,0.0,0.9,-0.0,73971.90726733023,0.0,0.1,-0.0,70589.51833159511
7826,2024-11-22,113.0,113.0,0.0,0.9,-0.0,73971.90726733023,0.0,0.1,-0.0,70589.51833159511
7827,2024-11-22,112.5,112.5,0.0,0.9,-0.0,73971.90726733023,2.0,0.575,-225.0,70364.51833159511
7828,2024-11-22,106.4273,106.4273,0.0,0.9,-0.0,73971.90726733023,1.3684210526315792,0.9,-145.63735789473688,70218.88097370038
7829,2024-11-22,114.66,114.66,0.0,0.9,-0.0,73971.90726733023,0.0,0.9,-0.0,70218.88097370038
7830,2024-11-22,142.01,142.01,0.0,0.9,-0.0,73971.90726733023,0.0,0.9,-0.0,70218.88097370038
7831,2024-11-22,155.0,155.0,-1.199790240993255,0.5842657260544066,185.96748735395454,74157.87475468418,-1.8,0.4263157894736842,279.0,70497.88097370038
7832,2024-11-22,170.0,170.0,-1.8402097590067452,0.1,312.8356590311467,74470.71041371532,-1.24,0.1,210.8,70708.68097370038
7833,2024-11-22,149.19728,149.19728,0.0,0.1,-0.0,74470.71041371532,0.0,0.1,-0.0,70708.68097370038
7834,2024-11-22,139.2566,139.2566,0.0,0.1,-0.0,74470.71041371532,0.0,0.1,-0.0,70708.68097370038
7835,2024-11-22,129.95748,129.95748,0.0,0.1,-0.0,74470.71041371532,0.0,0.1,-0.0,70708.68097370038
7836,2024-11-22,126.45818,126.45818,1.3684210526317833,0.42500000000004856,-173.04803578949952,74297.66237792582,2.0,0.575,-252.91636,70455.76461370038
7837,2024-11-22,126.24849,126.24849,1.9999999999997957,0.9,-252.49697999997423,74045.16539792586,1.3684210526315792,0.9,-172.7610915789474,70283.00352212143
7838,2024-11-22,136.14553,136.14553,0.0,0.9,-0.0,74045.16539792586,0.0,0.9,-0.0,70283.00352212143
7839,2024-11-22,142.60311,142.60311,0.0,0.9,-0.0,74045.16539792586,0.0,0.9,-0.0,70283.00352212143
7840,2024-11-22,156.0,156.0,-2.0,0.37368421052631584,312.0,74357.16539792586,0.0,0.9,-0.0,70283.00352212143
7841,2024-11-22,158.50473,158.50473,-1.0400000000000003,0.1,164.84491920000005,74522.01031712585,-1.8,0.4263157894736842,285.308514,70568.31203612144
7842,2024-11-22,153.0,153.0,0.0,0.1,-0.0,74522.01031712585,-1.24,0.1,189.72,70758.03203612144
7843,2024-11-22,153.67,153.67,0.0,0.1,-0.0,74522.01031712585,0.0,0.1,-0.0,70758.03203612144
7844,2024-11-22,142.87,142.87,0.0,0.1,-0.0,74522.01031712585,0.0,0.1,-0.0,70758.03203612144
7845,2024-11-22,140.0,140.0,0.0,0.1,-0.0,74522.01031712585,0.0,0.1,-0.0,70758.03203612144
7846,2024-11-22,135.91,135.91,0.0,0.1,-0.0,74522.01031712585,0.0,0.1,-0.0,70758.03203612144
7847,2024-11-22,133.0,133.0,0.0,0.1,-0.0,74522.01031712585,0.0,0.1,-0.0,70758.03203612144
7848,2024-11-23,131.87,131.87,0.0,0.1,-0.0,74522.01031712585,0.0,0.1,-0.0,70758.03203612144
7849,2024-11-23,130.4,130.4,0.0,0.1,-0.0,74522.01031712585,0.0,0.1,-0.0,70758.03203612144
7850,2024-11-23,126.5,126.5,0.0,0.1,-0.0,74522.01031712585,0.0,0.1,-0.0,70758.03203612144
7851,2024-11-23,121.8,121.8,2.0,0.575,-243.6,74278.41031712585,2.0,0.575,-243.6,70514.43203612143
7852,2024-11-23,122.5,122.5,1.3684210526315792,0.9,-167.63157894736844,74110.77873817847,1.3684210526315792,0.9,-167.63157894736844,70346.80045717406
7853,2024-11-23,125.0,125.0,0.0,0.9,-0.0,74110.77873817847,0.0,0.9,-0.0,70346.80045717406
7854,2024-11-23,137.83,137.83,0.0,0.9,-0.0,74110.77873817847,0.0,0.9,-0.0,70346.80045717406
7855,2024-11-23,150.95309,150.95309,-1.2000000000001882,0.58421052631574,181.14370800002843,74291.9224461785,-1.8,0.4263157894736842,271.71556200000003,70618.51601917406
7856,2024-11-23,152.31,152.31,-1.839999999999812,0.1,280.25039999997136,74572.17284617848,-1.24,0.1,188.8644,70807.38041917406
7857,2024-11-23,138.59,138.59,0.0,0.1,-0.0,74572.17284617848,0.0,0.1,-0.0,70807.38041917406
7858,2024-11-23,125.6,125.6,0.0,0.1,-0.0,74572.17284617848,0.0,0.1,-0.0,70807.38041917406
7859,2024-11-23,118.15,118.15,2.0,0.575,-236.3,74335.87284617848,0.0,0.1,-0.0,70807.38041917406
7860,2024-11-23,120.0,120.0,0.0,0.575,-0.0,74335.87284617848,2.0,0.575,-240.0,70567.38041917406
7861,2024-11-23,118.09,118.09,1.3684210526315792,0.9,-161.5968421052632,74174.27600407321,1.3684210526315792,0.9,-161.5968421052632,70405.7835770688
7862,2024-11-23,126.9,126.9,0.0,0.9,-0.0,74174.27600407321,0.0,0.9,-0.0,70405.7835770688
7863,2024-11-23,135.84694,135.84694,0.0,0.9,-0.0,74174.27600407321,0.0,0.9,-0.0,70405.7835770688
7864,2024-11-23,158.53799,158.53799,0.0,0.9,-0.0,74174.27600407321,0.0,0.9,-0.0,70405.7835770688
7865,2024-11-23,160.88272,160.88272,0.0,0.9,-0.0,74174.27600407321,0.0,0.9,-0.0,70405.7835770688
7866,2024-11-23,168.83637,168.83637,-2.0,0.37368421052631584,337.67274,74511.9487440732,-1.8,0.4263157894736842,303.905466,70709.68904306879
7867,2024-11-23,167.55749,167.55749,-1.0400000000000003,0.1,174.25978960000003,74686.2085336732,-1.24,0.1,207.7712876,70917.4603306688
7868,2024-11-23,154.61583,154.61583,0.0,0.1,-0.0,74686.2085336732,0.0,0.1,-0.0,70917.4603306688
7869,2024-11-23,144.0,144.0,0.0,0.1,-0.0,74686.2085336732,0.0,0.1,-0.0,70917.4603306688
7870,2024-11-23,138.07,138.07,0.0,0.1,-0.0,74686.2085336732,0.0,0.1,-0.0,70917.4603306688
7871,2024-11-23,134.67,134.67,0.0,0.1,-0.0,74686.2085336732,0.0,0.1,-0.0,70917.4603306688
7872,2024-11-24,131.87,131.87,0.0,0.1,-0.0,74686.2085336732,0.0,0.1,-0.0,70917.4603306688
7873,2024-11-24,123.38,123.38,0.0,0.1,-0.0,74686.2085336732,0.0,0.1,-0.0,70917.4603306688
7874,2024-11-24,120.88,120.88,0.0,0.1,-0.0,74686.2085336732,0.0,0.1,-0.0,70917.4603306688
7875,2024-11-24,120.4,120.4,0.0,0.1,-0.0,74686.2085336732,0.0,0.1,-0.0,70917.4603306688
7876,2024-11-24,119.0,119.0,2.0,0.575,-238.0,74448.2085336732,0.0,0.1,-0.0,70917.4603306688
7877,2024-11-24,119.26,119.26,0.10526315789473209,0.5999999999999989,-12.55368421052575,74435.65484946268,0.0,0.1,-0.0,70917.4603306688
7878,2024-11-24,127.54,127.54,-1.8999999999999957,0.1,242.32599999999945,74677.98084946268,0.0,0.1,-0.0,70917.4603306688
7879,2024-11-24,124.4,124.4,0.0,0.1,-0.0,74677.98084946268,0.0,0.1,-0.0,70917.4603306688
7880,2024-11-24,124.9,124.9,0.0,0.1,-0.0,74677.98084946268,0.0,0.1,-0.0,70917.4603306688
7881,2024-11-24,121.0,121.0,0.0,0.1,-0.0,74677.98084946268,0.0,0.1,-0.0,70917.4603306688
7882,2024-11-24,117.7,117.7,0.0,0.1,-0.0,74677.98084946268,0.0,0.1,-0.0,70917.4603306688
7883,2024-11-24,110.07,110.07,2.0,0.575,-220.14,74457.84084946268,0.0,0.1,-0.0,70917.4603306688
7884,2024-11-24,117.0,117.0,-0.5999993647659608,0.4171054303247471,70.19992567761741,74528.0407751403,2.0,0.575,-234.0,70683.4603306688
7885,2024-11-24,111.07,111.07,2.0,0.8921054303247471,-222.14,74305.9007751403,1.3684210526315792,0.9,-151.99052631578948,70531.46980435301
7886,2024-11-24,121.79,121.79,0.03324029336948601,0.9,-4.048335329469701,74301.85243981083,0.0,0.9,-0.0,70531.46980435301
7887,2024-11-24,140.47,140.47,0.0,0.9,-0.0,74301.85243981083,0.0,0.9,-0.0,70531.46980435301
7888,2024-11-24,153.21,153.21,0.0,0.9,-0.0,74301.85243981083,0.0,0.9,-0.0,70531.46980435301
7889,2024-11-24,165.44,165.44,0.0,0.9,-0.0,74301.85243981083,-1.8,0.4263157894736842,297.79200000000003,70829.26180435301
7890,2024-11-24,170.0,170.0,-2.0,0.37368421052631584,340.0,74641.85243981083,-1.24,0.1,210.8,71040.06180435301
7891,2024-11-24,166.30264,166.30264,-1.0400000000000003,0.1,172.95474560000005,74814.80718541083,0.0,0.1,-0.0,71040.06180435301
7892,2024-11-24,157.03327,157.03327,0.0,0.1,-0.0,74814.80718541083,0.0,0.1,-0.0,71040.06180435301
7893,2024-11-24,147.0,147.0,0.0,0.1,-0.0,74814.80718541083,0.0,0.1,-0.0,71040.06180435301
7894,2024-11-24,134.0,134.0,0.0,0.1,-0.0,74814.80718541083,0.0,0.1,-0.0,71040.06180435301
7895,2024-11-24,130.82,130.82,0.0,0.1,-0.0,74814.80718541083,0.0,0.1,-0.0,71040.06180435301
7896,2024-11-25,124.5,124.5,0.0,0.1,-0.0,74814.80718541083,0.0,0.1,-0.0,71040.06180435301
7897,2024-11-25,117.46,117.46,2.0,0.575,-234.92,74579.88718541083,0.0,0.1,-0.0,71040.06180435301
7898,2024-11-25,116.63,116.63,1.3684210526315792,0.9,-159.59894736842108,74420.28823804241,0.0,0.1,-0.0,71040.06180435301
7899,2024-11-25,117.0,117.0,0.0,0.9,-0.0,74420.28823804241,2.0,0.575,-234.0,70806.06180435301
7900,2024-11-25,118.6,118.6,0.0,0.9,-0.0,74420.28823804241,1.3684210526315792,0.9,-162.2947368421053,70643.76706751091
7901,2024-11-25,124.0,124.0,0.0,0.9,-0.0,74420.28823804241,0.0,0.9,-0.0,70643.76706751091
7902,2024-11-25,143.5,143.5,0.0,0.9,-0.0,74420.28823804241,0.0,0.9,-0.0,70643.76706751091
7903,2024-11-25,160.0,160.0,-1.2000000000000568,0.5842105263157745,192.0000000000091,74612.28823804243,-1.8,0.4263157894736842,288.0,70931.76706751091
7904,2024-11-25,162.0824,162.0824,-1.8399999999999432,0.1,298.2316159999908,74910.51985404242,-1.24,0.1,200.982176,71132.74924351092
7905,2024-11-25,153.50111,153.50111,0.0,0.1,-0.0,74910.51985404242,0.0,0.1,-0.0,71132.74924351092
7906,2024-11-25,134.0,134.0,1.3584193779642457,0.42262460226650833,-182.02819664720892,74728.4916573952,0.0,0.1,-0.0,71132.74924351092
7907,2024-11-25,135.0,135.0,0.0,0.42262460226650833,-0.0,74728.4916573952,0.0,0.1,-0.0,71132.74924351092
7908,2024-11-25,129.24,129.24,2.0,0.8976246022665083,-258.48,74470.01165739521,2.0,0.575,-258.48,70874.26924351092
7909,2024-11-25,134.08,134.08,0.010001674667333529,0.9,-1.3410245393960798,74468.67063285582,1.3684210526315792,0.9,-183.47789473684216,70690.79134877407
7910,2024-11-25,149.44762,149.44762,0.0,0.9,-0.0,74468.67063285582,0.0,0.9,-0.0,70690.79134877407
7911,2024-11-25,170.60046,170.60046,0.0,0.9,-0.0,74468.67063285582,0.0,0.9,-0.0,70690.79134877407
7912,2024-11-25,178.67399,178.67399,-2.0,0.37368421052631584,357.34798,74826.01861285583,-1.8,0.4263157894736842,321.613182,71012.40453077407
7913,2024-11-25,176.48,176.48,-1.0400000000000003,0.1,183.53920000000002,75009.55781285583,-1.24,0.1,218.8352,71231.23973077408
7914,2024-11-25,170.15919,170.15919,0.0,0.1,-0.0,75009.55781285583,0.0,0.1,-0.0,71231.23973077408
7915,2024-11-25,165.44143,165.44143,0.0,0.1,-0.0,75009.55781285583,0.0,0.1,-0.0,71231.23973077408
7916,2024-11-25,153.69866,153.69866,0.0,0.1,-0.0,75009.55781285583,0.0,0.1,-0.0,71231.23973077408
7917,2024-11-25,139.81,139.81,0.0,0.1,-0.0,75009.55781285583,0.0,0.1,-0.0,71231.23973077408
7918,2024-11-25,135.18,135.18,0.0,0.1,-0.0,75009.55781285583,0.0,0.1,-0.0,71231.23973077408
7919,2024-11-25,130.37,130.37,0.0,0.1,-0.0,75009.55781285583,0.0,0.1,-0.0,71231.23973077408
7920,2024-11-26,131.03,131.03,0.0,0.1,-0.0,75009.55781285583,0.0,0.1,-0.0,71231.23973077408
7921,2024-11-26,126.69,126.69,0.0,0.1,-0.0,75009.55781285583,0.0,0.1,-0.0,71231.23973077408
7922,2024-11-26,124.0,124.0,0.0,0.1,-0.0,75009.55781285583,0.0,0.1,-0.0,71231.23973077408
7923,2024-11-26,123.95,123.95,1.36842105305666,0.42500000010095673,-169.61578952637302,74839.94202332945,2.0,0.575,-247.9,70983.33973077408
7924,2024-11-26,122.17,122.17,1.9999999995749191,0.9,-244.33999994806788,74595.60202338139,1.3684210526315792,0.9,-167.18000000000004,70816.15973077409
7925,2024-11-26,126.17,126.17,0.0,0.9,-0.0,74595.60202338139,0.0,0.9,-0.0,70816.15973077409
7926,2024-11-26,141.37564,141.37564,0.0,0.9,-0.0,74595.60202338139,0.0,0.9,-0.0,70816.15973077409
7927,2024-11-26,164.19907,164.19907,0.0,0.9,-0.0,74595.60202338139,0.0,0.9,-0.0,70816.15973077409
7928,2024-11-26,170.02,170.02,-1.200000007957502,0.58421052422171,204.0240013529345,74799.62602473433,-1.2,0.5842105263157895,204.024,71020.1837307741
7929,2024-11-26,172.80138,172.80138,-1.839999992042498,0.1,317.9545378249327,75117.58056255926,-1.84,0.1,317.9545392,71338.1382699741
7930,2024-11-26,162.19281,162.19281,0.0,0.1,-0.0,75117.58056255926,0.0,0.1,-0.0,71338.1382699741
7931,2024-11-26,160.0399,160.0399,0.0,0.1,-0.0,75117.58056255926,0.0,0.1,-0.0,71338.1382699741
7932,2024-11-26,141.34635,141.34635,2.0,0.575,-282.6927,74834.88786255926,2.0,0.575,-282.6927,71055.4455699741
7933,2024-11-26,141.36764,141.36764,1.3684210526315792,0.9,-193.45045473684215,74641.43740782242,1.3684210526315792,0.9,-193.45045473684215,70861.99511523725
7934,2024-11-26,154.70498,154.70498,0.0,0.9,-0.0,74641.43740782242,0.0,0.9,-0.0,70861.99511523725
7935,2024-11-26,175.0,175.0,0.0,0.9,-0.0,74641.43740782242,0.0,0.9,-0.0,70861.99511523725
7936,2024-11-26,185.0,185.0,-2.0,0.37368421052631584,370.0,75011.43740782242,-1.2,0.5842105263157895,222.0,71083.99511523725
7937,2024-11-26,183.13547,183.13547,-1.0400000000000003,0.1,190.46088880000005,75201.89829662241,-1.8,0.1105263157894737,329.643846,71413.63896123726
7938,2024-11-26,170.5,170.5,0.0,0.1,-0.0,75201.89829662241,-0.040000000000000015,0.1,6.820000000000003,71420.45896123727
7939,2024-11-26,167.06211,167.06211,0.0,0.1,-0.0,75201.89829662241,0.0,0.1,-0.0,71420.45896123727
7940,2024-11-26,150.0,150.0,0.0,0.1,-0.0,75201.89829662241,0.0,0.1,-0.0,71420.45896123727
7941,2024-11-26,139.75979,139.75979,0.0,0.1,-0.0,75201.89829662241,0.0,0.1,-0.0,71420.45896123727
7942,2024-11-26,137.99,137.99,0.0,0.1,-0.0,75201.89829662241,0.0,0.1,-0.0,71420.45896123727
7943,2024-11-26,133.62,133.62,2.0,0.575,-267.24,74934.65829662241,0.0,0.1,-0.0,71420.45896123727
7944,2024-11-27,136.64,136.64,0.0,0.575,-0.0,74934.65829662241,0.0,0.1,-0.0,71420.45896123727
7945,2024-11-27,135.01,135.01,0.0,0.575,-0.0,74934.65829662241,0.0,0.1,-0.0,71420.45896123727
7946,2024-11-27,134.13,134.13,1.3684210526315792,0.9,-183.5463157894737,74751.11198083294,2.0,0.575,-268.26,71152.19896123727
7947,2024-11-27,134.13,134.13,0.0,0.9,-0.0,74751.11198083294,1.3684210526315792,0.9,-183.5463157894737,70968.6526454478
7948,2024-11-27,134.11,134.11,0.0,0.9,-0.0,74751.11198083294,0.0,0.9,-0.0,70968.6526454478
7949,2024-11-27,137.46,137.46,0.0,0.9,-0.0,74751.11198083294,0.0,0.9,-0.0,70968.6526454478
7950,2024-11-27,151.62403,151.62403,0.0,0.9,-0.0,74751.11198083294,0.0,0.9,-0.0,70968.6526454478
7951,2024-11-27,180.0,180.0,0.0,0.9,-0.0,74751.11198083294,0.0,0.9,-0.0,70968.6526454478
7952,2024-11-27,187.39,187.39,-2.0,0.37368421052631584,374.78,75125.89198083294,-1.2,0.5842105263157895,224.86799999999997,71193.5206454478
7953,2024-11-27,179.22001,179.22001,-1.0400000000000003,0.1,186.38881040000004,75312.28079123294,-1.2,0.268421052631579,215.064012,71408.5846574478
7954,2024-11-27,165.68105,165.68105,0.0,0.1,-0.0,75312.28079123294,-0.6400000000000001,0.1,106.03587200000003,71514.6205294478
7955,2024-11-27,162.77006,162.77006,0.0,0.1,-0.0,75312.28079123294,0.0,0.1,-0.0,71514.6205294478
7956,2024-11-27,148.68042,148.68042,2.0,0.575,-297.36084,75014.91995123295,2.0,0.575,-297.36084,71217.2596894478
7957,2024-11-27,152.6928,152.6928,1.3684210526315792,0.9,-208.9480421052632,74805.9719091277,1.3684210526315792,0.9,-208.9480421052632,71008.31164734255
7958,2024-11-27,156.95101,156.95101,0.0,0.9,-0.0,74805.9719091277,0.0,0.9,-0.0,71008.31164734255
7959,2024-11-27,172.40114,172.40114,0.0,0.9,-0.0,74805.9719091277,0.0,0.9,-0.0,71008.31164734255
7960,2024-11-27,186.77836,186.77836,-1.200000000001449,0.5842105263154082,224.13403200027062,75030.10594112796,-1.2,0.5842105263157895,224.134032,71232.44567934255
7961,2024-11-27,187.39,187.39,-1.839999999998551,0.1,344.79759999972845,75374.90354112769,-1.84,0.1,344.7976,71577.24327934255
7962,2024-11-27,169.19,169.19,0.0,0.1,-0.0,75374.90354112769,0.0,0.1,-0.0,71577.24327934255
7963,2024-11-27,164.08785,164.08785,0.0,0.1,-0.0,75374.90354112769,0.0,0.1,-0.0,71577.24327934255
7964,2024-11-27,152.31,152.31,0.0,0.1,-0.0,75374.90354112769,0.0,0.1,-0.0,71577.24327934255
7965,2024-11-27,141.10003,141.10003,0.0,0.1,-0.0,75374.90354112769,0.0,0.1,-0.0,71577.24327934255
7966,2024-11-27,137.94,137.94,0.0,0.1,-0.0,75374.90354112769,0.0,0.1,-0.0,71577.24327934255
7967,2024-11-27,130.36,130.36,0.0,0.1,-0.0,75374.90354112769,0.0,0.1,-0.0,71577.24327934255
7968,2024-11-28,120.93,120.93,0.0,0.1,-0.0,75374.90354112769,0.0,0.1,-0.0,71577.24327934255
7969,2024-11-28,116.7,116.7,0.0,0.1,-0.0,75374.90354112769,0.0,0.1,-0.0,71577.24327934255
7970,2024-11-28,117.4,117.4,0.0,0.1,-0.0,75374.90354112769,0.0,0.1,-0.0,71577.24327934255
7971,2024-11-28,116.59,116.59,2.0,0.575,-233.18,75141.72354112769,2.0,0.575,-233.18,71344.06327934256
7972,2024-11-28,116.59,116.59,1.3684210526315792,0.9,-159.54421052631582,74982.17933060137,1.3684210526315792,0.9,-159.54421052631582,71184.51906881624
7973,2024-11-28,125.32404,125.32404,0.0,0.9,-0.0,74982.17933060137,0.0,0.9,-0.0,71184.51906881624
7974,2024-11-28,137.68,137.68,0.0,0.9,-0.0,74982.17933060137,0.0,0.9,-0.0,71184.51906881624
7975,2024-11-28,163.51107,163.51107,0.0,0.9,-0.0,74982.17933060137,0.0,0.9,-0.0,71184.51906881624
7976,2024-11-28,174.31303,174.31303,-2.0,0.37368421052631584,348.62606,75330.80539060137,-1.2,0.5842105263157895,209.175636,71393.69470481624
7977,2024-11-28,171.23494,171.23494,-1.0400000000000003,0.1,178.08433760000003,75508.88972820136,-1.84,0.1,315.0722896,71708.76699441623
7978,2024-11-28,158.47378,158.47378,0.0,0.1,-0.0,75508.88972820136,0.0,0.1,-0.0,71708.76699441623
7979,2024-11-28,152.18499,152.18499,0.0,0.1,-0.0,75508.88972820136,0.0,0.1,-0.0,71708.76699441623
7980,2024-11-28,135.08376,135.08376,2.0,0.575,-270.16752,75238.72220820136,2.0,0.575,-270.16752,71438.59947441623
7981,2024-11-28,138.11,138.11,1.3684210526315792,0.9,-188.99263157894742,75049.72957662241,1.3684210526315792,0.9,-188.99263157894742,71249.60684283728
7982,2024-11-28,147.84755,147.84755,0.0,0.9,-0.0,75049.72957662241,0.0,0.9,-0.0,71249.60684283728
7983,2024-11-28,164.0,164.0,0.0,0.9,-0.0,75049.72957662241,0.0,0.9,-0.0,71249.60684283728
7984,2024-11-28,170.0,170.0,-1.2000005073903193,0.5842103927920212,204.00008625635428,75253.72966287877,0.0,0.9,-0.0,71249.60684283728
7985,2024-11-28,175.0,175.0,-1.8399994926096808,0.1,321.99991120669415,75575.72957408546,-1.2,0.5842105263157895,210.0,71459.60684283728
7986,2024-11-28,169.1,169.1,0.0,0.1,-0.0,75575.72957408546,-1.84,0.1,311.144,71770.75084283728
7987,2024-11-28,160.0,160.0,0.0,0.1,-0.0,75575.72957408546,0.0,0.1,-0.0,71770.75084283728
7988,2024-11-28,144.1,144.1,0.0,0.1,-0.0,75575.72957408546,0.0,0.1,-0.0,71770.75084283728
7989,2024-11-28,135.3869,135.3869,0.0,0.1,-0.0,75575.72957408546,0.0,0.1,-0.0,71770.75084283728
7990,2024-11-28,133.0,133.0,0.0,0.1,-0.0,75575.72957408546,0.0,0.1,-0.0,71770.75084283728
7991,2024-11-28,127.88,127.88,0.0,0.1,-0.0,75575.72957408546,0.0,0.1,-0.0,71770.75084283728
7992,2024-11-29,121.07,121.07,0.0,0.1,-0.0,75575.72957408546,0.0,0.1,-0.0,71770.75084283728
7993,2024-11-29,117.68,117.68,2.0,0.575,-235.36,75340.36957408546,0.0,0.1,-0.0,71770.75084283728
7994,2024-11-29,117.35,117.35,1.3684210526315792,0.9,-160.58421052631581,75179.78536355915,2.0,0.575,-234.7,71536.05084283729
7995,2024-11-29,121.3,121.3,0.0,0.9,-0.0,75179.78536355915,1.3684210526315792,0.9,-165.98947368421057,71370.06136915307
7996,2024-11-29,122.3,122.3,0.0,0.9,-0.0,75179.78536355915,0.0,0.9,-0.0,71370.06136915307
7997,2024-11-29,130.09,130.09,0.0,0.9,-0.0,75179.78536355915,0.0,0.9,-0.0,71370.06136915307
7998,2024-11-29,141.0,141.0,0.0,0.9,-0.0,75179.78536355915,0.0,0.9,-0.0,71370.06136915307
7999,2024-11-29,164.30314,164.30314,-1.1999480002910015,0.5842242104497365,197.15522428453247,75376.94058784368,0.0,0.9,-0.0,71370.06136915307
8000,2024-11-29,177.8,177.8,-1.8400519997089986,0.1,327.16124554825996,75704.10183339193,-2.0,0.37368421052631584,355.6,71725.66136915308
8001,2024-11-29,161.76,161.76,0.0,0.1,-0.0,75704.10183339193,-1.0400000000000003,0.1,168.23040000000003,71893.89176915308
8002,2024-11-29,143.99,143.99,0.0,0.1,-0.0,75704.10183339193,0.0,0.1,-0.0,71893.89176915308
8003,2024-11-29,134.72,134.72,0.0,0.1,-0.0,75704.10183339193,0.0,0.1,-0.0,71893.89176915308
8004,2024-11-29,126.0,126.0,2.0,0.575,-252.0,75452.10183339193,2.0,0.575,-252.0,71641.89176915308
8005,2024-11-29,127.22514,127.22514,1.3684210526315792,0.9,-174.09756000000002,75278.00427339194,1.3684210526315792,0.9,-174.09756000000002,71467.79420915309
8006,2024-11-29,137.14,137.14,0.0,0.9,-0.0,75278.00427339194,0.0,0.9,-0.0,71467.79420915309
8007,2024-11-29,146.02,146.02,0.0,0.9,-0.0,75278.00427339194,0.0,0.9,-0.0,71467.79420915309
8008,2024-11-29,158.81,158.81,-1.2003759402128533,0.5841115946808281,190.63170306520323,75468.63597645714,-1.2,0.5842105263157895,190.572,71658.36620915309
8009,2024-11-29,160.0,160.0,-1.8396240597871467,0.1,294.3398495659435,75762.97582602309,-1.84,0.1,294.40000000000003,71952.76620915308
8010,2024-11-29,150.0,150.0,0.0,0.1,-0.0,75762.97582602309,0.0,0.1,-0.0,71952.76620915308
8011,2024-11-29,140.0,140.0,0.0,0.1,-0.0,75762.97582602309,0.0,0.1,-0.0,71952.76620915308
8012,2024-11-29,132.97,132.97,0.0,0.1,-0.0,75762.97582602309,0.0,0.1,-0.0,71952.76620915308
8013,2024-11-29,123.62082,123.62082,0.0,0.1,-0.0,75762.97582602309,0.0,0.1,-0.0,71952.76620915308
8014,2024-11-29,117.49,117.49,0.0,0.1,-0.0,75762.97582602309,0.0,0.1,-0.0,71952.76620915308
8015,2024-11-29,108.61859,108.61859,0.0,0.1,-0.0,75762.97582602309,0.0,0.1,-0.0,71952.76620915308
8016,2024-11-30,111.27,111.27,0.0,0.1,-0.0,75762.97582602309,0.0,0.1,-0.0,71952.76620915308
8017,2024-11-30,109.84,109.84,0.0,0.1,-0.0,75762.97582602309,0.0,0.1,-0.0,71952.76620915308
8018,2024-11-30,104.3,104.3,0.0,0.1,-0.0,75762.97582602309,0.0,0.1,-0.0,71952.76620915308
8019,2024-11-30,102.07,102.07,2.0,0.575,-204.14,75558.83582602309,2.0,0.575,-204.14,71748.62620915308
8020,2024-11-30,103.087,103.087,1.3684210526315792,0.9,-141.0664210526316,75417.76940497046,1.3684210526315792,0.9,-141.0664210526316,71607.55978810045
8021,2024-11-30,104.01,104.01,0.0,0.9,-0.0,75417.76940497046,0.0,0.9,-0.0,71607.55978810045
8022,2024-11-30,113.1,113.1,0.0,0.9,-0.0,75417.76940497046,0.0,0.9,-0.0,71607.55978810045
8023,2024-11-30,136.0,136.0,0.0,0.9,-0.0,75417.76940497046,0.0,0.9,-0.0,71607.55978810045
8024,2024-11-30,143.35,143.35,-1.1999999998724193,0.5842105263493633,172.0199999817113,75589.78940495217,-1.2,0.5842105263157895,172.01999999999998,71779.57978810045
8025,2024-11-30,144.69,144.69,-1.8400000001275807,0.1,266.2296000184596,75856.01900497063,-1.84,0.1,266.2296,72045.80938810046
8026,2024-11-30,120.12,120.12,0.0,0.1,-0.0,75856.01900497063,0.0,0.1,-0.0,72045.80938810046
8027,2024-11-30,109.3,109.3,0.0,0.1,-0.0,75856.01900497063,0.0,0.1,-0.0,72045.80938810046
8028,2024-11-30,105.65938,105.65938,2.0,0.575,-211.31876,75644.70024497063,2.0,0.575,-211.31876,71834.49062810047
8029,2024-11-30,107.83206,107.83206,1.3684210526315792,0.9,-147.5596610526316,75497.14058391801,1.3684210526315792,0.9,-147.5596610526316,71686.93096704784
8030,2024-11-30,112.46,112.46,0.0,0.9,-0.0,75497.14058391801,0.0,0.9,-0.0,71686.93096704784
8031,2024-11-30,130.43158,130.43158,0.0,0.9,-0.0,75497.14058391801,0.0,0.9,-0.0,71686.93096704784
8032,2024-11-30,144.69,144.69,-2.0,0.37368421052631584,289.38,75786.52058391801,0.0,0.9,-0.0,71686.93096704784
8033,2024-11-30,148.19,148.19,-1.0400000000000003,0.1,154.11760000000004,75940.63818391801,-1.2,0.5842105263157895,177.828,71864.75896704783
8034,2024-11-30,144.23,144.23,0.0,0.1,-0.0,75940.63818391801,-1.84,0.1,265.3832,72130.14216704783
8035,2024-11-30,144.0,144.0,0.0,0.1,-0.0,75940.63818391801,0.0,0.1,-0.0,72130.14216704783
8036,2024-11-30,130.0,130.0,0.0,0.1,-0.0,75940.63818391801,0.0,0.1,-0.0,72130.14216704783
8037,2024-11-30,120.63,120.63,0.0,0.1,-0.0,75940.63818391801,0.0,0.1,-0.0,72130.14216704783
8038,2024-11-30,114.78,114.78,0.10526315776639585,0.12499999996951902,-12.082105248426915,75928.55607866959,0.0,0.1,-0.0,72130.14216704783
8039,2024-11-30,106.67169,106.67169,2.0,0.599999999969519,-213.34338,75715.21269866958,0.0,0.1,-0.0,72130.14216704783
8040,2024-12-01,125.57,125.57,-1.8999999998841723,0.1,238.5829999854555,75953.79569865504,0.0,0.1,-0.0,72130.14216704783
8041,2024-12-01,110.96,110.96,0.0,0.1,-0.0,75953.79569865504,0.0,0.1,-0.0,72130.14216704783
8042,2024-12-01,96.3,96.3,0.0,0.1,-0.0,75953.79569865504,0.0,0.1,-0.0,72130.14216704783
8043,2024-12-01,85.7,85.7,1.3686090203496246,0.42504464233303585,-117.28979304396283,75836.50590561108,2.0,0.575,-171.4,71958.74216704784
8044,2024-12-01,85.09863,85.09863,1.9998120322819546,0.9,-170.18126420471012,75666.32464140636,1.3684210526315792,0.9,-116.45075684210528,71842.29141020573
8045,2024-12-01,86.15532,86.15532,0.0,0.9,-0.0,75666.32464140636,0.0,0.9,-0.0,71842.29141020573
8046,2024-12-01,106.22,106.22,0.0,0.9,-0.0,75666.32464140636,0.0,0.9,-0.0,71842.29141020573
8047,2024-12-01,110.58,110.58,0.0,0.9,-0.0,75666.32464140636,0.0,0.9,-0.0,71842.29141020573
8048,2024-12-01,120.1,120.1,-2.0,0.37368421052631584,240.2,75906.52464140636,-2.0,0.37368421052631584,240.2,72082.49141020572
8049,2024-12-01,121.54,121.54,-1.0400000000000003,0.1,126.40160000000004,76032.92624140636,-1.0400000000000003,0.1,126.40160000000004,72208.89301020572
8050,2024-12-01,106.22,106.22,0.0,0.1,-0.0,76032.92624140636,0.0,0.1,-0.0,72208.89301020572
8051,2024-12-01,82.38,82.38,2.0,0.575,-164.76,75868.16624140636,0.0,0.1,-0.0,72208.89301020572
8052,2024-12-01,85.2458,85.2458,0.0,0.575,-0.0,75868.16624140636,2.0,0.575,-170.4916,72038.40141020573
8053,2024-12-01,83.08316,83.08316,1.3684210526315792,0.9,-113.69274526315793,75754.4734961432,1.3684210526315792,0.9,-113.69274526315793,71924.70866494256
8054,2024-12-01,100.0,100.0,0.0,0.9,-0.0,75754.4734961432,0.0,0.9,-0.0,71924.70866494256
8055,2024-12-01,125.09,125.09,0.0,0.9,-0.0,75754.4734961432,0.0,0.9,-0.0,71924.70866494256
8056,2024-12-01,140.0,140.0,0.0,0.9,-0.0,75754.4734961432,0.0,0.9,-0.0,71924.70866494256
8057,2024-12-01,151.68,151.68,0.0,0.9,-0.0,75754.4734961432,0.0,0.9,-0.0,71924.70866494256
8058,2024-12-01,153.44,153.44,-1.2000000000486004,0.584210526303,184.12800000745725,75938.60149615066,-1.2,0.5842105263157895,184.128,72108.83666494256
8059,2024-12-01,157.86,157.86,-1.8399999999513998,0.1,290.462399992328,76229.063896143,-1.84,0.1,290.46240000000006,72399.29906494256
8060,2024-12-01,147.53,147.53,0.0,0.1,-0.0,76229.063896143,0.0,0.1,-0.0,72399.29906494256
8061,2024-12-01,138.86,138.86,0.0,0.1,-0.0,76229.063896143,0.0,0.1,-0.0,72399.29906494256
8062,2024-12-01,128.54,128.54,0.0,0.1,-0.0,76229.063896143,0.0,0.1,-0.0,72399.29906494256
8063,2024-12-01,119.5,119.5,0.0,0.1,-0.0,76229.063896143,0.0,0.1,-0.0,72399.29906494256
8064,2024-12-02,104.72,104.72,0.0,0.1,-0.0,76229.063896143,0.0,0.1,-0.0,72399.29906494256
8065,2024-12-02,100.6,100.6,0.0,0.1,-0.0,76229.063896143,0.0,0.1,-0.0,72399.29906494256
8066,2024-12-02,97.0,97.0,2.0,0.575,-194.0,76035.063896143,0.0,0.1,-0.0,72399.29906494256
8067,2024-12-02,100.0,100.0,0.0,0.575,-0.0,76035.063896143,2.0,0.575,-200.0,72199.29906494256
8068,2024-12-02,97.88,97.88,1.3684210526315792,0.9,-133.94105263157897,75901.12284351142,1.3684210526315792,0.9,-133.94105263157897,72065.35801231099
8069,2024-12-02,107.32325,107.32325,0.0,0.9,-0.0,75901.12284351142,0.0,0.9,-0.0,72065.35801231099
8070,2024-12-02,132.43,132.43,0.0,0.9,-0.0,75901.12284351142,0.0,0.9,-0.0,72065.35801231099
8071,2024-12-02,153.94,153.94,-1.2000090855659142,0.584208135377391,184.72939863201682,76085.85224214343,-1.2,0.5842105263157895,184.72799999999998,72250.08601231099
8072,2024-12-02,160.14,160.14,-1.8399909144340858,0.1,294.65614503747446,76380.5083871809,-1.84,0.1,294.6576,72544.743612311
8073,2024-12-02,150.0,150.0,0.0,0.1,-0.0,76380.5083871809,0.0,0.1,-0.0,72544.743612311
8074,2024-12-02,136.0,136.0,0.0,0.1,-0.0,76380.5083871809,0.0,0.1,-0.0,72544.743612311
8075,2024-12-02,132.38,132.38,0.0,0.1,-0.0,76380.5083871809,0.0,0.1,-0.0,72544.743612311
8076,2024-12-02,126.0769,126.0769,2.0,0.575,-252.1538,76128.3545871809,2.0,0.575,-252.1538,72292.589812311
8077,2024-12-02,130.0,130.0,1.3684210526315792,0.9,-177.8947368421053,75950.4598503388,1.3684210526315792,0.9,-177.8947368421053,72114.69507546889
8078,2024-12-02,146.0,146.0,0.0,0.9,-0.0,75950.4598503388,0.0,0.9,-0.0,72114.69507546889
8079,2024-12-02,163.05817,163.05817,0.0,0.9,-0.0,75950.4598503388,0.0,0.9,-0.0,72114.69507546889
8080,2024-12-02,172.9142,172.9142,-1.2000000110732347,0.5842105234017804,207.49704191471952,76157.95689225351,-1.2,0.5842105263157895,207.49704,72322.19211546889
8081,2024-12-02,175.31,175.31,-1.8399999889267653,0.1,322.5703980587512,76480.52729031227,-1.2,0.268421052631579,210.37199999999999,72532.5641154689
8082,2024-12-02,169.29392,169.29392,0.0,0.1,-0.0,76480.52729031227,-0.6400000000000001,0.1,108.34810880000003,72640.91222426889
8083,2024-12-02,166.88215,166.88215,0.0,0.1,-0.0,76480.52729031227,0.0,0.1,-0.0,72640.91222426889
8084,2024-12-02,160.14,160.14,0.0,0.1,-0.0,76480.52729031227,0.0,0.1,-0.0,72640.91222426889
8085,2024-12-02,145.58396,145.58396,0.0,0.1,-0.0,76480.52729031227,0.0,0.1,-0.0,72640.91222426889
8086,2024-12-02,140.0,140.0,0.0,0.1,-0.0,76480.52729031227,0.0,0.1,-0.0,72640.91222426889
8087,2024-12-02,134.84,134.84,0.0,0.1,-0.0,76480.52729031227,0.0,0.1,-0.0,72640.91222426889
8088,2024-12-03,129.94,129.94,0.0,0.1,-0.0,76480.52729031227,0.0,0.1,-0.0,72640.91222426889
8089,2024-12-03,125.6,125.6,0.0,0.1,-0.0,76480.52729031227,0.0,0.1,-0.0,72640.91222426889
8090,2024-12-03,121.0,121.0,2.0,0.575,-242.0,76238.52729031227,0.0,0.1,-0.0,72640.91222426889
8091,2024-12-03,123.66,123.66,1.3684210526315792,0.9,-169.21894736842108,76069.30834294384,2.0,0.575,-247.32,72393.59222426888
8092,2024-12-03,123.17,123.17,0.0,0.9,-0.0,76069.30834294384,1.3684210526315792,0.9,-168.54842105263162,72225.04380321625
8093,2024-12-03,124.04,124.04,0.0,0.9,-0.0,76069.30834294384,0.0,0.9,-0.0,72225.04380321625
8094,2024-12-03,146.89307,146.89307,0.0,0.9,-0.0,76069.30834294384,0.0,0.9,-0.0,72225.04380321625
8095,2024-12-03,170.0,170.0,0.0,0.9,-0.0,76069.30834294384,0.0,0.9,-0.0,72225.04380321625
8096,2024-12-03,192.1133,192.1133,-2.0,0.37368421052631584,384.2266,76453.53494294384,-1.2,0.5842105263157895,230.53596,72455.57976321624
8097,2024-12-03,188.36,188.36,-1.0400000000000003,0.1,195.89440000000008,76649.42934294384,-1.84,0.1,346.58240000000006,72802.16216321624
8098,2024-12-03,168.87,168.87,0.0,0.1,-0.0,76649.42934294384,0.0,0.1,-0.0,72802.16216321624
8099,2024-12-03,162.38,162.38,0.0,0.1,-0.0,76649.42934294384,0.0,0.1,-0.0,72802.16216321624
8100,2024-12-03,153.7202,153.7202,2.0,0.575,-307.4404,76341.98894294383,2.0,0.575,-307.4404,72494.72176321624
8101,2024-12-03,154.76008,154.76008,1.3684210526315792,0.9,-211.7769515789474,76130.2119913649,1.3684210526315792,0.9,-211.7769515789474,72282.9448116373
8102,2024-12-03,173.33307,173.33307,0.0,0.9,-0.0,76130.2119913649,0.0,0.9,-0.0,72282.9448116373
8103,2024-12-03,188.05515,188.05515,0.0,0.9,-0.0,76130.2119913649,0.0,0.9,-0.0,72282.9448116373
8104,2024-12-03,195.19157,195.19157,0.0,0.9,-0.0,76130.2119913649,0.0,0.9,-0.0,72282.9448116373
8105,2024-12-03,203.23703,203.23703,-2.0,0.37368421052631584,406.47406,76536.68605136489,-1.2,0.5842105263157895,243.884436,72526.82924763729
8106,2024-12-03,197.87911,197.87911,-1.0400000000000003,0.1,205.79427440000003,76742.48032576489,-1.84,0.1,364.0975624,72890.92681003729
8107,2024-12-03,189.8344,189.8344,0.0,0.1,-0.0,76742.48032576489,0.0,0.1,-0.0,72890.92681003729
8108,2024-12-03,171.91,171.91,0.0,0.1,-0.0,76742.48032576489,0.0,0.1,-0.0,72890.92681003729
8109,2024-12-03,154.14,154.14,0.0,0.1,-0.0,76742.48032576489,0.0,0.1,-0.0,72890.92681003729
8110,2024-12-03,143.0,143.0,0.0,0.1,-0.0,76742.48032576489,0.0,0.1,-0.0,72890.92681003729
8111,2024-12-03,135.16,135.16,0.0,0.1,-0.0,76742.48032576489,0.0,0.1,-0.0,72890.92681003729
8112,2024-12-04,135.08,135.08,0.0,0.1,-0.0,76742.48032576489,0.0,0.1,-0.0,72890.92681003729
8113,2024-12-04,129.4,129.4,0.0,0.1,-0.0,76742.48032576489,0.0,0.1,-0.0,72890.92681003729
8114,2024-12-04,130.0,130.0,0.0,0.1,-0.0,76742.48032576489,0.0,0.1,-0.0,72890.92681003729
8115,2024-12-04,123.5,123.5,2.0,0.575,-247.0,76495.48032576489,2.0,0.575,-247.0,72643.92681003729
8116,2024-12-04,123.02,123.02,1.3684210526315792,0.9,-168.34315789473686,76327.13716787015,1.3684210526315792,0.9,-168.34315789473686,72475.58365214255
8117,2024-12-04,134.12,134.12,0.0,0.9,-0.0,76327.13716787015,0.0,0.9,-0.0,72475.58365214255
8118,2024-12-04,148.6,148.6,0.0,0.9,-0.0,76327.13716787015,0.0,0.9,-0.0,72475.58365214255
8119,2024-12-04,193.05901,193.05901,0.0,0.9,-0.0,76327.13716787015,0.0,0.9,-0.0,72475.58365214255
8120,2024-12-04,202.41751,202.41751,-1.2000000000395044,0.5842105263053936,242.90101200799637,76570.03817987815,-1.2,0.5842105263157895,242.90101199999998,72718.48466414255
8121,2024-12-04,212.70223,212.70223,-1.8399999999604957,0.1,391.3721031915973,76961.41028306974,-1.84,0.1,391.37210319999997,73109.85676734256
8122,2024-12-04,191.10598,191.10598,0.0,0.1,-0.0,76961.41028306974,0.0,0.1,-0.0,73109.85676734256
8123,2024-12-04,171.13253,171.13253,0.0,0.1,-0.0,76961.41028306974,2.0,0.575,-342.26506,72767.59170734255
8124,2024-12-04,154.24195,154.24195,2.0,0.575,-308.4839,76652.92638306973,1.3684210526315792,0.9,-211.06793157894742,72556.5237757636
8125,2024-12-04,159.97798,159.97798,1.3684210526315792,0.9,-218.91723578947372,76434.00914728026,0.0,0.9,-0.0,72556.5237757636
8126,2024-12-04,175.65352,175.65352,0.0,0.9,-0.0,76434.00914728026,0.0,0.9,-0.0,72556.5237757636
8127,2024-12-04,198.65557,198.65557,0.0,0.9,-0.0,76434.00914728026,0.0,0.9,-0.0,72556.5237757636
8128,2024-12-04,228.07544,228.07544,-2.0,0.37368421052631584,456.15088,76890.16002728026,-1.2,0.5842105263157895,273.690528,72830.21430376361
8129,2024-12-04,225.87,225.87,-1.0400000000000003,0.1,234.90480000000005,77125.06482728026,-1.84,0.1,415.60080000000005,73245.81510376361
8130,2024-12-04,204.75,204.75,0.0,0.1,-0.0,77125.06482728026,0.0,0.1,-0.0,73245.81510376361
8131,2024-12-04,196.17054,196.17054,0.0,0.1,-0.0,77125.06482728026,0.0,0.1,-0.0,73245.81510376361
8132,2024-12-04,170.0,170.0,0.0,0.1,-0.0,77125.06482728026,0.0,0.1,-0.0,73245.81510376361
8133,2024-12-04,145.76,145.76,0.0,0.1,-0.0,77125.06482728026,0.0,0.1,-0.0,73245.81510376361
8134,2024-12-04,141.72783,141.72783,0.0,0.1,-0.0,77125.06482728026,0.0,0.1,-0.0,73245.81510376361
8135,2024-12-04,135.69,135.69,0.0,0.1,-0.0,77125.06482728026,0.0,0.1,-0.0,73245.81510376361
8136,2024-12-05,135.64,135.64,0.0,0.1,-0.0,77125.06482728026,0.0,0.1,-0.0,73245.81510376361
8137,2024-12-05,129.54,129.54,0.0,0.1,-0.0,77125.06482728026,0.0,0.1,-0.0,73245.81510376361
8138,2024-12-05,123.33,123.33,0.0,0.1,-0.0,77125.06482728026,2.0,0.575,-246.66,72999.15510376361
8139,2024-12-05,123.23,123.23,2.0,0.575,-246.46,76878.60482728026,1.3684210526315792,0.9,-168.63052631578952,72830.52457744782
8140,2024-12-05,124.01,124.01,1.3684210526315792,0.9,-169.69789473684213,76708.90693254341,0.0,0.9,-0.0,72830.52457744782
8141,2024-12-05,130.34,130.34,0.0,0.9,-0.0,76708.90693254341,0.0,0.9,-0.0,72830.52457744782
8142,2024-12-05,144.87,144.87,0.0,0.9,-0.0,76708.90693254341,0.0,0.9,-0.0,72830.52457744782
8143,2024-12-05,179.37,179.37,-1.2000000001612467,0.5842105262733561,215.24400002892284,76924.15093257233,0.0,0.9,-0.0,72830.52457744782
8144,2024-12-05,191.29819,191.29819,-1.8399999998387533,0.1,351.9886695691538,77276.13960214148,-2.0,0.37368421052631584,382.59638,73213.12095744783
8145,2024-12-05,172.8,172.8,0.0,0.1,-0.0,77276.13960214148,-1.0400000000000003,0.1,179.71200000000005,73392.83295744783
8146,2024-12-05,154.21186,154.21186,0.0,0.1,-0.0,77276.13960214148,0.0,0.1,-0.0,73392.83295744783
8147,2024-12-05,142.66,142.66,0.0,0.1,-0.0,77276.13960214148,0.0,0.1,-0.0,73392.83295744783
8148,2024-12-05,136.26,136.26,2.0,0.575,-272.52,77003.61960214148,2.0,0.575,-272.52,73120.31295744782
8149,2024-12-05,138.29,138.29,1.3684210526315792,0.9,-189.23894736842107,76814.38065477306,1.3684210526315792,0.9,-189.23894736842107,72931.0740100794
8150,2024-12-05,141.95,141.95,0.0,0.9,-0.0,76814.38065477306,0.0,0.9,-0.0,72931.0740100794
8151,2024-12-05,164.54889,164.54889,0.0,0.9,-0.0,76814.38065477306,0.0,0.9,-0.0,72931.0740100794
8152,2024-12-05,177.60726,177.60726,-2.0,0.37368421052631584,355.21452,77169.59517477306,-1.2,0.5842105263157895,213.12871199999998,73144.20272207941
8153,2024-12-05,171.41,171.41,-1.0400000000000003,0.1,178.26640000000003,77347.86157477305,-1.2,0.268421052631579,205.69199999999998,73349.8947220794
8154,2024-12-05,167.35461,167.35461,0.0,0.1,-0.0,77347.86157477305,-0.6400000000000001,0.1,107.10695040000003,73457.00167247941
8155,2024-12-05,160.0,160.0,0.0,0.1,-0.0,77347.86157477305,0.0,0.1,-0.0,73457.00167247941
8156,2024-12-05,151.6,151.6,0.0,0.1,-0.0,77347.86157477305,0.0,0.1,-0.0,73457.00167247941
8157,2024-12-05,144.04,144.04,0.0,0.1,-0.0,77347.86157477305,0.0,0.1,-0.0,73457.00167247941
8158,2024-12-05,135.8,135.8,0.0,0.1,-0.0,77347.86157477305,0.0,0.1,-0.0,73457.00167247941
8159,2024-12-05,124.62,124.62,0.0,0.1,-0.0,77347.86157477305,0.0,0.1,-0.0,73457.00167247941
8160,2024-12-06,115.64,115.64,0.0,0.1,-0.0,77347.86157477305,0.0,0.1,-0.0,73457.00167247941
8161,2024-12-06,111.69,111.69,2.0,0.575,-223.38,77124.48157477305,0.0,0.1,-0.0,73457.00167247941
8162,2024-12-06,111.82,111.82,0.0,0.575,-0.0,77124.48157477305,0.0,0.1,-0.0,73457.00167247941
8163,2024-12-06,109.38,109.38,1.3684210526315792,0.9,-149.67789473684212,76974.8036800362,2.0,0.575,-218.76,73238.24167247942
8164,2024-12-06,109.38,109.38,0.0,0.9,-0.0,76974.8036800362,1.3684210526315792,0.9,-149.67789473684212,73088.56377774257
8165,2024-12-06,118.58158,118.58158,0.0,0.9,-0.0,76974.8036800362,0.0,0.9,-0.0,73088.56377774257
8166,2024-12-06,140.0,140.0,0.0,0.9,-0.0,76974.8036800362,0.0,0.9,-0.0,73088.56377774257
8167,2024-12-06,160.58,160.58,0.0,0.9,-0.0,76974.8036800362,0.0,0.9,-0.0,73088.56377774257
8168,2024-12-06,179.4,179.4,-2.0,0.37368421052631584,358.8,77333.6036800362,-1.2,0.5842105263157895,215.28,73303.84377774257
8169,2024-12-06,171.76443,171.76443,-1.0400000000000003,0.1,178.63500720000005,77512.23868723621,-1.84,0.1,316.0465512,73619.89032894257
8170,2024-12-06,151.68415,151.68415,0.0,0.1,-0.0,77512.23868723621,0.0,0.1,-0.0,73619.89032894257
8171,2024-12-06,145.05207,145.05207,0.0,0.1,-0.0,77512.23868723621,0.0,0.1,-0.0,73619.89032894257
8172,2024-12-06,140.27448,140.27448,2.0,0.575,-280.54896,77231.68972723621,2.0,0.575,-280.54896,73339.34136894257
8173,2024-12-06,140.33928,140.33928,1.3684210526315792,0.9,-192.04322526315792,77039.64650197305,1.3684210526315792,0.9,-192.04322526315792,73147.2981436794
8174,2024-12-06,148.93234,148.93234,0.0,0.9,-0.0,77039.64650197305,0.0,0.9,-0.0,73147.2981436794
8175,2024-12-06,167.71,167.71,0.0,0.9,-0.0,77039.64650197305,0.0,0.9,-0.0,73147.2981436794
8176,2024-12-06,175.0,175.0,-1.2000000005440739,0.5842105261726122,210.00000009521293,77249.64650206827,0.0,0.9,-0.0,73147.2981436794
8177,2024-12-06,180.97,180.97,-1.8399999994559262,0.1,332.98479990153896,77582.6313019698,-1.2,0.5842105263157895,217.164,73364.46214367941
8178,2024-12-06,166.0,166.0,0.0,0.1,-0.0,77582.6313019698,-1.2,0.268421052631579,199.2,73563.66214367941
8179,2024-12-06,163.58,163.58,0.0,0.1,-0.0,77582.6313019698,-0.6400000000000001,0.1,104.69120000000002,73668.35334367941
8180,2024-12-06,155.0,155.0,0.0,0.1,-0.0,77582.6313019698,0.0,0.1,-0.0,73668.35334367941
8181,2024-12-06,140.68469,140.68469,0.0,0.1,-0.0,77582.6313019698,0.0,0.1,-0.0,73668.35334367941
8182,2024-12-06,137.67,137.67,0.0,0.1,-0.0,77582.6313019698,0.0,0.1,-0.0,73668.35334367941
8183,2024-12-06,132.62,132.62,0.0,0.1,-0.0,77582.6313019698,0.0,0.1,-0.0,73668.35334367941
8184,2024-12-07,136.0,136.0,0.0,0.1,-0.0,77582.6313019698,0.0,0.1,-0.0,73668.35334367941
8185,2024-12-07,134.5,134.5,0.0,0.1,-0.0,77582.6313019698,0.0,0.1,-0.0,73668.35334367941
8186,2024-12-07,126.03,126.03,0.0,0.1,-0.0,77582.6313019698,0.0,0.1,-0.0,73668.35334367941
8187,2024-12-07,120.1,120.1,0.24549797153021136,0.1583057682384252,-29.48430638077838,77553.14699558902,2.0,0.575,-240.2,73428.15334367941
8188,2024-12-07,118.94,118.94,2.0,0.6333057682384252,-237.88,77315.26699558902,1.3684210526315792,0.9,-162.76000000000002,73265.39334367942
8189,2024-12-07,120.1,120.1,1.1229230811013677,0.9,-134.86306204027426,77180.40393354875,0.0,0.9,-0.0,73265.39334367942
8190,2024-12-07,141.06947,141.06947,0.0,0.9,-0.0,77180.40393354875,0.0,0.9,-0.0,73265.39334367942
8191,2024-12-07,155.55454,155.55454,0.0,0.9,-0.0,77180.40393354875,0.0,0.9,-0.0,73265.39334367942
8192,2024-12-07,167.82202,167.82202,-2.0,0.37368421052631584,335.64404,77516.04797354875,-1.2,0.5842105263157895,201.386424,73466.77976767941
8193,2024-12-07,160.0,160.0,-1.0400000000000003,0.1,166.40000000000003,77682.44797354874,-1.2,0.268421052631579,192.0,73658.77976767941
8194,2024-12-07,142.77,142.77,0.0,0.1,-0.0,77682.44797354874,-0.6400000000000001,0.1,91.37280000000003,73750.15256767941
8195,2024-12-07,133.95067,133.95067,0.0,0.1,-0.0,77682.44797354874,0.0,0.1,-0.0,73750.15256767941
8196,2024-12-07,129.5,129.5,2.0,0.575,-259.0,77423.44797354874,2.0,0.575,-259.0,73491.15256767941
8197,2024-12-07,129.58,129.58,1.3684210526315792,0.9,-177.32000000000005,77246.12797354873,1.3684210526315792,0.9,-177.32000000000005,73313.8325676794
8198,2024-12-07,136.31,136.31,0.0,0.9,-0.0,77246.12797354873,0.0,0.9,-0.0,73313.8325676794
8199,2024-12-07,145.1513,145.1513,0.0,0.9,-0.0,77246.12797354873,0.0,0.9,-0.0,73313.8325676794
8200,2024-12-07,157.15122,157.15122,0.0,0.9,-0.0,77246.12797354873,0.0,0.9,-0.0,73313.8325676794
8201,2024-12-07,168.45094,168.45094,0.0,0.9,-0.0,77246.12797354873,0.0,0.9,-0.0,73313.8325676794
8202,2024-12-07,175.0,175.0,-2.0,0.37368421052631584,350.0,77596.12797354873,-1.2,0.5842105263157895,210.0,73523.8325676794
8203,2024-12-07,170.39136,170.39136,-1.0400000000000003,0.1,177.20701440000005,77773.33498794874,-1.84,0.1,313.5201024,73837.3526700794
8204,2024-12-07,154.0,154.0,0.0,0.1,-0.0,77773.33498794874,0.0,0.1,-0.0,73837.3526700794
8205,2024-12-07,140.42,140.42,0.0,0.1,-0.0,77773.33498794874,0.0,0.1,-0.0,73837.3526700794
8206,2024-12-07,134.01,134.01,0.0,0.1,-0.0,77773.33498794874,0.0,0.1,-0.0,73837.3526700794
8207,2024-12-07,130.9,130.9,0.0,0.1,-0.0,77773.33498794874,0.0,0.1,-0.0,73837.3526700794
8208,2024-12-08,133.79,133.79,0.0,0.1,-0.0,77773.33498794874,0.0,0.1,-0.0,73837.3526700794
8209,2024-12-08,120.1,120.1,0.0,0.1,-0.0,77773.33498794874,0.0,0.1,-0.0,73837.3526700794
8210,2024-12-08,107.29,107.29,0.0,0.1,-0.0,77773.33498794874,0.0,0.1,-0.0,73837.3526700794
8211,2024-12-08,100.1,100.1,0.0,0.1,-0.0,77773.33498794874,2.0,0.575,-200.2,73637.1526700794
8212,2024-12-08,95.0,95.0,2.0,0.575,-190.0,77583.33498794874,1.3684210526315792,0.9,-130.00000000000003,73507.1526700794
8213,2024-12-08,98.26,98.26,1.3684210526315792,0.9,-134.46105263157898,77448.87393531715,0.0,0.9,-0.0,73507.1526700794
8214,2024-12-08,109.46,109.46,0.0,0.9,-0.0,77448.87393531715,0.0,0.9,-0.0,73507.1526700794
8215,2024-12-08,120.1,120.1,0.0,0.9,-0.0,77448.87393531715,0.0,0.9,-0.0,73507.1526700794
8216,2024-12-08,125.0,125.0,0.0,0.9,-0.0,77448.87393531715,0.0,0.9,-0.0,73507.1526700794
8217,2024-12-08,138.18,138.18,0.0,0.9,-0.0,77448.87393531715,-1.2,0.5842105263157895,165.816,73672.96867007941
8218,2024-12-08,135.0,135.0,-2.0,0.37368421052631584,270.0,77718.87393531715,-1.2,0.268421052631579,162.0,73834.96867007941
8219,2024-12-08,124.10258,124.10258,2.0,0.8486842105263158,-248.20516,77470.66877531716,-0.6400000000000001,0.1,79.42565120000002,73914.39432127941
8220,2024-12-08,137.71997,137.71997,-2.0,0.32236842105263164,275.43994,77746.10871531715,0.0,0.1,-0.0,73914.39432127941
8221,2024-12-08,125.08,125.08,2.0,0.7973684210526316,-250.16,77495.94871531715,2.0,0.575,-250.16,73664.23432127941
8222,2024-12-08,127.99,127.99,0.43213296398891965,0.9,-55.30869806094182,77440.64001725621,1.3684210526315792,0.9,-175.14421052631582,73489.0901107531
8223,2024-12-08,131.24362,131.24362,0.0,0.9,-0.0,77440.64001725621,0.0,0.9,-0.0,73489.0901107531
8224,2024-12-08,138.0,138.0,0.0,0.9,-0.0,77440.64001725621,0.0,0.9,-0.0,73489.0901107531
8225,2024-12-08,146.0,146.0,0.0,0.9,-0.0,77440.64001725621,0.0,0.9,-0.0,73489.0901107531
8226,2024-12-08,152.96,152.96,-1.1999999985524765,0.5842105266967167,183.5519997785868,77624.1920170348,-1.2,0.5842105263157895,183.552,73672.64211075309
8227,2024-12-08,160.09,160.09,-1.8400000014475235,0.1,294.56560023173404,77918.75761726654,-1.8,0.1105263157894737,288.16200000000003,73960.80411075309
8228,2024-12-08,150.35,150.35,0.0,0.1,-0.0,77918.75761726654,-0.040000000000000015,0.1,6.014000000000002,73966.81811075308
8229,2024-12-08,140.04,140.04,0.0,0.1,-0.0,77918.75761726654,0.0,0.1,-0.0,73966.81811075308
8230,2024-12-08,135.85,135.85,0.0,0.1,-0.0,77918.75761726654,0.0,0.1,-0.0,73966.81811075308
8231,2024-12-08,120.0,120.0,0.0,0.1,-0.0,77918.75761726654,0.0,0.1,-0.0,73966.81811075308
8232,2024-12-09,92.92,92.92,0.0,0.1,-0.0,77918.75761726654,0.0,0.1,-0.0,73966.81811075308
8233,2024-12-09,84.0,84.0,0.0,0.1,-0.0,77918.75761726654,0.0,0.1,-0.0,73966.81811075308
8234,2024-12-09,35.43962,35.43962,2.0,0.575,-70.87924,77847.87837726655,2.0,0.575,-70.87924,73895.93887075309
8235,2024-12-09,60.46,60.46,1.3684210526315792,0.9,-82.73473684210528,77765.14364042445,1.3684210526315792,0.9,-82.73473684210528,73813.20413391099
8236,2024-12-09,63.2,63.2,0.0,0.9,-0.0,77765.14364042445,0.0,0.9,-0.0,73813.20413391099
8237,2024-12-09,98.26,98.26,0.0,0.9,-0.0,77765.14364042445,0.0,0.9,-0.0,73813.20413391099
8238,2024-12-09,121.35,121.35,0.0,0.9,-0.0,77765.14364042445,0.0,0.9,-0.0,73813.20413391099
8239,2024-12-09,142.49,142.49,0.0,0.9,-0.0,77765.14364042445,0.0,0.9,-0.0,73813.20413391099
8240,2024-12-09,154.62,154.62,-2.0,0.37368421052631584,309.24,78074.38364042445,-1.2,0.5842105263157895,185.544,73998.74813391098
8241,2024-12-09,155.0,155.0,-1.0400000000000003,0.1,161.20000000000005,78235.58364042445,-1.2,0.268421052631579,186.0,74184.74813391098
8242,2024-12-09,143.51,143.51,0.0,0.1,-0.0,78235.58364042445,-0.6400000000000001,0.1,91.84640000000002,74276.59453391097
8243,2024-12-09,142.63,142.63,1.3684210527309464,0.4250000000235997,-195.1778947510149,78040.40574567343,0.0,0.1,-0.0,74276.59453391097
8244,2024-12-09,140.201,140.201,1.999999999900633,0.9,-280.40199998606863,77760.00374568735,2.0,0.575,-280.402,73996.19253391097
8245,2024-12-09,143.80311,143.80311,0.0,0.9,-0.0,77760.00374568735,1.3684210526315792,0.9,-196.78320315789477,73799.40933075307
8246,2024-12-09,153.66792,153.66792,0.0,0.9,-0.0,77760.00374568735,0.0,0.9,-0.0,73799.40933075307
8247,2024-12-09,161.80674,161.80674,0.0,0.9,-0.0,77760.00374568735,0.0,0.9,-0.0,73799.40933075307
8248,2024-12-09,164.6,164.6,0.0,0.9,-0.0,77760.00374568735,0.0,0.9,-0.0,73799.40933075307
8249,2024-12-09,164.42,164.42,-2.0,0.37368421052631584,328.84,78088.84374568735,-1.2,0.5842105263157895,197.30399999999997,73996.71333075307
8250,2024-12-09,164.19,164.19,-1.0400000000000003,0.1,170.75760000000005,78259.60134568735,-1.6,0.1631578947368421,262.704,74259.41733075307
8251,2024-12-09,166.77777,166.77777,0.0,0.1,-0.0,78259.60134568735,-0.24,0.1,40.0266648,74299.44399555307
8252,2024-12-09,155.81,155.81,0.0,0.1,-0.0,78259.60134568735,0.0,0.1,-0.0,74299.44399555307
8253,2024-12-09,141.0,141.0,0.0,0.1,-0.0,78259.60134568735,0.0,0.1,-0.0,74299.44399555307
8254,2024-12-09,136.56,136.56,0.0,0.1,-0.0,78259.60134568735,0.0,0.1,-0.0,74299.44399555307
8255,2024-12-09,129.46,129.46,0.0,0.1,-0.0,78259.60134568735,0.0,0.1,-0.0,74299.44399555307
8256,2024-12-10,133.76,133.76,0.0,0.1,-0.0,78259.60134568735,0.0,0.1,-0.0,74299.44399555307
8257,2024-12-10,129.96,129.96,0.0,0.1,-0.0,78259.60134568735,0.0,0.1,-0.0,74299.44399555307
8258,2024-12-10,125.0,125.0,0.0,0.1,-0.0,78259.60134568735,0.0,0.1,-0.0,74299.44399555307
8259,2024-12-10,123.53,123.53,2.0,0.575,-247.06,78012.54134568735,2.0,0.575,-247.06,74052.38399555307
8260,2024-12-10,123.54,123.54,1.3684210526315792,0.9,-169.0547368421053,77843.48660884524,1.3684210526315792,0.9,-169.0547368421053,73883.32925871096
8261,2024-12-10,129.43,129.43,0.0,0.9,-0.0,77843.48660884524,0.0,0.9,-0.0,73883.32925871096
8262,2024-12-10,144.97089,144.97089,0.0,0.9,-0.0,77843.48660884524,0.0,0.9,-0.0,73883.32925871096
8263,2024-12-10,165.0,165.0,0.0,0.9,-0.0,77843.48660884524,0.0,0.9,-0.0,73883.32925871096
8264,2024-12-10,177.56057,177.56057,0.0,0.9,-0.0,77843.48660884524,0.0,0.9,-0.0,73883.32925871096
8265,2024-12-10,174.50448,174.50448,0.0,0.9,-0.0,77843.48660884524,-1.2,0.5842105263157895,209.405376,74092.73463471096
8266,2024-12-10,173.87229,173.87229,0.0,0.9,-0.0,77843.48660884524,-1.2,0.268421052631579,208.64674799999997,74301.38138271096
8267,2024-12-10,174.83343,174.83343,0.0,0.9,-0.0,77843.48660884524,-0.6400000000000001,0.1,111.89339520000001,74413.27477791095
8268,2024-12-10,167.66201,167.66201,0.0,0.9,-0.0,77843.48660884524,2.0,0.575,-335.32402,74077.95075791095
8269,2024-12-10,166.75081,166.75081,0.0,0.9,-0.0,77843.48660884524,1.3684210526315792,0.9,-228.18531894736847,73849.76543896359
8270,2024-12-10,178.7568,178.7568,0.0,0.9,-0.0,77843.48660884524,0.0,0.9,-0.0,73849.76543896359
8271,2024-12-10,186.99408,186.99408,-1.200000000000032,0.5842105263157811,224.39289600000598,78067.87950484524,0.0,0.9,-0.0,73849.76543896359
8272,2024-12-10,183.73686,183.73686,0.0,0.5842105263157811,-0.0,78067.87950484524,-1.2,0.5842105263157895,220.484232,74070.24967096359
8273,2024-12-10,190.01,190.01,-1.839999999999968,0.1,349.6183999999939,78417.49790484524,-1.8,0.1105263157894737,342.018,74412.26767096359
8274,2024-12-10,181.0,181.0,0.0,0.1,-0.0,78417.49790484524,-0.040000000000000015,0.1,7.240000000000003,74419.50767096359
8275,2024-12-10,179.41018,179.41018,0.0,0.1,-0.0,78417.49790484524,0.0,0.1,-0.0,74419.50767096359
8276,2024-12-10,165.21718,165.21718,0.0,0.1,-0.0,78417.49790484524,0.0,0.1,-0.0,74419.50767096359
8277,2024-12-10,149.70211,149.70211,0.0,0.1,-0.0,78417.49790484524,0.0,0.1,-0.0,74419.50767096359
8278,2024-12-10,139.90227,139.90227,0.0,0.1,-0.0,78417.49790484524,0.0,0.1,-0.0,74419.50767096359
8279,2024-12-10,134.55,134.55,0.0,0.1,-0.0,78417.49790484524,0.0,0.1,-0.0,74419.50767096359
8280,2024-12-11,132.56,132.56,0.0,0.1,-0.0,78417.49790484524,0.0,0.1,-0.0,74419.50767096359
8281,2024-12-11,127.77,127.77,0.0,0.1,-0.0,78417.49790484524,0.0,0.1,-0.0,74419.50767096359
8282,2024-12-11,121.8,121.8,2.0,0.575,-243.6,78173.89790484523,0.0,0.1,-0.0,74419.50767096359
8283,2024-12-11,121.83,121.83,1.3684210526315792,0.9,-166.71473684210528,78007.18316800313,2.0,0.575,-243.66,74175.84767096359
8284,2024-12-11,122.44,122.44,0.0,0.9,-0.0,78007.18316800313,1.3684210526315792,0.9,-167.54947368421057,74008.29819727938
8285,2024-12-11,132.49,132.49,0.0,0.9,-0.0,78007.18316800313,0.0,0.9,-0.0,74008.29819727938
8286,2024-12-11,154.3,154.3,0.0,0.9,-0.0,78007.18316800313,0.0,0.9,-0.0,74008.29819727938
8287,2024-12-11,208.39525,208.39525,0.0,0.9,-0.0,78007.18316800313,0.0,0.9,-0.0,74008.29819727938
8288,2024-12-11,213.09461,213.09461,-1.2000000046494292,0.5842105250922555,255.7135329907683,78262.8967009939,-1.2,0.5842105263157895,255.713532,74264.01172927937
8289,2024-12-11,214.52958,214.52958,-1.8399999953505708,0.1,394.7344262025599,78657.63112719645,-1.84,0.1,394.7344272,74658.74615647938
8290,2024-12-11,196.65492,196.65492,0.0,0.1,-0.0,78657.63112719645,0.0,0.1,-0.0,74658.74615647938
8291,2024-12-11,184.20127,184.20127,0.0,0.1,-0.0,78657.63112719645,0.0,0.1,-0.0,74658.74615647938
8292,2024-12-11,168.2261,168.2261,2.0,0.575,-336.4522,78321.17892719645,2.0,0.575,-336.4522,74322.29395647938
8293,2024-12-11,168.53386,168.53386,1.3684210526315792,0.9,-230.6252821052632,78090.55364509119,1.3684210526315792,0.9,-230.6252821052632,74091.66867437412
8294,2024-12-11,186.58608,186.58608,0.0,0.9,-0.0,78090.55364509119,0.0,0.9,-0.0,74091.66867437412
8295,2024-12-11,220.24,220.24,0.0,0.9,-0.0,78090.55364509119,0.0,0.9,-0.0,74091.66867437412
8296,2024-12-11,237.85823,237.85823,0.0,0.9,-0.0,78090.55364509119,0.0,0.9,-0.0,74091.66867437412
8297,2024-12-11,270.67664,270.67664,-1.202434435965559,0.5835698852722213,325.4709129474527,78416.02455803864,-2.0,0.37368421052631584,541.35328,74633.02195437411
8298,2024-12-11,275.12371,275.12371,-1.837565564034441,0.1,505.557855345398,78921.58241338404,-1.0400000000000003,0.1,286.12865840000006,74919.15061277412
8299,2024-12-11,255.0,255.0,0.0,0.1,-0.0,78921.58241338404,0.0,0.1,-0.0,74919.15061277412
8300,2024-12-11,202.06783,202.06783,0.0,0.1,-0.0,78921.58241338404,0.0,0.1,-0.0,74919.15061277412
8301,2024-12-11,169.48219,169.48219,0.0,0.1,-0.0,78921.58241338404,0.0,0.1,-0.0,74919.15061277412
8302,2024-12-11,150.0,150.0,0.0,0.1,-0.0,78921.58241338404,0.0,0.1,-0.0,74919.15061277412
8303,2024-12-11,136.96,136.96,0.0,0.1,-0.0,78921.58241338404,0.0,0.1,-0.0,74919.15061277412
8304,2024-12-12,130.65,130.65,0.0,0.1,-0.0,78921.58241338404,0.0,0.1,-0.0,74919.15061277412
8305,2024-12-12,122.18,122.18,2.0,0.575,-244.36,78677.22241338404,0.0,0.1,-0.0,74919.15061277412
8306,2024-12-12,119.3,119.3,1.3684210526315792,0.9,-163.2526315789474,78513.96978180509,0.0,0.1,-0.0,74919.15061277412
8307,2024-12-12,120.99,120.99,0.0,0.9,-0.0,78513.96978180509,2.0,0.575,-241.98,74677.17061277412
8308,2024-12-12,119.32,119.32,0.0,0.9,-0.0,78513.96978180509,1.3684210526315792,0.9,-163.28000000000003,74513.89061277412
8309,2024-12-12,125.2,125.2,0.0,0.9,-0.0,78513.96978180509,0.0,0.9,-0.0,74513.89061277412
8310,2024-12-12,155.81,155.81,0.0,0.9,-0.0,78513.96978180509,0.0,0.9,-0.0,74513.89061277412
8311,2024-12-12,187.51182,187.51182,0.0,0.9,-0.0,78513.96978180509,0.0,0.9,-0.0,74513.89061277412
8312,2024-12-12,243.48154,243.48154,-2.0,0.37368421052631584,486.96308,79000.9328618051,-2.0,0.37368421052631584,486.96308,75000.85369277412
8313,2024-12-12,210.70071,210.70071,-1.0400000000000003,0.1,219.12873840000003,79220.0616002051,-1.0400000000000003,0.1,219.12873840000003,75219.98243117412
8314,2024-12-12,163.81947,163.81947,0.0,0.1,-0.0,79220.0616002051,0.0,0.1,-0.0,75219.98243117412
8315,2024-12-12,167.67125,167.67125,0.0,0.1,-0.0,79220.0616002051,0.0,0.1,-0.0,75219.98243117412
8316,2024-12-12,159.3321,159.3321,0.0,0.1,-0.0,79220.0616002051,2.0,0.575,-318.6642,74901.31823117413
8317,2024-12-12,150.90284,150.90284,2.0,0.575,-301.80568,78918.25592020509,1.3684210526315792,0.9,-206.49862315789477,74694.81960801623
8318,2024-12-12,154.05668,154.05668,1.3684210526315792,0.9,-210.81440421052636,78707.44151599456,0.0,0.9,-0.0,74694.81960801623
8319,2024-12-12,179.73459,179.73459,0.0,0.9,-0.0,78707.44151599456,0.0,0.9,-0.0,74694.81960801623
8320,2024-12-12,217.12684,217.12684,0.0,0.9,-0.0,78707.44151599456,0.0,0.9,-0.0,74694.81960801623
8321,2024-12-12,268.99161,268.99161,-2.0,0.37368421052631584,537.98322,79245.42473599456,-2.0,0.37368421052631584,537.98322,75232.80282801623
8322,2024-12-12,269.7242,269.7242,-1.0400000000000003,0.1,280.51316800000006,79525.93790399456,-1.0400000000000003,0.1,280.51316800000006,75513.31599601623
8323,2024-12-12,255.66106,255.66106,0.0,0.1,-0.0,79525.93790399456,0.0,0.1,-0.0,75513.31599601623
8324,2024-12-12,204.20178,204.20178,0.0,0.1,-0.0,79525.93790399456,0.0,0.1,-0.0,75513.31599601623
8325,2024-12-12,169.40253,169.40253,0.0,0.1,-0.0,79525.93790399456,0.0,0.1,-0.0,75513.31599601623
8326,2024-12-12,150.0,150.0,0.0,0.1,-0.0,79525.93790399456,0.0,0.1,-0.0,75513.31599601623
8327,2024-12-12,134.75405,134.75405,0.0,0.1,-0.0,79525.93790399456,0.0,0.1,-0.0,75513.31599601623
8328,2024-12-13,130.06934,130.06934,0.0,0.1,-0.0,79525.93790399456,0.0,0.1,-0.0,75513.31599601623
8329,2024-12-13,122.90186,122.90186,0.0,0.1,-0.0,79525.93790399456,0.0,0.1,-0.0,75513.31599601623
8330,2024-12-13,118.96522,118.96522,0.0,0.1,-0.0,79525.93790399456,0.0,0.1,-0.0,75513.31599601623
8331,2024-12-13,116.19,116.19,1.3684210726254162,0.4250000047485364,-158.99684442834712,79366.94105956622,2.0,0.575,-232.38,75280.93599601623
8332,2024-12-13,115.64,115.64,1.9999999800061627,0.9,-231.27999768791267,79135.6610618783,1.3684210526315792,0.9,-158.2442105263158,75122.69178548991
8333,2024-12-13,125.31,125.31,0.0,0.9,-0.0,79135.6610618783,0.0,0.9,-0.0,75122.69178548991
8334,2024-12-13,145.86176,145.86176,0.0,0.9,-0.0,79135.6610618783,0.0,0.9,-0.0,75122.69178548991
8335,2024-12-13,182.37067,182.37067,0.0,0.9,-0.0,79135.6610618783,0.0,0.9,-0.0,75122.69178548991
8336,2024-12-13,245.76518,245.76518,-2.0,0.37368421052631584,491.53036,79627.1914218783,-2.0,0.37368421052631584,491.53036,75614.22214548991
8337,2024-12-13,234.72677,234.72677,-1.0400000000000003,0.1,244.11584080000006,79871.30726267831,-1.0400000000000003,0.1,244.11584080000006,75858.33798628992
8338,2024-12-13,198.90882,198.90882,0.0,0.1,-0.0,79871.30726267831,0.0,0.1,-0.0,75858.33798628992
8339,2024-12-13,168.28325,168.28325,0.0,0.1,-0.0,79871.30726267831,2.0,0.575,-336.5665,75521.77148628992
8340,2024-12-13,161.00029,161.00029,1.3684337572607377,0.42500301734942514,-220.31823176476837,79650.98903091354,1.3684210526315792,0.9,-220.31618631578954,75301.45529997413
8341,2024-12-13,160.54339,160.54339,1.9999872953708417,0.9,-321.0847403557662,79329.90429055777,0.0,0.9,-0.0,75301.45529997413
8342,2024-12-13,178.29253,178.29253,0.0,0.9,-0.0,79329.90429055777,0.0,0.9,-0.0,75301.45529997413
8343,2024-12-13,205.4393,205.4393,0.0,0.9,-0.0,79329.90429055777,0.0,0.9,-0.0,75301.45529997413
8344,2024-12-13,235.55695,235.55695,0.0,0.9,-0.0,79329.90429055777,0.0,0.9,-0.0,75301.45529997413
8345,2024-12-13,262.58092,262.58092,-2.0,0.37368421052631584,525.16184,79855.06613055777,-2.0,0.37368421052631584,525.16184,75826.61713997413
8346,2024-12-13,253.05751,253.05751,-1.0400000000000003,0.1,263.17981040000006,80118.24594095777,-1.0400000000000003,0.1,263.17981040000006,76089.79695037413
8347,2024-12-13,222.17248,222.17248,0.0,0.1,-0.0,80118.24594095777,0.0,0.1,-0.0,76089.79695037413
8348,2024-12-13,174.97669,174.97669,0.0,0.1,-0.0,80118.24594095777,0.0,0.1,-0.0,76089.79695037413
8349,2024-12-13,146.22,146.22,0.0,0.1,-0.0,80118.24594095777,0.0,0.1,-0.0,76089.79695037413
8350,2024-12-13,136.19,136.19,0.0,0.1,-0.0,80118.24594095777,0.0,0.1,-0.0,76089.79695037413
8351,2024-12-13,131.31,131.31,0.0,0.1,-0.0,80118.24594095777,0.0,0.1,-0.0,76089.79695037413
8352,2024-12-14,117.86,117.86,0.0,0.1,-0.0,80118.24594095777,0.0,0.1,-0.0,76089.79695037413
8353,2024-12-14,114.0,114.0,0.0,0.1,-0.0,80118.24594095777,0.0,0.1,-0.0,76089.79695037413
8354,2024-12-14,113.4,113.4,0.0,0.1,-0.0,80118.24594095777,0.0,0.1,-0.0,76089.79695037413
8355,2024-12-14,109.0,109.0,1.3684269512634402,0.425001400925067,-149.15853768771498,79969.08740327005,2.0,0.575,-218.0,75871.79695037413
8356,2024-12-14,107.48,107.48,1.999994101368139,0.9,-214.95936601504758,79754.12803725501,1.3684210526315792,0.9,-147.07789473684213,75724.7190556373
8357,2024-12-14,113.4,113.4,0.0,0.9,-0.0,79754.12803725501,0.0,0.9,-0.0,75724.7190556373
8358,2024-12-14,120.1,120.1,0.0,0.9,-0.0,79754.12803725501,0.0,0.9,-0.0,75724.7190556373
8359,2024-12-14,134.53,134.53,0.0,0.9,-0.0,79754.12803725501,0.0,0.9,-0.0,75724.7190556373
8360,2024-12-14,139.68,139.68,-2.0,0.37368421052631584,279.36,80033.48803725501,-1.2,0.5842105263157895,167.616,75892.33505563729
8361,2024-12-14,139.96,139.96,-1.0400000000000003,0.1,145.55840000000003,80179.046437255,-1.2,0.268421052631579,167.952,76060.2870556373
8362,2024-12-14,127.65097,127.65097,0.0,0.1,-0.0,80179.046437255,-0.6400000000000001,0.1,81.69662080000002,76141.98367643729
8363,2024-12-14,124.98,124.98,0.0,0.1,-0.0,80179.046437255,0.0,0.1,-0.0,76141.98367643729
8364,2024-12-14,122.0,122.0,1.3684227085021006,0.4250003932692489,-166.94757043725627,80012.09886681775,2.0,0.575,-244.0,75897.98367643729
8365,2024-12-14,120.3,120.3,1.9999983441294786,0.9,-240.59980079877627,79771.49906601897,1.3684210526315792,0.9,-164.62105263157898,75733.3626238057
8366,2024-12-14,123.55,123.55,0.0,0.9,-0.0,79771.49906601897,0.0,0.9,-0.0,75733.3626238057
8367,2024-12-14,128.76,128.76,0.0,0.9,-0.0,79771.49906601897,0.0,0.9,-0.0,75733.3626238057
8368,2024-12-14,135.23,135.23,0.0,0.9,-0.0,79771.49906601897,0.0,0.9,-0.0,75733.3626238057
8369,2024-12-14,140.0,140.0,-1.2000358108080942,0.5842011024189226,168.00501351313318,79939.5040795321,0.0,0.9,-0.0,75733.3626238057
8370,2024-12-14,142.24,142.24,-1.839964189191906,0.1,261.71650627065674,80201.22058580276,-1.2,0.5842105263157895,170.68800000000002,75904.0506238057
8371,2024-12-14,139.68,139.68,0.0,0.1,-0.0,80201.22058580276,-1.84,0.1,257.01120000000003,76161.06182380569
8372,2024-12-14,128.82247,128.82247,0.0,0.1,-0.0,80201.22058580276,0.0,0.1,-0.0,76161.06182380569
8373,2024-12-14,122.2,122.2,0.0,0.1,-0.0,80201.22058580276,0.0,0.1,-0.0,76161.06182380569
8374,2024-12-14,121.03,121.03,0.0,0.1,-0.0,80201.22058580276,0.0,0.1,-0.0,76161.06182380569
8375,2024-12-14,114.2,114.2,0.0,0.1,-0.0,80201.22058580276,0.0,0.1,-0.0,76161.06182380569
8376,2024-12-15,114.96,114.96,0.0,0.1,-0.0,80201.22058580276,0.0,0.1,-0.0,76161.06182380569
8377,2024-12-15,99.3,99.3,0.0,0.1,-0.0,80201.22058580276,0.0,0.1,-0.0,76161.06182380569
8378,2024-12-15,98.16,98.16,0.0,0.1,-0.0,80201.22058580276,0.0,0.1,-0.0,76161.06182380569
8379,2024-12-15,97.11,97.11,0.0,0.1,-0.0,80201.22058580276,2.0,0.575,-194.22,75966.84182380569
8380,2024-12-15,97.6,97.6,2.0,0.575,-195.2,80006.02058580276,1.3684210526315792,0.9,-133.55789473684212,75833.28392906884
8381,2024-12-15,98.7,98.7,1.3684210526315792,0.9,-135.06315789473686,79870.95742790803,0.0,0.9,-0.0,75833.28392906884
8382,2024-12-15,111.49,111.49,0.0,0.9,-0.0,79870.95742790803,0.0,0.9,-0.0,75833.28392906884
8383,2024-12-15,122.28,122.28,-1.2000000000128481,0.5842105263124084,146.73600000157106,80017.6934279096,-1.2,0.5842105263157895,146.736,75980.01992906885
8384,2024-12-15,138.56,138.56,-1.8399999999871521,0.1,254.9503999982198,80272.64382790783,-1.84,0.1,254.9504,76234.97032906885
8385,2024-12-15,120.87,120.87,0.0,0.1,-0.0,80272.64382790783,0.0,0.1,-0.0,76234.97032906885
8386,2024-12-15,119.12,119.12,0.0,0.1,-0.0,80272.64382790783,0.0,0.1,-0.0,76234.97032906885
8387,2024-12-15,100.11,100.11,0.0,0.1,-0.0,80272.64382790783,0.0,0.1,-0.0,76234.97032906885
8388,2024-12-15,100.0,100.0,1.3684210526325673,0.42500000000023475,-136.84210526325674,80135.80172264457,2.0,0.575,-200.0,76034.97032906885
8389,2024-12-15,96.37133,96.37133,1.9999999999990117,0.9,-192.74265999990476,79943.05906264466,1.3684210526315792,0.9,-131.8765568421053,75903.09377222674
8390,2024-12-15,101.17,101.17,0.0,0.9,-0.0,79943.05906264466,0.0,0.9,-0.0,75903.09377222674
8391,2024-12-15,119.77693,119.77693,0.0,0.9,-0.0,79943.05906264466,0.0,0.9,-0.0,75903.09377222674
8392,2024-12-15,138.56,138.56,0.0,0.9,-0.0,79943.05906264466,0.0,0.9,-0.0,75903.09377222674
8393,2024-12-15,155.0,155.0,0.0,0.9,-0.0,79943.05906264466,0.0,0.9,-0.0,75903.09377222674
8394,2024-12-15,159.34,159.34,-1.2000000000001598,0.5842105263157474,191.20800000002546,80134.26706264469,-1.2,0.5842105263157895,191.208,76094.30177222674
8395,2024-12-15,160.51399,160.51399,-1.8399999999998402,0.1,295.34574159997436,80429.61280424467,-1.84,0.1,295.34574160000005,76389.64751382674
8396,2024-12-15,157.0,157.0,0.0,0.1,-0.0,80429.61280424467,0.0,0.1,-0.0,76389.64751382674
8397,2024-12-15,137.83,137.83,0.0,0.1,-0.0,80429.61280424467,0.0,0.1,-0.0,76389.64751382674
8398,2024-12-15,119.0,119.0,0.0,0.1,-0.0,80429.61280424467,0.0,0.1,-0.0,76389.64751382674
8399,2024-12-15,105.36808,105.36808,0.0,0.1,-0.0,80429.61280424467,0.0,0.1,-0.0,76389.64751382674
8400,2024-12-16,107.57,107.57,0.0,0.1,-0.0,80429.61280424467,0.0,0.1,-0.0,76389.64751382674
8401,2024-12-16,97.3,97.3,0.0,0.1,-0.0,80429.61280424467,0.0,0.1,-0.0,76389.64751382674
8402,2024-12-16,95.59,95.59,2.0,0.575,-191.18,80238.43280424467,2.0,0.575,-191.18,76198.46751382675
8403,2024-12-16,96.84,96.84,1.3684210526315792,0.9,-132.51789473684212,80105.91490950783,1.3684210526315792,0.9,-132.51789473684212,76065.94961908991
8404,2024-12-16,98.9,98.9,0.0,0.9,-0.0,80105.91490950783,0.0,0.9,-0.0,76065.94961908991
8405,2024-12-16,120.1,120.1,0.0,0.9,-0.0,80105.91490950783,0.0,0.9,-0.0,76065.94961908991
8406,2024-12-16,154.61,154.61,-2.0,0.37368421052631584,309.22,80415.13490950783,0.0,0.9,-0.0,76065.94961908991
8407,2024-12-16,169.31,169.31,0.0,0.37368421052631584,-0.0,80415.13490950783,-1.2,0.5842105263157895,203.172,76269.12161908991
8408,2024-12-16,169.48,169.48,-1.0400000000000003,0.1,176.25920000000002,80591.39410950783,-1.84,0.1,311.84319999999997,76580.96481908992
8409,2024-12-16,160.0,160.0,0.0,0.1,-0.0,80591.39410950783,0.0,0.1,-0.0,76580.96481908992
8410,2024-12-16,125.19,125.19,0.0,0.1,-0.0,80591.39410950783,0.0,0.1,-0.0,76580.96481908992
8411,2024-12-16,119.85,119.85,0.0,0.1,-0.0,80591.39410950783,0.0,0.1,-0.0,76580.96481908992
8412,2024-12-16,110.34,110.34,2.0,0.575,-220.68,80370.71410950784,2.0,0.575,-220.68,76360.28481908992
8413,2024-12-16,116.89,116.89,1.3684210526315792,0.9,-159.9547368421053,80210.75937266574,1.3684210526315792,0.9,-159.9547368421053,76200.33008224782
8414,2024-12-16,127.86,127.86,0.0,0.9,-0.0,80210.75937266574,0.0,0.9,-0.0,76200.33008224782
8415,2024-12-16,147.11749,147.11749,0.0,0.9,-0.0,80210.75937266574,0.0,0.9,-0.0,76200.33008224782
8416,2024-12-16,164.3,164.3,-2.0,0.37368421052631584,328.6,80539.35937266574,0.0,0.9,-0.0,76200.33008224782
8417,2024-12-16,164.55682,164.55682,0.0,0.37368421052631584,-0.0,80539.35937266574,-1.2,0.5842105263157895,197.46818399999998,76397.79826624782
8418,2024-12-16,164.98851,164.98851,-1.0400000000000003,0.1,171.58805040000004,80710.94742306574,-1.2,0.268421052631579,197.986212,76595.78447824782
8419,2024-12-16,163.48479,163.48479,0.0,0.1,-0.0,80710.94742306574,-0.6400000000000001,0.1,104.63026560000003,76700.41474384782
8420,2024-12-16,158.37017,158.37017,0.0,0.1,-0.0,80710.94742306574,0.0,0.1,-0.0,76700.41474384782
8421,2024-12-16,138.6975,138.6975,0.0,0.1,-0.0,80710.94742306574,0.0,0.1,-0.0,76700.41474384782
8422,2024-12-16,128.85,128.85,0.0,0.1,-0.0,80710.94742306574,0.0,0.1,-0.0,76700.41474384782
8423,2024-12-16,121.33,121.33,0.0,0.1,-0.0,80710.94742306574,0.0,0.1,-0.0,76700.41474384782
8424,2024-12-17,116.63,116.63,0.0,0.1,-0.0,80710.94742306574,0.0,0.1,-0.0,76700.41474384782
8425,2024-12-17,110.36,110.36,0.0,0.1,-0.0,80710.94742306574,0.0,0.1,-0.0,76700.41474384782
8426,2024-12-17,109.5,109.5,2.0,0.575,-219.0,80491.94742306574,2.0,0.575,-219.0,76481.41474384782
8427,2024-12-17,110.18,110.18,1.3684210526315792,0.9,-150.7726315789474,80341.17479148679,1.3684210526315792,0.9,-150.7726315789474,76330.64211226888
8428,2024-12-17,109.9,109.9,0.0,0.9,-0.0,80341.17479148679,0.0,0.9,-0.0,76330.64211226888
8429,2024-12-17,117.57,117.57,0.0,0.9,-0.0,80341.17479148679,0.0,0.9,-0.0,76330.64211226888
8430,2024-12-17,135.0,135.0,0.0,0.9,-0.0,80341.17479148679,0.0,0.9,-0.0,76330.64211226888
8431,2024-12-17,168.65082,168.65082,-1.2000000005566636,0.5842105261692991,202.38098409388178,80543.55577558067,-1.2,0.5842105263157895,202.380984,76533.02309626888
8432,2024-12-17,179.18,179.18,-1.8399999994433367,0.1,329.69119990025706,80873.24697548093,-1.84,0.1,329.69120000000004,76862.71429626888
8433,2024-12-17,156.39,156.39,0.0,0.1,-0.0,80873.24697548093,0.0,0.1,-0.0,76862.71429626888
8434,2024-12-17,125.08,125.08,0.0,0.1,-0.0,80873.24697548093,0.0,0.1,-0.0,76862.71429626888
8435,2024-12-17,118.73,118.73,0.0,0.1,-0.0,80873.24697548093,0.0,0.1,-0.0,76862.71429626888
8436,2024-12-17,109.3,109.3,0.0,0.1,-0.0,80873.24697548093,2.0,0.575,-218.6,76644.11429626888
8437,2024-12-17,109.24,109.24,2.0,0.575,-218.48,80654.76697548093,1.3684210526315792,0.9,-149.4863157894737,76494.6279804794
8438,2024-12-17,120.0,120.0,1.3684210526315792,0.9,-164.2105263157895,80490.55644916515,0.0,0.9,-0.0,76494.6279804794
8439,2024-12-17,146.27754,146.27754,0.0,0.9,-0.0,80490.55644916515,0.0,0.9,-0.0,76494.6279804794
8440,2024-12-17,179.18,179.18,-2.0,0.37368421052631584,358.36,80848.91644916515,0.0,0.9,-0.0,76494.6279804794
8441,2024-12-17,179.18,179.18,-1.0400000000000003,0.1,186.34720000000004,81035.26364916515,-1.2,0.5842105263157895,215.016,76709.6439804794
8442,2024-12-17,174.43,174.43,0.0,0.1,-0.0,81035.26364916515,-1.84,0.1,320.95120000000003,77030.5951804794
8443,2024-12-17,169.53547,169.53547,0.0,0.1,-0.0,81035.26364916515,0.0,0.1,-0.0,77030.5951804794
8444,2024-12-17,140.0,140.0,0.0,0.1,-0.0,81035.26364916515,0.0,0.1,-0.0,77030.5951804794
8445,2024-12-17,130.72,130.72,0.0,0.1,-0.0,81035.26364916515,0.0,0.1,-0.0,77030.5951804794
8446,2024-12-17,124.83,124.83,0.0,0.1,-0.0,81035.26364916515,0.0,0.1,-0.0,77030.5951804794
8447,2024-12-17,117.5,117.5,0.0,0.1,-0.0,81035.26364916515,0.0,0.1,-0.0,77030.5951804794
8448,2024-12-18,104.4,104.4,0.0,0.1,-0.0,81035.26364916515,0.0,0.1,-0.0,77030.5951804794
8449,2024-12-18,103.1,103.1,0.0,0.1,-0.0,81035.26364916515,0.0,0.1,-0.0,77030.5951804794
8450,2024-12-18,101.19,101.19,0.0,0.1,-0.0,81035.26364916515,2.0,0.575,-202.38,76828.2151804794
8451,2024-12-18,98.71,98.71,2.0,0.575,-197.42,80837.84364916515,1.3684210526315792,0.9,-135.07684210526318,76693.13833837413
8452,2024-12-18,100.1,100.1,1.3684210526315792,0.9,-136.97894736842107,80700.86470179673,0.0,0.9,-0.0,76693.13833837413
8453,2024-12-18,109.87,109.87,0.0,0.9,-0.0,80700.86470179673,0.0,0.9,-0.0,76693.13833837413
8454,2024-12-18,124.61,124.61,0.0,0.9,-0.0,80700.86470179673,0.0,0.9,-0.0,76693.13833837413
8455,2024-12-18,170.0,170.0,-2.0,0.37368421052631584,340.0,81040.86470179673,-1.2,0.5842105263157895,204.0,76897.13833837413
8456,2024-12-18,178.55135,178.55135,-1.0400000000000003,0.1,185.69340400000007,81226.55810579674,-1.84,0.1,328.534484,77225.67282237414
8457,2024-12-18,157.26117,157.26117,0.0,0.1,-0.0,81226.55810579674,0.0,0.1,-0.0,77225.67282237414
8458,2024-12-18,122.76,122.76,0.0,0.1,-0.0,81226.55810579674,0.0,0.1,-0.0,77225.67282237414
8459,2024-12-18,119.94,119.94,0.0,0.1,-0.0,81226.55810579674,0.0,0.1,-0.0,77225.67282237414
8460,2024-12-18,110.03,110.03,2.0,0.575,-220.06,81006.49810579674,2.0,0.575,-220.06,77005.61282237414
8461,2024-12-18,113.28,113.28,1.3684210526315792,0.9,-155.0147368421053,80851.48336895464,1.3684210526315792,0.9,-155.0147368421053,76850.59808553204
8462,2024-12-18,122.55,122.55,0.0,0.9,-0.0,80851.48336895464,0.0,0.9,-0.0,76850.59808553204
8463,2024-12-18,135.97165,135.97165,0.0,0.9,-0.0,80851.48336895464,0.0,0.9,-0.0,76850.59808553204
8464,2024-12-18,170.54,170.54,-2.0,0.37368421052631584,341.08,81192.56336895464,-1.2,0.5842105263157895,204.648,77055.24608553204
8465,2024-12-18,158.91,158.91,-1.0400000000000003,0.1,165.26640000000003,81357.82976895463,-1.2,0.268421052631579,190.69199999999998,77245.93808553203
8466,2024-12-18,152.46844,152.46844,0.0,0.1,-0.0,81357.82976895463,-0.6400000000000001,0.1,97.57980160000001,77343.51788713204
8467,2024-12-18,137.33755,137.33755,0.0,0.1,-0.0,81357.82976895463,0.0,0.1,-0.0,77343.51788713204
8468,2024-12-18,129.31329,129.31329,0.0,0.1,-0.0,81357.82976895463,0.0,0.1,-0.0,77343.51788713204
8469,2024-12-18,126.12888,126.12888,0.0,0.1,-0.0,81357.82976895463,0.0,0.1,-0.0,77343.51788713204
8470,2024-12-18,124.42296,124.42296,0.0,0.1,-0.0,81357.82976895463,0.0,0.1,-0.0,77343.51788713204
8471,2024-12-18,116.9,116.9,0.0,0.1,-0.0,81357.82976895463,0.0,0.1,-0.0,77343.51788713204
8472,2024-12-19,107.99,107.99,0.0,0.1,-0.0,81357.82976895463,0.0,0.1,-0.0,77343.51788713204
8473,2024-12-19,102.25,102.25,0.0,0.1,-0.0,81357.82976895463,0.0,0.1,-0.0,77343.51788713204
8474,2024-12-19,101.17,101.17,0.0,0.1,-0.0,81357.82976895463,0.0,0.1,-0.0,77343.51788713204
8475,2024-12-19,98.6,98.6,2.0,0.575,-197.2,81160.62976895463,2.0,0.575,-197.2,77146.31788713204
8476,2024-12-19,99.29,99.29,1.3684210526315792,0.9,-135.8705263157895,81024.75924263884,1.3684210526315792,0.9,-135.8705263157895,77010.44736081625
8477,2024-12-19,104.24,104.24,0.0,0.9,-0.0,81024.75924263884,0.0,0.9,-0.0,77010.44736081625
8478,2024-12-19,121.28,121.28,0.0,0.9,-0.0,81024.75924263884,0.0,0.9,-0.0,77010.44736081625
8479,2024-12-19,143.12,143.12,-2.0,0.37368421052631584,286.24,81310.99924263885,0.0,0.9,-0.0,77010.44736081625
8480,2024-12-19,155.0,155.0,-1.0400000000000003,0.1,161.20000000000005,81472.19924263885,-2.0,0.37368421052631584,310.0,77320.44736081625
8481,2024-12-19,135.0,135.0,0.0,0.1,-0.0,81472.19924263885,-1.0400000000000003,0.1,140.40000000000003,77460.84736081625
8482,2024-12-19,120.1,120.1,0.0,0.1,-0.0,81472.19924263885,0.0,0.1,-0.0,77460.84736081625
8483,2024-12-19,118.57,118.57,0.0,0.1,-0.0,81472.19924263885,0.0,0.1,-0.0,77460.84736081625
8484,2024-12-19,110.0,110.0,1.3684217033366541,0.4250001545424553,-150.52638736703196,81321.67285527181,2.0,0.575,-220.0,77240.84736081625
8485,2024-12-19,109.13,109.13,1.999999349294925,0.9,-218.25992898855517,81103.41292628326,1.3684210526315792,0.9,-149.33578947368423,77091.51157134256
8486,2024-12-19,117.73,117.73,0.0,0.9,-0.0,81103.41292628326,0.0,0.9,-0.0,77091.51157134256
8487,2024-12-19,127.24,127.24,0.0,0.9,-0.0,81103.41292628326,0.0,0.9,-0.0,77091.51157134256
8488,2024-12-19,144.0,144.0,-2.0,0.37368421052631584,288.0,81391.41292628326,0.0,0.9,-0.0,77091.51157134256
8489,2024-12-19,139.85,139.85,-1.0400000000000003,0.1,145.44400000000002,81536.85692628326,-1.2,0.5842105263157895,167.82,77259.33157134257
8490,2024-12-19,137.25662,137.25662,0.0,0.1,-0.0,81536.85692628326,-1.2,0.268421052631579,164.707944,77424.03951534256
8491,2024-12-19,136.26852,136.26852,0.0,0.1,-0.0,81536.85692628326,-0.6400000000000001,0.1,87.21185280000002,77511.25136814256
8492,2024-12-19,123.88,123.88,0.0,0.1,-0.0,81536.85692628326,0.0,0.1,-0.0,77511.25136814256
8493,2024-12-19,114.08,114.08,0.0,0.1,-0.0,81536.85692628326,0.0,0.1,-0.0,77511.25136814256
8494,2024-12-19,104.42,104.42,0.0,0.1,-0.0,81536.85692628326,0.0,0.1,-0.0,77511.25136814256
8495,2024-12-19,96.9,96.9,0.0,0.1,-0.0,81536.85692628326,0.0,0.1,-0.0,77511.25136814256
8496,2024-12-20,100.05,100.05,0.0,0.1,-0.0,81536.85692628326,0.0,0.1,-0.0,77511.25136814256
8497,2024-12-20,93.84,93.84,0.0,0.1,-0.0,81536.85692628326,0.0,0.1,-0.0,77511.25136814256
8498,2024-12-20,89.1,89.1,0.0,0.1,-0.0,81536.85692628326,0.0,0.1,-0.0,77511.25136814256
8499,2024-12-20,48.65,48.65,1.3684212788214376,0.4250000537200914,-66.57369521466293,81470.28323106859,2.0,0.575,-97.3,77413.95136814256
8500,2024-12-20,46.64624,46.64624,1.9999997738101416,0.9,-93.29246944909357,81376.9907616195,1.3684210526315792,0.9,-63.83169684210527,77350.11967130046
8501,2024-12-20,85.21,85.21,0.0,0.9,-0.0,81376.9907616195,0.0,0.9,-0.0,77350.11967130046
8502,2024-12-20,116.6,116.6,0.0,0.9,-0.0,81376.9907616195,0.0,0.9,-0.0,77350.11967130046
8503,2024-12-20,135.7,135.7,0.0,0.9,-0.0,81376.9907616195,0.0,0.9,-0.0,77350.11967130046
8504,2024-12-20,152.74,152.74,-2.0,0.37368421052631584,305.48,81682.4707616195,-1.2,0.5842105263157895,183.288,77533.40767130046
8505,2024-12-20,154.41009,154.41009,-1.0400000000000003,0.1,160.58649360000004,81843.0572552195,-1.84,0.1,284.1145656,77817.52223690046
8506,2024-12-20,136.87227,136.87227,0.0,0.1,-0.0,81843.0572552195,0.0,0.1,-0.0,77817.52223690046
8507,2024-12-20,116.30132,116.30132,0.0,0.1,-0.0,81843.0572552195,0.0,0.1,-0.0,77817.52223690046
8508,2024-12-20,105.81153,105.81153,2.0,0.575,-211.62306,81631.4341952195,2.0,0.575,-211.62306,77605.89917690046
8509,2024-12-20,102.9773,102.9773,1.3684210526315792,0.9,-140.9163052631579,81490.51788995633,1.3684210526315792,0.9,-140.9163052631579,77464.9828716373
8510,2024-12-20,112.35392,112.35392,0.0,0.9,-0.0,81490.51788995633,0.0,0.9,-0.0,77464.9828716373
8511,2024-12-20,124.34,124.34,0.0,0.9,-0.0,81490.51788995633,0.0,0.9,-0.0,77464.9828716373
8512,2024-12-20,142.56655,142.56655,-2.0,0.37368421052631584,285.1331,81775.65098995634,0.0,0.9,-0.0,77464.9828716373
8513,2024-12-20,149.21091,149.21091,-1.0400000000000003,0.1,155.17934640000004,81930.83033635633,-1.2,0.5842105263157895,179.05309200000002,77644.0359636373
8514,2024-12-20,144.11,144.11,0.0,0.1,-0.0,81930.83033635633,-1.84,0.1,265.16240000000005,77909.1983636373
8515,2024-12-20,141.48,141.48,0.0,0.1,-0.0,81930.83033635633,0.0,0.1,-0.0,77909.1983636373
8516,2024-12-20,123.93,123.93,0.0,0.1,-0.0,81930.83033635633,0.0,0.1,-0.0,77909.1983636373
8517,2024-12-20,115.84,115.84,0.0,0.1,-0.0,81930.83033635633,0.0,0.1,-0.0,77909.1983636373
8518,2024-12-20,107.1,107.1,0.0,0.1,-0.0,81930.83033635633,0.0,0.1,-0.0,77909.1983636373
8519,2024-12-20,96.07,96.07,0.0,0.1,-0.0,81930.83033635633,0.0,0.1,-0.0,77909.1983636373
8520,2024-12-21,101.06,101.06,0.0,0.1,-0.0,81930.83033635633,0.0,0.1,-0.0,77909.1983636373
8521,2024-12-21,87.5,87.5,0.0,0.1,-0.0,81930.83033635633,0.0,0.1,-0.0,77909.1983636373
8522,2024-12-21,41.99,41.99,1.368421054881199,0.42500000053428477,-57.46000009446155,81873.37033626187,0.0,0.1,-0.0,77909.1983636373
8523,2024-12-21,35.96,35.96,1.9999999977503802,0.9,-71.91999991910367,81801.45033634276,2.0,0.575,-71.92,77837.2783636373
8524,2024-12-21,53.3,53.3,0.0,0.9,-0.0,81801.45033634276,1.3684210526315792,0.9,-72.93684210526317,77764.34152153204
8525,2024-12-21,60.0,60.0,0.0,0.9,-0.0,81801.45033634276,0.0,0.9,-0.0,77764.34152153204
8526,2024-12-21,96.1,96.1,0.0,0.9,-0.0,81801.45033634276,0.0,0.9,-0.0,77764.34152153204
8527,2024-12-21,109.22,109.22,-1.2000002949778519,0.584210448690039,131.06403221748099,81932.51436856025,-1.2,0.5842105263157895,131.064,77895.40552153204
8528,2024-12-21,119.33,119.33,-1.8399997050221484,0.1,219.56716480029297,82152.08153336054,-1.84,0.1,219.5672,78114.97272153205
8529,2024-12-21,108.46111,108.46111,0.0,0.1,-0.0,82152.08153336054,0.0,0.1,-0.0,78114.97272153205
8530,2024-12-21,80.40363,80.40363,0.0,0.1,-0.0,82152.08153336054,0.0,0.1,-0.0,78114.97272153205
8531,2024-12-21,54.51281,54.51281,2.0,0.575,-109.02562,82043.05591336054,2.0,0.575,-109.02562,78005.94710153205
8532,2024-12-21,60.0,60.0,1.3684210526315792,0.9,-82.10526315789475,81960.95065020265,1.3684210526315792,0.9,-82.10526315789475,77923.84183837415
8533,2024-12-21,72.8,72.8,0.0,0.9,-0.0,81960.95065020265,0.0,0.9,-0.0,77923.84183837415
8534,2024-12-21,99.97,99.97,0.0,0.9,-0.0,81960.95065020265,0.0,0.9,-0.0,77923.84183837415
8535,2024-12-21,122.89,122.89,0.0,0.9,-0.0,81960.95065020265,0.0,0.9,-0.0,77923.84183837415
8536,2024-12-21,136.49,136.49,0.0,0.9,-0.0,81960.95065020265,0.0,0.9,-0.0,77923.84183837415
8537,2024-12-21,147.19,147.19,-2.0,0.37368421052631584,294.38,82255.33065020265,0.0,0.9,-0.0,77923.84183837415
8538,2024-12-21,149.9804,149.9804,-1.0400000000000003,0.1,155.97961600000005,82411.31026620265,-1.2,0.5842105263157895,179.97648,78103.81831837415
8539,2024-12-21,151.61,151.61,0.0,0.1,-0.0,82411.31026620265,-1.84,0.1,278.96240000000006,78382.78071837415
8540,2024-12-21,138.59,138.59,0.0,0.1,-0.0,82411.31026620265,0.0,0.1,-0.0,78382.78071837415
8541,2024-12-21,130.0,130.0,0.0,0.1,-0.0,82411.31026620265,0.0,0.1,-0.0,78382.78071837415
8542,2024-12-21,127.18,127.18,0.0,0.1,-0.0,82411.31026620265,0.0,0.1,-0.0,78382.78071837415
8543,2024-12-21,120.0,120.0,0.0,0.1,-0.0,82411.31026620265,0.0,0.1,-0.0,78382.78071837415
8544,2024-12-22,117.44658,117.44658,0.0,0.1,-0.0,82411.31026620265,0.0,0.1,-0.0,78382.78071837415
8545,2024-12-22,106.9,106.9,0.0,0.1,-0.0,82411.31026620265,0.0,0.1,-0.0,78382.78071837415
8546,2024-12-22,99.15,99.15,0.0,0.1,-0.0,82411.31026620265,2.0,0.575,-198.3,78184.48071837415
8547,2024-12-22,100.0,100.0,0.0,0.1,-0.0,82411.31026620265,1.3684210526315792,0.9,-136.84210526315792,78047.63861311099
8548,2024-12-22,98.82,98.82,2.0,0.575,-197.64,82213.67026620265,0.0,0.9,-0.0,78047.63861311099
8549,2024-12-22,99.04756,99.04756,1.3684210526315792,0.9,-135.5387663157895,82078.13149988686,0.0,0.9,-0.0,78047.63861311099
8550,2024-12-22,108.85,108.85,0.0,0.9,-0.0,82078.13149988686,0.0,0.9,-0.0,78047.63861311099
8551,2024-12-22,115.17422,115.17422,0.0,0.9,-0.0,82078.13149988686,0.0,0.9,-0.0,78047.63861311099
8552,2024-12-22,116.0,116.0,-2.0,0.37368421052631584,232.0,82310.13149988686,-2.0,0.37368421052631584,232.0,78279.63861311099
8553,2024-12-22,107.76,107.76,-1.0400000000000003,0.1,112.07040000000003,82422.20189988686,-1.0400000000000003,0.1,112.07040000000003,78391.70901311099
8554,2024-12-22,99.11,99.11,0.0,0.1,-0.0,82422.20189988686,0.0,0.1,-0.0,78391.70901311099
8555,2024-12-22,93.39,93.39,2.0,0.575,-186.78,82235.42189988686,2.0,0.575,-186.78,78204.92901311099
8556,2024-12-22,100.83,100.83,1.3684210526315792,0.9,-137.97789473684213,82097.44400515001,1.3684210526315792,0.9,-137.97789473684213,78066.95111837414
8557,2024-12-22,99.74,99.74,0.0,0.9,-0.0,82097.44400515001,0.0,0.9,-0.0,78066.95111837414
8558,2024-12-22,105.58,105.58,0.0,0.9,-0.0,82097.44400515001,0.0,0.9,-0.0,78066.95111837414
8559,2024-12-22,119.37,119.37,0.0,0.9,-0.0,82097.44400515001,0.0,0.9,-0.0,78066.95111837414
8560,2024-12-22,131.56,131.56,0.0,0.9,-0.0,82097.44400515001,0.0,0.9,-0.0,78066.95111837414
8561,2024-12-22,133.09,133.09,0.0,0.9,-0.0,82097.44400515001,0.0,0.9,-0.0,78066.95111837414
8562,2024-12-22,135.14,135.14,-1.2000000688058596,0.5842105082089843,162.16800929842387,82259.61201444843,-1.2,0.5842105263157895,162.16799999999998,78229.11911837415
8563,2024-12-22,143.18,143.18,-1.8399999311941406,0.1,263.45119014837707,82523.06320459681,-1.84,0.1,263.45120000000003,78492.57031837414
8564,2024-12-22,128.0,128.0,0.0,0.1,-0.0,82523.06320459681,0.0,0.1,-0.0,78492.57031837414
8565,2024-12-22,120.1,120.1,0.0,0.1,-0.0,82523.06320459681,0.0,0.1,-0.0,78492.57031837414
8566,2024-12-22,104.7,104.7,0.0,0.1,-0.0,82523.06320459681,0.0,0.1,-0.0,78492.57031837414
8567,2024-12-22,71.69,71.69,0.0,0.1,-0.0,82523.06320459681,0.0,0.1,-0.0,78492.57031837414
8568,2024-12-23,51.12319,51.12319,0.0,0.1,-0.0,82523.06320459681,0.0,0.1,-0.0,78492.57031837414
8569,2024-12-23,30.54267,30.54267,0.0,0.1,-0.0,82523.06320459681,0.0,0.1,-0.0,78492.57031837414
8570,2024-12-23,10.1926,10.1926,2.0,0.575,-20.3852,82502.6780045968,2.0,0.575,-20.3852,78472.18511837414
8571,2024-12-23,7.33,7.33,-0.5999999987745738,0.41710526348037524,4.397999991017626,82507.07600458783,1.3684210526315792,0.9,-10.030526315789476,78462.15459205834
8572,2024-12-23,6.0,6.0,2.0,0.8921052634803752,-12.0,82495.07600458783,0.0,0.9,-0.0,78462.15459205834
8573,2024-12-23,51.02803,51.02803,0.033240995872104426,0.9,-1.6962225345916209,82493.37978205323,0.0,0.9,-0.0,78462.15459205834
8574,2024-12-23,99.99,99.99,0.0,0.9,-0.0,82493.37978205323,0.0,0.9,-0.0,78462.15459205834
8575,2024-12-23,128.6,128.6,-1.2000000000000133,0.584210526315786,154.3200000000017,82647.69978205324,0.0,0.9,-0.0,78462.15459205834
8576,2024-12-23,141.19,141.19,-1.8399999999999868,0.1,259.78959999999813,82907.48938205325,-2.0,0.37368421052631584,282.38,78744.53459205835
8577,2024-12-23,122.8,122.8,0.0,0.1,-0.0,82907.48938205325,-1.0400000000000003,0.1,127.71200000000003,78872.24659205835
8578,2024-12-23,112.07,112.07,0.0,0.1,-0.0,82907.48938205325,0.0,0.1,-0.0,78872.24659205835
8579,2024-12-23,103.61133,103.61133,0.0,0.1,-0.0,82907.48938205325,0.0,0.1,-0.0,78872.24659205835
8580,2024-12-23,100.0,100.0,2.0,0.575,-200.0,82707.48938205325,2.0,0.575,-200.0,78672.24659205835
8581,2024-12-23,99.01628,99.01628,1.3684210526315792,0.9,-135.49596210526317,82571.99341994798,1.3684210526315792,0.9,-135.49596210526317,78536.75062995308
8582,2024-12-23,108.02,108.02,0.0,0.9,-0.0,82571.99341994798,0.0,0.9,-0.0,78536.75062995308
8583,2024-12-23,114.84925,114.84925,0.0,0.9,-0.0,82571.99341994798,0.0,0.9,-0.0,78536.75062995308
8584,2024-12-23,123.0,123.0,0.0,0.9,-0.0,82571.99341994798,0.0,0.9,-0.0,78536.75062995308
8585,2024-12-23,128.55821,128.55821,-2.0,0.37368421052631584,257.11642,82829.10983994798,-1.2,0.5842105263157895,154.269852,78691.02048195308
8586,2024-12-23,125.3372,125.3372,0.0,0.37368421052631584,-0.0,82829.10983994798,-1.8,0.1105263157894737,225.60696,78916.62744195308
8587,2024-12-23,127.77422,127.77422,-1.0400000000000003,0.1,132.88518880000004,82961.99502874799,-0.040000000000000015,0.1,5.110968800000002,78921.73841075308
8588,2024-12-23,119.1,119.1,0.0,0.1,-0.0,82961.99502874799,0.0,0.1,-0.0,78921.73841075308
8589,2024-12-23,109.28,109.28,0.0,0.1,-0.0,82961.99502874799,0.0,0.1,-0.0,78921.73841075308
8590,2024-12-23,105.82437,105.82437,0.0,0.1,-0.0,82961.99502874799,0.0,0.1,-0.0,78921.73841075308
8591,2024-12-23,105.49476,105.49476,0.0,0.1,-0.0,82961.99502874799,0.0,0.1,-0.0,78921.73841075308
8592,2024-12-24,86.03084,86.03084,0.0,0.1,-0.0,82961.99502874799,0.0,0.1,-0.0,78921.73841075308
8593,2024-12-24,82.84154,82.84154,0.0,0.1,-0.0,82961.99502874799,0.0,0.1,-0.0,78921.73841075308
8594,2024-12-24,81.89067,81.89067,0.0,0.1,-0.0,82961.99502874799,0.0,0.1,-0.0,78921.73841075308
8595,2024-12-24,78.0,78.0,2.0,0.575,-156.0,82805.99502874799,2.0,0.575,-156.0,78765.73841075308
8596,2024-12-24,78.77997,78.77997,1.3684210526315792,0.9,-107.80416947368424,82698.1908592743,1.3684210526315792,0.9,-107.80416947368424,78657.93424127939
8597,2024-12-24,80.6,80.6,0.0,0.9,-0.0,82698.1908592743,0.0,0.9,-0.0,78657.93424127939
8598,2024-12-24,108.86,108.86,0.0,0.9,-0.0,82698.1908592743,0.0,0.9,-0.0,78657.93424127939
8599,2024-12-24,153.52518,153.52518,-2.0,0.37368421052631584,307.05036,83005.24121927429,0.0,0.9,-0.0,78657.93424127939
8600,2024-12-24,166.27513,166.27513,-1.0400000000000003,0.1,172.92613520000003,83178.1673544743,-2.0,0.37368421052631584,332.55026,78990.4845012794
8601,2024-12-24,151.99285,151.99285,0.0,0.1,-0.0,83178.1673544743,-1.0400000000000003,0.1,158.07256400000006,79148.5570652794
8602,2024-12-24,119.4634,119.4634,0.0,0.1,-0.0,83178.1673544743,0.0,0.1,-0.0,79148.5570652794
8603,2024-12-24,117.90104,117.90104,0.0,0.1,-0.0,83178.1673544743,2.0,0.575,-235.80208,78912.7549852794
8604,2024-12-24,117.49,117.49,1.368421254134475,0.4250000478569378,-160.77581314825946,83017.39154132604,1.3684210526315792,0.9,-160.77578947368423,78751.97919580572
8605,2024-12-24,115.38,115.38,1.9999997984971043,0.9,-230.75997675059588,82786.63156457545,0.0,0.9,-0.0,78751.97919580572
8606,2024-12-24,117.97842,117.97842,0.0,0.9,-0.0,82786.63156457545,0.0,0.9,-0.0,78751.97919580572
8607,2024-12-24,139.65,139.65,0.0,0.9,-0.0,82786.63156457545,0.0,0.9,-0.0,78751.97919580572
8608,2024-12-24,161.0,161.0,0.0,0.9,-0.0,82786.63156457545,0.0,0.9,-0.0,78751.97919580572
8609,2024-12-24,172.75,172.75,-1.2000009199006945,0.5842102842366594,207.30015891284498,82993.93172348829,0.0,0.9,-0.0,78751.97919580572
8610,2024-12-24,173.66,173.66,-1.8399990800993058,0.1,319.53424025004546,83313.46596373833,-1.2,0.5842105263157895,208.392,78960.37119580572
8611,2024-12-24,171.81,171.81,0.0,0.1,-0.0,83313.46596373833,-1.84,0.1,316.1304,79276.50159580572
8612,2024-12-24,157.71,157.71,0.0,0.1,-0.0,83313.46596373833,0.0,0.1,-0.0,79276.50159580572
8613,2024-12-24,141.31,141.31,0.0,0.1,-0.0,83313.46596373833,0.0,0.1,-0.0,79276.50159580572
8614,2024-12-24,127.36,127.36,0.0,0.1,-0.0,83313.46596373833,0.0,0.1,-0.0,79276.50159580572
8615,2024-12-24,109.9,109.9,0.0,0.1,-0.0,83313.46596373833,0.0,0.1,-0.0,79276.50159580572
8616,2024-12-25,116.03,116.03,0.0,0.1,-0.0,83313.46596373833,0.0,0.1,-0.0,79276.50159580572
8617,2024-12-25,105.98,105.98,0.0,0.1,-0.0,83313.46596373833,0.0,0.1,-0.0,79276.50159580572
8618,2024-12-25,85.06923,85.06923,0.0,0.1,-0.0,83313.46596373833,0.0,0.1,-0.0,79276.50159580572
8619,2024-12-25,80.80603,80.80603,1.3584036227026333,0.4226208603918754,-109.76720388821768,83203.69875985011,2.0,0.575,-161.61206,79114.88953580572
8620,2024-12-25,75.99397,75.99397,2.0,0.8976208603918754,-151.98794,83051.71081985011,1.3684210526315792,0.9,-103.99174842105266,79010.89778738467
8621,2024-12-25,80.80743,80.80743,0.010017429928945838,0.9,-0.8094827677631957,83050.90133708235,0.0,0.9,-0.0,79010.89778738467
8622,2024-12-25,107.85,107.85,0.0,0.9,-0.0,83050.90133708235,0.0,0.9,-0.0,79010.89778738467
8623,2024-12-25,121.0,121.0,-2.0,0.37368421052631584,242.0,83292.90133708235,-1.2,0.5842105263157895,145.2,79156.09778738467
8624,2024-12-25,119.0,119.0,-1.0400000000000003,0.1,123.76000000000003,83416.66133708235,-1.84,0.1,218.96,79375.05778738468
8625,2024-12-25,99.24,99.24,0.0,0.1,-0.0,83416.66133708235,0.0,0.1,-0.0,79375.05778738468
8626,2024-12-25,89.79043,89.79043,0.0,0.1,-0.0,83416.66133708235,0.0,0.1,-0.0,79375.05778738468
8627,2024-12-25,82.17512,82.17512,0.0,0.1,-0.0,83416.66133708235,0.0,0.1,-0.0,79375.05778738468
8628,2024-12-25,86.34794,86.34794,0.0,0.1,-0.0,83416.66133708235,0.0,0.1,-0.0,79375.05778738468
8629,2024-12-25,77.42948,77.42948,2.0,0.575,-154.85896,83261.80237708235,2.0,0.575,-154.85896,79220.19882738468
8630,2024-12-25,77.57299,77.57299,1.3684210526315792,0.9,-106.15251263157897,83155.64986445077,1.3684210526315792,0.9,-106.15251263157897,79114.0463147531
8631,2024-12-25,97.9,97.9,0.0,0.9,-0.0,83155.64986445077,0.0,0.9,-0.0,79114.0463147531
8632,2024-12-25,123.5,123.5,0.0,0.9,-0.0,83155.64986445077,0.0,0.9,-0.0,79114.0463147531
8633,2024-12-25,148.16889,148.16889,0.0,0.9,-0.0,83155.64986445077,0.0,0.9,-0.0,79114.0463147531
8634,2024-12-25,155.02114,155.02114,-2.0,0.37368421052631584,310.04228,83465.69214445076,-1.2,0.5842105263157895,186.025368,79300.0716827531
8635,2024-12-25,156.53566,156.53566,-1.0400000000000003,0.1,162.79708640000004,83628.48923085076,-1.84,0.1,288.02561440000005,79588.0972971531
8636,2024-12-25,149.07574,149.07574,0.0,0.1,-0.0,83628.48923085076,0.0,0.1,-0.0,79588.0972971531
8637,2024-12-25,138.96,138.96,0.0,0.1,-0.0,83628.48923085076,0.0,0.1,-0.0,79588.0972971531
8638,2024-12-25,126.96,126.96,0.0,0.1,-0.0,83628.48923085076,0.0,0.1,-0.0,79588.0972971531
8639,2024-12-25,110.8,110.8,0.0,0.1,-0.0,83628.48923085076,0.0,0.1,-0.0,79588.0972971531
8640,2024-12-26,114.39,114.39,0.0,0.1,-0.0,83628.48923085076,0.0,0.1,-0.0,79588.0972971531
8641,2024-12-26,105.3,105.3,0.0,0.1,-0.0,83628.48923085076,0.0,0.1,-0.0,79588.0972971531
8642,2024-12-26,96.1,96.1,0.0,0.1,-0.0,83628.48923085076,0.0,0.1,-0.0,79588.0972971531
8643,2024-12-26,95.67,95.67,0.0,0.1,-0.0,83628.48923085076,0.0,0.1,-0.0,79588.0972971531
8644,2024-12-26,90.86664,90.86664,2.0,0.575,-181.73328,83446.75595085075,2.0,0.575,-181.73328,79406.3640171531
8645,2024-12-26,95.0975,95.0975,1.3684210526315792,0.9,-130.1334210526316,83316.62252979813,1.3684210526315792,0.9,-130.1334210526316,79276.23059610047
8646,2024-12-26,99.0,99.0,0.0,0.9,-0.0,83316.62252979813,0.0,0.9,-0.0,79276.23059610047
8647,2024-12-26,115.82,115.82,0.0,0.9,-0.0,83316.62252979813,0.0,0.9,-0.0,79276.23059610047
8648,2024-12-26,119.44,119.44,0.0,0.9,-0.0,83316.62252979813,-2.0,0.37368421052631584,238.88,79515.11059610048
8649,2024-12-26,118.23383,118.23383,-2.0,0.37368421052631584,236.46766,83553.09018979812,-1.0400000000000003,0.1,122.96318320000003,79638.07377930048
8650,2024-12-26,112.95383,112.95383,-1.0400000000000003,0.1,117.47198320000003,83670.56217299812,0.0,0.1,-0.0,79638.07377930048
8651,2024-12-26,105.51582,105.51582,2.0,0.575,-211.03164,83459.53053299812,0.0,0.1,-0.0,79638.07377930048
8652,2024-12-26,107.70756,107.70756,0.0,0.575,-0.0,83459.53053299812,0.0,0.1,-0.0,79638.07377930048
8653,2024-12-26,103.90136,103.90136,1.3684210526315792,0.9,-142.18080842105266,83317.34972457707,2.0,0.575,-207.80272,79430.27105930047
8654,2024-12-26,109.63851,109.63851,0.0,0.9,-0.0,83317.34972457707,1.3684210526315792,0.9,-150.0316452631579,79280.23941403732
8655,2024-12-26,120.75,120.75,0.0,0.9,-0.0,83317.34972457707,0.0,0.9,-0.0,79280.23941403732
8656,2024-12-26,126.53,126.53,0.0,0.9,-0.0,83317.34972457707,0.0,0.9,-0.0,79280.23941403732
8657,2024-12-26,149.98,149.98,0.0,0.9,-0.0,83317.34972457707,0.0,0.9,-0.0,79280.23941403732
8658,2024-12-26,155.71,155.71,-1.200000010995591,0.5842105234222129,186.8520017121235,83504.20172628919,-1.2,0.5842105263157895,186.852,79467.09141403732
8659,2024-12-26,160.3,160.3,-1.839999989004409,0.1,294.95199823740677,83799.1537245266,-1.84,0.1,294.95200000000006,79762.04341403733
8660,2024-12-26,155.28,155.28,0.0,0.1,-0.0,83799.1537245266,0.0,0.1,-0.0,79762.04341403733
8661,2024-12-26,146.83,146.83,0.0,0.1,-0.0,83799.1537245266,0.0,0.1,-0.0,79762.04341403733
8662,2024-12-26,132.43,132.43,0.0,0.1,-0.0,83799.1537245266,0.0,0.1,-0.0,79762.04341403733
8663,2024-12-26,118.27,118.27,0.0,0.1,-0.0,83799.1537245266,0.0,0.1,-0.0,79762.04341403733
8664,2024-12-27,118.61,118.61,0.0,0.1,-0.0,83799.1537245266,0.0,0.1,-0.0,79762.04341403733
8665,2024-12-27,113.0,113.0,0.0,0.1,-0.0,83799.1537245266,0.0,0.1,-0.0,79762.04341403733
8666,2024-12-27,106.16,106.16,0.0,0.1,-0.0,83799.1537245266,0.0,0.1,-0.0,79762.04341403733
8667,2024-12-27,101.76,101.76,1.3684210529877596,0.42500000008459293,-139.25052635203443,83659.90319817456,2.0,0.575,-203.52,79558.52341403732
8668,2024-12-27,99.57933,99.57933,1.9999999996438194,0.9,-199.15865996453178,83460.74453821003,1.3684210526315792,0.9,-136.2664515789474,79422.25696245837
8669,2024-12-27,106.2,106.2,0.0,0.9,-0.0,83460.74453821003,0.0,0.9,-0.0,79422.25696245837
8670,2024-12-27,121.0,121.0,0.0,0.9,-0.0,83460.74453821003,0.0,0.9,-0.0,79422.25696245837
8671,2024-12-27,140.0,140.0,0.0,0.9,-0.0,83460.74453821003,-1.2,0.5842105263157895,168.0,79590.25696245837
8672,2024-12-27,157.23,157.23,-2.0,0.37368421052631584,314.46,83775.20453821003,-1.84,0.1,289.3032,79879.56016245837
8673,2024-12-27,144.06,144.06,-1.0400000000000003,0.1,149.82240000000004,83925.02693821004,0.0,0.1,-0.0,79879.56016245837
8674,2024-12-27,123.46,123.46,0.0,0.1,-0.0,83925.02693821004,0.0,0.1,-0.0,79879.56016245837
8675,2024-12-27,119.06,119.06,1.3684210589286019,0.42500000149554296,-162.92421127603933,83762.102726934,0.0,0.1,-0.0,79879.56016245837
8676,2024-12-27,118.3,118.3,1.9999999937029773,0.9,-236.59999925506222,83525.50272767893,2.0,0.575,-236.6,79642.96016245836
8677,2024-12-27,120.1,120.1,0.0,0.9,-0.0,83525.50272767893,1.3684210526315792,0.9,-164.34736842105266,79478.61279403731
8678,2024-12-27,124.4,124.4,0.0,0.9,-0.0,83525.50272767893,0.0,0.9,-0.0,79478.61279403731
8679,2024-12-27,144.06,144.06,0.0,0.9,-0.0,83525.50272767893,0.0,0.9,-0.0,79478.61279403731
8680,2024-12-27,152.0,152.0,0.0,0.9,-0.0,83525.50272767893,0.0,0.9,-0.0,79478.61279403731
8681,2024-12-27,168.21,168.21,-1.6007067034643239,0.4787613938251779,269.25487458973396,83794.75760226867,0.0,0.9,-0.0,79478.61279403731
8682,2024-12-27,168.21,168.21,-1.439293296535676,0.10000000000000003,242.10352541026606,84036.86112767893,-2.0,0.37368421052631584,336.42,79815.03279403731
8683,2024-12-27,167.62,167.62,0.0,0.10000000000000003,-0.0,84036.86112767893,-1.0400000000000003,0.1,174.32480000000004,79989.35759403731
8684,2024-12-27,160.59,160.59,0.0,0.10000000000000003,-0.0,84036.86112767893,0.0,0.1,-0.0,79989.35759403731
8685,2024-12-27,149.65,149.65,0.0,0.10000000000000003,-0.0,84036.86112767893,0.0,0.1,-0.0,79989.35759403731
8686,2024-12-27,135.0,135.0,0.0,0.10000000000000003,-0.0,84036.86112767893,0.0,0.1,-0.0,79989.35759403731
8687,2024-12-27,122.11,122.11,0.0,0.10000000000000003,-0.0,84036.86112767893,0.0,0.1,-0.0,79989.35759403731
8688,2024-12-28,126.39654,126.39654,0.0,0.10000000000000003,-0.0,84036.86112767893,0.0,0.1,-0.0,79989.35759403731
8689,2024-12-28,116.63,116.63,0.0,0.10000000000000003,-0.0,84036.86112767893,0.0,0.1,-0.0,79989.35759403731
8690,2024-12-28,110.15404,110.15404,0.0,0.10000000000000003,-0.0,84036.86112767893,0.0,0.1,-0.0,79989.35759403731
8691,2024-12-28,105.92479,105.92479,0.0,0.10000000000000003,-0.0,84036.86112767893,0.0,0.1,-0.0,79989.35759403731
8692,2024-12-28,102.93,102.93,2.0,0.575,-205.86,83831.00112767893,2.0,0.575,-205.86,79783.49759403731
8693,2024-12-28,105.5792,105.5792,1.3684210526315792,0.9,-144.47680000000003,83686.52432767893,1.3684210526315792,0.9,-144.47680000000003,79639.02079403731
8694,2024-12-28,120.1,120.1,0.0,0.9,-0.0,83686.52432767893,0.0,0.9,-0.0,79639.02079403731
8695,2024-12-28,127.5,127.5,0.0,0.9,-0.0,83686.52432767893,-1.2,0.5842105263157895,153.0,79792.02079403731
8696,2024-12-28,128.09,128.09,-1.2000001630089012,0.5842104834187103,153.70802087981016,83840.23234855874,-1.84,0.1,235.68560000000002,80027.7063940373
8697,2024-12-28,128.3,128.3,-1.839999836991099,0.1,236.07197908595802,84076.3043276447,0.0,0.1,-0.0,80027.7063940373
8698,2024-12-28,122.83286,122.83286,0.0,0.1,-0.0,84076.3043276447,0.0,0.1,-0.0,80027.7063940373
8699,2024-12-28,113.40358,113.40358,0.0,0.1,-0.0,84076.3043276447,0.0,0.1,-0.0,80027.7063940373
8700,2024-12-28,108.96945,108.96945,2.0,0.575,-217.9389,83858.3654276447,2.0,0.575,-217.9389,79809.76749403731
8701,2024-12-28,110.00606,110.00606,1.3684210526315792,0.9,-150.53460842105267,83707.83081922366,1.3684210526315792,0.9,-150.53460842105267,79659.23288561626
8702,2024-12-28,114.09,114.09,0.0,0.9,-0.0,83707.83081922366,0.0,0.9,-0.0,79659.23288561626
8703,2024-12-28,130.77,130.77,0.0,0.9,-0.0,83707.83081922366,0.0,0.9,-0.0,79659.23288561626
8704,2024-12-28,147.5,147.5,0.0,0.9,-0.0,83707.83081922366,0.0,0.9,-0.0,79659.23288561626
8705,2024-12-28,159.77,159.77,0.0,0.9,-0.0,83707.83081922366,0.0,0.9,-0.0,79659.23288561626
8706,2024-12-28,165.0,165.0,-2.0,0.37368421052631584,330.0,84037.83081922366,-2.0,0.37368421052631584,330.0,79989.23288561626
8707,2024-12-28,166.62,166.62,-1.0400000000000003,0.1,173.28480000000005,84211.11561922365,-1.0400000000000003,0.1,173.28480000000005,80162.51768561626
8708,2024-12-28,160.59,160.59,0.0,0.1,-0.0,84211.11561922365,0.0,0.1,-0.0,80162.51768561626
8709,2024-12-28,149.61,149.61,0.0,0.1,-0.0,84211.11561922365,0.0,0.1,-0.0,80162.51768561626
8710,2024-12-28,132.98,132.98,0.0,0.1,-0.0,84211.11561922365,0.0,0.1,-0.0,80162.51768561626
8711,2024-12-28,129.16,129.16,0.0,0.1,-0.0,84211.11561922365,0.0,0.1,-0.0,80162.51768561626
8712,2024-12-29,137.74,137.74,0.0,0.1,-0.0,84211.11561922365,0.0,0.1,-0.0,80162.51768561626
8713,2024-12-29,129.43,129.43,0.0,0.1,-0.0,84211.11561922365,0.0,0.1,-0.0,80162.51768561626
8714,2024-12-29,127.56,127.56,0.0,0.1,-0.0,84211.11561922365,0.0,0.1,-0.0,80162.51768561626
8715,2024-12-29,126.07,126.07,0.0,0.1,-0.0,84211.11561922365,2.0,0.575,-252.14,79910.37768561626
8716,2024-12-29,125.82,125.82,2.0,0.575,-251.64,83959.47561922365,1.3684210526315792,0.9,-172.1747368421053,79738.20294877415
8717,2024-12-29,127.45,127.45,1.3684210526315792,0.9,-174.40526315789478,83785.07035606576,0.0,0.9,-0.0,79738.20294877415
8718,2024-12-29,137.74,137.74,0.0,0.9,-0.0,83785.07035606576,0.0,0.9,-0.0,79738.20294877415
8719,2024-12-29,156.11,156.11,-2.0,0.37368421052631584,312.22,84097.29035606576,-2.0,0.37368421052631584,312.22,80050.42294877415
8720,2024-12-29,147.0,147.0,-1.0400000000000003,0.1,152.88000000000002,84250.17035606576,-1.0400000000000003,0.1,152.88000000000002,80203.30294877416
8721,2024-12-29,137.74,137.74,0.0,0.1,-0.0,84250.17035606576,0.0,0.1,-0.0,80203.30294877416
8722,2024-12-29,124.3,124.3,0.0,0.1,-0.0,84250.17035606576,0.0,0.1,-0.0,80203.30294877416
8723,2024-12-29,119.78,119.78,2.0,0.575,-239.56,84010.61035606576,0.0,0.1,-0.0,80203.30294877416
8724,2024-12-29,123.01,123.01,0.0,0.575,-0.0,84010.61035606576,0.0,0.1,-0.0,80203.30294877416
8725,2024-12-29,120.1,120.1,1.3684210526315792,0.9,-164.34736842105266,83846.26298764472,2.0,0.575,-240.2,79963.10294877416
8726,2024-12-29,120.89,120.89,0.0,0.9,-0.0,83846.26298764472,1.3684210526315792,0.9,-165.42842105263162,79797.67452772152
8727,2024-12-29,138.96884,138.96884,0.0,0.9,-0.0,83846.26298764472,0.0,0.9,-0.0,79797.67452772152
8728,2024-12-29,167.0,167.0,0.0,0.9,-0.0,83846.26298764472,0.0,0.9,-0.0,79797.67452772152
8729,2024-12-29,178.42,178.42,-2.0,0.37368421052631584,356.84,84203.10298764471,0.0,0.9,-0.0,79797.67452772152
8730,2024-12-29,176.83,176.83,0.0,0.37368421052631584,-0.0,84203.10298764471,-1.2,0.5842105263157895,212.196,80009.87052772152
8731,2024-12-29,178.88149,178.88149,-1.0400000000000003,0.1,186.03674960000006,84389.13973724471,-1.84,0.1,329.14194160000005,80339.01246932152
8732,2024-12-29,178.88553,178.88553,0.0,0.1,-0.0,84389.13973724471,0.0,0.1,-0.0,80339.01246932152
8733,2024-12-29,170.09,170.09,0.0,0.1,-0.0,84389.13973724471,0.0,0.1,-0.0,80339.01246932152
8734,2024-12-29,158.62,158.62,0.0,0.1,-0.0,84389.13973724471,0.0,0.1,-0.0,80339.01246932152
8735,2024-12-29,138.0,138.0,0.0,0.1,-0.0,84389.13973724471,0.0,0.1,-0.0,80339.01246932152
8736,2024-12-30,133.3,133.3,0.0,0.1,-0.0,84389.13973724471,0.0,0.1,-0.0,80339.01246932152
8737,2024-12-30,127.39,127.39,0.0,0.1,-0.0,84389.13973724471,0.0,0.1,-0.0,80339.01246932152
8738,2024-12-30,124.4,124.4,0.0,0.1,-0.0,84389.13973724471,0.0,0.1,-0.0,80339.01246932152
8739,2024-12-30,123.46,123.46,1.7869702283759508,0.5244054292392883,-220.61934439529486,84168.52039284942,2.0,0.575,-246.92,80092.09246932152
8740,2024-12-30,123.46,123.46,1.5814508242556282,0.9,-195.24591876259984,83973.27447408682,1.3684210526315792,0.9,-168.94526315789477,79923.14720616363
8741,2024-12-30,130.1,130.1,0.0,0.9,-0.0,83973.27447408682,0.0,0.9,-0.0,79923.14720616363
8742,2024-12-30,149.78,149.78,0.0,0.9,-0.0,83973.27447408682,0.0,0.9,-0.0,79923.14720616363
8743,2024-12-30,165.88329,165.88329,-2.0,0.37368421052631584,331.76658,84305.04105408682,-2.0,0.37368421052631584,331.76658,80254.91378616363
8744,2024-12-30,162.4,162.4,-1.0400000000000003,0.1,168.89600000000004,84473.93705408681,-1.0400000000000003,0.1,168.89600000000004,80423.80978616362
8745,2024-12-30,149.85,149.85,0.0,0.1,-0.0,84473.93705408681,0.0,0.1,-0.0,80423.80978616362
8746,2024-12-30,135.0,135.0,0.0,0.1,-0.0,84473.93705408681,0.0,0.1,-0.0,80423.80978616362
8747,2024-12-30,131.39,131.39,0.0,0.1,-0.0,84473.93705408681,0.0,0.1,-0.0,80423.80978616362
8748,2024-12-30,125.66,125.66,0.0,0.1,-0.0,84473.93705408681,2.0,0.575,-251.32,80172.48978616361
8749,2024-12-30,126.62,126.62,2.0,0.575,-253.24,84220.6970540868,1.3684210526315792,0.9,-173.26947368421057,79999.2203124794
8750,2024-12-30,130.05,130.05,1.3684210526315792,0.9,-177.9631578947369,84042.73389619208,0.0,0.9,-0.0,79999.2203124794
8751,2024-12-30,150.0,150.0,0.0,0.9,-0.0,84042.73389619208,0.0,0.9,-0.0,79999.2203124794
8752,2024-12-30,174.0,174.0,0.0,0.9,-0.0,84042.73389619208,0.0,0.9,-0.0,79999.2203124794
8753,2024-12-30,178.95143,178.95143,-2.0,0.37368421052631584,357.90286,84400.63675619208,0.0,0.9,-0.0,79999.2203124794
8754,2024-12-30,178.47347,178.47347,0.0,0.37368421052631584,-0.0,84400.63675619208,-1.2,0.5842105263157895,214.168164,80213.3884764794
8755,2024-12-30,178.92673,178.92673,-1.0400000000000003,0.1,186.08379920000004,84586.72055539208,-1.84,0.1,329.2251832,80542.61365967941
8756,2024-12-30,175.61664,175.61664,0.0,0.1,-0.0,84586.72055539208,0.0,0.1,-0.0,80542.61365967941
8757,2024-12-30,168.77,168.77,0.0,0.1,-0.0,84586.72055539208,0.0,0.1,-0.0,80542.61365967941
8758,2024-12-30,160.0,160.0,0.0,0.1,-0.0,84586.72055539208,0.0,0.1,-0.0,80542.61365967941
8759,2024-12-30,139.64,139.64,0.0,0.1,-0.0,84586.72055539208,0.0,0.1,-0.0,80542.61365967941
8760,2024-12-31,131.12,131.12,0.0,0.1,-0.0,84586.72055539208,0.0,0.1,-0.0,80542.61365967941
8761,2024-12-31,124.53,124.53,0.0,0.1,-0.0,84586.72055539208,0.0,0.1,-0.0,80542.61365967941
8762,2024-12-31,120.1,120.1,2.0,0.575,-240.2,84346.52055539208,0.0,0.1,-0.0,80542.61365967941
8763,2024-12-31,120.1,120.1,0.25183509402810256,0.6348108348316743,-30.245394792775116,84316.27516059931,2.0,0.575,-240.2,80302.41365967941
8764,2024-12-31,120.1,120.1,1.1165859586034765,0.9,-134.10197362827753,84182.17318697103,1.3684210526315792,0.9,-164.34736842105266,80138.06629125836
8765,2024-12-31,123.51,123.51,0.0,0.9,-0.0,84182.17318697103,0.0,0.9,-0.0,80138.06629125836
8766,2024-12-31,134.32,134.32,0.0,0.9,-0.0,84182.17318697103,0.0,0.9,-0.0,80138.06629125836
8767,2024-12-31,154.34663,154.34663,-1.200000000000017,0.5842105263157851,185.21595600000265,84367.38914297103,-2.0,0.37368421052631584,308.69326,80446.75955125836
8768,2024-12-31,155.08,155.08,-1.8399999999999832,0.1,285.34719999999743,84652.73634297104,-1.0400000000000003,0.1,161.28320000000005,80608.04275125837
8769,2024-12-31,134.32,134.32,0.0,0.1,-0.0,84652.73634297104,0.0,0.1,-0.0,80608.04275125837
8770,2024-12-31,127.56,127.56,0.0,0.1,-0.0,84652.73634297104,0.0,0.1,-0.0,80608.04275125837
8771,2024-12-31,115.67,115.67,0.0,0.1,-0.0,84652.73634297104,0.0,0.1,-0.0,80608.04275125837
8772,2024-12-31,110.41,110.41,2.0,0.575,-220.82,84431.91634297103,2.0,0.575,-220.82,80387.22275125836
8773,2024-12-31,110.62,110.62,1.3684210526315792,0.9,-151.3747368421053,84280.54160612893,1.3684210526315792,0.9,-151.3747368421053,80235.84801441626
8774,2024-12-31,123.41,123.41,0.0,0.9,-0.0,84280.54160612893,0.0,0.9,-0.0,80235.84801441626
8775,2024-12-31,140.0,140.0,0.0,0.9,-0.0,84280.54160612893,0.0,0.9,-0.0,80235.84801441626
8776,2024-12-31,162.43902,162.43902,0.0,0.9,-0.0,84280.54160612893,0.0,0.9,-0.0,80235.84801441626
8777,2024-12-31,173.41202,173.41202,-2.0,0.37368421052631584,346.82404,84627.36564612894,0.0,0.9,-0.0,80235.84801441626
8778,2024-12-31,173.39699,173.39699,-1.0400000000000003,0.1,180.33286960000004,84807.69851572893,-1.2,0.5842105263157895,208.07638799999998,80443.92440241626
8779,2024-12-31,169.43347,169.43347,0.0,0.1,-0.0,84807.69851572893,-1.84,0.1,311.7575848,80755.68198721626
8780,2024-12-31,160.52245,160.52245,0.0,0.1,-0.0,84807.69851572893,0.0,0.1,-0.0,80755.68198721626
8781,2024-12-31,146.55621,146.55621,0.0,0.1,-0.0,84807.69851572893,0.0,0.1,-0.0,80755.68198721626
8782,2024-12-31,141.0,141.0,0.0,0.1,-0.0,84807.69851572893,0.0,0.1,-0.0,80755.68198721626
8783,2024-12-31,134.32,134.32,0.0,0.1,-0.0,84807.69851572893,0.0,0.1,-0.0,80755.68198721626
