Hour,Date,True_Price,Forecast_Price,PSO_Action,PSO_SOC,PSO_Instant_Profit,PSO_Cumulative_Profit,PPO_Action,PPO_SOC,PPO_Instant_Profit,PPO_Cumulative_Profit
0,2024-01-01,107.09,164.5974136882056,-2.0,0.09999999999999998,162.7768,162.7768,-2.0,0.09999999999999998,162.7768,162.7768
1,2024-01-01,104.0,192.561695272223,-2.0,0.09999999999999998,-0.0,162.7768,-2.0,0.09999999999999998,-0.0,162.7768
2,2024-01-01,100.0,155.2915422210845,-2.0,0.09999999999999998,-0.0,162.7768,-2.0,0.09999999999999998,-0.0,162.7768
3,2024-01-01,85.66,149.35616518915506,-2.0,0.09999999999999998,-0.0,162.7768,-2.0,0.09999999999999998,-0.0,162.7768
4,2024-01-01,85.0,121.9153392508423,-1.3229222574760275,0.09999999999999998,-0.0,162.7768,1.8000000000000003,0.5275000000000001,-153.00000000000003,9.77679999999998
5,2024-01-01,85.53,119.31087346181428,2.0,0.575,-171.06,-8.283199999999994,1.8000000000000003,0.9,-134.14705263157893,-124.37025263157895
6,2024-01-01,95.07,108.45587133645081,2.0,0.9,-130.09578947368422,-138.37898947368421,1.8000000000000003,0.9,-0.0,-124.37025263157895
7,2024-01-01,104.07,153.0832496275905,2.0,0.9,-0.0,-138.37898947368421,1.8000000000000003,0.9,-0.0,-124.37025263157895
8,2024-01-01,106.95,118.42688333667866,0.048226888709878395,0.9,-0.0,-138.37898947368421,1.8000000000000003,0.9,-0.0,-124.37025263157895
9,2024-01-01,107.08,112.85552955822516,2.0,0.9,-0.0,-138.37898947368421,1.8000000000000003,0.9,-0.0,-124.37025263157895
10,2024-01-01,104.0,149.50881975834835,2.0,0.9,-0.0,-138.37898947368421,-2.0,0.37368421052631584,208.0,83.62974736842105
11,2024-01-01,98.13,149.97901957553074,-2.0,0.37368421052631584,196.26,57.88101052631578,-2.0,0.09999999999999998,102.05520000000001,185.68494736842106
12,2024-01-01,101.55,180.5312529866879,-0.004140307181294734,0.37368421052631584,-0.0,57.88101052631578,-2.0,0.09999999999999998,-0.0,185.68494736842106
13,2024-01-01,98.16,166.6399225857616,-2.0,0.09999999999999998,102.08640000000003,159.9674105263158,-2.0,0.09999999999999998,-0.0,185.68494736842106
14,2024-01-01,98.17,102.7795462045702,2.0,0.575,-196.34,-36.3725894736842,1.8000000000000003,0.5275000000000001,-176.70600000000002,8.978947368421046
15,2024-01-01,105.54,107.66718060826648,2.0,0.9,-144.42315789473687,-180.79574736842108,1.8000000000000003,0.9,-165.53115789473682,-156.55221052631578
16,2024-01-01,110.0,136.1177881227972,1.6428235563893487,0.9,-0.0,-180.79574736842108,1.8000000000000003,0.9,-0.0,-156.55221052631578
17,2024-01-01,120.04,148.6540574895878,2.0,0.9,-0.0,-180.79574736842108,1.8000000000000003,0.9,-0.0,-156.55221052631578
18,2024-01-01,131.5,192.472363950774,-2.0,0.37368421052631584,263.0,82.20425263157892,-1.4,0.5315789473684212,184.1,27.54778947368422
19,2024-01-01,132.0,240.7727747255824,-2.0,0.09999999999999998,137.28000000000003,219.48425263157895,-2.0,0.09999999999999998,216.48000000000005,244.02778947368427
20,2024-01-01,127.75,174.60174111825782,2.0,0.575,-255.5,-36.015747368421046,-2.0,0.09999999999999998,-0.0,244.02778947368427
21,2024-01-01,113.48,197.0146570842599,0.009778423600341764,0.575,-0.0,-36.015747368421046,-2.0,0.09999999999999998,-0.0,244.02778947368427
22,2024-01-01,109.18,171.28289447306764,0.10526315778847659,0.5999999999747632,-11.492631567345875,-47.50837893576692,-2.0,0.09999999999999998,-0.0,244.02778947368427
23,2024-01-01,107.2,117.22216590474949,2.0,0.9,-135.4105263271806,-182.91890526294753,-2.0,0.09999999999999998,-0.0,244.02778947368427
24,2024-01-02,105.49,192.7603118072826,-2.0,0.37368421052631584,210.98,28.061094737052457,-2.0,0.09999999999999998,-0.0,244.02778947368427
25,2024-01-02,90.09,107.46576384642404,2.0,0.8486842105263158,-180.18,-152.11890526294755,1.8000000000000003,0.5275000000000001,-162.16200000000003,81.86578947368423
26,2024-01-02,84.27,101.57595968507323,2.0,0.9,-18.20792243767313,-170.32682770062067,1.8000000000000003,0.9,-132.17084210526312,-50.30505263157889
27,2024-01-02,84.27,122.16452088142115,-2.0,0.37368421052631584,168.54,-1.7868277006206768,1.8000000000000003,0.9,-0.0,-50.30505263157889
28,2024-01-02,84.27,86.24494387277426,2.0,0.8486842105263158,-168.54,-170.32682770062067,1.8000000000000003,0.9,-0.0,-50.30505263157889
29,2024-01-02,100.0,175.79530177129308,-2.0,0.32236842105263164,200.0,29.67317229937933,1.8000000000000003,0.9,-0.0,-50.30505263157889
30,2024-01-02,108.28,198.63874031797909,-2.0,0.1,91.49660000000002,121.16977229937935,1.8000000000000003,0.9,-0.0,-50.30505263157889
31,2024-01-02,113.85,142.05880014343427,2.0,0.575,-227.7,-106.53022770062064,1.8000000000000003,0.9,-0.0,-50.30505263157889
32,2024-01-02,126.9,220.62898906387832,-2.0,0.09999999999999992,229.0545,122.52427229937935,-2.0,0.37368421052631584,253.8,203.49494736842112
33,2024-01-02,119.5,208.4090368267212,-2.0,0.09999999999999992,-0.0,122.52427229937935,-2.0,0.09999999999999998,124.28000000000003,327.7749473684212
34,2024-01-02,110.6,147.7900157866105,2.0,0.575,-221.2,-98.67572770062064,-2.0,0.09999999999999998,-0.0,327.7749473684212
35,2024-01-02,108.28,114.69967955911083,2.0,0.9,-148.1726315789474,-246.84835927956806,-2.0,0.09999999999999998,-0.0,327.7749473684212
36,2024-01-02,105.88,129.71142370357887,2.0,0.9,-0.0,-246.84835927956806,-2.0,0.09999999999999998,-0.0,327.7749473684212
37,2024-01-02,100.15,115.56706614836175,2.0,0.9,-0.0,-246.84835927956806,-2.0,0.09999999999999998,-0.0,327.7749473684212
38,2024-01-02,108.28,181.9315625630641,-2.0,0.37368421052631584,216.56,-30.288359279568056,-2.0,0.09999999999999998,-0.0,327.7749473684212
39,2024-01-02,110.0,175.8595381162608,0.21606647956166,0.4249999994222101,-23.7673127517826,-54.05567203135065,-2.0,0.09999999999999998,-0.0,327.7749473684212
40,2024-01-02,112.8,136.11655971333388,2.0,0.8999999994222101,-225.6,-279.65567203135066,-1.0,0.09999999999999998,-0.0,327.7749473684212
41,2024-01-02,129.99,187.81857798493832,2.0,0.8999999994222101,-0.0,-279.65567203135066,-2.0,0.09999999999999998,-0.0,327.7749473684212
42,2024-01-02,130.0,188.07554873420443,-2.0,0.3736842099485259,260.0,-19.65567203135066,-2.0,0.09999999999999998,-0.0,327.7749473684212
43,2024-01-02,124.29,190.69228202902718,-1.9813120488028326,0.09999999999999998,129.26159972710872,109.60592769575806,-2.0,0.09999999999999998,-0.0,327.7749473684212
44,2024-01-02,111.26,136.82399260107763,-2.0,0.09999999999999998,-0.0,109.60592769575806,-2.0,0.09999999999999998,-0.0,327.7749473684212
45,2024-01-02,108.28,188.83482385946877,-2.0,0.09999999999999998,-0.0,109.60592769575806,-2.0,0.09999999999999998,-0.0,327.7749473684212
46,2024-01-02,106.0,180.26640540758805,-1.9996738989239755,0.09999999999999998,-0.0,109.60592769575806,-2.0,0.09999999999999998,-0.0,327.7749473684212
47,2024-01-02,92.41,100.1404014804538,2.0,0.575,-184.82,-75.21407230424194,-2.0,0.09999999999999998,-0.0,327.7749473684212
48,2024-01-03,82.5,104.7984643059037,-2.0,0.09999999999999992,148.9125,73.69842769575806,-2.0,0.09999999999999998,-0.0,327.7749473684212
49,2024-01-03,70.1,130.39646204289858,-2.0,0.09999999999999992,-0.0,73.69842769575806,-2.0,0.09999999999999998,-0.0,327.7749473684212
50,2024-01-03,50.21346,58.41196001927252,-1.0937609004225501,0.09999999999999992,-0.0,73.69842769575806,1.8000000000000003,0.5275000000000001,-90.38422800000001,237.39071936842117
51,2024-01-03,40.0,63.04319702571148,2.0,0.575,-80.0,-6.301572304241944,1.8000000000000003,0.9,-62.73684210526315,174.65387726315802
52,2024-01-03,50.0,64.98349366946485,2.0,0.9,-68.42105263157896,-74.7226249358209,1.8000000000000003,0.9,-0.0,174.65387726315802
53,2024-01-03,75.0,130.3246815124062,2.0,0.9,-0.0,-74.7226249358209,1.8000000000000003,0.9,-0.0,174.65387726315802
54,2024-01-03,95.46,168.5923438279249,2.0,0.9,-0.0,-74.7226249358209,1.8000000000000003,0.9,-0.0,174.65387726315802
55,2024-01-03,108.28,142.0534175737959,2.0,0.9,-0.0,-74.7226249358209,-2.0,0.37368421052631584,216.56,391.213877263158
56,2024-01-03,114.99561,207.77563382981555,-2.0,0.37368421052631584,229.99122,155.2685950641791,-2.0,0.09999999999999998,119.59543440000003,510.80931166315804
57,2024-01-03,113.34489,167.91752809737062,2.0,0.8486842105263158,-226.68978,-71.42118493582092,-2.0,0.09999999999999998,-0.0,510.80931166315804
58,2024-01-03,107.85233,177.15278987155037,-2.0,0.32236842105263164,215.70466,144.28347506417907,-2.0,0.09999999999999998,-0.0,510.80931166315804
59,2024-01-03,105.0,138.6274487749452,-2.0,0.1,88.72500000000002,233.0084750641791,-2.0,0.09999999999999998,-0.0,510.80931166315804
60,2024-01-03,92.04644,111.93205350608939,2.0,0.575,-184.09288,48.91559506417909,-2.0,0.09999999999999998,-0.0,510.80931166315804
61,2024-01-03,91.59366,158.24357777332298,-2.0,0.09999999999999992,165.3265563,214.24215136417908,-2.0,0.09999999999999998,-0.0,510.80931166315804
62,2024-01-03,97.50897,136.65027003038315,2.0,0.575,-195.01794,19.22421136417907,1.8000000000000003,0.5275000000000001,-175.51614600000005,335.293165663158
63,2024-01-03,106.02775,187.61218716855825,-2.0,0.09999999999999992,191.38008875,210.60430011417907,-2.0,0.09999999999999998,172.24207987500003,507.53524553815805
64,2024-01-03,109.7411,119.4440694086389,-2.0,0.09999999999999992,-0.0,210.60430011417907,1.8000000000000003,0.5275000000000001,-197.53398000000004,310.001265538158
65,2024-01-03,115.81,190.61844866429792,-2.0,0.09999999999999992,-0.0,210.60430011417907,-2.0,0.09999999999999998,188.13334500000005,498.1346105381581
66,2024-01-03,115.81,166.01176412489397,-2.0,0.09999999999999992,-0.0,210.60430011417907,-2.0,0.09999999999999998,-0.0,498.1346105381581
67,2024-01-03,115.81,162.01104288392784,-2.0,0.09999999999999992,-0.0,210.60430011417907,-2.0,0.09999999999999998,-0.0,498.1346105381581
68,2024-01-03,109.0,169.93690635882652,-0.622036144963033,0.09999999999999992,-0.0,210.60430011417907,-2.0,0.09999999999999998,-0.0,498.1346105381581
69,2024-01-03,106.0,172.07295980442163,-2.0,0.09999999999999992,-0.0,210.60430011417907,-2.0,0.09999999999999998,-0.0,498.1346105381581
70,2024-01-03,101.46,105.04547480811037,2.0,0.575,-202.92,7.684300114179081,-2.0,0.09999999999999998,-0.0,498.1346105381581
71,2024-01-03,82.59,86.29221669540081,2.0,0.9,-113.01789473684214,-105.33359462266306,-2.0,0.09999999999999998,-0.0,498.1346105381581
72,2024-01-04,74.19,123.00335208058475,-2.0,0.37368421052631584,148.38,43.04640537733694,-2.0,0.09999999999999998,-0.0,498.1346105381581
73,2024-01-04,65.0,75.5703304709245,-2.0,0.09999999999999998,67.60000000000002,110.64640537733696,1.8000000000000003,0.5275000000000001,-117.00000000000001,381.1346105381581
74,2024-01-04,40.0,62.82411297768613,-2.0,0.09999999999999998,-0.0,110.64640537733696,1.8000000000000003,0.9,-62.73684210526315,318.39776843289496
75,2024-01-04,35.19694,45.858290436501996,2.0,0.575,-70.39388,40.252525377336966,1.8000000000000003,0.9,-0.0,318.39776843289496
76,2024-01-04,49.39,92.26703370493254,2.0,0.9,-67.5863157894737,-27.333790412136736,1.8000000000000003,0.9,-0.0,318.39776843289496
77,2024-01-04,70.1,123.71206824559385,2.0,0.9,-0.0,-27.333790412136736,1.8000000000000003,0.9,-0.0,318.39776843289496
78,2024-01-04,97.61,165.02655140015395,-2.0,0.37368421052631584,195.22,167.88620958786328,1.8000000000000003,0.9,-0.0,318.39776843289496
79,2024-01-04,106.51,120.01024521891821,2.0,0.8486842105263158,-213.02,-45.13379041213673,1.8000000000000003,0.9,-0.0,318.39776843289496
80,2024-01-04,109.49416,167.87837749951618,-0.9947422046447006,0.5869099461461313,108.91846211411959,63.78467170198286,-2.0,0.37368421052631584,218.98832,537.3860884328949
81,2024-01-04,107.23976,126.89273973965877,2.0,0.9,-141.37137782600402,-77.58670612402116,-2.0,0.09999999999999998,111.52935040000003,648.9154388328949
82,2024-01-04,94.35704,114.88950274326832,-2.0,0.37368421052631584,188.71408,111.12737387597883,-2.0,0.09999999999999998,-0.0,648.9154388328949
83,2024-01-04,87.10039,124.7115308190034,0.0074108767483240644,0.37368421052631584,-0.0,111.12737387597883,-2.0,0.09999999999999998,-0.0,648.9154388328949
84,2024-01-04,83.81886,158.91665234358226,-0.003120488052652632,0.37368421052631584,-0.0,111.12737387597883,-2.0,0.09999999999999998,-0.0,648.9154388328949
85,2024-01-04,85.96413,106.9179713214546,2.0,0.8486842105263158,-171.92826,-60.80088612402116,1.8000000000000003,0.5275000000000001,-154.73543400000003,494.18000483289484
86,2024-01-04,92.11054,103.59146627279674,1.7986347551826076,0.9,-19.902000332409973,-80.70288645643113,-2.0,0.09999999999999998,149.63357223000003,643.8135770628949
87,2024-01-04,103.34,155.69557419368616,-2.0,0.37368421052631584,206.68,125.97711354356888,-2.0,0.09999999999999998,-0.0,643.8135770628949
88,2024-01-04,110.02,121.44589448063252,2.0,0.8486842105263158,-220.04,-94.06288645643112,-2.0,0.09999999999999998,-0.0,643.8135770628949
89,2024-01-04,116.87,133.8274462718807,2.0,0.9,-25.25168975069252,-119.31457620712364,1.8000000000000003,0.5275000000000001,-210.36600000000004,433.4475770628948
90,2024-01-04,118.1,144.18135968365948,2.0,0.9,-0.0,-119.31457620712364,-2.0,0.09999999999999998,191.85345,625.3010270628948
91,2024-01-04,118.1,167.99969756837257,-2.0,0.37368421052631584,236.2,116.88542379287635,0.40000000000000036,0.19500000000000006,-47.24000000000004,578.0610270628948
92,2024-01-04,112.99,179.53612728205843,0.008330041374599194,0.37368421052631584,-0.0,116.88542379287635,-2.0,0.1,40.78939000000002,618.8504170628948
93,2024-01-04,107.05,195.75636682784756,-2.0,0.09999999999999998,111.33200000000002,228.2174237928764,-2.0,0.1,-0.0,618.8504170628948
94,2024-01-04,105.59,135.6176843015101,2.0,0.575,-211.18,17.037423792876382,-2.0,0.1,-0.0,618.8504170628948
95,2024-01-04,97.98,139.61549513955762,-2.0,0.09999999999999992,176.8539,193.8913237928764,-2.0,0.1,-0.0,618.8504170628948
96,2024-01-05,86.07515,158.7052891636053,-2.0,0.09999999999999992,-0.0,193.8913237928764,-2.0,0.1,-0.0,618.8504170628948
97,2024-01-05,88.96,139.93570663421946,-1.0917844082785455,0.09999999999999992,-0.0,193.8913237928764,-2.0,0.1,-0.0,618.8504170628948
98,2024-01-05,78.5,140.70298046028398,-1.243068108964585,0.09999999999999992,-0.0,193.8913237928764,1.8000000000000003,0.5275000000000001,-141.3,477.55041706289484
99,2024-01-05,78.5,90.17462362397424,2.0,0.575,-157.0,36.89132379287639,1.8000000000000003,0.9,-123.12105263157893,354.4293644313159
100,2024-01-05,79.39,144.71317769411718,-1.7999999837483587,0.10131579375043187,142.9019987097822,179.79332250265858,0.40000000000000036,0.9,-0.0,354.4293644313159
101,2024-01-05,79.6,98.55805529870153,2.0,0.5763157937504318,-159.2,20.593322502658594,1.8000000000000003,0.9,-0.0,354.4293644313159
102,2024-01-05,103.46,132.55956059319035,2.0,0.9,-141.00365464665398,-120.41033214399539,1.8000000000000003,0.9,-0.0,354.4293644313159
103,2024-01-05,111.19,167.14276343229812,2.0,0.9,-0.0,-120.41033214399539,1.8000000000000003,0.9,-0.0,354.4293644313159
104,2024-01-05,115.0,128.0216614327146,-2.0,0.37368421052631584,230.0,109.58966785600461,1.8000000000000003,0.9,-0.0,354.4293644313159
105,2024-01-05,120.4,122.6731588657841,2.0,0.8486842105263158,-240.8,-131.2103321439954,1.8000000000000003,0.9,-0.0,354.4293644313159
106,2024-01-05,114.72,121.11498557122535,0.5095482401218148,0.9,-24.78714681440443,-155.99747895839982,1.8000000000000003,0.9,-0.0,354.4293644313159
107,2024-01-05,112.68327,135.03093145831332,-2.0,0.37368421052631584,225.36654,69.36906104160016,1.8000000000000003,0.9,-0.0,354.4293644313159
108,2024-01-05,112.30081,150.8840056007285,2.0,0.8486842105263158,-224.60162,-155.23255895839984,0.40000000000000036,0.9,-0.0,354.4293644313159
109,2024-01-05,110.68838,115.435803659608,2.0,0.9,-23.916048864265925,-179.14860782266575,1.8000000000000003,0.9,-0.0,354.4293644313159
110,2024-01-05,111.85887,134.30317662778762,-1.8999599054115932,0.4000105512074755,212.5273680646477,33.37876024198195,1.8000000000000003,0.9,-0.0,354.4293644313159
111,2024-01-05,112.01889,168.31837917466285,2.0,0.8750105512074755,-224.03778,-190.65901975801805,-2.0,0.37368421052631584,224.03778,578.4671444313159
112,2024-01-05,113.85,165.00840629368253,2.0,0.9,-11.979152610648068,-202.63817236866612,-2.0,0.09999999999999998,118.40400000000002,696.8711444313159
113,2024-01-05,120.0,186.7305419006076,-2.0,0.37368421052631584,240.0,37.36182763133388,-2.0,0.09999999999999998,-0.0,696.8711444313159
114,2024-01-05,119.66,166.97836798762796,-2.0,0.09999999999999998,124.44640000000003,161.80822763133392,-2.0,0.09999999999999998,-0.0,696.8711444313159
115,2024-01-05,115.81,185.90336495641688,-2.0,0.09999999999999998,-0.0,161.80822763133392,-2.0,0.09999999999999998,-0.0,696.8711444313159
116,2024-01-05,111.0,113.56051976693081,2.0,0.575,-222.0,-60.19177236866608,-2.0,0.09999999999999998,-0.0,696.8711444313159
117,2024-01-05,110.0,150.81287688965568,2.0,0.9,-150.5263157894737,-210.71808815813978,-2.0,0.09999999999999998,-0.0,696.8711444313159
118,2024-01-05,104.84,135.94576312890544,2.0,0.9,-0.0,-210.71808815813978,-2.0,0.09999999999999998,-0.0,696.8711444313159
119,2024-01-05,86.8,162.19037420201548,-2.0,0.37368421052631584,173.6,-37.118088158139784,-2.0,0.09999999999999998,-0.0,696.8711444313159
120,2024-01-06,97.5,146.96064773209858,-2.0,0.09999999999999998,101.40000000000002,64.28191184186024,-2.0,0.09999999999999998,-0.0,696.8711444313159
121,2024-01-06,97.67,109.95292679144252,2.0,0.575,-195.34,-131.05808815813975,-2.0,0.09999999999999998,-0.0,696.8711444313159
122,2024-01-06,93.0,157.03686378133196,-2.0,0.09999999999999992,167.86499999999998,36.80691184186023,-2.0,0.09999999999999998,-0.0,696.8711444313159
123,2024-01-06,93.0,174.3292352818292,-2.0,0.09999999999999992,-0.0,36.80691184186023,-2.0,0.09999999999999998,-0.0,696.8711444313159
124,2024-01-06,89.7,122.73454152357675,-2.0,0.09999999999999992,-0.0,36.80691184186023,-0.7999999999999998,0.09999999999999998,-0.0,696.8711444313159
125,2024-01-06,89.47,93.21441081193525,2.0,0.575,-178.94,-142.13308815813977,1.8000000000000003,0.5275000000000001,-161.04600000000002,535.8251444313158
126,2024-01-06,91.96,99.72250859919126,2.0,0.9,-125.84000000000002,-267.9730881581398,1.8000000000000003,0.9,-144.23199999999997,391.59314443131586
127,2024-01-06,96.75,127.80484078881365,-2.0,0.37368421052631584,193.5,-74.47308815813977,1.8000000000000003,0.9,-0.0,391.59314443131586
128,2024-01-06,94.66,119.44641284381238,2.0,0.8486842105263158,-189.32,-263.79308815813977,1.8000000000000003,0.9,-0.0,391.59314443131586
129,2024-01-06,100.5,162.6130989084769,2.0,0.9,-21.71468144044321,-285.50776959858297,-2.0,0.37368421052631584,201.0,592.5931444313159
130,2024-01-06,103.46,185.66179103716942,-2.0,0.37368421052631584,206.92,-78.58776959858298,-2.0,0.09999999999999998,107.59840000000003,700.1915444313158
131,2024-01-06,103.0,168.50358186988515,0.9529085869736964,0.5999999999325687,-98.14958445829073,-176.7373540568737,-2.0,0.09999999999999998,-0.0,700.1915444313158
132,2024-01-06,103.46,196.0573986942271,-2.0,0.09999999999999998,196.57399997348952,19.836645916615822,-2.0,0.09999999999999998,-0.0,700.1915444313158
133,2024-01-06,100.5,140.81679631832554,-1.832798504055371,0.09999999999999998,-0.0,19.836645916615822,1.8000000000000003,0.5275000000000001,-180.90000000000003,519.2915444313157
134,2024-01-06,100.25,160.1144001534031,-2.0,0.09999999999999998,-0.0,19.836645916615822,-2.0,0.09999999999999998,162.85612500000002,682.1476694313158
135,2024-01-06,103.0,160.5282512844874,-2.0,0.09999999999999998,-0.0,19.836645916615822,1.8000000000000003,0.5275000000000001,-185.40000000000003,496.7476694313157
136,2024-01-06,103.0,109.51411847310229,2.0,0.575,-206.0,-186.16335408338418,1.8000000000000003,0.9,-161.5473684210526,335.20030101026316
137,2024-01-06,111.65,151.68671678511672,2.0,0.9,-152.78421052631583,-338.9475646097,-1.4,0.5315789473684212,156.31,491.51030101026316
138,2024-01-06,114.9,129.00691586944026,2.0,0.9,-0.0,-338.9475646097,-2.0,0.09999999999999998,188.43600000000004,679.9463010102631
139,2024-01-06,116.97,159.28670527901983,-2.0,0.37368421052631584,233.94,-105.00756460970001,-2.0,0.09999999999999998,-0.0,679.9463010102631
140,2024-01-06,111.69,197.1338285008794,-2.0,0.09999999999999998,116.15760000000003,11.150035390300019,-2.0,0.09999999999999998,-0.0,679.9463010102631
141,2024-01-06,110.06,130.38072578177514,2.0,0.575,-220.12,-208.96996460969999,-2.0,0.09999999999999998,-0.0,679.9463010102631
142,2024-01-06,103.0,122.75064814908072,2.0,0.9,-140.94736842105266,-349.9173330307526,-2.0,0.09999999999999998,-0.0,679.9463010102631
143,2024-01-06,88.5,142.2753649459681,2.0,0.9,-0.0,-349.9173330307526,-1.4,0.09999999999999998,-0.0,679.9463010102631
144,2024-01-07,96.85,146.37396363626715,1.8766065487990475,0.9,-0.0,-349.9173330307526,-2.0,0.09999999999999998,-0.0,679.9463010102631
145,2024-01-07,96.58,175.9251156607967,2.0,0.9,-0.0,-349.9173330307526,-2.0,0.09999999999999998,-0.0,679.9463010102631
146,2024-01-07,93.8,140.8039422573937,2.0,0.9,-0.0,-349.9173330307526,-2.0,0.09999999999999998,-0.0,679.9463010102631
147,2024-01-07,93.8,145.211079772992,-2.0,0.37368421052631584,187.6,-162.31733303075262,-2.0,0.09999999999999998,-0.0,679.9463010102631
148,2024-01-07,85.93,146.63372269508315,-2.0,0.09999999999999998,89.36720000000003,-72.9501330307526,1.8000000000000003,0.5275000000000001,-154.67400000000004,525.2723010102632
149,2024-01-07,84.3,141.25377303753478,0.10528948754244419,0.12500625329133047,-8.875903799828045,-81.82603683058065,1.8000000000000003,0.9,-132.21789473684208,393.0544062734211
150,2024-01-07,85.0,160.85541347263515,-2.0,0.1,8.07701981309974,-73.74901701748091,1.8000000000000003,0.9,-0.0,393.0544062734211
151,2024-01-07,102.27,188.0691608480956,-1.999793292862665,0.1,-0.0,-73.74901701748091,-2.0,0.37368421052631584,204.54,597.5944062734211
152,2024-01-07,100.55,140.36315794331733,2.0,0.575,-201.1,-274.8490170174809,1.8000000000000003,0.8011842105263158,-180.99,416.6044062734211
153,2024-01-07,101.19,129.52236872221783,0.1052631467515734,0.5999999973534986,-10.651577819791713,-285.5005948372726,-2.0,0.27486842105263165,202.38,618.9844062734211
154,2024-01-07,96.0,164.58874904186874,-2.0,0.09999999999999992,182.39999903455632,-103.1005958027163,-2.0,0.1,63.792000000000016,682.7764062734211
155,2024-01-07,96.0,134.4830807066318,2.0,0.575,-192.0,-295.10059580271627,-2.0,0.1,-0.0,682.7764062734211
156,2024-01-07,95.65,180.22790611568948,-2.0,0.09999999999999992,172.64825,-122.45234580271628,-2.0,0.1,-0.0,682.7764062734211
157,2024-01-07,88.0,91.49492838091336,2.0,0.575,-176.0,-298.4523458027163,1.8000000000000003,0.5275000000000001,-158.40000000000003,524.376406273421
158,2024-01-07,84.34138,119.7905462240681,2.0,0.9,-115.41452000000002,-413.86686580271635,1.8000000000000003,0.9,-132.282796,392.09361027342106
159,2024-01-07,88.32,165.10650760368839,-1.2000006286031593,0.5842103608939055,105.98405551823102,-307.88281028448534,-0.7999999999999998,0.6894736842105263,70.65599999999998,462.749610273421
160,2024-01-07,97.95,103.74378371613952,2.0,0.9,-130.23829537028192,-438.12110565476723,1.8000000000000003,0.9,-86.82548476454294,375.9241255088781
161,2024-01-07,108.87,153.2852243740971,2.0,0.9,-0.0,-438.12110565476723,-1.4,0.5315789473684212,152.418,528.3421255088781
162,2024-01-07,109.49,207.52810546536847,-2.0,0.37368421052631584,218.98,-219.14110565476724,-2.0,0.09999999999999998,179.56360000000004,707.9057255088782
163,2024-01-07,110.53,207.8487871264622,-2.0,0.09999999999999998,114.95120000000003,-104.18990565476722,-2.0,0.09999999999999998,-0.0,707.9057255088782
164,2024-01-07,110.0,142.17314490386048,-2.0,0.09999999999999998,-0.0,-104.18990565476722,-2.0,0.09999999999999998,-0.0,707.9057255088782
165,2024-01-07,109.0,184.55699403353535,-1.8190403528096044,0.09999999999999998,-0.0,-104.18990565476722,-2.0,0.09999999999999998,-0.0,707.9057255088782
166,2024-01-07,102.47,110.48178753604678,2.0,0.575,-204.94,-309.1299056547672,-0.5999999999999999,0.09999999999999998,-0.0,707.9057255088782
167,2024-01-07,93.8,126.01238968224435,1.4169783254324941,0.9,-128.35789473684213,-437.4878003916093,-2.0,0.09999999999999998,-0.0,707.9057255088782
168,2024-01-08,87.6,135.95853536180502,2.0,0.9,-0.0,-437.4878003916093,1.8000000000000003,0.5275000000000001,-157.68,550.2257255088782
169,2024-01-08,85.28,154.64037168566696,-2.0,0.37368421052631584,170.56,-266.9278003916093,-0.5999999999999999,0.3696052631578949,51.16799999999999,601.3937255088782
170,2024-01-08,85.28,106.45558624601419,2.0,0.8486842105263158,-170.56,-437.4878003916093,1.8000000000000003,0.797105263157895,-153.50400000000002,447.8897255088782
171,2024-01-08,90.79,112.35998388273701,-2.0,0.32236842105263164,181.58,-255.9078003916093,1.8000000000000003,0.9,-39.33395013850408,408.55577537037414
172,2024-01-08,93.8,98.86971077723902,2.0,0.7973684210526316,-187.6,-443.5078003916093,1.8000000000000003,0.9,-0.0,408.55577537037414
173,2024-01-08,90.79,124.30695669337125,0.5104786564091622,0.9,-39.23335180055402,-482.7411521921633,1.8000000000000003,0.9,-0.0,408.55577537037414
174,2024-01-08,107.46,201.69729399163774,-2.0,0.37368421052631584,214.92,-267.82115219216337,1.8000000000000003,0.9,-0.0,408.55577537037414
175,2024-01-08,114.18,147.1758449828985,0.21603312995200874,0.4249920788899179,-24.666662777920358,-292.4878149700837,0.40000000000000036,0.9,-0.0,408.55577537037414
176,2024-01-08,125.5,182.01972329818847,-2.0,0.10000000000000003,154.98872242260182,-137.4990925474819,-2.0,0.37368421052631584,251.0,659.5557753703741
177,2024-01-08,123.0,143.5812601300647,-2.0,0.10000000000000003,-0.0,-137.4990925474819,-2.0,0.09999999999999998,127.92000000000003,787.4757753703742
178,2024-01-08,115.38,163.19665846910692,-2.0,0.10000000000000003,-0.0,-137.4990925474819,-2.0,0.09999999999999998,-0.0,787.4757753703742
179,2024-01-08,112.22,120.83560593521344,2.0,0.575,-224.44,-361.9390925474819,-2.0,0.09999999999999998,-0.0,787.4757753703742
180,2024-01-08,108.55,196.28513739666738,-2.0,0.09999999999999992,195.93275,-166.0063425474819,-2.0,0.09999999999999998,-0.0,787.4757753703742
181,2024-01-08,108.3,136.64903964174175,2.0,0.575,-216.6,-382.60634254748186,-2.0,0.09999999999999998,-0.0,787.4757753703742
182,2024-01-08,110.97,153.4669775630931,2.0,0.9,-151.85368421052635,-534.4600267580082,1.8000000000000003,0.5275000000000001,-199.74600000000004,587.7297753703742
183,2024-01-08,115.2,125.7637843042102,2.0,0.9,-0.0,-534.4600267580082,1.8000000000000003,0.9,-180.68210526315787,407.0476701072164
184,2024-01-08,122.00169,214.05495602667105,-1.2000054196471952,0.5842091000928433,146.402689206117,-388.05733755189124,-2.0,0.37368421052631584,244.00338,651.0510501072164
185,2024-01-08,130.1,190.8959250904644,0.06648800035627292,0.6000000001774581,-8.650088846351107,-396.7074263982423,-2.0,0.09999999999999998,135.30400000000003,786.3550501072164
186,2024-01-08,129.99382,232.62006177991594,-2.0,0.09999999999999998,246.98825808766014,-149.71916831058218,-2.0,0.09999999999999998,-0.0,786.3550501072164
187,2024-01-08,122.0095,137.98081232982997,2.0,0.575,-244.019,-393.7381683105822,-2.0,0.09999999999999998,-0.0,786.3550501072164
188,2024-01-08,114.18,165.4000519465136,-0.6019177424104066,0.4166005941025245,68.72696782842023,-325.01120048216194,-2.0,0.09999999999999998,-0.0,786.3550501072164
189,2024-01-08,107.46,160.72549048509208,0.7722080309280847,0.6000000014479445,-82.98147500353197,-407.9926754856939,-2.0,0.09999999999999998,-0.0,786.3550501072164
190,2024-01-08,102.9,151.0932657605128,-2.0,0.09999999999999998,195.51000056617528,-212.48267491951862,-2.0,0.09999999999999998,-0.0,786.3550501072164
191,2024-01-08,91.75,143.53038605798415,-0.2768570348211343,0.09999999999999998,-0.0,-212.48267491951862,-2.0,0.09999999999999998,-0.0,786.3550501072164
192,2024-01-09,87.5315,156.68296481390945,-2.0,0.09999999999999998,-0.0,-212.48267491951862,-2.0,0.09999999999999998,-0.0,786.3550501072164
193,2024-01-09,86.18151,135.4334601055458,-2.0,0.09999999999999998,-0.0,-212.48267491951862,-0.19999999999999996,0.09999999999999998,-0.0,786.3550501072164
194,2024-01-09,85.00494,98.90892043775924,2.0,0.575,-170.00988,-382.4925549195186,-2.0,0.09999999999999998,-0.0,786.3550501072164
195,2024-01-09,84.08453,125.0166940642578,-0.6000000000041523,0.41710526315680196,50.45071800034915,-332.0418369191695,1.8000000000000003,0.5275000000000001,-151.352154,635.0028961072163
196,2024-01-09,84.97701,102.67808643554417,2.0,0.8921052631568019,-169.95402,-501.9958569191695,1.8000000000000003,0.9,-133.2797314736842,501.7231646335321
197,2024-01-09,89.34054,123.58655596100391,-2.0,0.36578947368311776,178.68108,-323.3147769191695,1.8000000000000003,0.9,-0.0,501.7231646335321
198,2024-01-09,106.76125,135.47794114913367,0.2493175810244288,0.4250023991764196,-26.6174565971443,-349.93223351631383,1.8000000000000003,0.9,-0.0,501.7231646335321
199,2024-01-09,117.98,130.0149148043932,2.0,0.9,-235.95880819017276,-585.8910417064866,1.8000000000000003,0.9,-0.0,501.7231646335321
200,2024-01-09,131.3728,199.020971651418,-2.0,0.37368421052631584,262.7456,-323.14544170648657,-2.0,0.37368421052631584,262.7456,764.4687646335321
201,2024-01-09,120.78817,195.2226317812819,-2.0,0.09999999999999998,125.61969680000003,-197.52574490648652,-2.0,0.09999999999999998,125.61969680000003,890.0884614335322
202,2024-01-09,112.1,152.98856191210595,-2.0,0.09999999999999998,-0.0,-197.52574490648652,-2.0,0.09999999999999998,-0.0,890.0884614335322
203,2024-01-09,104.97006,143.07232078091775,-2.0,0.09999999999999998,-0.0,-197.52574490648652,-2.0,0.09999999999999998,-0.0,890.0884614335322
204,2024-01-09,100.37,115.86624505632562,2.0,0.575,-200.74,-398.26574490648653,1.8000000000000003,0.5275000000000001,-180.66600000000003,709.4224614335321
205,2024-01-09,100.82,147.69204500106144,1.6117128643280274,0.9,-137.9642105263158,-536.2299554328024,1.8000000000000003,0.9,-158.12821052631577,551.2942509072163
206,2024-01-09,110.0,117.29463907729672,2.0,0.9,-0.0,-536.2299554328024,1.8000000000000003,0.9,-0.0,551.2942509072163
207,2024-01-09,116.55,177.23776079792725,-1.8999999999360315,0.40000000001683383,221.44499999254447,-314.78495544025793,1.8000000000000003,0.9,-0.0,551.2942509072163
208,2024-01-09,127.36267,189.09800617008236,2.0,0.8750000000168339,-254.72534,-569.5102954402579,1.8000000000000003,0.9,-0.0,551.2942509072163
209,2024-01-09,137.35078,242.62376682840642,-1.1000470362988453,0.5855139378329273,151.09231847233468,-418.4179769679232,-2.0,0.37368421052631584,274.70156,825.9958109072163
210,2024-01-09,137.00435,160.12542479334078,2.0,0.9,-181.41456223688164,-599.8325392048048,-2.0,0.09999999999999998,142.48452400000002,968.4803349072163
211,2024-01-09,130.05,180.83947071414087,2.0,0.9,-0.0,-599.8325392048048,-2.0,0.09999999999999998,-0.0,968.4803349072163
212,2024-01-09,117.67376,132.24583183863356,2.0,0.9,-0.0,-599.8325392048048,-2.0,0.09999999999999998,-0.0,968.4803349072163
213,2024-01-09,111.0525,152.98135356470593,-2.0,0.37368421052631584,222.105,-377.72753920480477,-2.0,0.09999999999999998,-0.0,968.4803349072163
214,2024-01-09,105.61,114.27867271700805,2.0,0.8486842105263158,-211.22,-588.9475392048048,-2.0,0.09999999999999998,-0.0,968.4803349072163
215,2024-01-09,103.46,120.37351027014503,1.3612188590501906,0.9,-22.354238227146812,-611.3017774319516,-2.0,0.09999999999999998,-0.0,968.4803349072163
216,2024-01-10,97.97,146.58284813554206,2.0,0.9,-0.0,-611.3017774319516,-2.0,0.09999999999999998,-0.0,968.4803349072163
217,2024-01-10,92.9,126.01348520681248,2.0,0.9,-0.0,-611.3017774319516,1.8000000000000003,0.5275000000000001,-167.22000000000003,801.2603349072162
218,2024-01-10,91.29,158.55487354923878,1.6210420088362036,0.9,-0.0,-611.3017774319516,1.8000000000000003,0.9,-143.18115789473683,658.0791770124795
219,2024-01-10,92.2,126.12192440301146,2.0,0.9,-0.0,-611.3017774319516,1.8000000000000003,0.9,-0.0,658.0791770124795
220,2024-01-10,91.29,127.61910784040352,2.0,0.9,-0.0,-611.3017774319516,1.8000000000000003,0.9,-0.0,658.0791770124795
221,2024-01-10,99.5,165.354726858324,-2.0,0.37368421052631584,199.0,-412.30177743195156,1.8000000000000003,0.9,-0.0,658.0791770124795
222,2024-01-10,108.96,182.3867163153994,-2.0,0.09999999999999998,113.31840000000003,-298.98337743195157,1.8000000000000003,0.9,-0.0,658.0791770124795
223,2024-01-10,120.0,163.69756783728215,0.11578907942433578,0.12749990636327974,-13.894689530920294,-312.87806696287186,-0.7999999999999998,0.6894736842105263,95.99999999999997,754.0791770124795
224,2024-01-10,139.2,224.77116761360296,-2.0,0.1,14.546350469920444,-298.3317164929514,-2.0,0.16315789473684217,278.4,1032.4791770124793
225,2024-01-10,130.38739,166.4365909317544,2.0,0.575,-260.77478,-559.1064964929515,-2.0,0.1,31.292973600000032,1063.7721506124794
226,2024-01-10,117.46942,139.97557703630525,2.0,0.9,-160.7476273684211,-719.8541238613725,-2.0,0.1,-0.0,1063.7721506124794
227,2024-01-10,109.13,199.9647533035771,-2.0,0.37368421052631584,218.26,-501.5941238613725,-2.0,0.1,-0.0,1063.7721506124794
228,2024-01-10,104.2,106.15075281945865,2.0,0.8486842105263158,-208.4,-709.9941238613725,1.8000000000000003,0.5275000000000001,-187.56000000000003,876.2121506124794
229,2024-01-10,106.54,153.4521237989644,0.008963724373361926,0.8486842105263158,-0.0,-709.9941238613725,1.8000000000000003,0.9,-167.0995789473684,709.112571665111
230,2024-01-10,110.2,142.13016940339807,2.0,0.9,-23.810526315789474,-733.804650177162,1.8000000000000003,0.9,-0.0,709.112571665111
231,2024-01-10,119.7728,142.75279244105255,2.0,0.9,-0.0,-733.804650177162,1.8000000000000003,0.9,-0.0,709.112571665111
232,2024-01-10,133.13612,199.05184681477098,2.0,0.9,-0.0,-733.804650177162,-0.19999999999999996,0.8473684210526317,26.627223999999995,735.7397956651109
233,2024-01-10,143.78766,225.56974469257756,0.07981976330641946,0.9,-0.0,-733.804650177162,-2.0,0.3210526315789475,287.57532,1023.3151156651109
234,2024-01-10,140.0,254.2414597802426,-2.0,0.37368421052631584,280.0,-453.804650177162,-2.0,0.10000000000000003,117.60000000000004,1140.915115665111
235,2024-01-10,132.15399,142.11940912585158,2.0,0.8486842105263158,-264.30798,-718.1126301771619,-2.0,0.10000000000000003,-0.0,1140.915115665111
236,2024-01-10,120.0,163.20500642587587,-2.0,0.32236842105263164,240.0,-478.1126301771619,-2.0,0.10000000000000003,-0.0,1140.915115665111
237,2024-01-10,109.13,131.19639923644587,0.4321323716016441,0.4249998593080221,-47.158605712887415,-525.2712358900493,-1.4,0.10000000000000003,-0.0,1140.915115665111
238,2024-01-10,105.37,171.9985466503035,-2.0,0.09999999999999998,130.1318936660879,-395.1393422239614,-2.0,0.10000000000000003,-0.0,1140.915115665111
239,2024-01-10,103.62,162.3422775218779,-2.0,0.09999999999999998,-0.0,-395.1393422239614,-2.0,0.10000000000000003,-0.0,1140.915115665111
240,2024-01-11,91.74873,95.37350207618601,2.0,0.575,-183.49746,-578.6368022239615,1.8000000000000003,0.5275000000000001,-165.147714,975.767401665111
241,2024-01-11,88.6,119.6775992614644,2.0,0.9,-121.24210526315791,-699.8789074871194,-2.0,0.09999999999999998,143.9307,1119.6981016651112
242,2024-01-11,87.24772,114.05495260832168,2.0,0.9,-0.0,-699.8789074871194,1.8000000000000003,0.5275000000000001,-157.04589600000003,962.6522056651111
243,2024-01-11,82.38093,140.57659049893024,-2.0,0.37368421052631584,164.76186,-535.1170474871194,1.8000000000000003,0.9,-129.2079849473684,833.4442207177426
244,2024-01-11,83.61,156.90197621557274,2.0,0.8486842105263158,-167.22,-702.3370474871194,1.8000000000000003,0.9,-0.0,833.4442207177426
245,2024-01-11,90.35,112.249559358518,-1.6947338584919456,0.4027016161863301,153.11920411474728,-549.2178433723722,1.8000000000000003,0.9,-0.0,833.4442207177426
246,2024-01-11,103.1,142.6331997665436,0.09388803691957763,0.42500002495472977,-9.679856606408453,-558.8976999787806,1.8000000000000003,0.9,-0.0,833.4442207177426
247,2024-01-11,116.89149,154.92714473105016,0.0007008634142466384,0.42500002495472977,-0.0,-558.8976999787806,1.8000000000000003,0.9,-0.0,833.4442207177426
248,2024-01-11,140.87915,230.64889288927944,-2.0,0.09999999999999998,173.98576360928428,-384.9119363694963,-2.0,0.37368421052631584,281.7583,1115.2025207177426
249,2024-01-11,129.16361,206.48285035340757,-2.0,0.09999999999999998,-0.0,-384.9119363694963,-2.0,0.09999999999999998,134.33015440000003,1249.5326751177427
250,2024-01-11,113.65,194.77209637544573,-0.8152108233588072,0.09999999999999998,-0.0,-384.9119363694963,-2.0,0.09999999999999998,-0.0,1249.5326751177427
251,2024-01-11,106.48,148.04305729214775,2.0,0.575,-212.96,-597.8719363694963,-2.0,0.09999999999999998,-0.0,1249.5326751177427
252,2024-01-11,99.38404,147.84701850012283,-0.5999999999933053,0.41710526315965646,59.63042399933465,-538.2415123701617,1.8000000000000003,0.5275000000000001,-178.89127200000001,1070.6414031177426
253,2024-01-11,99.0,147.75684967453773,2.0,0.8921052631596564,-198.0,-736.2415123701617,1.8000000000000003,0.9,-155.27368421052628,915.3677189072163
254,2024-01-11,105.98,122.37239456565602,2.0,0.9,-3.522880885640477,-739.7643932558021,1.8000000000000003,0.9,-0.0,915.3677189072163
255,2024-01-11,113.71016,193.43313612051367,-2.0,0.37368421052631584,227.42032,-512.3440732558022,1.8000000000000003,0.9,-0.0,915.3677189072163
256,2024-01-11,120.0,164.8064535339187,2.0,0.8486842105263158,-240.0,-752.3440732558022,1.8000000000000003,0.9,-0.0,915.3677189072163
257,2024-01-11,128.75,214.27243267843323,-2.0,0.32236842105263164,257.5,-494.8440732558022,-2.0,0.37368421052631584,257.5,1172.8677189072164
258,2024-01-11,136.72,212.87500079833686,-2.0,0.1,115.52840000000002,-379.31567325580215,-2.0,0.09999999999999998,142.18880000000004,1315.0565189072165
259,2024-01-11,132.31,218.18182223660352,-2.0,0.1,-0.0,-379.31567325580215,-2.0,0.09999999999999998,-0.0,1315.0565189072165
260,2024-01-11,117.93,153.88188557140654,2.0,0.575,-235.86,-615.1756732558022,-2.0,0.09999999999999998,-0.0,1315.0565189072165
261,2024-01-11,107.19,194.77139305937473,-2.0,0.09999999999999992,193.47795,-421.6977232558022,-2.0,0.09999999999999998,-0.0,1315.0565189072165
262,2024-01-11,105.98,143.3341233245137,-2.0,0.09999999999999992,-0.0,-421.6977232558022,-2.0,0.09999999999999998,-0.0,1315.0565189072165
263,2024-01-11,99.0,142.2779640574117,-2.0,0.09999999999999992,-0.0,-421.6977232558022,-2.0,0.09999999999999998,-0.0,1315.0565189072165
264,2024-01-12,101.46,114.57630043517814,2.0,0.575,-202.92,-624.6177232558022,-2.0,0.09999999999999998,-0.0,1315.0565189072165
265,2024-01-12,95.64,117.15290379481229,2.0,0.9,-130.87578947368422,-755.4935127294864,-2.0,0.09999999999999998,-0.0,1315.0565189072165
266,2024-01-12,91.2,170.26250826732573,-2.0,0.37368421052631584,182.4,-573.0935127294864,-2.0,0.09999999999999998,-0.0,1315.0565189072165
267,2024-01-12,89.9,133.6404964357574,2.0,0.8486842105263158,-179.8,-752.8935127294865,1.8000000000000003,0.5275000000000001,-161.82000000000002,1153.2365189072166
268,2024-01-12,88.59,103.71749013295185,2.0,0.9,-19.141329639889197,-772.0348423693757,1.8000000000000003,0.9,-138.94642105263156,1014.290097854585
269,2024-01-12,94.76,162.76347330526917,1.986394225662971,0.9,-0.0,-772.0348423693757,1.8000000000000003,0.9,-0.0,1014.290097854585
270,2024-01-12,112.82,170.11787800156506,-2.0,0.37368421052631584,225.64,-546.3948423693757,1.8000000000000003,0.9,-0.0,1014.290097854585
271,2024-01-12,129.0,180.5886421559705,0.952908586957947,0.5999999999288282,-122.92520771757516,-669.3200500869509,-2.0,0.37368421052631584,258.0,1272.290097854585
272,2024-01-12,140.73851,174.8748899963219,-0.0008369685399533384,0.5999999999288282,-0.0,-669.3200500869509,-2.0,0.09999999999999998,146.36805040000002,1418.6581482545848
273,2024-01-12,134.96004,246.50691257478246,-2.0,0.09999999999999998,256.42407596349966,-412.89597412345125,-2.0,0.09999999999999998,-0.0,1418.6581482545848
274,2024-01-12,121.5027,206.86322057775112,-2.0,0.09999999999999998,-0.0,-412.89597412345125,-2.0,0.09999999999999998,-0.0,1418.6581482545848
275,2024-01-12,113.8973,189.01180943716807,-2.0,0.09999999999999998,-0.0,-412.89597412345125,-2.0,0.09999999999999998,-0.0,1418.6581482545848
276,2024-01-12,103.42,127.39311044088285,2.0,0.575,-206.84,-619.7359741234512,1.8000000000000003,0.5275000000000001,-186.15600000000003,1232.5021482545849
277,2024-01-12,100.07708,123.17666524185715,2.0,0.9,-136.94758315789477,-756.683557281346,1.8000000000000003,0.9,-156.9629991578947,1075.5391490966902
278,2024-01-12,104.24191,190.2348846294559,-2.0,0.37368421052631584,208.48382,-548.199737281346,1.8000000000000003,0.9,-0.0,1075.5391490966902
279,2024-01-12,110.0,174.61411148848487,-2.0,0.09999999999999998,114.40000000000003,-433.7997372813459,1.8000000000000003,0.9,-0.0,1075.5391490966902
280,2024-01-12,120.0,198.922711698722,-2.0,0.09999999999999998,-0.0,-433.7997372813459,1.8000000000000003,0.9,-0.0,1075.5391490966902
281,2024-01-12,127.5,136.68140182956972,2.0,0.575,-255.0,-688.7997372813459,-2.0,0.37368421052631584,255.0,1330.5391490966902
282,2024-01-12,126.0,197.53535532845882,-2.0,0.09999999999999992,227.42999999999998,-461.3697372813459,-2.0,0.09999999999999998,131.04000000000002,1461.5791490966901
283,2024-01-12,119.47,201.1284657402867,-2.0,0.09999999999999992,-0.0,-461.3697372813459,-2.0,0.09999999999999998,-0.0,1461.5791490966901
284,2024-01-12,110.0,129.54362659600056,2.0,0.575,-220.0,-681.3697372813459,-2.0,0.09999999999999998,-0.0,1461.5791490966901
285,2024-01-12,107.0,176.91325057480347,-2.0,0.09999999999999992,193.135,-488.23473728134593,-2.0,0.09999999999999998,-0.0,1461.5791490966901
286,2024-01-12,105.0,155.2727299704616,-2.0,0.09999999999999992,-0.0,-488.23473728134593,-2.0,0.09999999999999998,-0.0,1461.5791490966901
287,2024-01-12,95.49,102.77070584596581,2.0,0.575,-190.98,-679.214737281346,-2.0,0.09999999999999998,-0.0,1461.5791490966901
288,2024-01-13,92.8,140.97917960903771,-2.0,0.09999999999999992,167.504,-511.7107372813459,-2.0,0.09999999999999998,-0.0,1461.5791490966901
289,2024-01-13,87.7,115.8863768224523,2.0,0.575,-175.4,-687.1107372813459,-0.19999999999999996,0.09999999999999998,-0.0,1461.5791490966901
290,2024-01-13,87.08,147.7364057505475,-0.6000000000084678,0.4171052631556663,52.24800000073737,-634.8627372806085,1.8000000000000003,0.5275000000000001,-156.74400000000003,1304.8351490966902
291,2024-01-13,85.59,139.93624705647494,-2.0,0.09999999999999998,103.13594999927523,-531.7267872813333,1.8000000000000003,0.9,-134.24115789473683,1170.5939912019535
292,2024-01-13,83.4,86.91824526626156,2.0,0.575,-166.8,-698.5267872813333,1.8000000000000003,0.9,-0.0,1170.5939912019535
293,2024-01-13,83.9,139.4625587459032,2.0,0.9,-114.8105263157895,-813.3373135971228,1.8000000000000003,0.9,-0.0,1170.5939912019535
294,2024-01-13,95.52,174.68137697078535,-2.0,0.37368421052631584,191.04,-622.2973135971229,1.8000000000000003,0.9,-0.0,1170.5939912019535
295,2024-01-13,104.93,193.61695131821267,-2.0,0.09999999999999998,109.12720000000003,-513.1701135971228,-1.4,0.5315789473684212,146.902,1317.4959912019535
296,2024-01-13,107.63,175.372994642134,-2.0,0.09999999999999998,-0.0,-513.1701135971228,-2.0,0.09999999999999998,176.51320000000004,1494.0091912019536
297,2024-01-13,104.93,124.31576532552663,2.0,0.575,-209.86,-723.0301135971229,-2.0,0.09999999999999998,-0.0,1494.0091912019536
298,2024-01-13,101.0,157.7604153796053,-2.0,0.09999999999999992,182.305,-540.7251135971228,-2.0,0.09999999999999998,-0.0,1494.0091912019536
299,2024-01-13,88.40127,103.55904358116561,2.0,0.575,-176.80254,-717.5276535971228,-0.5999999999999999,0.09999999999999998,-0.0,1494.0091912019536
300,2024-01-13,84.85,99.1593199140224,2.0,0.9,-116.11052631578949,-833.6381799129123,1.8000000000000003,0.5275000000000001,-152.73000000000002,1341.2791912019536
301,2024-01-13,83.4,99.133365689377,0.47187981646875105,0.9,-0.0,-833.6381799129123,1.8000000000000003,0.9,-130.80631578947367,1210.4728754124799
302,2024-01-13,92.23,132.36396871336368,1.8502728308084262,0.9,-0.0,-833.6381799129123,1.8000000000000003,0.9,-0.0,1210.4728754124799
303,2024-01-13,101.59,141.0638683345258,2.0,0.9,-0.0,-833.6381799129123,1.8000000000000003,0.9,-0.0,1210.4728754124799
304,2024-01-13,107.92,150.15147900061712,2.0,0.9,-0.0,-833.6381799129123,-2.0,0.37368421052631584,215.84,1426.3128754124798
305,2024-01-13,124.76962,146.1954424265219,2.0,0.9,-0.0,-833.6381799129123,0.40000000000000036,0.4686842105263159,-49.907848000000044,1376.4050274124797
306,2024-01-13,128.79108,163.2840180636666,2.0,0.9,-0.0,-833.6381799129123,-2.0,0.09999999999999998,180.43630308000004,1556.8413304924798
307,2024-01-13,128.20411,145.5969361917567,1.968111259388437,0.9,-0.0,-833.6381799129123,-2.0,0.09999999999999998,-0.0,1556.8413304924798
308,2024-01-13,117.86647,192.89162022260774,-2.0,0.37368421052631584,235.73294,-597.9052399129123,-2.0,0.09999999999999998,-0.0,1556.8413304924798
309,2024-01-13,105.0,162.45982975963733,-2.0,0.09999999999999998,109.20000000000003,-488.70523991291225,-2.0,0.09999999999999998,-0.0,1556.8413304924798
310,2024-01-13,101.96,135.74645166741658,-2.0,0.09999999999999998,-0.0,-488.70523991291225,-2.0,0.09999999999999998,-0.0,1556.8413304924798
311,2024-01-13,95.52,181.00561429206593,-2.0,0.09999999999999998,-0.0,-488.70523991291225,-2.0,0.09999999999999998,-0.0,1556.8413304924798
312,2024-01-14,103.0,141.1270955339167,2.0,0.575,-206.0,-694.7052399129122,-2.0,0.09999999999999998,-0.0,1556.8413304924798
313,2024-01-14,100.65,120.13729199235054,-0.002639573822014784,0.575,-0.0,-694.7052399129122,1.8000000000000003,0.5275000000000001,-181.17000000000004,1375.6713304924797
314,2024-01-14,99.83,162.69082363106452,-2.0,0.09999999999999992,180.19315,-514.5120899129122,1.8000000000000003,0.9,-156.5754736842105,1219.0958568082692
315,2024-01-14,96.79,111.87861055052116,2.0,0.575,-193.58,-708.0920899129122,1.8000000000000003,0.9,-0.0,1219.0958568082692
316,2024-01-14,96.25,180.1959710808904,-2.0,0.09999999999999992,173.73125,-534.3608399129123,1.8000000000000003,0.9,-0.0,1219.0958568082692
317,2024-01-14,95.25,132.2982445114285,-2.0,0.09999999999999992,-0.0,-534.3608399129123,1.8000000000000003,0.9,-0.0,1219.0958568082692
318,2024-01-14,103.43,178.77857812070883,-2.0,0.09999999999999992,-0.0,-534.3608399129123,1.8000000000000003,0.9,-0.0,1219.0958568082692
319,2024-01-14,104.73,170.1437966571717,-2.0,0.09999999999999992,-0.0,-534.3608399129123,0.40000000000000036,0.9,-0.0,1219.0958568082692
320,2024-01-14,108.06,119.07075339116882,2.0,0.575,-216.12,-750.4808399129123,-0.19999999999999996,0.8473684210526317,21.611999999999995,1240.7078568082693
321,2024-01-14,108.06,121.50655047806254,-2.0,0.09999999999999992,195.04829999999998,-555.4325399129123,-2.0,0.3210526315789475,216.12,1456.8278568082692
322,2024-01-14,103.0,182.42808583810924,-2.0,0.09999999999999992,-0.0,-555.4325399129123,-2.0,0.10000000000000003,86.52000000000002,1543.3478568082692
323,2024-01-14,103.0,136.11151776981842,-0.9923363702151723,0.09999999999999992,-0.0,-555.4325399129123,-2.0,0.10000000000000003,-0.0,1543.3478568082692
324,2024-01-14,101.88,190.39962715728564,-2.0,0.09999999999999992,-0.0,-555.4325399129123,-2.0,0.10000000000000003,-0.0,1543.3478568082692
325,2024-01-14,96.04,111.48173264651524,2.0,0.575,-192.08,-747.5125399129123,1.8000000000000003,0.5275000000000001,-172.87200000000004,1370.475856808269
326,2024-01-14,100.0,176.75189234765458,-2.0,0.09999999999999992,180.5,-567.0125399129123,-0.5999999999999999,0.3696052631578949,59.999999999999986,1430.475856808269
327,2024-01-14,104.74,133.5827073761139,2.0,0.575,-209.48,-776.4925399129123,1.8000000000000003,0.797105263157895,-188.532,1241.9438568082692
328,2024-01-14,105.0,142.82086339198133,2.0,0.9,-143.6842105263158,-920.1767504392282,1.8000000000000003,0.9,-45.49030470914118,1196.453552099128
329,2024-01-14,111.0,194.41461905890512,-2.0,0.37368421052631584,222.0,-698.1767504392282,-2.0,0.37368421052631584,222.0,1418.453552099128
330,2024-01-14,117.0,152.15149716148744,-2.0,0.09999999999999998,121.68000000000004,-576.4967504392281,-1.4,0.09999999999999998,121.68000000000004,1540.133552099128
331,2024-01-14,120.0,134.1491544115128,2.0,0.575,-240.0,-816.4967504392281,-2.0,0.09999999999999998,-0.0,1540.133552099128
332,2024-01-14,115.14,213.64169105166835,-2.0,0.09999999999999992,207.8277,-608.6690504392282,-2.0,0.09999999999999998,-0.0,1540.133552099128
333,2024-01-14,108.23,117.11502477251511,2.0,0.575,-216.46,-825.1290504392282,-2.0,0.09999999999999998,-0.0,1540.133552099128
334,2024-01-14,101.51,187.11898803674387,-2.0,0.09999999999999992,183.22555,-641.9035004392282,-2.0,0.09999999999999998,-0.0,1540.133552099128
335,2024-01-14,97.9,184.52793143807884,-1.8246248303524448,0.09999999999999992,-0.0,-641.9035004392282,-2.0,0.09999999999999998,-0.0,1540.133552099128
336,2024-01-15,85.5,130.51116036336344,2.0,0.575,-171.0,-812.9035004392282,-2.0,0.09999999999999998,-0.0,1540.133552099128
337,2024-01-15,83.4,119.5164883972426,2.0,0.9,-114.12631578947371,-927.0298162287019,-1.4,0.09999999999999998,-0.0,1540.133552099128
338,2024-01-15,84.1,151.09464848281507,-1.2000000001922508,0.5842105262651971,100.92000001616829,-826.1098162125336,-2.0,0.09999999999999998,-0.0,1540.133552099128
339,2024-01-15,83.4,114.25330871141827,-0.6368420994405173,0.41662050009663987,53.11263109333915,-772.9971851191945,1.8000000000000003,0.5275000000000001,-150.12000000000003,1390.013552099128
340,2024-01-15,83.4,129.17570564875146,-2.0,0.09999999999999998,100.3433688906271,-672.6538162285674,1.8000000000000003,0.9,-130.80631578947367,1259.2072363096543
341,2024-01-15,84.9,122.46724131339211,1.3684210526455582,0.42500000000332006,-116.1789473696079,-788.8327635981752,1.8000000000000003,0.9,-0.0,1259.2072363096543
342,2024-01-15,102.52,161.73886390566815,-2.0,0.09999999999999998,126.61220000129342,-662.2205635968818,1.8000000000000003,0.9,-0.0,1259.2072363096543
343,2024-01-15,110.03,117.43344525796924,2.0,0.575,-220.06,-882.2805635968818,1.8000000000000003,0.9,-0.0,1259.2072363096543
344,2024-01-15,122.00208,187.68950163335077,0.10526313783352118,0.5999999952354612,-12.842321763016278,-895.1228853598981,-2.0,0.37368421052631584,244.00416,1503.2113963096542
345,2024-01-15,119.59,144.27235632062252,2.0,0.9,-151.0610550306998,-1046.1839403905979,-2.0,0.09999999999999998,124.37360000000004,1627.5849963096543
346,2024-01-15,106.21,139.4187971465237,2.0,0.9,-0.0,-1046.1839403905979,-2.0,0.09999999999999998,-0.0,1627.5849963096543
347,2024-01-15,103.62167,116.98828333858832,2.0,0.9,-0.0,-1046.1839403905979,-2.0,0.09999999999999998,-0.0,1627.5849963096543
348,2024-01-15,95.6842,123.94681438966664,-2.0,0.37368421052631584,191.3684,-854.8155403905978,-2.0,0.09999999999999998,-0.0,1627.5849963096543
349,2024-01-15,94.4436,98.42165649043756,2.0,0.8486842105263158,-188.8872,-1043.7027403905977,-2.0,0.09999999999999998,-0.0,1627.5849963096543
350,2024-01-15,99.7,157.09002630149894,2.0,0.9,-21.541828254847644,-1065.2445686454453,1.8000000000000003,0.5275000000000001,-179.46000000000004,1448.1249963096543
351,2024-01-15,104.44211,182.21391030809647,-2.0,0.37368421052631584,208.88422,-856.3603486454452,-0.5999999999999999,0.3696052631578949,62.66526599999999,1510.7902623096543
352,2024-01-15,110.0,193.33299225642898,0.9529085876567759,0.6000000000948,-104.81994464224535,-961.1802932876906,-1.4,0.09999999999999998,112.69500000000006,1623.4852623096544
353,2024-01-15,116.13,184.0641868374712,0.005878974819946002,0.6000000000948,-0.0,-961.1802932876906,-2.0,0.09999999999999998,-0.0,1623.4852623096544
354,2024-01-15,115.0,145.66958496158298,2.0,0.9,-145.26315784883369,-1106.4434511365243,-2.0,0.09999999999999998,-0.0,1623.4852623096544
355,2024-01-15,113.9,159.95507481177415,-2.0,0.37368421052631584,227.8,-878.6434511365244,-2.0,0.09999999999999998,-0.0,1623.4852623096544
356,2024-01-15,107.58229,140.8851247000237,-2.0,0.09999999999999998,111.88558160000002,-766.7578695365244,-2.0,0.09999999999999998,-0.0,1623.4852623096544
357,2024-01-15,104.31,107.02905760094582,2.0,0.575,-208.62,-975.3778695365244,-2.0,0.09999999999999998,-0.0,1623.4852623096544
358,2024-01-15,101.68,140.74573878059076,-2.0,0.09999999999999992,183.5324,-791.8454695365244,-2.0,0.09999999999999998,-0.0,1623.4852623096544
359,2024-01-15,91.39,170.59598599866254,-1.088462442209258,0.09999999999999992,-0.0,-791.8454695365244,-2.0,0.09999999999999998,-0.0,1623.4852623096544
360,2024-01-16,86.58831,152.2002755731444,-1.5738153842457612,0.09999999999999992,-0.0,-791.8454695365244,-2.0,0.09999999999999998,-0.0,1623.4852623096544
361,2024-01-16,83.34,100.35511373642979,2.0,0.575,-166.68,-958.5254695365245,1.8000000000000003,0.5275000000000001,-150.01200000000003,1473.4732623096545
362,2024-01-16,84.1,107.94157438619904,2.0,0.9,-115.0842105263158,-1073.6096800628402,1.8000000000000003,0.9,-131.90421052631575,1341.5690517833386
363,2024-01-16,84.7,124.64338052931524,2.0,0.9,-0.0,-1073.6096800628402,1.8000000000000003,0.9,-0.0,1341.5690517833386
364,2024-01-16,84.7,118.17085336121016,-2.0,0.37368421052631584,169.4,-904.2096800628402,1.8000000000000003,0.9,-0.0,1341.5690517833386
365,2024-01-16,90.0,133.16749778255968,-2.0,0.09999999999999998,93.60000000000002,-810.6096800628402,1.8000000000000003,0.9,-0.0,1341.5690517833386
366,2024-01-16,103.76848,113.43749669852753,2.0,0.575,-207.53696,-1018.1466400628402,1.8000000000000003,0.9,-0.0,1341.5690517833386
367,2024-01-16,117.0,144.2976441456854,0.10633606940725596,0.6002548164842233,-12.441320120648946,-1030.5879601834893,-2.0,0.37368421052631584,234.0,1575.5690517833386
368,2024-01-16,141.11791,180.79507637977306,2.0,0.9,-178.10279507500152,-1208.6907552584908,-2.0,0.09999999999999998,146.76262640000004,1722.3316781833387
369,2024-01-16,136.26696,257.0276923746798,-2.0,0.37368421052631584,272.53392,-936.1568352584907,-2.0,0.09999999999999998,-0.0,1722.3316781833387
370,2024-01-16,120.46093,143.22192579673936,-2.0,0.09999999999999998,125.27936720000004,-810.8774680584906,-2.0,0.09999999999999998,-0.0,1722.3316781833387
371,2024-01-16,109.25941,197.40995928994232,-0.2003757705197183,0.09999999999999998,-0.0,-810.8774680584906,-2.0,0.09999999999999998,-0.0,1722.3316781833387
372,2024-01-16,101.16921,177.7973075433236,-2.0,0.09999999999999998,-0.0,-810.8774680584906,-2.0,0.09999999999999998,-0.0,1722.3316781833387
373,2024-01-16,100.62671,124.42343035162114,2.0,0.575,-201.25342,-1012.1308880584907,1.8000000000000003,0.5275000000000001,-181.12807800000004,1541.2036001833387
374,2024-01-16,104.87055,149.24354519367208,-0.599999934417055,0.4171052804165644,62.92232312228049,-949.2085649362102,1.8000000000000003,0.9,-164.4811784210526,1376.722421762286
375,2024-01-16,111.03657,177.88211052929813,0.03324092457631342,0.42500000000343885,-3.690958248582545,-952.8995231847928,1.8000000000000003,0.9,-0.0,1376.722421762286
376,2024-01-16,122.05,166.36382915597326,2.0,0.9,-244.09999999823282,-1196.9995231830255,1.8000000000000003,0.9,-0.0,1376.722421762286
377,2024-01-16,133.0,180.66974446294938,-2.0,0.37368421052631584,266.0,-930.9995231830255,-2.0,0.37368421052631584,266.0,1642.722421762286
378,2024-01-16,129.98158,186.63849972726416,-2.0,0.09999999999999998,135.18084320000006,-795.8186799830255,-2.0,0.09999999999999998,135.18084320000006,1777.9032649622861
379,2024-01-16,121.05,217.745671917075,-2.0,0.09999999999999998,-0.0,-795.8186799830255,-2.0,0.09999999999999998,-0.0,1777.9032649622861
380,2024-01-16,110.40919,207.18196856330792,-1.707744400391006,0.09999999999999998,-0.0,-795.8186799830255,-2.0,0.09999999999999998,-0.0,1777.9032649622861
381,2024-01-16,105.0,128.42842171257467,2.0,0.575,-210.0,-1005.8186799830255,-2.0,0.09999999999999998,-0.0,1777.9032649622861
382,2024-01-16,100.86671,128.127951648311,-0.5999999954829296,0.41710526434659745,60.520025544377965,-945.2986544386475,-2.0,0.09999999999999998,-0.0,1777.9032649622861
383,2024-01-16,97.97296,179.79563125551118,-2.0,0.09999999999999998,118.05741724255076,-827.2412371960968,-2.0,0.09999999999999998,-0.0,1777.9032649622861
384,2024-01-17,86.75,156.30351836024215,-2.0,0.09999999999999998,-0.0,-827.2412371960968,-2.0,0.09999999999999998,-0.0,1777.9032649622861
385,2024-01-17,85.5,89.17488858306407,2.0,0.575,-171.0,-998.2412371960968,1.8000000000000003,0.5275000000000001,-153.90000000000003,1624.003264962286
386,2024-01-17,82.4,126.13323139460742,-0.5999999999964579,0.4171052631588268,49.439999999708135,-948.8012371963887,1.8000000000000003,0.9,-129.2378947368421,1494.765370225444
387,2024-01-17,80.0,134.27257597478462,-2.0,0.09999999999999998,96.40000000028336,-852.4012371961053,1.8000000000000003,0.9,-0.0,1494.765370225444
388,2024-01-17,82.4,134.42677057884697,1.3684227810786411,0.4250004105061772,-112.75803716088004,-965.1592743569853,1.8000000000000003,0.9,-0.0,1494.765370225444
389,2024-01-17,85.9,137.09923844221953,-2.0,0.09999999999999998,106.08663399742638,-859.0726403595589,1.8000000000000003,0.9,-0.0,1494.765370225444
390,2024-01-17,98.9,126.93625095341538,2.0,0.575,-197.8,-1056.872640359559,1.8000000000000003,0.9,-0.0,1494.765370225444
391,2024-01-17,104.18,137.61710997925667,2.0,0.9,-142.56210526315792,-1199.434745622717,1.8000000000000003,0.9,-0.0,1494.765370225444
392,2024-01-17,116.7498,211.69975057795963,-2.0,0.37368421052631584,233.4996,-965.935145622717,-2.0,0.37368421052631584,233.4996,1728.264970225444
393,2024-01-17,114.46135,140.8701726929283,-2.0,0.09999999999999998,119.03980400000003,-846.895341622717,-2.0,0.09999999999999998,119.03980400000003,1847.304774225444
394,2024-01-17,109.59758,158.77168276486165,-2.0,0.09999999999999998,-0.0,-846.895341622717,-2.0,0.09999999999999998,-0.0,1847.304774225444
395,2024-01-17,110.31763,208.09953220135128,-2.0,0.09999999999999998,-0.0,-846.895341622717,-2.0,0.09999999999999998,-0.0,1847.304774225444
396,2024-01-17,104.97503,116.64794861116692,2.0,0.575,-209.95006,-1056.845401622717,1.8000000000000003,0.5275000000000001,-188.95505400000005,1658.349720225444
397,2024-01-17,103.41178,137.2005217210875,2.0,0.9,-141.51085684210528,-1198.3562584648223,-0.7999999999999998,0.3169736842105264,82.72942399999998,1741.0791442254438
398,2024-01-17,107.06157,136.66880153498138,2.0,0.9,-0.0,-1198.3562584648223,1.8000000000000003,0.7444736842105264,-192.71082600000003,1548.3683182254438
399,2024-01-17,113.11206,142.8589324275752,2.0,0.9,-0.0,-1198.3562584648223,1.8000000000000003,0.9,-74.0711661606648,1474.2971520647789
400,2024-01-17,115.0,152.0675697261869,0.7786436061354544,0.9,-0.0,-1198.3562584648223,1.8000000000000003,0.9,-0.0,1474.2971520647789
401,2024-01-17,125.4,206.28041666238795,-2.0,0.37368421052631584,250.8,-947.5562584648223,-2.0,0.37368421052631584,250.8,1725.0971520647788
402,2024-01-17,120.0,133.6520340199722,-2.0,0.09999999999999998,124.80000000000003,-822.7562584648223,-2.0,0.09999999999999998,124.80000000000003,1849.8971520647788
403,2024-01-17,113.68582,174.86824587275268,-2.0,0.09999999999999998,-0.0,-822.7562584648223,-2.0,0.09999999999999998,-0.0,1849.8971520647788
404,2024-01-17,104.23,179.9171150250329,-2.0,0.09999999999999998,-0.0,-822.7562584648223,-2.0,0.09999999999999998,-0.0,1849.8971520647788
405,2024-01-17,100.1786,112.24298635512051,-2.0,0.09999999999999998,-0.0,-822.7562584648223,-2.0,0.09999999999999998,-0.0,1849.8971520647788
406,2024-01-17,93.28313,153.8984552119518,-2.0,0.09999999999999998,-0.0,-822.7562584648223,-2.0,0.09999999999999998,-0.0,1849.8971520647788
407,2024-01-17,85.13999,95.07349533466858,2.0,0.575,-170.27998,-993.0362384648223,-2.0,0.09999999999999998,-0.0,1849.8971520647788
408,2024-01-18,84.0,151.60897690215884,-2.0,0.09999999999999992,151.62,-841.4162384648223,-2.0,0.09999999999999998,-0.0,1849.8971520647788
409,2024-01-18,81.6,111.59631586329593,-0.32639939443263566,0.09999999999999992,-0.0,-841.4162384648223,-0.5999999999999999,0.09999999999999998,-0.0,1849.8971520647788
410,2024-01-18,78.0,90.43541973368154,2.0,0.575,-156.0,-997.4162384648223,1.8000000000000003,0.5275000000000001,-140.40000000000003,1709.4971520647787
411,2024-01-18,78.0,111.13182230549856,2.0,0.9,-106.73684210526318,-1104.1530805700854,1.8000000000000003,0.9,-122.33684210526314,1587.1603099595154
412,2024-01-18,75.95604,117.51135459830833,1.1133243622159135,0.9,-0.0,-1104.1530805700854,1.8000000000000003,0.9,-0.0,1587.1603099595154
413,2024-01-18,81.37145,91.01395285963382,2.0,0.9,-0.0,-1104.1530805700854,1.8000000000000003,0.9,-0.0,1587.1603099595154
414,2024-01-18,99.0,160.84840324019885,-1.90000008974023,0.39999997638414997,188.10000888428277,-916.0530716858027,1.8000000000000003,0.9,-0.0,1587.1603099595154
415,2024-01-18,112.70957,144.8994758238584,2.0,0.87499997638415,-225.41914,-1141.4722116858027,1.8000000000000003,0.9,-0.0,1587.1603099595154
416,2024-01-18,125.0,226.58049156264752,-2.0,0.34868418691046577,250.0,-891.4722116858027,-2.0,0.37368421052631584,250.0,1837.1603099595154
417,2024-01-18,119.23073,171.2070784109588,-2.0,0.1,112.67302915020684,-778.7991825355958,-2.0,0.09999999999999998,123.99995920000002,1961.1602691595153
418,2024-01-18,112.11555,198.88955940914565,-2.0,0.1,-0.0,-778.7991825355958,-2.0,0.09999999999999998,-0.0,1961.1602691595153
419,2024-01-18,97.98925,158.95639872372888,-2.0,0.1,-0.0,-778.7991825355958,-2.0,0.09999999999999998,-0.0,1961.1602691595153
420,2024-01-18,90.16064,112.87681667355386,1.3684210623958932,0.4250000023190247,-123.37771877509367,-902.1769013106895,-1.4,0.09999999999999998,-0.0,1961.1602691595153
421,2024-01-18,87.8814,109.24306372964651,2.0,0.9,-175.7627991418984,-1077.9397004525879,1.8000000000000003,0.5275000000000001,-158.18652000000003,1802.9737491595154
422,2024-01-18,92.01,160.29754139063988,-2.0,0.37368421052631584,184.02,-893.9197004525879,1.8000000000000003,0.9,-144.31042105263157,1658.663328106884
423,2024-01-18,103.40414,171.42956602272324,-2.0,0.09999999999999998,107.54030560000002,-786.3793948525879,1.8000000000000003,0.9,-0.0,1658.663328106884
424,2024-01-18,106.6622,108.02052791568197,2.0,0.575,-213.3244,-999.7037948525879,-0.7999999999999998,0.6894736842105263,85.32975999999998,1743.993088106884
425,2024-01-18,114.20625,160.64004813511994,0.21052631578806014,0.6249999999996643,-24.04342105247014,-1023.747215905058,1.8000000000000003,0.9,-101.2354570637119,1642.757631043172
426,2024-01-18,110.0,195.5079491903423,-2.0,0.09999999999999998,219.44999999985967,-804.2972159051984,-2.0,0.37368421052631584,220.0,1862.757631043172
427,2024-01-18,109.71,159.8681496413773,-2.0,0.09999999999999998,-0.0,-804.2972159051984,-2.0,0.09999999999999998,114.09840000000003,1976.8560310431722
428,2024-01-18,103.32,188.10151295066106,-2.0,0.09999999999999998,-0.0,-804.2972159051984,-2.0,0.09999999999999998,-0.0,1976.8560310431722
429,2024-01-18,100.0,103.53459644513865,2.0,0.575,-200.0,-1004.2972159051984,-2.0,0.09999999999999998,-0.0,1976.8560310431722
430,2024-01-18,91.47,158.92678180988912,-2.0,0.09999999999999992,165.10335,-839.1938659051984,-2.0,0.09999999999999998,-0.0,1976.8560310431722
431,2024-01-18,84.08,144.9599652614544,-2.0,0.09999999999999992,-0.0,-839.1938659051984,-2.0,0.09999999999999998,-0.0,1976.8560310431722
432,2024-01-19,72.13,79.73864898305153,2.0,0.575,-144.26,-983.4538659051984,-1.4,0.09999999999999998,-0.0,1976.8560310431722
433,2024-01-19,70.0,78.00139011099061,2.0,0.9,-95.78947368421055,-1079.243339589409,-1.4,0.09999999999999998,-0.0,1976.8560310431722
434,2024-01-19,66.49387,120.29571987689069,2.0,0.9,-0.0,-1079.243339589409,-2.0,0.09999999999999998,-0.0,1976.8560310431722
435,2024-01-19,66.4,103.01841442617916,2.0,0.9,-0.0,-1079.243339589409,1.8000000000000003,0.5275000000000001,-119.52000000000002,1857.3360310431722
436,2024-01-19,69.16,80.93621085121258,2.0,0.9,-0.0,-1079.243339589409,1.8000000000000003,0.9,-108.47199999999998,1748.8640310431722
437,2024-01-19,74.8,115.25598283595347,1.9640519071139482,0.9,-0.0,-1079.243339589409,1.8000000000000003,0.9,-0.0,1748.8640310431722
438,2024-01-19,90.83,100.20648679826617,2.0,0.9,-0.0,-1079.243339589409,1.8000000000000003,0.9,-0.0,1748.8640310431722
439,2024-01-19,98.64,180.26189698886776,-1.199999999615392,0.5842105264170021,118.36799996206227,-960.8753396273468,1.8000000000000003,0.9,-0.0,1748.8640310431722
440,2024-01-19,117.68,141.01059597373586,2.0,0.9,-156.47202211051453,-1117.3473617378613,-2.0,0.37368421052631584,235.36,1984.224031043172
441,2024-01-19,110.0,145.0790202107343,0.46339258492565616,0.9,-0.0,-1117.3473617378613,-2.0,0.09999999999999998,114.40000000000003,2098.624031043172
442,2024-01-19,100.56,114.30317739340526,2.0,0.9,-0.0,-1117.3473617378613,1.8000000000000003,0.5275000000000001,-181.00800000000004,1917.6160310431721
443,2024-01-19,96.43,103.1753995670257,2.0,0.9,-0.0,-1117.3473617378613,-2.0,0.09999999999999998,156.65053500000005,2074.266566043172
444,2024-01-19,91.58072,113.88501775793083,2.0,0.9,-0.0,-1117.3473617378613,-2.0,0.09999999999999998,-0.0,2074.266566043172
445,2024-01-19,93.09,145.14509854921172,-1.2000000000031417,0.5842105263149627,111.70800000029246,-1005.6393617375688,-2.0,0.09999999999999998,-0.0,2074.266566043172
446,2024-01-19,95.63,180.19166562569364,-2.0,0.09999999999999998,175.95919999969956,-829.6801617378693,-2.0,0.09999999999999998,-0.0,2074.266566043172
447,2024-01-19,99.05,187.48002025859256,-2.0,0.09999999999999998,-0.0,-829.6801617378693,-2.0,0.09999999999999998,-0.0,2074.266566043172
448,2024-01-19,101.36,165.48343627111225,2.0,0.575,-202.72,-1032.4001617378692,-2.0,0.09999999999999998,-0.0,2074.266566043172
449,2024-01-19,107.67,197.3101428877732,-2.0,0.09999999999999992,194.34435,-838.0558117378692,-2.0,0.09999999999999998,-0.0,2074.266566043172
450,2024-01-19,107.17,142.47089003939152,2.0,0.575,-214.34,-1052.3958117378693,-2.0,0.09999999999999998,-0.0,2074.266566043172
451,2024-01-19,106.95,194.34071046977834,-2.0,0.09999999999999992,193.04475,-859.3510617378693,-2.0,0.09999999999999998,-0.0,2074.266566043172
452,2024-01-19,99.03,146.00846283871812,-2.0,0.09999999999999992,-0.0,-859.3510617378693,-2.0,0.09999999999999998,-0.0,2074.266566043172
453,2024-01-19,98.49,157.01215714564415,0.010522077757355095,0.10249899346737176,-1.0363194383219032,-860.3873811761912,-2.0,0.09999999999999998,-0.0,2074.266566043172
454,2024-01-19,96.0,107.42098691083672,2.0,0.5774989934673718,-192.0,-1052.3873811761912,-2.0,0.09999999999999998,-0.0,2074.266566043172
455,2024-01-19,92.9,144.31688284816192,0.09474095957431661,0.5999999713662719,-8.801435144454013,-1061.1888163206452,-2.0,0.09999999999999998,-0.0,2074.266566043172
456,2024-01-20,93.5,102.17429530816923,-2.0,0.09999999999999998,177.6499898264364,-883.5388264942087,-2.0,0.09999999999999998,-0.0,2074.266566043172
457,2024-01-20,85.4,104.07441303433936,2.0,0.575,-170.8,-1054.3388264942087,-2.0,0.09999999999999998,-0.0,2074.266566043172
458,2024-01-20,77.75,115.62010678507865,2.0,0.9,-106.39473684210529,-1160.7335633363139,-2.0,0.09999999999999998,-0.0,2074.266566043172
459,2024-01-20,76.93,82.16410745798945,1.3668665579631536,0.9,-0.0,-1160.7335633363139,1.8000000000000003,0.5275000000000001,-138.47400000000005,1935.792566043172
460,2024-01-20,76.93,123.84579199994307,2.0,0.9,-0.0,-1160.7335633363139,1.8000000000000003,0.9,-120.65863157894736,1815.1339344642247
461,2024-01-20,76.93,83.98481730520136,2.0,0.9,-0.0,-1160.7335633363139,1.8000000000000003,0.9,-0.0,1815.1339344642247
462,2024-01-20,87.37,130.52053031159286,1.996836995078549,0.9,-0.0,-1160.7335633363139,1.8000000000000003,0.9,-0.0,1815.1339344642247
463,2024-01-20,96.07,169.52968970440233,-2.0,0.37368421052631584,192.14,-968.5935633363139,1.8000000000000003,0.9,-0.0,1815.1339344642247
464,2024-01-20,100.0,121.5851927591106,-2.0,0.09999999999999998,104.00000000000003,-864.5935633363139,1.8000000000000003,0.9,-0.0,1815.1339344642247
465,2024-01-20,99.0,182.39377742274428,-2.0,0.09999999999999998,-0.0,-864.5935633363139,-2.0,0.37368421052631584,198.0,2013.1339344642247
466,2024-01-20,95.92,136.24317753335293,2.0,0.575,-191.84,-1056.433563336314,-2.0,0.09999999999999998,99.75680000000003,2112.890734464225
467,2024-01-20,92.49,174.7469145201329,-2.0,0.09999999999999992,166.94445,-889.489113336314,-2.0,0.09999999999999998,-0.0,2112.890734464225
468,2024-01-20,82.88,96.26103552516233,2.0,0.575,-165.76,-1055.249113336314,1.8000000000000003,0.5275000000000001,-149.18400000000003,1963.7067344642248
469,2024-01-20,77.75,130.56652191563876,1.428705851601498,0.9,-106.39473684210529,-1161.6438501784191,1.8000000000000003,0.9,-121.94473684210524,1841.7619976221197
470,2024-01-20,78.65,112.3244881613093,2.0,0.9,-0.0,-1161.6438501784191,1.8000000000000003,0.9,-0.0,1841.7619976221197
471,2024-01-20,90.85,122.23337533827392,2.0,0.9,-0.0,-1161.6438501784191,1.8000000000000003,0.9,-0.0,1841.7619976221197
472,2024-01-20,96.07,102.57349815242623,2.0,0.9,-0.0,-1161.6438501784191,1.8000000000000003,0.9,-0.0,1841.7619976221197
473,2024-01-20,105.0,173.29481856994377,-1.8999999899706461,0.40000000263930363,199.49999894691786,-962.1438512315012,0.40000000000000036,0.9,-0.0,1841.7619976221197
474,2024-01-20,105.0,115.74466236543338,2.0,0.8750000026393037,-210.0,-1172.1438512315012,-2.0,0.37368421052631584,210.0,2051.7619976221195
475,2024-01-20,105.6,111.45984563063978,0.22232798337119633,0.9,-11.115788300166464,-1183.2596395316677,-2.0,0.09999999999999998,109.82400000000003,2161.5859976221195
476,2024-01-20,98.52,174.01768138711066,-2.0,0.37368421052631584,197.04,-986.2196395316678,-2.0,0.09999999999999998,-0.0,2161.5859976221195
477,2024-01-20,92.91,101.48460898551538,2.0,0.8486842105263158,-185.82,-1172.0396395316677,-2.0,0.09999999999999998,-0.0,2161.5859976221195
478,2024-01-20,81.23,92.87918985472335,2.0,0.9,-17.551080332409974,-1189.5907198640778,-2.0,0.09999999999999998,-0.0,2161.5859976221195
479,2024-01-20,76.93,90.18813004119728,1.9987402053109404,0.9,-0.0,-1189.5907198640778,-2.0,0.09999999999999998,-0.0,2161.5859976221195
480,2024-01-21,84.4,115.19132745563357,-2.0,0.37368421052631584,168.8,-1020.7907198640778,-2.0,0.09999999999999998,-0.0,2161.5859976221195
481,2024-01-21,82.2,114.64024644108999,-2.0,0.09999999999999998,85.48800000000003,-935.3027198640777,-2.0,0.09999999999999998,-0.0,2161.5859976221195
482,2024-01-21,75.03,125.70590505826355,-2.0,0.09999999999999998,-0.0,-935.3027198640777,-2.0,0.09999999999999998,-0.0,2161.5859976221195
483,2024-01-21,69.0,79.94347745533358,2.0,0.575,-138.0,-1073.3027198640777,1.8000000000000003,0.5275000000000001,-124.20000000000002,2037.3859976221195
484,2024-01-21,70.0,90.40079030797378,2.0,0.9,-95.78947368421055,-1169.0921935482884,1.8000000000000003,0.9,-109.7894736842105,1927.596523937909
485,2024-01-21,69.0,121.60250435624646,-2.0,0.37368421052631584,138.0,-1031.0921935482884,1.8000000000000003,0.9,-0.0,1927.596523937909
486,2024-01-21,73.0,83.02079279750592,2.0,0.8486842105263158,-146.0,-1177.0921935482884,1.8000000000000003,0.9,-0.0,1927.596523937909
487,2024-01-21,90.0,123.72687158164457,2.0,0.9,-19.445983379501385,-1196.5381769277897,-2.0,0.37368421052631584,180.0,2107.5965239379093
488,2024-01-21,93.59,174.70656142622184,-2.0,0.37368421052631584,187.18,-1009.3581769277896,-2.0,0.09999999999999998,97.33360000000003,2204.9301239379092
489,2024-01-21,89.34,96.13741746281153,2.0,0.8486842105263158,-178.68,-1188.0381769277897,-2.0,0.09999999999999998,-0.0,2204.9301239379092
490,2024-01-21,69.35615,87.34960718112954,2.0,0.9,-14.985539335180055,-1203.0237162629696,-2.0,0.09999999999999998,-0.0,2204.9301239379092
491,2024-01-21,62.89145,101.62948765280572,-2.0,0.37368421052631584,125.7829,-1077.2408162629697,-2.0,0.09999999999999998,-0.0,2204.9301239379092
492,2024-01-21,60.33551,81.01522730275121,2.0,0.8486842105263158,-120.67102,-1197.9118362629697,1.8000000000000003,0.5275000000000001,-108.60391800000002,2096.3262059379094
493,2024-01-21,58.1183,92.55064523538763,2.0,0.9,-12.557416620498614,-1210.4692528834682,1.8000000000000003,0.9,-91.15396526315787,2005.1722406747515
494,2024-01-21,65.1,103.97464621722483,0.5040520719355683,0.9,-0.0,-1210.4692528834682,1.8000000000000003,0.9,-0.0,2005.1722406747515
495,2024-01-21,88.38,131.06805539772074,2.0,0.9,-0.0,-1210.4692528834682,1.8000000000000003,0.9,-0.0,2005.1722406747515
496,2024-01-21,95.0,140.81255338129205,-1.0999871813412472,0.6105296891207244,104.49878222741849,-1105.9704706560497,1.8000000000000003,0.9,-0.0,2005.1722406747515
497,2024-01-21,98.81405,171.09224813972747,-2.0,0.09999999999999998,191.7005236635869,-914.2699469924628,-1.4,0.5315789473684212,138.33966999999998,2143.5119106747516
498,2024-01-21,101.87,146.16405236279792,2.0,0.575,-203.74,-1118.0099469924628,-2.0,0.09999999999999998,167.06680000000003,2310.5787106747516
499,2024-01-21,105.1,179.32306007306732,-2.0,0.09999999999999992,189.70549999999997,-928.3044469924628,-2.0,0.09999999999999998,-0.0,2310.5787106747516
500,2024-01-21,105.1,108.1738337106106,2.0,0.575,-210.2,-1138.5044469924628,-2.0,0.09999999999999998,-0.0,2310.5787106747516
501,2024-01-21,102.41,191.47817147317699,-2.0,0.09999999999999992,184.85004999999998,-953.6543969924628,-2.0,0.09999999999999998,-0.0,2310.5787106747516
502,2024-01-21,97.75,103.19696565721358,2.0,0.575,-195.5,-1149.1543969924628,-2.0,0.09999999999999998,-0.0,2310.5787106747516
503,2024-01-21,95.0,143.04937101517154,-0.5999999999999889,0.41710526315789764,56.99999999999894,-1092.154396992464,-2.0,0.09999999999999998,-0.0,2310.5787106747516
504,2024-01-22,84.4,97.21025648471809,2.0,0.8921052631578976,-168.8,-1260.954396992464,-2.0,0.09999999999999998,-0.0,2310.5787106747516
505,2024-01-22,82.2,135.88202018824776,2.0,0.9,-2.7324099722981785,-1263.6868069647621,1.8000000000000003,0.5275000000000001,-147.96000000000004,2162.6187106747516
506,2024-01-22,77.9,129.76878093887254,-2.0,0.37368421052631584,155.8,-1107.8868069647622,1.8000000000000003,0.9,-122.17999999999999,2040.4387106747515
507,2024-01-22,77.9,91.48662917570736,2.0,0.8486842105263158,-155.8,-1263.6868069647621,1.8000000000000003,0.9,-0.0,2040.4387106747515
508,2024-01-22,82.49,153.11809989576665,-1.694736854686534,0.40270082771407,139.79884314309217,-1123.88796382167,1.8000000000000003,0.9,-0.0,2040.4387106747515
509,2024-01-22,95.68,164.87351502832547,0.0938912333366356,0.42499999563152097,-8.983513205649295,-1132.8714770273193,1.8000000000000003,0.9,-0.0,2040.4387106747515
510,2024-01-22,106.0,194.81486837870744,0.7368421019756359,0.5999999948507345,-78.10526280941741,-1210.9767398367367,-2.0,0.37368421052631584,212.0,2252.4387106747517
511,2024-01-22,114.5,216.6387197455895,-2.0,0.09999999999999998,217.5499977595546,-993.4267420771821,-2.0,0.09999999999999998,119.08000000000003,2371.5187106747517
512,2024-01-22,131.8,171.57584594861964,-2.0,0.09999999999999998,-0.0,-993.4267420771821,-2.0,0.09999999999999998,-0.0,2371.5187106747517
513,2024-01-22,114.0,199.6306628969779,-2.0,0.09999999999999998,-0.0,-993.4267420771821,-2.0,0.09999999999999998,-0.0,2371.5187106747517
514,2024-01-22,99.83,108.84319131648385,2.0,0.575,-199.66,-1193.0867420771822,-2.0,0.09999999999999998,-0.0,2371.5187106747517
515,2024-01-22,97.73,162.6711016952834,-2.0,0.09999999999999992,176.40265,-1016.6840920771822,-2.0,0.09999999999999998,-0.0,2371.5187106747517
516,2024-01-22,94.5,170.02904762341856,-2.0,0.09999999999999992,-0.0,-1016.6840920771822,1.8000000000000003,0.5275000000000001,-170.10000000000002,2201.4187106747518
517,2024-01-22,95.0,158.81220995590036,-2.0,0.09999999999999992,-0.0,-1016.6840920771822,1.8000000000000003,0.9,-148.99999999999997,2052.4187106747518
518,2024-01-22,99.46,121.6417419700746,2.0,0.575,-198.92,-1215.6040920771823,1.8000000000000003,0.9,-0.0,2052.4187106747518
519,2024-01-22,113.41,172.80941222633135,-2.0,0.09999999999999992,204.70505,-1010.8990420771822,1.8000000000000003,0.9,-0.0,2052.4187106747518
520,2024-01-22,122.00407,136.5698073804423,2.0,0.575,-244.00814,-1254.9071820771821,1.8000000000000003,0.9,-0.0,2052.4187106747518
521,2024-01-22,131.8,219.94128531718914,-2.0,0.09999999999999992,237.899,-1017.0081820771821,-2.0,0.37368421052631584,263.6,2316.0187106747517
522,2024-01-22,119.75,217.17160872408738,-0.6540846693818679,0.09999999999999992,-0.0,-1017.0081820771821,-2.0,0.09999999999999998,124.54000000000003,2440.5587106747516
523,2024-01-22,114.5,182.99386574471444,-2.0,0.09999999999999992,-0.0,-1017.0081820771821,-2.0,0.09999999999999998,-0.0,2440.5587106747516
524,2024-01-22,108.63,138.28721317382457,-0.14267885304895123,0.09999999999999992,-0.0,-1017.0081820771821,-2.0,0.09999999999999998,-0.0,2440.5587106747516
525,2024-01-22,99.83,185.57024082556075,-2.0,0.09999999999999992,-0.0,-1017.0081820771821,-2.0,0.09999999999999998,-0.0,2440.5587106747516
526,2024-01-22,97.46612,169.10008908940213,-1.7132566584422249,0.09999999999999992,-0.0,-1017.0081820771821,-2.0,0.09999999999999998,-0.0,2440.5587106747516
527,2024-01-22,90.01,133.0704564983431,-2.0,0.09999999999999992,-0.0,-1017.0081820771821,-2.0,0.09999999999999998,-0.0,2440.5587106747516
528,2024-01-23,75.9,80.53395533149951,2.0,0.575,-151.8,-1168.8081820771822,-2.0,0.09999999999999998,-0.0,2440.5587106747516
529,2024-01-23,72.0,95.48667833782073,2.0,0.9,-98.5263157894737,-1267.334497866656,1.8000000000000003,0.5275000000000001,-129.60000000000002,2310.9587106747517
530,2024-01-23,65.1,79.1190478887247,2.0,0.9,-0.0,-1267.334497866656,1.8000000000000003,0.9,-102.10421052631577,2208.854500148436
531,2024-01-23,65.1,94.62501359757957,2.0,0.9,-0.0,-1267.334497866656,1.8000000000000003,0.9,-0.0,2208.854500148436
532,2024-01-23,70.33,112.3189966955062,2.0,0.9,-0.0,-1267.334497866656,1.8000000000000003,0.9,-0.0,2208.854500148436
533,2024-01-23,79.32,100.20171230554638,2.0,0.9,-0.0,-1267.334497866656,1.8000000000000003,0.9,-0.0,2208.854500148436
534,2024-01-23,95.13,133.255623464667,-1.9000000000033153,0.3999999999991276,180.74700000031538,-1086.5874978663405,1.8000000000000003,0.9,-0.0,2208.854500148436
535,2024-01-23,104.11,129.73867605220036,2.0,0.8749999999991276,-208.22,-1294.8074978663406,1.8000000000000003,0.9,-0.0,2208.854500148436
536,2024-01-23,122.00354,228.05843232304005,-2.0,0.3486842105254434,244.00708,-1050.8004178663405,-2.0,0.37368421052631584,244.00708,2452.8615801484357
537,2024-01-23,105.0,198.4016437151308,-2.0,0.1,99.22499999965191,-951.5754178666886,-2.0,0.09999999999999998,109.20000000000003,2562.0615801484355
538,2024-01-23,96.45,121.97415120299551,2.0,0.575,-192.9,-1144.4754178666885,-2.0,0.09999999999999998,-0.0,2562.0615801484355
539,2024-01-23,90.0,110.31594656529207,0.006375704146243968,0.575,-0.0,-1144.4754178666885,-2.0,0.09999999999999998,-0.0,2562.0615801484355
540,2024-01-23,79.74703,124.32754344661647,0.10526315789473316,0.5999999999999991,-8.394424210526022,-1152.8698420772146,-2.0,0.09999999999999998,-0.0,2562.0615801484355
541,2024-01-23,79.567,115.63875118404397,2.0,0.9,-100.50568421052662,-1253.3755262877412,1.8000000000000003,0.5275000000000001,-143.22060000000002,2418.8409801484354
542,2024-01-23,85.87885,111.76521492855481,2.0,0.9,-0.0,-1253.3755262877412,1.8000000000000003,0.9,-134.69419631578944,2284.146783832646
543,2024-01-23,92.89909,115.81208953436484,2.0,0.9,-0.0,-1253.3755262877412,1.8000000000000003,0.9,-0.0,2284.146783832646
544,2024-01-23,100.13,131.49407827962617,1.6974550778050719,0.9,-0.0,-1253.3755262877412,-1.4,0.5315789473684212,140.182,2424.328783832646
545,2024-01-23,105.98,190.066869019016,-2.0,0.37368421052631584,211.96,-1041.4155262877412,-1.4,0.16315789473684222,148.37199999999999,2572.700783832646
546,2024-01-23,103.04,142.04516973396804,-2.0,0.09999999999999998,107.16160000000004,-934.2539262877411,-2.0,0.1,24.729600000000044,2597.430383832646
547,2024-01-23,101.61,125.69839126386067,2.0,0.575,-203.22,-1137.473926287741,-2.0,0.1,-0.0,2597.430383832646
548,2024-01-23,99.46,112.82567850483143,2.0,0.9,-136.10315789473685,-1273.5770841824778,-2.0,0.1,-0.0,2597.430383832646
549,2024-01-23,97.66,128.51080178777724,1.581936970264793,0.9,-0.0,-1273.5770841824778,-2.0,0.1,-0.0,2597.430383832646
550,2024-01-23,94.1,168.15712150862535,-2.0,0.37368421052631584,188.2,-1085.3770841824778,-2.0,0.1,-0.0,2597.430383832646
551,2024-01-23,89.44,114.00984341931024,2.0,0.8486842105263158,-178.88,-1264.2570841824777,-2.0,0.1,-0.0,2597.430383832646
552,2024-01-24,76.4,83.79472159466351,-0.9947368420988143,0.5869113573424173,75.99789473634942,-1188.2591894461282,-2.0,0.1,-0.0,2597.430383832646
553,2024-01-24,69.0,127.07061153236576,-2.0,0.09999999999999998,127.6681578951818,-1060.5910315509464,-0.5999999999999999,0.1,-0.0,2597.430383832646
554,2024-01-24,65.7,122.29048837979164,-2.0,0.09999999999999998,-0.0,-1060.5910315509464,-0.19999999999999996,0.1,-0.0,2597.430383832646
555,2024-01-24,65.3,81.64187257685961,2.0,0.575,-130.6,-1191.1910315509463,1.8000000000000003,0.5275000000000001,-117.54,2479.890383832646
556,2024-01-24,66.85,89.54980826878074,2.0,0.9,-91.47894736842106,-1282.6699789193674,1.8000000000000003,0.9,-104.84894736842102,2375.0414364642247
557,2024-01-24,79.0,116.6565598000705,-2.0,0.37368421052631584,158.0,-1124.6699789193674,1.8000000000000003,0.9,-0.0,2375.0414364642247
558,2024-01-24,97.01,126.60714773149348,0.21606648199557787,0.4250000000002656,-20.960609418391012,-1145.6305883377584,1.8000000000000003,0.9,-0.0,2375.0414364642247
559,2024-01-24,122.0061,176.23715613629378,-2.0,0.09999999999999998,150.67753350012313,-994.9530548376352,-2.0,0.37368421052631584,244.0122,2619.053636464225
560,2024-01-24,128.0,223.8997979814342,-2.0,0.09999999999999998,-0.0,-994.9530548376352,-2.0,0.09999999999999998,133.12000000000003,2752.1736364642247
561,2024-01-24,107.52,176.03118895007617,-2.0,0.09999999999999998,-0.0,-994.9530548376352,-2.0,0.09999999999999998,-0.0,2752.1736364642247
562,2024-01-24,98.3,140.22363630510077,-2.0,0.09999999999999998,-0.0,-994.9530548376352,-2.0,0.09999999999999998,-0.0,2752.1736364642247
563,2024-01-24,95.25,177.36128535077194,-2.0,0.09999999999999998,-0.0,-994.9530548376352,-0.5999999999999999,0.09999999999999998,-0.0,2752.1736364642247
564,2024-01-24,83.22628,131.0654300425227,1.3684210508950738,0.42499999958758,-113.88859353968766,-1108.8416483773228,-0.5999999999999999,0.09999999999999998,-0.0,2752.1736364642247
565,2024-01-24,84.97,94.44009304113513,2.0,0.89999999958758,-169.94,-1278.7816483773229,1.8000000000000003,0.5275000000000001,-152.94600000000003,2599.227636464225
566,2024-01-24,95.25,136.02434330903293,-2.0,0.37368421011389585,190.5,-1088.2816483773229,1.8000000000000003,0.9,-149.39210526315787,2449.835531201067
567,2024-01-24,101.0,180.94479673162186,-2.0,0.09999999999999998,105.03999984171324,-983.2416485356097,1.8000000000000003,0.9,-0.0,2449.835531201067
568,2024-01-24,111.88,125.855031834293,2.0,0.575,-223.76,-1207.0016485356095,1.8000000000000003,0.9,-0.0,2449.835531201067
569,2024-01-24,125.53,160.33246668405664,2.0,0.9,-171.77789473684214,-1378.7795432724517,1.8000000000000003,0.9,-0.0,2449.835531201067
570,2024-01-24,123.54,222.06486114577766,-2.0,0.37368421052631584,247.08,-1131.6995432724518,-2.0,0.37368421052631584,247.08,2696.915531201067
571,2024-01-24,119.27,149.1726812339563,-0.9947368421006294,0.11191135734193969,118.64226315734207,-1013.0572801151097,-2.0,0.09999999999999998,124.04080000000003,2820.9563312010673
572,2024-01-24,105.04,194.992106145821,-2.0,0.1,4.754442105749908,-1008.3028380093598,-2.0,0.09999999999999998,-0.0,2820.9563312010673
573,2024-01-24,101.94,189.77992835893193,-2.0,0.1,-0.0,-1008.3028380093598,-2.0,0.09999999999999998,-0.0,2820.9563312010673
574,2024-01-24,97.09,139.10354487011108,-2.0,0.1,-0.0,-1008.3028380093598,-2.0,0.09999999999999998,-0.0,2820.9563312010673
575,2024-01-24,94.0,125.43584877887528,2.0,0.575,-188.0,-1196.3028380093597,-2.0,0.09999999999999998,-0.0,2820.9563312010673
576,2024-01-25,80.34,136.64783545371517,-2.0,0.09999999999999992,145.0137,-1051.2891380093597,-2.0,0.09999999999999998,-0.0,2820.9563312010673
577,2024-01-25,72.23,92.47717228998421,2.0,0.575,-144.46,-1195.7491380093597,-2.0,0.09999999999999998,-0.0,2820.9563312010673
578,2024-01-25,69.6,128.5952980199696,-1.9985793280825264,0.09999999999999992,125.62799999999999,-1070.1211380093598,0.40000000000000036,0.19500000000000006,-27.84000000000002,2793.116331201067
579,2024-01-25,66.9,74.2617778906205,2.0,0.575,-133.8,-1203.9211380093598,1.8000000000000003,0.6225,-120.42000000000003,2672.696331201067
580,2024-01-25,69.76,101.22346830614934,2.0,0.9,-95.46105263157897,-1299.3821906409387,1.8000000000000003,0.9,-81.50905263157894,2591.187278569488
581,2024-01-25,80.0,83.37036017397544,2.0,0.9,-0.0,-1299.3821906409387,1.8000000000000003,0.9,-0.0,2591.187278569488
582,2024-01-25,96.19,179.14572914173414,-2.0,0.37368421052631584,192.38,-1107.0021906409388,-2.0,0.37368421052631584,192.38,2783.5672785694883
583,2024-01-25,106.13,123.45386502862972,2.0,0.8486842105263158,-212.26,-1319.2621906409388,-2.0,0.09999999999999998,110.37520000000002,2893.9424785694882
584,2024-01-25,124.23,151.66355604798616,-2.0,0.32236842105263164,248.46,-1070.8021906409388,-2.0,0.09999999999999998,-0.0,2893.9424785694882
585,2024-01-25,106.3,196.53201747934264,-2.0,0.1,89.82350000000002,-980.9786906409388,-2.0,0.09999999999999998,-0.0,2893.9424785694882
586,2024-01-25,94.19572,106.7585553129054,2.0,0.575,-188.39144,-1169.370130640939,-2.0,0.09999999999999998,-0.0,2893.9424785694882
587,2024-01-25,89.10863,110.40885483411753,2.0,0.9,-121.93812526315793,-1291.3082559040968,-2.0,0.09999999999999998,-0.0,2893.9424785694882
588,2024-01-25,78.212,78.53083095940902,2.0,0.9,-0.0,-1291.3082559040968,1.8000000000000003,0.5275000000000001,-140.78160000000003,2753.160878569488
589,2024-01-25,78.39197,108.33929415831463,2.0,0.9,-0.0,-1291.3082559040968,1.8000000000000003,0.9,-122.95161610526314,2630.209262464225
590,2024-01-25,89.67638,151.99460875337832,2.0,0.9,-0.0,-1291.3082559040968,1.8000000000000003,0.9,-0.0,2630.209262464225
591,2024-01-25,98.43,138.786459370762,2.0,0.9,-0.0,-1291.3082559040968,1.8000000000000003,0.9,-0.0,2630.209262464225
592,2024-01-25,108.56,150.4090891214264,2.0,0.9,-0.0,-1291.3082559040968,1.8000000000000003,0.9,-0.0,2630.209262464225
593,2024-01-25,126.56,178.29216643664284,-1.100000000002152,0.6105263157889074,139.21600000027235,-1152.0922559038245,-2.0,0.37368421052631584,253.12,2883.329262464225
594,2024-01-25,122.00018,165.46084467814686,-0.042105273581436405,0.5994459806358978,5.136850955884486,-1146.95540494794,-2.0,0.09999999999999998,126.88018720000004,3010.209449664225
595,2024-01-25,120.0,188.82490477857976,-2.0,0.09999999999999998,227.7473671699694,-919.2080377779706,-2.0,0.09999999999999998,-0.0,3010.209449664225
596,2024-01-25,106.13,201.461216237903,-1.5157989139036616,0.09999999999999998,-0.0,-919.2080377779706,-2.0,0.09999999999999998,-0.0,3010.209449664225
597,2024-01-25,99.89,168.65669382416968,-2.0,0.09999999999999998,-0.0,-919.2080377779706,-2.0,0.09999999999999998,-0.0,3010.209449664225
598,2024-01-25,96.82,166.81040758272565,-1.4754663901576053,0.09999999999999998,-0.0,-919.2080377779706,-2.0,0.09999999999999998,-0.0,3010.209449664225
599,2024-01-25,95.68,181.60596960208557,-2.0,0.09999999999999998,-0.0,-919.2080377779706,-2.0,0.09999999999999998,-0.0,3010.209449664225
600,2024-01-26,93.8,172.56259073393966,-1.9258595015646554,0.09999999999999998,-0.0,-919.2080377779706,-2.0,0.09999999999999998,-0.0,3010.209449664225
601,2024-01-26,88.89,167.034659586747,-2.0,0.09999999999999998,-0.0,-919.2080377779706,-2.0,0.09999999999999998,-0.0,3010.209449664225
602,2024-01-26,85.8,106.33802983399846,2.0,0.575,-171.6,-1090.8080377779706,1.8000000000000003,0.5275000000000001,-154.44000000000003,2855.769449664225
603,2024-01-26,83.0,104.71007080680465,2.0,0.9,-113.57894736842107,-1204.3869851463917,1.8000000000000003,0.9,-130.17894736842103,2725.5905022958036
604,2024-01-26,85.0,89.29505247856613,2.0,0.9,-0.0,-1204.3869851463917,1.8000000000000003,0.9,-0.0,2725.5905022958036
605,2024-01-26,90.01,129.13899531543532,2.0,0.9,-0.0,-1204.3869851463917,1.8000000000000003,0.9,-0.0,2725.5905022958036
606,2024-01-26,99.3,178.1541852923364,-2.0,0.37368421052631584,198.6,-1005.7869851463917,1.8000000000000003,0.9,-0.0,2725.5905022958036
607,2024-01-26,120.05,124.62146651799546,2.0,0.8486842105263158,-240.1,-1245.8869851463917,1.8000000000000003,0.9,-0.0,2725.5905022958036
608,2024-01-26,135.0,226.57525965024246,-2.0,0.32236842105263164,270.0,-975.8869851463917,-2.0,0.37368421052631584,270.0,2995.5905022958036
609,2024-01-26,120.05,178.46984799801288,-2.0,0.1,101.44225000000002,-874.4447351463916,-2.0,0.09999999999999998,124.85200000000003,3120.4425022958035
610,2024-01-26,100.31,117.99282613855796,-2.0,0.1,-0.0,-874.4447351463916,-2.0,0.09999999999999998,-0.0,3120.4425022958035
611,2024-01-26,96.87346,113.2282828452655,-2.0,0.1,-0.0,-874.4447351463916,-0.19999999999999996,0.09999999999999998,-0.0,3120.4425022958035
612,2024-01-26,86.44,115.90947294016692,2.0,0.575,-172.88,-1047.3247351463915,-0.5999999999999999,0.09999999999999998,-0.0,3120.4425022958035
613,2024-01-26,87.52317,128.14911639228004,2.0,0.9,-119.76854842105264,-1167.0932835674441,1.8000000000000003,0.5275000000000001,-157.541706,2962.9007962958035
614,2024-01-26,95.01,128.4762091777472,1.1819447764887896,0.9,-0.0,-1167.0932835674441,1.8000000000000003,0.9,-149.0156842105263,2813.8851120852773
615,2024-01-26,101.6558,148.60811788350702,1.4893502042163655,0.9,-0.0,-1167.0932835674441,1.8000000000000003,0.9,-0.0,2813.8851120852773
616,2024-01-26,117.45,182.85258608934666,2.0,0.9,-0.0,-1167.0932835674441,1.8000000000000003,0.9,-0.0,2813.8851120852773
617,2024-01-26,128.0,170.676262486777,-2.0,0.37368421052631584,256.0,-911.0932835674441,-2.0,0.37368421052631584,256.0,3069.8851120852773
618,2024-01-26,119.99,135.93565436730375,-2.0,0.09999999999999998,124.78960000000002,-786.3036835674441,-2.0,0.09999999999999998,124.78960000000002,3194.6747120852774
619,2024-01-26,115.0,137.0378993218876,2.0,0.575,-230.0,-1016.3036835674441,-2.0,0.09999999999999998,-0.0,3194.6747120852774
620,2024-01-26,101.24552,171.65907975390436,-2.0,0.09999999999999992,182.7481636,-833.5555199674441,-2.0,0.09999999999999998,-0.0,3194.6747120852774
621,2024-01-26,98.57,102.42109124328319,2.0,0.575,-197.14,-1030.695519967444,-2.0,0.09999999999999998,-0.0,3194.6747120852774
622,2024-01-26,95.48,168.29055040977096,-2.0,0.09999999999999992,172.3414,-858.3541199674439,-2.0,0.09999999999999998,-0.0,3194.6747120852774
623,2024-01-26,94.05,153.49322283886576,-2.0,0.09999999999999992,-0.0,-858.3541199674439,-2.0,0.09999999999999998,-0.0,3194.6747120852774
624,2024-01-27,97.29,133.15525677071227,2.0,0.575,-194.58,-1052.9341199674438,-2.0,0.09999999999999998,-0.0,3194.6747120852774
625,2024-01-27,93.27,166.83749458282765,-2.0,0.09999999999999992,168.35234999999997,-884.5817699674438,-2.0,0.09999999999999998,-0.0,3194.6747120852774
626,2024-01-27,90.46,94.96996098669074,2.0,0.575,-180.92,-1065.5017699674438,1.8000000000000003,0.5275000000000001,-162.828,3031.8467120852774
627,2024-01-27,86.44,122.63945586744805,2.0,0.9,-118.2863157894737,-1183.7880857569176,1.8000000000000003,0.9,-135.57431578947367,2896.272396295804
628,2024-01-27,85.7,138.1927562547797,-2.0,0.37368421052631584,171.4,-1012.3880857569176,1.8000000000000003,0.9,-0.0,2896.272396295804
629,2024-01-27,86.44,130.88223409673736,0.21606663640682586,0.42500003667293695,-18.676800051006026,-1031.0648858079237,1.8000000000000003,0.9,-0.0,2896.272396295804
630,2024-01-27,95.21,158.4358047216856,2.0,0.9,-190.41998529839861,-1221.4848711063223,1.8000000000000003,0.9,-0.0,2896.272396295804
631,2024-01-27,104.94,166.86006266144986,-1.1999967447373558,0.5842113829638538,125.92765839273812,-1095.5572127135842,-2.0,0.37368421052631584,209.88,3106.152396295804
632,2024-01-27,114.2,139.49674543637656,0.06647838752561017,0.6000000000011861,-7.591831855424681,-1103.149044569009,-2.0,0.09999999999999998,118.76800000000003,3224.920396295804
633,2024-01-27,104.23,115.08473591625216,2.0,0.9,-131.65894736790054,-1234.8079919369095,-2.0,0.09999999999999998,-0.0,3224.920396295804
634,2024-01-27,95.0,106.82117104950039,-1.199999999999546,0.584210526315909,113.99999999995688,-1120.8079919369527,-2.0,0.09999999999999998,-0.0,3224.920396295804
635,2024-01-27,85.0,138.68954754281742,-2.0,0.09999999999999998,156.4000000000386,-964.4079919369141,-2.0,0.09999999999999998,-0.0,3224.920396295804
636,2024-01-27,70.57,123.85357073596735,-2.0,0.09999999999999998,-0.0,-964.4079919369141,-0.5999999999999999,0.09999999999999998,-0.0,3224.920396295804
637,2024-01-27,70.19,79.14765255530753,2.0,0.575,-140.38,-1104.787991936914,1.8000000000000003,0.5275000000000001,-126.34200000000001,3098.578396295804
638,2024-01-27,71.95,118.48249914307884,-0.5999999999930946,0.41710526315971186,43.16999999950316,-1061.6179919374108,1.8000000000000003,0.9,-112.8478947368421,2985.730501558962
639,2024-01-27,78.34,133.061745971106,2.0,0.8921052631597118,-156.68,-1218.2979919374109,1.8000000000000003,0.9,-0.0,2985.730501558962
640,2024-01-27,96.33,107.15514827665179,2.0,0.9,-3.202105262420888,-1221.5000971998318,1.8000000000000003,0.9,-0.0,2985.730501558962
641,2024-01-27,101.94,124.93147612249527,2.0,0.9,-0.0,-1221.5000971998318,-2.0,0.37368421052631584,203.88,3189.610501558962
642,2024-01-27,105.78,109.91735549420643,0.2610809095512969,0.9,-0.0,-1221.5000971998318,-2.0,0.09999999999999998,110.01120000000003,3299.621701558962
643,2024-01-27,105.33,109.02571528323246,2.0,0.9,-0.0,-1221.5000971998318,-2.0,0.09999999999999998,-0.0,3299.621701558962
644,2024-01-27,98.61,113.23641790176089,2.0,0.9,-0.0,-1221.5000971998318,-2.0,0.09999999999999998,-0.0,3299.621701558962
645,2024-01-27,97.29,135.25868979845802,-2.0,0.37368421052631584,194.58,-1026.9200971998318,-2.0,0.09999999999999998,-0.0,3299.621701558962
646,2024-01-27,90.78,150.60320956517944,-2.0,0.09999999999999998,94.41120000000002,-932.5088971998318,-2.0,0.09999999999999998,-0.0,3299.621701558962
647,2024-01-27,84.0,159.11839093983647,-2.0,0.09999999999999998,-0.0,-932.5088971998318,-2.0,0.09999999999999998,-0.0,3299.621701558962
648,2024-01-28,75.11,129.5264045685809,-2.0,0.09999999999999998,-0.0,-932.5088971998318,-2.0,0.09999999999999998,-0.0,3299.621701558962
649,2024-01-28,73.27,108.63513992447109,2.0,0.575,-146.54,-1079.0488971998318,-2.0,0.09999999999999998,-0.0,3299.621701558962
650,2024-01-28,70.46,95.40175947855954,-0.057202668279243224,0.5599466662423044,4.030500006955477,-1075.0183971928764,-2.0,0.09999999999999998,-0.0,3299.621701558962
651,2024-01-28,66.44,102.83923337757537,2.0,0.9,-95.12902524152126,-1170.1474224343976,1.8000000000000003,0.5275000000000001,-119.59200000000001,3180.0297015589617
652,2024-01-28,61.93,113.07821187060618,2.0,0.9,-0.0,-1170.1474224343976,1.8000000000000003,0.9,-97.13231578947367,3082.897385769488
653,2024-01-28,61.82058,89.23351386762265,2.0,0.9,-0.0,-1170.1474224343976,1.8000000000000003,0.9,-0.0,3082.897385769488
654,2024-01-28,70.4,96.86784922393684,1.677133408276959,0.9,-0.0,-1170.1474224343976,1.8000000000000003,0.9,-0.0,3082.897385769488
655,2024-01-28,75.19,135.61865049336728,-2.0,0.37368421052631584,150.38,-1019.7674224343976,-2.0,0.37368421052631584,150.38,3233.2773857694883
656,2024-01-28,90.0,142.02898337485198,-2.0,0.09999999999999998,93.60000000000002,-926.1674224343976,-2.0,0.09999999999999998,93.60000000000002,3326.8773857694882
657,2024-01-28,89.37,122.88659374429793,-2.0,0.09999999999999998,-0.0,-926.1674224343976,-2.0,0.09999999999999998,-0.0,3326.8773857694882
658,2024-01-28,65.0,94.91792274330847,-1.9759537410845478,0.09999999999999998,-0.0,-926.1674224343976,-2.0,0.09999999999999998,-0.0,3326.8773857694882
659,2024-01-28,49.99,87.11422471777522,-0.2543051629129224,0.09999999999999998,-0.0,-926.1674224343976,-2.0,0.09999999999999998,-0.0,3326.8773857694882
660,2024-01-28,50.0,58.20248116258495,2.0,0.575,-100.0,-1026.1674224343976,-2.0,0.09999999999999998,-0.0,3326.8773857694882
661,2024-01-28,48.33318,67.83259929920617,2.0,0.9,-66.14014105263159,-1092.3075634870293,1.8000000000000003,0.5275000000000001,-86.99972400000001,3239.8776617694884
662,2024-01-28,67.08,77.22358015953262,2.0,0.9,-0.0,-1092.3075634870293,1.8000000000000003,0.9,-105.20968421052629,3134.6679775589623
663,2024-01-28,77.30454,138.7643024794973,2.0,0.9,-0.0,-1092.3075634870293,1.8000000000000003,0.9,-0.0,3134.6679775589623
664,2024-01-28,88.28622,161.92807738768286,-2.0,0.37368421052631584,176.57244,-915.7351234870292,-2.0,0.37368421052631584,176.57244,3311.2404175589622
665,2024-01-28,98.35821,144.5220087932141,2.0,0.8486842105263158,-196.71642,-1112.4515434870293,-2.0,0.09999999999999998,102.29253840000003,3413.5329559589622
666,2024-01-28,100.0,168.56206568711053,-2.0,0.32236842105263164,200.0,-912.4515434870293,-2.0,0.09999999999999998,-0.0,3413.5329559589622
667,2024-01-28,100.56,159.72545247673867,0.008570251843882637,0.32236842105263164,-0.0,-912.4515434870293,-2.0,0.09999999999999998,-0.0,3413.5329559589622
668,2024-01-28,97.44,182.14501197737886,-2.0,0.1,82.33680000000001,-830.1147434870293,-2.0,0.09999999999999998,-0.0,3413.5329559589622
669,2024-01-28,97.0,145.6655773189985,-2.0,0.1,-0.0,-830.1147434870293,-2.0,0.09999999999999998,-0.0,3413.5329559589622
670,2024-01-28,90.93,152.89139511431898,-1.9926051710663388,0.1,-0.0,-830.1147434870293,-2.0,0.09999999999999998,-0.0,3413.5329559589622
671,2024-01-28,75.11,82.22749085165054,2.0,0.575,-150.22,-980.3347434870293,-2.0,0.09999999999999998,-0.0,3413.5329559589622
672,2024-01-29,75.11,132.48780089414353,-2.0,0.09999999999999992,135.57354999999998,-844.7611934870293,-1.4,0.09999999999999998,-0.0,3413.5329559589622
673,2024-01-29,68.11,77.16206079311199,2.0,0.575,-136.22,-980.9811934870294,-2.0,0.09999999999999998,-0.0,3413.5329559589622
674,2024-01-29,70.46,99.39272195196965,-0.016989109702744802,0.5705291816571724,1.1970526696553987,-979.784140817374,1.8000000000000003,0.5275000000000001,-126.828,3286.7049559589623
675,2024-01-29,66.44,80.50776494646877,2.0,0.9,-92.1685944029367,-1071.9527352203106,1.8000000000000003,0.9,-104.20589473684208,3182.49906122212
676,2024-01-29,62.77,84.60984599525267,1.9978452365481345,0.9,-0.0,-1071.9527352203106,1.8000000000000003,0.9,-0.0,3182.49906122212
677,2024-01-29,78.8,80.41996926606708,2.0,0.9,-0.0,-1071.9527352203106,1.8000000000000003,0.9,-0.0,3182.49906122212
678,2024-01-29,96.78,102.1698766468161,1.4215206013920272,0.9,-0.0,-1071.9527352203106,1.8000000000000003,0.9,-0.0,3182.49906122212
679,2024-01-29,103.14,116.85945371039635,0.08572716131611105,0.9,-0.0,-1071.9527352203106,1.8000000000000003,0.9,-0.0,3182.49906122212
680,2024-01-29,126.2,182.53972451712826,-2.0,0.37368421052631584,252.4,-819.5527352203106,-2.0,0.37368421052631584,252.4,3434.89906122212
681,2024-01-29,105.0,136.8725900113168,2.0,0.8486842105263158,-210.0,-1029.5527352203108,-2.0,0.09999999999999998,109.20000000000003,3544.09906122212
682,2024-01-29,98.61,106.28190004787997,2.0,0.9,-21.306315789473683,-1050.8590510097845,-2.0,0.09999999999999998,-0.0,3544.09906122212
683,2024-01-29,95.96789,121.23038616831586,2.0,0.9,-0.0,-1050.8590510097845,-2.0,0.09999999999999998,-0.0,3544.09906122212
684,2024-01-29,90.11,151.60259246968215,-2.0,0.37368421052631584,180.22,-870.6390510097845,-2.0,0.09999999999999998,-0.0,3544.09906122212
685,2024-01-29,90.5,123.42553599977758,2.0,0.8486842105263158,-181.0,-1051.6390510097845,1.8000000000000003,0.5275000000000001,-162.90000000000003,3381.19906122212
686,2024-01-29,96.0,103.08474196602708,1.0105602974036862,0.9,-20.742382271468145,-1072.3814332812526,1.8000000000000003,0.9,-150.56842105263155,3230.6306401694883
687,2024-01-29,100.42531,146.3662404901472,2.0,0.9,-0.0,-1072.3814332812526,1.8000000000000003,0.9,-0.0,3230.6306401694883
688,2024-01-29,109.78,128.68626351590078,1.8169617008908816,0.9,-0.0,-1072.3814332812526,1.8000000000000003,0.9,-0.0,3230.6306401694883
689,2024-01-29,126.3,239.2917112889306,-2.0,0.37368421052631584,252.6,-819.7814332812526,-2.0,0.37368421052631584,252.6,3483.230640169488
690,2024-01-29,120.69,167.2739127198795,0.9529085900415162,0.6000000006611759,-115.00653773211059,-934.7879710133632,-2.0,0.09999999999999998,125.51760000000003,3608.7482401694883
691,2024-01-29,113.28,131.28917187047452,-2.0,0.09999999999999998,215.2320002846124,-719.5559707287507,-2.0,0.09999999999999998,-0.0,3608.7482401694883
692,2024-01-29,101.0,122.94958376417787,-2.0,0.09999999999999998,-0.0,-719.5559707287507,-2.0,0.09999999999999998,-0.0,3608.7482401694883
693,2024-01-29,99.0,149.63156538554233,-2.0,0.09999999999999998,-0.0,-719.5559707287507,-2.0,0.09999999999999998,-0.0,3608.7482401694883
694,2024-01-29,96.21,103.23958186786345,2.0,0.575,-192.42,-911.9759707287507,-2.0,0.09999999999999998,-0.0,3608.7482401694883
695,2024-01-29,92.52,137.90894322052574,-2.0,0.09999999999999992,166.99859999999998,-744.9773707287507,-2.0,0.09999999999999998,-0.0,3608.7482401694883
696,2024-01-30,84.7,148.48659209951788,-2.0,0.09999999999999992,-0.0,-744.9773707287507,-2.0,0.09999999999999998,-0.0,3608.7482401694883
697,2024-01-30,83.03,156.3263397377195,-1.6081386414709609,0.09999999999999992,-0.0,-744.9773707287507,-2.0,0.09999999999999998,-0.0,3608.7482401694883
698,2024-01-30,78.34,112.83550885813592,-2.0,0.09999999999999992,-0.0,-744.9773707287507,-2.0,0.09999999999999998,-0.0,3608.7482401694883
699,2024-01-30,79.91,87.12005354673141,2.0,0.575,-159.82,-904.7973707287506,1.8000000000000003,0.5275000000000001,-143.83800000000002,3464.910240169488
700,2024-01-30,83.03,114.16896092422526,2.0,0.9,-113.62000000000002,-1018.4173707287506,1.8000000000000003,0.9,-130.22599999999997,3334.684240169488
701,2024-01-30,83.78,120.40154498809243,2.0,0.9,-0.0,-1018.4173707287506,1.8000000000000003,0.9,-0.0,3334.684240169488
702,2024-01-30,97.8,168.52105662013713,1.8829071925483563,0.9,-0.0,-1018.4173707287506,1.8000000000000003,0.9,-0.0,3334.684240169488
703,2024-01-30,107.61,119.98670109293853,2.0,0.9,-0.0,-1018.4173707287506,1.8000000000000003,0.9,-0.0,3334.684240169488
704,2024-01-30,127.01,200.75506899521142,-2.0,0.37368421052631584,254.02,-764.3973707287506,-2.0,0.37368421052631584,254.02,3588.704240169488
705,2024-01-30,110.16,207.1043062461823,-2.0,0.09999999999999998,114.56640000000003,-649.8309707287506,-2.0,0.09999999999999998,114.56640000000003,3703.270640169488
706,2024-01-30,100.0,123.61976521875403,2.0,0.575,-200.0,-849.8309707287506,-2.0,0.09999999999999998,-0.0,3703.270640169488
707,2024-01-30,95.5,113.70736827969037,2.0,0.9,-130.6842105263158,-980.5151812550664,-2.0,0.09999999999999998,-0.0,3703.270640169488
708,2024-01-30,84.0,103.80934811079295,2.0,0.9,-0.0,-980.5151812550664,1.8000000000000003,0.5275000000000001,-151.20000000000002,3552.0706401694883
709,2024-01-30,84.0,144.70658095046605,2.0,0.9,-0.0,-980.5151812550664,1.8000000000000003,0.9,-131.7473684210526,3420.3232717484357
710,2024-01-30,94.52,126.88404192664453,2.0,0.9,-0.0,-980.5151812550664,1.8000000000000003,0.9,-0.0,3420.3232717484357
711,2024-01-30,100.0,174.57448060240938,-2.0,0.37368421052631584,200.0,-780.5151812550664,1.8000000000000003,0.9,-0.0,3420.3232717484357
712,2024-01-30,110.0,167.99026783026878,-2.0,0.09999999999999998,114.40000000000003,-666.1151812550663,1.8000000000000003,0.9,-0.0,3420.3232717484357
713,2024-01-30,124.34,182.29886104291631,2.0,0.575,-248.68,-914.7951812550664,-2.0,0.37368421052631584,248.68,3669.0032717484355
714,2024-01-30,123.69,216.57671166866388,-2.0,0.09999999999999992,223.26045,-691.5347312550664,-2.0,0.09999999999999998,128.63760000000002,3797.6408717484355
715,2024-01-30,118.14,121.9926849341156,2.0,0.575,-236.28,-927.8147312550664,-2.0,0.09999999999999998,-0.0,3797.6408717484355
716,2024-01-30,108.14343,108.55093297992148,2.0,0.9,-147.9857463157895,-1075.800477570856,-2.0,0.09999999999999998,-0.0,3797.6408717484355
717,2024-01-30,102.02,158.56400390276414,-2.0,0.37368421052631584,204.04,-871.760477570856,-2.0,0.09999999999999998,-0.0,3797.6408717484355
718,2024-01-30,98.0,168.2958357450192,-2.0,0.09999999999999998,101.92000000000003,-769.8404775708559,-2.0,0.09999999999999998,-0.0,3797.6408717484355
719,2024-01-30,96.78,120.0207933440023,2.0,0.575,-193.56,-963.4004775708559,-2.0,0.09999999999999998,-0.0,3797.6408717484355
720,2024-01-31,95.2,107.87490188732532,2.0,0.9,-130.27368421052634,-1093.6741617813823,-2.0,0.09999999999999998,-0.0,3797.6408717484355
721,2024-01-31,95.2,169.99016143896534,-2.0,0.37368421052631584,190.4,-903.2741617813823,-2.0,0.09999999999999998,-0.0,3797.6408717484355
722,2024-01-31,85.52,89.017307663896,2.0,0.8486842105263158,-171.04,-1074.3141617813824,1.8000000000000003,0.5275000000000001,-153.936,3643.7048717484354
723,2024-01-31,89.81,113.94256168669425,2.0,0.9,-19.40493074792244,-1093.7190925293048,1.8000000000000003,0.9,-140.85989473684208,3502.844977011593
724,2024-01-31,91.03,144.6651250963386,1.7541405199955005,0.9,-0.0,-1093.7190925293048,1.8000000000000003,0.9,-0.0,3502.844977011593
725,2024-01-31,95.13,112.16268942413424,2.0,0.9,-0.0,-1093.7190925293048,1.8000000000000003,0.9,-0.0,3502.844977011593
726,2024-01-31,103.37,166.42962894519817,-2.0,0.37368421052631584,206.74,-886.9790925293048,1.8000000000000003,0.9,-0.0,3502.844977011593
727,2024-01-31,111.76,209.10801927514262,-2.0,0.09999999999999998,116.23040000000003,-770.7486925293048,1.8000000000000003,0.9,-0.0,3502.844977011593
728,2024-01-31,123.39974,141.72999931962497,2.0,0.575,-246.79948,-1017.5481725293048,-2.0,0.37368421052631584,246.79948,3749.644457011593
729,2024-01-31,115.63,121.89483639235794,2.0,0.9,-158.2305263157895,-1175.7786988450944,-2.0,0.09999999999999998,120.25520000000003,3869.8996570115933
730,2024-01-31,99.38,157.59709380834917,-1.200000090165079,0.5842105025881371,119.25600896060554,-1056.5226898844887,-2.0,0.09999999999999998,-0.0,3869.8996570115933
731,2024-01-31,94.73,100.20608481601504,2.0,0.9,-125.95679616768749,-1182.4794860521763,1.8000000000000003,0.5275000000000001,-170.51400000000004,3699.385657011593
732,2024-01-31,80.5,139.43284825872632,-1.89999999924507,0.4000000001986658,152.94999993922815,-1029.5294861129482,1.8000000000000003,0.9,-126.25789473684209,3573.127762274751
733,2024-01-31,79.99,148.1799832089799,0.10526315413136784,0.42499999930486565,-8.419999698968113,-1037.9494858119162,1.8000000000000003,0.9,-0.0,3573.127762274751
734,2024-01-31,89.5,106.50735876076314,2.0,0.8999999993048656,-179.0,-1216.9494858119162,1.8000000000000003,0.9,-0.0,3573.127762274751
735,2024-01-31,97.53,153.10694498137468,-2.0,0.37368420983118145,195.06,-1021.8894858119163,1.8000000000000003,0.9,-0.0,3573.127762274751
736,2024-01-31,103.58,118.30321178260954,2.0,0.8486842098311814,-207.16,-1229.0494858119164,1.8000000000000003,0.9,-0.0,3573.127762274751
737,2024-01-31,116.52,169.62591373494104,-0.9947368393246955,0.5869113573773141,115.90673651811352,-1113.1427492938028,1.8000000000000003,0.9,-0.0,3573.127762274751
738,2024-01-31,115.0,179.75507342619892,-2.0,0.09999999999999998,212.78026317388628,-900.3624861199165,1.8000000000000003,0.9,-0.0,3573.127762274751
739,2024-01-31,117.15,204.19489579960413,-0.3440920011673785,0.09999999999999998,-0.0,-900.3624861199165,-2.0,0.37368421052631584,234.3,3807.4277622747513
740,2024-01-31,105.0,160.24109110297658,-0.8587489390190493,0.09999999999999998,-0.0,-900.3624861199165,-2.0,0.09999999999999998,109.20000000000003,3916.627762274751
741,2024-01-31,101.37,157.25158117641652,2.0,0.575,-202.74,-1103.1024861199166,-2.0,0.09999999999999998,-0.0,3916.627762274751
742,2024-01-31,99.38,140.21098735566554,-2.0,0.09999999999999992,179.3809,-923.7215861199167,-2.0,0.09999999999999998,-0.0,3916.627762274751
743,2024-01-31,96.2,133.51212201951762,-0.07574386227328922,0.09999999999999992,-0.0,-923.7215861199167,-2.0,0.09999999999999998,-0.0,3916.627762274751
