Data;Ora;P
01/01/2024;1;0
01/01/2024;2;0
01/01/2024;3;0
01/01/2024;4;0
01/01/2024;5;0
01/01/2024;6;0
01/01/2024;7;0
01/01/2024;8;1
01/01/2024;9;8
01/01/2024;10;22
01/01/2024;11;46
01/01/2024;12;48
01/01/2024;13;49
01/01/2024;14;84
01/01/2024;15;105
01/01/2024;16;55
01/01/2024;17;3
01/01/2024;18;1
01/01/2024;19;0
01/01/2024;20;0
01/01/2024;21;0
01/01/2024;22;0
01/01/2024;23;0
01/01/2024;24;0
02/01/2024;1;0
02/01/2024;2;0
02/01/2024;3;0
02/01/2024;4;0
02/01/2024;5;1
02/01/2024;6;0
02/01/2024;7;0
02/01/2024;8;0
02/01/2024;9;13
02/01/2024;10;41
02/01/2024;11;61
02/01/2024;12;79
02/01/2024;13;101
02/01/2024;14;52
02/01/2024;15;45
02/01/2024;16;12
02/01/2024;17;1
02/01/2024;18;0
02/01/2024;19;0
02/01/2024;20;1
02/01/2024;21;0
02/01/2024;22;0
02/01/2024;23;0
02/01/2024;24;0
03/01/2024;1;0
03/01/2024;2;0
03/01/2024;3;0
03/01/2024;4;0
03/01/2024;5;0
03/01/2024;6;0
03/01/2024;7;0
03/01/2024;8;0
03/01/2024;9;4
03/01/2024;10;39
03/01/2024;11;97
03/01/2024;12;147
03/01/2024;13;189
03/01/2024;14;141
03/01/2024;15;131
03/01/2024;16;35
03/01/2024;17;6
03/01/2024;18;1
03/01/2024;19;0
03/01/2024;20;0
03/01/2024;21;0
03/01/2024;22;0
03/01/2024;23;0
03/01/2024;24;0
04/01/2024;1;0
04/01/2024;2;0
04/01/2024;3;0
04/01/2024;4;0
04/01/2024;5;1
04/01/2024;6;0
04/01/2024;7;0
04/01/2024;8;0
04/01/2024;9;7
04/01/2024;10;20
04/01/2024;11;23
04/01/2024;12;39
04/01/2024;13;58
04/01/2024;14;97
04/01/2024;15;96
04/01/2024;16;68
04/01/2024;17;8
04/01/2024;18;1
04/01/2024;19;0
04/01/2024;20;0
04/01/2024;21;0
04/01/2024;22;0
04/01/2024;23;0
04/01/2024;24;0
05/01/2024;1;0
05/01/2024;2;0
05/01/2024;3;0
05/01/2024;4;0
05/01/2024;5;0
05/01/2024;6;0
05/01/2024;7;0
05/01/2024;8;1
05/01/2024;9;1
05/01/2024;10;13
05/01/2024;11;28
05/01/2024;12;34
05/01/2024;13;33
05/01/2024;14;28
05/01/2024;15;21
05/01/2024;16;17
05/01/2024;17;2
05/01/2024;18;0
05/01/2024;19;0
05/01/2024;20;0
05/01/2024;21;0
05/01/2024;22;0
05/01/2024;23;0
05/01/2024;24;0
06/01/2024;1;0
06/01/2024;2;1
06/01/2024;3;0
06/01/2024;4;0
06/01/2024;5;0
06/01/2024;6;0
06/01/2024;7;0
06/01/2024;8;0
06/01/2024;9;3
06/01/2024;10;22
06/01/2024;11;35
06/01/2024;12;50
06/01/2024;13;48
06/01/2024;14;36
06/01/2024;15;31
06/01/2024;16;12
06/01/2024;17;1
06/01/2024;18;1
06/01/2024;19;0
06/01/2024;20;0
06/01/2024;21;0
06/01/2024;22;0
06/01/2024;23;0
06/01/2024;24;0
07/01/2024;1;0
07/01/2024;2;0
07/01/2024;3;0
07/01/2024;4;0
07/01/2024;5;0
07/01/2024;6;0
07/01/2024;7;0
07/01/2024;8;1
07/01/2024;9;1
07/01/2024;10;1
07/01/2024;11;19
07/01/2024;12;36
07/01/2024;13;39
07/01/2024;14;62
07/01/2024;15;43
07/01/2024;16;23
07/01/2024;17;1
07/01/2024;18;1
07/01/2024;19;0
07/01/2024;20;0
07/01/2024;21;0
07/01/2024;22;0
07/01/2024;23;0
07/01/2024;24;0
08/01/2024;1;0
08/01/2024;2;0
08/01/2024;3;0
08/01/2024;4;1
08/01/2024;5;0
08/01/2024;6;0
08/01/2024;7;0
08/01/2024;8;0
08/01/2024;9;5
08/01/2024;10;9
08/01/2024;11;29
08/01/2024;12;49
08/01/2024;13;49
08/01/2024;14;34
08/01/2024;15;19
08/01/2024;16;10
08/01/2024;17;2
08/01/2024;18;0
08/01/2024;19;0
08/01/2024;20;0
08/01/2024;21;0
08/01/2024;22;0
08/01/2024;23;0
08/01/2024;24;0
09/01/2024;1;0
09/01/2024;2;0
09/01/2024;3;1
09/01/2024;4;0
09/01/2024;5;0
09/01/2024;6;0
09/01/2024;7;0
09/01/2024;8;0
09/01/2024;9;1
09/01/2024;10;4
09/01/2024;11;6
09/01/2024;12;17
09/01/2024;13;30
09/01/2024;14;39
09/01/2024;15;17
09/01/2024;16;10
09/01/2024;17;2
09/01/2024;18;0
09/01/2024;19;0
09/01/2024;20;0
09/01/2024;21;0
09/01/2024;22;0
09/01/2024;23;1
09/01/2024;24;0
10/01/2024;1;0
10/01/2024;2;0
10/01/2024;3;0
10/01/2024;4;0
10/01/2024;5;0
10/01/2024;6;0
10/01/2024;7;0
10/01/2024;8;1
10/01/2024;9;10
10/01/2024;10;60
10/01/2024;11;101
10/01/2024;12;128
10/01/2024;13;144
10/01/2024;14;80
10/01/2024;15;139
10/01/2024;16;58
10/01/2024;17;7
10/01/2024;18;1
10/01/2024;19;0
10/01/2024;20;0
10/01/2024;21;0
10/01/2024;22;0
10/01/2024;23;0
10/01/2024;24;0
11/01/2024;1;0
11/01/2024;2;0
11/01/2024;3;0
11/01/2024;4;1
11/01/2024;5;0
11/01/2024;6;0
11/01/2024;7;0
11/01/2024;8;0
11/01/2024;9;10
11/01/2024;10;34
11/01/2024;11;77
11/01/2024;12;72
11/01/2024;13;98
11/01/2024;14;142
11/01/2024;15;114
11/01/2024;16;72
11/01/2024;17;11
11/01/2024;18;0
11/01/2024;19;0
11/01/2024;20;0
11/01/2024;21;1
11/01/2024;22;0
11/01/2024;23;0
11/01/2024;24;0
12/01/2024;1;1
12/01/2024;2;0
12/01/2024;3;0
12/01/2024;4;0
12/01/2024;5;0
12/01/2024;6;0
12/01/2024;7;0
12/01/2024;8;1
12/01/2024;9;5
12/01/2024;10;42
12/01/2024;11;108
12/01/2024;12;171
12/01/2024;13;204
12/01/2024;14;217
12/01/2024;15;172
12/01/2024;16;91
12/01/2024;17;13
12/01/2024;18;1
12/01/2024;19;0
12/01/2024;20;0
12/01/2024;21;0
12/01/2024;22;0
12/01/2024;23;0
12/01/2024;24;0
13/01/2024;1;0
13/01/2024;2;0
13/01/2024;3;0
13/01/2024;4;0
13/01/2024;5;0
13/01/2024;6;1
13/01/2024;7;0
13/01/2024;8;0
13/01/2024;9;7
13/01/2024;10;41
13/01/2024;11;109
13/01/2024;12;171
13/01/2024;13;207
13/01/2024;14;226
13/01/2024;15;171
13/01/2024;16;97
13/01/2024;17;15
13/01/2024;18;1
13/01/2024;19;0
13/01/2024;20;0
13/01/2024;21;0
13/01/2024;22;0
13/01/2024;23;0
13/01/2024;24;0
14/01/2024;1;0
14/01/2024;2;0
14/01/2024;3;0
14/01/2024;4;0
14/01/2024;5;1
14/01/2024;6;0
14/01/2024;7;0
14/01/2024;8;0
14/01/2024;9;7
14/01/2024;10;42
14/01/2024;11;105
14/01/2024;12;169
14/01/2024;13;212
14/01/2024;14;211
14/01/2024;15;177
14/01/2024;16;98
14/01/2024;17;15
14/01/2024;18;1
14/01/2024;19;0
14/01/2024;20;0
14/01/2024;21;0
14/01/2024;22;0
14/01/2024;23;0
14/01/2024;24;0
15/01/2024;1;0
15/01/2024;2;1
15/01/2024;3;0
15/01/2024;4;0
15/01/2024;5;0
15/01/2024;6;0
15/01/2024;7;0
15/01/2024;8;0
15/01/2024;9;6
15/01/2024;10;49
15/01/2024;11;70
15/01/2024;12;173
15/01/2024;13;206
15/01/2024;14;220
15/01/2024;15;182
15/01/2024;16;92
15/01/2024;17;18
15/01/2024;18;1
15/01/2024;19;0
15/01/2024;20;1
15/01/2024;21;0
15/01/2024;22;0
15/01/2024;23;0
15/01/2024;24;0
16/01/2024;1;0
16/01/2024;2;0
16/01/2024;3;0
16/01/2024;4;0
16/01/2024;5;0
16/01/2024;6;0
16/01/2024;7;0
16/01/2024;8;1
16/01/2024;9;14
16/01/2024;10;62
16/01/2024;11;74
16/01/2024;12;104
16/01/2024;13;109
16/01/2024;14;172
16/01/2024;15;168
16/01/2024;16;80
16/01/2024;17;5
16/01/2024;18;1
16/01/2024;19;0
16/01/2024;20;0
16/01/2024;21;0
16/01/2024;22;1
16/01/2024;23;0
16/01/2024;24;0
17/01/2024;1;0
17/01/2024;2;0
17/01/2024;3;0
17/01/2024;4;0
17/01/2024;5;0
17/01/2024;6;0
17/01/2024;7;0
17/01/2024;8;1
17/01/2024;9;6
17/01/2024;10;38
17/01/2024;11;105
17/01/2024;12;171
17/01/2024;13;206
17/01/2024;14;219
17/01/2024;15;180
17/01/2024;16;104
17/01/2024;17;17
17/01/2024;18;1
17/01/2024;19;0
17/01/2024;20;0
17/01/2024;21;0
17/01/2024;22;1
17/01/2024;23;0
17/01/2024;24;0
18/01/2024;1;0
18/01/2024;2;0
18/01/2024;3;0
18/01/2024;4;0
18/01/2024;5;0
18/01/2024;6;0
18/01/2024;7;0
18/01/2024;8;1
18/01/2024;9;7
18/01/2024;10;41
18/01/2024;11;103
18/01/2024;12;170
18/01/2024;13;213
18/01/2024;14;220
18/01/2024;15;152
18/01/2024;16;49
18/01/2024;17;5
18/01/2024;18;1
18/01/2024;19;0
18/01/2024;20;0
18/01/2024;21;0
18/01/2024;22;0
18/01/2024;23;1
18/01/2024;24;0
19/01/2024;1;0
19/01/2024;2;0
19/01/2024;3;0
19/01/2024;4;0
19/01/2024;5;0
19/01/2024;6;0
19/01/2024;7;0
19/01/2024;8;0
19/01/2024;9;2
19/01/2024;10;8
19/01/2024;11;30
19/01/2024;12;29
19/01/2024;13;29
19/01/2024;14;27
19/01/2024;15;18
19/01/2024;16;26
19/01/2024;17;8
19/01/2024;18;1
19/01/2024;19;0
19/01/2024;20;0
19/01/2024;21;0
19/01/2024;22;0
19/01/2024;23;0
19/01/2024;24;0
20/01/2024;1;0
20/01/2024;2;0
20/01/2024;3;0
20/01/2024;4;0
20/01/2024;5;0
20/01/2024;6;0
20/01/2024;7;0
20/01/2024;8;1
20/01/2024;9;5
20/01/2024;10;28
20/01/2024;11;12
20/01/2024;12;16
20/01/2024;13;52
20/01/2024;14;28
20/01/2024;15;16
20/01/2024;16;7
20/01/2024;17;1
20/01/2024;18;1
20/01/2024;19;0
20/01/2024;20;0
20/01/2024;21;0
20/01/2024;22;0
20/01/2024;23;0
20/01/2024;24;0
21/01/2024;1;1
21/01/2024;2;0
21/01/2024;3;0
21/01/2024;4;0
21/01/2024;5;0
21/01/2024;6;0
21/01/2024;7;0
21/01/2024;8;0
21/01/2024;9;4
21/01/2024;10;25
21/01/2024;11;47
21/01/2024;12;75
21/01/2024;13;162
21/01/2024;14;190
21/01/2024;15;139
21/01/2024;16;92
21/01/2024;17;22
21/01/2024;18;1
21/01/2024;19;0
21/01/2024;20;0
21/01/2024;21;0
21/01/2024;22;0
21/01/2024;23;0
21/01/2024;24;0
22/01/2024;1;0
22/01/2024;2;0
22/01/2024;3;0
22/01/2024;4;1
22/01/2024;5;0
22/01/2024;6;0
22/01/2024;7;0
22/01/2024;8;0
22/01/2024;9;7
22/01/2024;10;26
22/01/2024;11;24
22/01/2024;12;69
22/01/2024;13;44
22/01/2024;14;41
22/01/2024;15;43
22/01/2024;16;15
22/01/2024;17;7
22/01/2024;18;1
22/01/2024;19;0
22/01/2024;20;0
22/01/2024;21;0
22/01/2024;22;0
22/01/2024;23;0
22/01/2024;24;0
23/01/2024;1;0
23/01/2024;2;0
23/01/2024;3;0
23/01/2024;4;0
23/01/2024;5;1
23/01/2024;6;0
23/01/2024;7;0
23/01/2024;8;0
23/01/2024;9;4
23/01/2024;10;10
23/01/2024;11;19
23/01/2024;12;28
23/01/2024;13;35
23/01/2024;14;31
23/01/2024;15;24
23/01/2024;16;21
23/01/2024;17;5
23/01/2024;18;1
23/01/2024;19;0
23/01/2024;20;0
23/01/2024;21;1
23/01/2024;22;0
23/01/2024;23;0
23/01/2024;24;0
24/01/2024;1;0
24/01/2024;2;0
24/01/2024;3;0
24/01/2024;4;0
24/01/2024;5;0
24/01/2024;6;0
24/01/2024;7;0
24/01/2024;8;1
24/01/2024;9;10
24/01/2024;10;52
24/01/2024;11;68
24/01/2024;12;157
24/01/2024;13;212
24/01/2024;14;225
24/01/2024;15;178
24/01/2024;16;63
24/01/2024;17;17
24/01/2024;18;1
24/01/2024;19;0
24/01/2024;20;1
24/01/2024;21;0
24/01/2024;22;0
24/01/2024;23;0
24/01/2024;24;0
25/01/2024;1;0
25/01/2024;2;0
25/01/2024;3;0
25/01/2024;4;0
25/01/2024;5;0
25/01/2024;6;0
25/01/2024;7;0
25/01/2024;8;1
25/01/2024;9;5
25/01/2024;10;10
25/01/2024;11;29
25/01/2024;12;42
25/01/2024;13;52
25/01/2024;14;30
25/01/2024;15;23
25/01/2024;16;5
25/01/2024;17;2
25/01/2024;18;0
25/01/2024;19;1
25/01/2024;20;0
25/01/2024;21;0
25/01/2024;22;0
25/01/2024;23;0
25/01/2024;24;0
26/01/2024;1;0
26/01/2024;2;0
26/01/2024;3;0
26/01/2024;4;0
26/01/2024;5;0
26/01/2024;6;0
26/01/2024;7;0
26/01/2024;8;1
26/01/2024;9;1
26/01/2024;10;1
26/01/2024;11;1
26/01/2024;12;5
26/01/2024;13;38
26/01/2024;14;54
26/01/2024;15;94
26/01/2024;16;47
26/01/2024;17;15
26/01/2024;18;1
26/01/2024;19;0
26/01/2024;20;0
26/01/2024;21;0
26/01/2024;22;1
26/01/2024;23;0
26/01/2024;24;0
27/01/2024;1;0
27/01/2024;2;0
27/01/2024;3;0
27/01/2024;4;0
27/01/2024;5;0
27/01/2024;6;0
27/01/2024;7;0
27/01/2024;8;0
27/01/2024;9;4
27/01/2024;10;11
27/01/2024;11;15
27/01/2024;12;22
27/01/2024;13;26
27/01/2024;14;12
27/01/2024;15;8
27/01/2024;16;2
27/01/2024;17;1
27/01/2024;18;1
27/01/2024;19;0
27/01/2024;20;0
27/01/2024;21;0
27/01/2024;22;0
27/01/2024;23;0
27/01/2024;24;0
28/01/2024;1;0
28/01/2024;2;1
28/01/2024;3;0
28/01/2024;4;0
28/01/2024;5;0
28/01/2024;6;0
28/01/2024;7;0
28/01/2024;8;0
28/01/2024;9;12
28/01/2024;10;47
28/01/2024;11;82
28/01/2024;12;134
28/01/2024;13;186
28/01/2024;14;255
28/01/2024;15;168
28/01/2024;16;54
28/01/2024;17;21
28/01/2024;18;1
28/01/2024;19;0
28/01/2024;20;0
28/01/2024;21;0
28/01/2024;22;0
28/01/2024;23;0
28/01/2024;24;0
29/01/2024;1;0
29/01/2024;2;0
29/01/2024;3;0
29/01/2024;4;1
29/01/2024;5;0
29/01/2024;6;0
29/01/2024;7;0
29/01/2024;8;0
29/01/2024;9;15
29/01/2024;10;51
29/01/2024;11;116
29/01/2024;12;175
29/01/2024;13;225
29/01/2024;14;219
29/01/2024;15;122
29/01/2024;16;99
29/01/2024;17;26
29/01/2024;18;1
29/01/2024;19;0
29/01/2024;20;0
29/01/2024;21;0
29/01/2024;22;0
29/01/2024;23;1
29/01/2024;24;0
30/01/2024;1;0
30/01/2024;2;0
30/01/2024;3;0
30/01/2024;4;0
30/01/2024;5;0
30/01/2024;6;0
30/01/2024;7;0
30/01/2024;8;1
30/01/2024;9;16
30/01/2024;10;65
30/01/2024;11;99
30/01/2024;12;141
30/01/2024;13;213
30/01/2024;14;195
30/01/2024;15;125
30/01/2024;16;59
30/01/2024;17;42
30/01/2024;18;2
30/01/2024;19;0
30/01/2024;20;0
30/01/2024;21;0
30/01/2024;22;0
30/01/2024;23;0
30/01/2024;24;0
31/01/2024;1;0
31/01/2024;2;0
31/01/2024;3;0
31/01/2024;4;0
31/01/2024;5;0
31/01/2024;6;1
31/01/2024;7;0
31/01/2024;8;0
31/01/2024;9;22
31/01/2024;10;54
31/01/2024;11;72
31/01/2024;12;122
31/01/2024;13;96
31/01/2024;14;90
31/01/2024;15;52
31/01/2024;16;15
31/01/2024;17;2
31/01/2024;18;1
31/01/2024;19;0
31/01/2024;20;0
31/01/2024;21;0
31/01/2024;22;0
31/01/2024;23;0
31/01/2024;24;0
01/02/2024;1;1
01/02/2024;2;0
01/02/2024;3;0
01/02/2024;4;0
01/02/2024;5;0
01/02/2024;6;0
01/02/2024;7;0
01/02/2024;8;1
01/02/2024;9;0
01/02/2024;10;2
01/02/2024;11;10
01/02/2024;12;31
01/02/2024;13;42
01/02/2024;14;60
01/02/2024;15;85
01/02/2024;16;84
01/02/2024;17;12
01/02/2024;18;1
01/02/2024;19;0
01/02/2024;20;1
01/02/2024;21;0
01/02/2024;22;0
01/02/2024;23;0
01/02/2024;24;0
02/02/2024;1;0
02/02/2024;2;0
02/02/2024;3;0
02/02/2024;4;0
02/02/2024;5;0
02/02/2024;6;0
02/02/2024;7;0
02/02/2024;8;1
02/02/2024;9;15
02/02/2024;10;53
02/02/2024;11;125
02/02/2024;12;188
02/02/2024;13;228
02/02/2024;14;235
02/02/2024;15;203
02/02/2024;16;141
02/02/2024;17;41
02/02/2024;18;2
02/02/2024;19;0
02/02/2024;20;0
02/02/2024;21;0
02/02/2024;22;0
02/02/2024;23;0
02/02/2024;24;0
03/02/2024;1;0
03/02/2024;2;0
03/02/2024;3;0
03/02/2024;4;1
03/02/2024;5;0
03/02/2024;6;0
03/02/2024;7;0
03/02/2024;8;1
03/02/2024;9;14
03/02/2024;10;54
03/02/2024;11;117
03/02/2024;12;194
03/02/2024;13;227
03/02/2024;14;249
03/02/2024;15;222
03/02/2024;16;151
03/02/2024;17;46
03/02/2024;18;2
03/02/2024;19;0
03/02/2024;20;0
03/02/2024;21;0
03/02/2024;22;0
03/02/2024;23;1
03/02/2024;24;0
04/02/2024;1;0
04/02/2024;2;0
04/02/2024;3;0
04/02/2024;4;0
04/02/2024;5;0
04/02/2024;6;0
04/02/2024;7;0
04/02/2024;8;1
04/02/2024;9;16
04/02/2024;10;57
04/02/2024;11;134
04/02/2024;12;196
04/02/2024;13;229
04/02/2024;14;248
04/02/2024;15;221
04/02/2024;16;145
04/02/2024;17;48
04/02/2024;18;2
04/02/2024;19;0
04/02/2024;20;1
04/02/2024;21;0
04/02/2024;22;0
04/02/2024;23;0
04/02/2024;24;0
05/02/2024;1;0
05/02/2024;2;0
05/02/2024;3;0
05/02/2024;4;0
05/02/2024;5;0
05/02/2024;6;0
05/02/2024;7;0
05/02/2024;8;2
05/02/2024;9;15
05/02/2024;10;60
05/02/2024;11;133
05/02/2024;12;190
05/02/2024;13;240
05/02/2024;14;249
05/02/2024;15;216
05/02/2024;16;155
05/02/2024;17;49
05/02/2024;18;2
05/02/2024;19;0
05/02/2024;20;1
05/02/2024;21;0
05/02/2024;22;0
05/02/2024;23;0
05/02/2024;24;0
06/02/2024;1;0
06/02/2024;2;0
06/02/2024;3;0
06/02/2024;4;0
06/02/2024;5;0
06/02/2024;6;0
06/02/2024;7;0
06/02/2024;8;1
06/02/2024;9;15
06/02/2024;10;62
06/02/2024;11;136
06/02/2024;12;202
06/02/2024;13;245
06/02/2024;14;255
06/02/2024;15;221
06/02/2024;16;155
06/02/2024;17;54
06/02/2024;18;2
06/02/2024;19;1
06/02/2024;20;0
06/02/2024;21;0
06/02/2024;22;0
06/02/2024;23;0
06/02/2024;24;0
07/02/2024;1;0
07/02/2024;2;0
07/02/2024;3;0
07/02/2024;4;0
07/02/2024;5;0
07/02/2024;6;0
07/02/2024;7;0
07/02/2024;8;3
07/02/2024;9;23
07/02/2024;10;69
07/02/2024;11;130
07/02/2024;12;185
07/02/2024;13;207
07/02/2024;14;262
07/02/2024;15;220
07/02/2024;16;156
07/02/2024;17;59
07/02/2024;18;4
07/02/2024;19;0
07/02/2024;20;0
07/02/2024;21;0
07/02/2024;22;0
07/02/2024;23;0
07/02/2024;24;0
08/02/2024;1;1
08/02/2024;2;0
08/02/2024;3;0
08/02/2024;4;0
08/02/2024;5;0
08/02/2024;6;0
08/02/2024;7;0
08/02/2024;8;1
08/02/2024;9;12
08/02/2024;10;21
08/02/2024;11;37
08/02/2024;12;28
08/02/2024;13;48
08/02/2024;14;70
08/02/2024;15;64
08/02/2024;16;43
08/02/2024;17;13
08/02/2024;18;2
08/02/2024;19;0
08/02/2024;20;0
08/02/2024;21;0
08/02/2024;22;0
08/02/2024;23;0
08/02/2024;24;0
09/02/2024;1;0
09/02/2024;2;0
09/02/2024;3;1
09/02/2024;4;0
09/02/2024;5;0
09/02/2024;6;0
09/02/2024;7;0
09/02/2024;8;1
09/02/2024;9;9
09/02/2024;10;16
09/02/2024;11;16
09/02/2024;12;27
09/02/2024;13;20
09/02/2024;14;13
09/02/2024;15;14
09/02/2024;16;17
09/02/2024;17;4
09/02/2024;18;2
09/02/2024;19;0
09/02/2024;20;0
09/02/2024;21;0
09/02/2024;22;0
09/02/2024;23;0
09/02/2024;24;0
10/02/2024;1;0
10/02/2024;2;0
10/02/2024;3;0
10/02/2024;4;0
10/02/2024;5;0
10/02/2024;6;0
10/02/2024;7;0
10/02/2024;8;1
10/02/2024;9;12
10/02/2024;10;24
10/02/2024;11;37
10/02/2024;12;70
10/02/2024;13;87
10/02/2024;14;99
10/02/2024;15;83
10/02/2024;16;38
10/02/2024;17;17
10/02/2024;18;2
10/02/2024;19;1
10/02/2024;20;0
10/02/2024;21;0
10/02/2024;22;0
10/02/2024;23;0
10/02/2024;24;0
11/02/2024;1;0
11/02/2024;2;0
11/02/2024;3;0
11/02/2024;4;0
11/02/2024;5;0
11/02/2024;6;0
11/02/2024;7;0
11/02/2024;8;1
11/02/2024;9;4
11/02/2024;10;15
11/02/2024;11;38
11/02/2024;12;36
11/02/2024;13;21
11/02/2024;14;23
11/02/2024;15;25
11/02/2024;16;15
11/02/2024;17;2
11/02/2024;18;1
11/02/2024;19;0
11/02/2024;20;0
11/02/2024;21;0
11/02/2024;22;0
11/02/2024;23;0
11/02/2024;24;0
12/02/2024;1;0
12/02/2024;2;1
12/02/2024;3;0
12/02/2024;4;0
12/02/2024;5;0
12/02/2024;6;0
12/02/2024;7;0
12/02/2024;8;1
12/02/2024;9;24
12/02/2024;10;32
12/02/2024;11;52
12/02/2024;12;57
12/02/2024;13;60
12/02/2024;14;153
12/02/2024;15;157
12/02/2024;16;72
12/02/2024;17;15
12/02/2024;18;1
12/02/2024;19;0
12/02/2024;20;0
12/02/2024;21;0
12/02/2024;22;0
12/02/2024;23;0
12/02/2024;24;0
13/02/2024;1;0
13/02/2024;2;1
13/02/2024;3;0
13/02/2024;4;0
13/02/2024;5;0
13/02/2024;6;0
13/02/2024;7;0
13/02/2024;8;2
13/02/2024;9;12
13/02/2024;10;16
13/02/2024;11;31
13/02/2024;12;68
13/02/2024;13;80
13/02/2024;14;94
13/02/2024;15;70
13/02/2024;16;67
13/02/2024;17;17
13/02/2024;18;5
13/02/2024;19;0
13/02/2024;20;0
13/02/2024;21;0
13/02/2024;22;0
13/02/2024;23;0
13/02/2024;24;0
14/02/2024;1;0
14/02/2024;2;0
14/02/2024;3;0
14/02/2024;4;0
14/02/2024;5;0
14/02/2024;6;0
14/02/2024;7;0
14/02/2024;8;1
14/02/2024;9;7
14/02/2024;10;69
14/02/2024;11;4
14/02/2024;12;10
14/02/2024;13;19
14/02/2024;14;25
14/02/2024;15;33
14/02/2024;16;32
14/02/2024;17;14
14/02/2024;18;3
14/02/2024;19;0
14/02/2024;20;1
14/02/2024;21;0
14/02/2024;22;0
14/02/2024;23;0
14/02/2024;24;0
15/02/2024;1;0
15/02/2024;2;0
15/02/2024;3;0
15/02/2024;4;0
15/02/2024;5;0
15/02/2024;6;0
15/02/2024;7;0
15/02/2024;8;3
15/02/2024;9;22
15/02/2024;10;77
15/02/2024;11;159
15/02/2024;12;226
15/02/2024;13;260
15/02/2024;14;281
15/02/2024;15;254
15/02/2024;16;188
15/02/2024;17;44
15/02/2024;18;4
15/02/2024;19;0
15/02/2024;20;0
15/02/2024;21;0
15/02/2024;22;0
15/02/2024;23;0
15/02/2024;24;0
16/02/2024;1;0
16/02/2024;2;0
16/02/2024;3;0
16/02/2024;4;0
16/02/2024;5;0
16/02/2024;6;1
16/02/2024;7;0
16/02/2024;8;4
16/02/2024;9;28
16/02/2024;10;78
16/02/2024;11;165
16/02/2024;12;223
16/02/2024;13;210
16/02/2024;14;210
16/02/2024;15;256
16/02/2024;16;177
16/02/2024;17;85
16/02/2024;18;8
16/02/2024;19;0
16/02/2024;20;0
16/02/2024;21;0
16/02/2024;22;0
16/02/2024;23;1
16/02/2024;24;0
17/02/2024;1;0
17/02/2024;2;0
17/02/2024;3;0
17/02/2024;4;0
17/02/2024;5;0
17/02/2024;6;0
17/02/2024;7;0
17/02/2024;8;5
17/02/2024;9;28
17/02/2024;10;83
17/02/2024;11;162
17/02/2024;12;226
17/02/2024;13;257
17/02/2024;14;276
17/02/2024;15;211
17/02/2024;16;161
17/02/2024;17;36
17/02/2024;18;6
17/02/2024;19;0
17/02/2024;20;0
17/02/2024;21;0
17/02/2024;22;0
17/02/2024;23;1
17/02/2024;24;0
18/02/2024;1;0
18/02/2024;2;0
18/02/2024;3;0
18/02/2024;4;0
18/02/2024;5;0
18/02/2024;6;0
18/02/2024;7;0
18/02/2024;8;3
18/02/2024;9;23
18/02/2024;10;46
18/02/2024;11;62
18/02/2024;12;79
18/02/2024;13;104
18/02/2024;14;119
18/02/2024;15;110
18/02/2024;16;101
18/02/2024;17;84
18/02/2024;18;10
18/02/2024;19;0
18/02/2024;20;0
18/02/2024;21;0
18/02/2024;22;0
18/02/2024;23;0
18/02/2024;24;0
19/02/2024;1;1
19/02/2024;2;0
19/02/2024;3;0
19/02/2024;4;0
19/02/2024;5;0
19/02/2024;6;0
19/02/2024;7;0
19/02/2024;8;7
19/02/2024;9;37
19/02/2024;10;80
19/02/2024;11;119
19/02/2024;12;200
19/02/2024;13;241
19/02/2024;14;249
19/02/2024;15;195
19/02/2024;16;120
19/02/2024;17;37
19/02/2024;18;6
19/02/2024;19;1
19/02/2024;20;0
19/02/2024;21;0
19/02/2024;22;0
19/02/2024;23;0
19/02/2024;24;0
20/02/2024;1;0
20/02/2024;2;0
20/02/2024;3;0
20/02/2024;4;0
20/02/2024;5;0
20/02/2024;6;1
20/02/2024;7;0
20/02/2024;8;5
20/02/2024;9;31
20/02/2024;10;82
20/02/2024;11;163
20/02/2024;12;224
20/02/2024;13;251
20/02/2024;14;273
20/02/2024;15;250
20/02/2024;16;179
20/02/2024;17;80
20/02/2024;18;10
20/02/2024;19;1
20/02/2024;20;0
20/02/2024;21;0
20/02/2024;22;0
20/02/2024;23;0
20/02/2024;24;0
21/02/2024;1;0
21/02/2024;2;0
21/02/2024;3;0
21/02/2024;4;0
21/02/2024;5;0
21/02/2024;6;0
21/02/2024;7;1
21/02/2024;8;5
21/02/2024;9;31
21/02/2024;10;84
21/02/2024;11;155
21/02/2024;12;219
21/02/2024;13;258
21/02/2024;14;266
21/02/2024;15;220
21/02/2024;16;158
21/02/2024;17;83
21/02/2024;18;12
21/02/2024;19;0
21/02/2024;20;0
21/02/2024;21;1
21/02/2024;22;0
21/02/2024;23;0
21/02/2024;24;0
22/02/2024;1;0
22/02/2024;2;0
22/02/2024;3;0
22/02/2024;4;0
22/02/2024;5;0
22/02/2024;6;0
22/02/2024;7;0
22/02/2024;8;4
22/02/2024;9;32
22/02/2024;10;76
22/02/2024;11;82
22/02/2024;12;136
22/02/2024;13;150
22/02/2024;14;124
22/02/2024;15;182
22/02/2024;16;70
22/02/2024;17;25
22/02/2024;18;4
22/02/2024;19;0
22/02/2024;20;0
22/02/2024;21;1
22/02/2024;22;0
22/02/2024;23;0
22/02/2024;24;0
23/02/2024;1;0
23/02/2024;2;0
23/02/2024;3;0
23/02/2024;4;0
23/02/2024;5;0
23/02/2024;6;0
23/02/2024;7;0
23/02/2024;8;7
23/02/2024;9;38
23/02/2024;10;86
23/02/2024;11;141
23/02/2024;12;200
23/02/2024;13;212
23/02/2024;14;183
23/02/2024;15;66
23/02/2024;16;62
23/02/2024;17;28
23/02/2024;18;3
23/02/2024;19;1
23/02/2024;20;0
23/02/2024;21;0
23/02/2024;22;0
23/02/2024;23;0
23/02/2024;24;0
24/02/2024;1;0
24/02/2024;2;0
24/02/2024;3;0
24/02/2024;4;0
24/02/2024;5;1
24/02/2024;6;0
24/02/2024;7;0
24/02/2024;8;9
24/02/2024;9;41
24/02/2024;10;92
24/02/2024;11;145
24/02/2024;12;205
24/02/2024;13;228
24/02/2024;14;221
24/02/2024;15;149
24/02/2024;16;137
24/02/2024;17;50
24/02/2024;18;5
24/02/2024;19;1
24/02/2024;20;0
24/02/2024;21;0
24/02/2024;22;0
24/02/2024;23;0
24/02/2024;24;0
25/02/2024;1;0
25/02/2024;2;0
25/02/2024;3;0
25/02/2024;4;0
25/02/2024;5;1
25/02/2024;6;0
25/02/2024;7;0
25/02/2024;8;2
25/02/2024;9;21
25/02/2024;10;43
25/02/2024;11;75
25/02/2024;12;68
25/02/2024;13;37
25/02/2024;14;14
25/02/2024;15;21
25/02/2024;16;12
25/02/2024;17;5
25/02/2024;18;1
25/02/2024;19;0
25/02/2024;20;1
25/02/2024;21;0
25/02/2024;22;0
25/02/2024;23;0
25/02/2024;24;0
26/02/2024;1;0
26/02/2024;2;0
26/02/2024;3;0
26/02/2024;4;0
26/02/2024;5;0
26/02/2024;6;0
26/02/2024;7;0
26/02/2024;8;2
26/02/2024;9;12
26/02/2024;10;26
26/02/2024;11;44
26/02/2024;12;76
26/02/2024;13;72
26/02/2024;14;68
26/02/2024;15;46
26/02/2024;16;27
26/02/2024;17;14
26/02/2024;18;2
26/02/2024;19;0
26/02/2024;20;0
26/02/2024;21;0
26/02/2024;22;0
26/02/2024;23;1
26/02/2024;24;0
27/02/2024;1;0
27/02/2024;2;0
27/02/2024;3;0
27/02/2024;4;0
27/02/2024;5;0
27/02/2024;6;0
27/02/2024;7;0
27/02/2024;8;6
27/02/2024;9;39
27/02/2024;10;96
27/02/2024;11;184
27/02/2024;12;252
27/02/2024;13;285
27/02/2024;14;317
27/02/2024;15;274
27/02/2024;16;217
27/02/2024;17;117
27/02/2024;18;17
27/02/2024;19;1
27/02/2024;20;0
27/02/2024;21;0
27/02/2024;22;0
27/02/2024;23;0
27/02/2024;24;0
28/02/2024;1;0
28/02/2024;2;0
28/02/2024;3;1
28/02/2024;4;0
28/02/2024;5;0
28/02/2024;6;0
28/02/2024;7;0
28/02/2024;8;15
28/02/2024;9;50
28/02/2024;10;104
28/02/2024;11;172
28/02/2024;12;221
28/02/2024;13;251
28/02/2024;14;246
28/02/2024;15;155
28/02/2024;16;91
28/02/2024;17;44
28/02/2024;18;10
28/02/2024;19;1
28/02/2024;20;0
28/02/2024;21;0
28/02/2024;22;0
28/02/2024;23;0
28/02/2024;24;0
01/03/2024;1;1
01/03/2024;2;0
01/03/2024;3;0
01/03/2024;4;0
01/03/2024;5;0
01/03/2024;6;0
01/03/2024;7;0
01/03/2024;8;8
01/03/2024;9;59
01/03/2024;10;92
01/03/2024;11;188
01/03/2024;12;252
01/03/2024;13;294
01/03/2024;14;275
01/03/2024;15;183
01/03/2024;16;154
01/03/2024;17;56
01/03/2024;18;14
01/03/2024;19;1
01/03/2024;20;0
01/03/2024;21;0
01/03/2024;22;1
01/03/2024;23;0
01/03/2024;24;0
02/03/2024;1;0
02/03/2024;2;0
02/03/2024;3;0
02/03/2024;4;0
02/03/2024;5;0
02/03/2024;6;0
02/03/2024;7;1
02/03/2024;8;8
02/03/2024;9;38
02/03/2024;10;107
02/03/2024;11;193
02/03/2024;12;262
02/03/2024;13;304
02/03/2024;14;305
02/03/2024;15;297
02/03/2024;16;236
02/03/2024;17;135
02/03/2024;18;24
02/03/2024;19;1
02/03/2024;20;0
02/03/2024;21;0
02/03/2024;22;0
02/03/2024;23;0
02/03/2024;24;0
03/03/2024;1;0
03/03/2024;2;0
03/03/2024;3;0
03/03/2024;4;0
03/03/2024;5;0
03/03/2024;6;0
03/03/2024;7;1
03/03/2024;8;8
03/03/2024;9;38
03/03/2024;10;110
03/03/2024;11;193
03/03/2024;12;260
03/03/2024;13;289
03/03/2024;14;311
03/03/2024;15;289
03/03/2024;16;225
03/03/2024;17;126
03/03/2024;18;25
03/03/2024;19;1
03/03/2024;20;0
03/03/2024;21;0
03/03/2024;22;0
03/03/2024;23;0
03/03/2024;24;0
04/03/2024;1;0
04/03/2024;2;0
04/03/2024;3;0
04/03/2024;4;0
04/03/2024;5;0
04/03/2024;6;0
04/03/2024;7;1
04/03/2024;8;9
04/03/2024;9;41
04/03/2024;10;110
04/03/2024;11;204
04/03/2024;12;264
04/03/2024;13;295
04/03/2024;14;319
04/03/2024;15;300
04/03/2024;16;233
04/03/2024;17;144
04/03/2024;18;27
04/03/2024;19;0
04/03/2024;20;1
04/03/2024;21;0
04/03/2024;22;0
04/03/2024;23;0
04/03/2024;24;0
05/03/2024;1;0
05/03/2024;2;0
05/03/2024;3;0
05/03/2024;4;0
05/03/2024;5;0
05/03/2024;6;0
05/03/2024;7;1
05/03/2024;8;9
05/03/2024;9;40
05/03/2024;10;109
05/03/2024;11;194
05/03/2024;12;257
05/03/2024;13;295
05/03/2024;14;306
05/03/2024;15;278
05/03/2024;16;236
05/03/2024;17;134
05/03/2024;18;26
05/03/2024;19;1
05/03/2024;20;0
05/03/2024;21;0
05/03/2024;22;0
05/03/2024;23;0
05/03/2024;24;0
06/03/2024;1;0
06/03/2024;2;0
06/03/2024;3;0
06/03/2024;4;0
06/03/2024;5;1
06/03/2024;6;0
06/03/2024;7;0
06/03/2024;8;11
06/03/2024;9;45
06/03/2024;10;113
06/03/2024;11;197
06/03/2024;12;258
06/03/2024;13;282
06/03/2024;14;300
06/03/2024;15;288
06/03/2024;16;224
06/03/2024;17;138
06/03/2024;18;26
06/03/2024;19;1
06/03/2024;20;0
06/03/2024;21;0
06/03/2024;22;0
06/03/2024;23;0
06/03/2024;24;0
07/03/2024;1;0
07/03/2024;2;0
07/03/2024;3;0
07/03/2024;4;0
07/03/2024;5;1
07/03/2024;6;0
07/03/2024;7;0
07/03/2024;8;14
07/03/2024;9;48
07/03/2024;10;114
07/03/2024;11;198
07/03/2024;12;263
07/03/2024;13;303
07/03/2024;14;305
07/03/2024;15;296
07/03/2024;16;232
07/03/2024;17;147
07/03/2024;18;27
07/03/2024;19;1
07/03/2024;20;0
07/03/2024;21;0
07/03/2024;22;0
07/03/2024;23;0
07/03/2024;24;0
08/03/2024;1;0
08/03/2024;2;0
08/03/2024;3;0
08/03/2024;4;1
08/03/2024;5;0
08/03/2024;6;0
08/03/2024;7;0
08/03/2024;8;26
08/03/2024;9;79
08/03/2024;10;121
08/03/2024;11;197
08/03/2024;12;229
08/03/2024;13;299
08/03/2024;14;305
08/03/2024;15;272
08/03/2024;16;226
08/03/2024;17;123
08/03/2024;18;29
08/03/2024;19;1
08/03/2024;20;1
08/03/2024;21;0
08/03/2024;22;0
08/03/2024;23;0
08/03/2024;24;0
09/03/2024;1;0
09/03/2024;2;0
09/03/2024;3;0
09/03/2024;4;0
09/03/2024;5;0
09/03/2024;6;0
09/03/2024;7;1
09/03/2024;8;13
09/03/2024;9;50
09/03/2024;10;71
09/03/2024;11;92
09/03/2024;12;139
09/03/2024;13;122
09/03/2024;14;179
09/03/2024;15;212
09/03/2024;16;96
09/03/2024;17;31
09/03/2024;18;3
09/03/2024;19;1
09/03/2024;20;0
09/03/2024;21;0
09/03/2024;22;0
09/03/2024;23;1
09/03/2024;24;0
10/03/2024;1;0
10/03/2024;2;0
10/03/2024;3;0
10/03/2024;4;0
10/03/2024;5;0
10/03/2024;6;0
10/03/2024;7;0
10/03/2024;8;2
10/03/2024;9;2
10/03/2024;10;20
10/03/2024;11;90
10/03/2024;12;195
10/03/2024;13;289
10/03/2024;14;204
10/03/2024;15;301
10/03/2024;16;188
10/03/2024;17;102
10/03/2024;18;28
10/03/2024;19;1
10/03/2024;20;0
10/03/2024;21;0
10/03/2024;22;0
10/03/2024;23;0
10/03/2024;24;0
11/03/2024;1;0
11/03/2024;2;0
11/03/2024;3;0
11/03/2024;4;0
11/03/2024;5;0
11/03/2024;6;0
11/03/2024;7;1
11/03/2024;8;14
11/03/2024;9;48
11/03/2024;10;167
11/03/2024;11;193
11/03/2024;12;270
11/03/2024;13;306
11/03/2024;14;339
11/03/2024;15;199
11/03/2024;16;104
11/03/2024;17;59
11/03/2024;18;18
11/03/2024;19;1
11/03/2024;20;0
11/03/2024;21;0
11/03/2024;22;0
11/03/2024;23;0
11/03/2024;24;0
12/03/2024;1;0
12/03/2024;2;0
12/03/2024;3;0
12/03/2024;4;0
12/03/2024;5;0
12/03/2024;6;0
12/03/2024;7;1
12/03/2024;8;8
12/03/2024;9;24
12/03/2024;10;51
12/03/2024;11;84
12/03/2024;12;193
12/03/2024;13;115
12/03/2024;14;108
12/03/2024;15;82
12/03/2024;16;17
12/03/2024;17;1
12/03/2024;18;1
12/03/2024;19;1
12/03/2024;20;0
12/03/2024;21;0
12/03/2024;22;0
12/03/2024;23;1
12/03/2024;24;0
13/03/2024;1;0
13/03/2024;2;0
13/03/2024;3;0
13/03/2024;4;0
13/03/2024;5;0
13/03/2024;6;0
13/03/2024;7;1
13/03/2024;8;26
13/03/2024;9;68
13/03/2024;10;92
13/03/2024;11;96
13/03/2024;12;170
13/03/2024;13;243
13/03/2024;14;198
13/03/2024;15;307
13/03/2024;16;219
13/03/2024;17;53
13/03/2024;18;12
13/03/2024;19;1
13/03/2024;20;0
13/03/2024;21;0
13/03/2024;22;0
13/03/2024;23;0
13/03/2024;24;0
14/03/2024;1;0
14/03/2024;2;0
14/03/2024;3;0
14/03/2024;4;0
14/03/2024;5;0
14/03/2024;6;1
14/03/2024;7;0
14/03/2024;8;1
14/03/2024;9;2
14/03/2024;10;30
14/03/2024;11;71
14/03/2024;12;150
14/03/2024;13;100
14/03/2024;14;116
14/03/2024;15;94
14/03/2024;16;83
14/03/2024;17;30
14/03/2024;18;10
14/03/2024;19;1
14/03/2024;20;0
14/03/2024;21;0
14/03/2024;22;0
14/03/2024;23;0
14/03/2024;24;0
15/03/2024;1;0
15/03/2024;2;0
15/03/2024;3;0
15/03/2024;4;0
15/03/2024;5;0
15/03/2024;6;0
15/03/2024;7;1
15/03/2024;8;7
15/03/2024;9;39
15/03/2024;10;49
15/03/2024;11;70
15/03/2024;12;61
15/03/2024;13;69
15/03/2024;14;58
15/03/2024;15;34
15/03/2024;16;37
15/03/2024;17;11
15/03/2024;18;3
15/03/2024;19;1
15/03/2024;20;0
15/03/2024;21;0
15/03/2024;22;0
15/03/2024;23;0
15/03/2024;24;0
16/03/2024;1;0
16/03/2024;2;0
16/03/2024;3;0
16/03/2024;4;0
16/03/2024;5;0
16/03/2024;6;0
16/03/2024;7;2
16/03/2024;8;30
16/03/2024;9;65
16/03/2024;10;146
16/03/2024;11;227
16/03/2024;12;297
16/03/2024;13;337
16/03/2024;14;356
16/03/2024;15;305
16/03/2024;16;282
16/03/2024;17;171
16/03/2024;18;55
16/03/2024;19;1
16/03/2024;20;0
16/03/2024;21;0
16/03/2024;22;0
16/03/2024;23;0
16/03/2024;24;0
17/03/2024;1;0
17/03/2024;2;0
17/03/2024;3;0
17/03/2024;4;1
17/03/2024;5;0
17/03/2024;6;0
17/03/2024;7;1
17/03/2024;8;13
17/03/2024;9;63
17/03/2024;10;82
17/03/2024;11;67
17/03/2024;12;56
17/03/2024;13;171
17/03/2024;14;343
17/03/2024;15;204
17/03/2024;16;139
17/03/2024;17;43
17/03/2024;18;21
17/03/2024;19;3
17/03/2024;20;0
17/03/2024;21;0
17/03/2024;22;0
17/03/2024;23;0
17/03/2024;24;0
18/03/2024;1;0
18/03/2024;2;0
18/03/2024;3;0
18/03/2024;4;0
18/03/2024;5;0
18/03/2024;6;0
18/03/2024;7;3
18/03/2024;8;31
18/03/2024;9;97
18/03/2024;10;160
18/03/2024;11;256
18/03/2024;12;190
18/03/2024;13;240
18/03/2024;14;357
18/03/2024;15;325
18/03/2024;16;279
18/03/2024;17;182
18/03/2024;18;61
18/03/2024;19;1
18/03/2024;20;1
18/03/2024;21;0
18/03/2024;22;0
18/03/2024;23;0
18/03/2024;24;0
19/03/2024;1;0
19/03/2024;2;0
19/03/2024;3;0
19/03/2024;4;0
19/03/2024;5;0
19/03/2024;6;0
19/03/2024;7;2
19/03/2024;8;19
19/03/2024;9;69
19/03/2024;10;150
19/03/2024;11;237
19/03/2024;12;302
19/03/2024;13;334
19/03/2024;14;356
19/03/2024;15;337
19/03/2024;16;278
19/03/2024;17;176
19/03/2024;18;64
19/03/2024;19;2
19/03/2024;20;0
19/03/2024;21;0
19/03/2024;22;0
19/03/2024;23;0
19/03/2024;24;0
20/03/2024;1;0
20/03/2024;2;0
20/03/2024;3;0
20/03/2024;4;0
20/03/2024;5;0
20/03/2024;6;0
20/03/2024;7;4
20/03/2024;8;23
20/03/2024;9;72
20/03/2024;10;155
20/03/2024;11;228
20/03/2024;12;296
20/03/2024;13;332
20/03/2024;14;328
20/03/2024;15;316
20/03/2024;16;254
20/03/2024;17;150
20/03/2024;18;37
20/03/2024;19;2
20/03/2024;20;0
20/03/2024;21;1
20/03/2024;22;0
20/03/2024;23;0
20/03/2024;24;0
21/03/2024;1;0
21/03/2024;2;0
21/03/2024;3;0
21/03/2024;4;0
21/03/2024;5;0
21/03/2024;6;0
21/03/2024;7;6
21/03/2024;8;33
21/03/2024;9;72
21/03/2024;10;117
21/03/2024;11;110
21/03/2024;12;111
21/03/2024;13;216
21/03/2024;14;280
21/03/2024;15;235
21/03/2024;16;80
21/03/2024;17;74
21/03/2024;18;14
21/03/2024;19;1
21/03/2024;20;1
21/03/2024;21;0
21/03/2024;22;0
21/03/2024;23;0
21/03/2024;24;0
22/03/2024;1;0
22/03/2024;2;0
22/03/2024;3;0
22/03/2024;4;0
22/03/2024;5;0
22/03/2024;6;0
22/03/2024;7;1
22/03/2024;8;0
22/03/2024;9;16
22/03/2024;10;30
22/03/2024;11;37
22/03/2024;12;37
22/03/2024;13;59
22/03/2024;14;50
22/03/2024;15;25
22/03/2024;16;58
22/03/2024;17;12
22/03/2024;18;5
22/03/2024;19;1
22/03/2024;20;0
22/03/2024;21;0
22/03/2024;22;0
22/03/2024;23;0
22/03/2024;24;0
23/03/2024;1;1
23/03/2024;2;0
23/03/2024;3;0
23/03/2024;4;0
23/03/2024;5;0
23/03/2024;6;0
23/03/2024;7;2
23/03/2024;8;23
23/03/2024;9;95
23/03/2024;10;108
23/03/2024;11;132
23/03/2024;12;189
23/03/2024;13;216
23/03/2024;14;156
23/03/2024;15;125
23/03/2024;16;130
23/03/2024;17;64
23/03/2024;18;28
23/03/2024;19;2
23/03/2024;20;0
23/03/2024;21;0
23/03/2024;22;0
23/03/2024;23;0
23/03/2024;24;0
24/03/2024;1;0
24/03/2024;2;0
24/03/2024;3;0
24/03/2024;4;0
24/03/2024;5;0
24/03/2024;6;0
24/03/2024;7;2
24/03/2024;8;20
24/03/2024;9;56
24/03/2024;10;141
24/03/2024;11;263
24/03/2024;12;290
24/03/2024;13;329
24/03/2024;14;318
24/03/2024;15;337
24/03/2024;16;282
24/03/2024;17;185
24/03/2024;18;69
24/03/2024;19;5
24/03/2024;20;0
24/03/2024;21;0
24/03/2024;22;0
24/03/2024;23;0
24/03/2024;24;0
25/03/2024;1;0
25/03/2024;2;0
25/03/2024;3;0
25/03/2024;4;0
25/03/2024;5;0
25/03/2024;6;0
25/03/2024;7;1
25/03/2024;8;12
25/03/2024;9;44
25/03/2024;10;163
25/03/2024;11;250
25/03/2024;12;236
25/03/2024;13;295
25/03/2024;14;219
25/03/2024;15;201
25/03/2024;16;158
25/03/2024;17;84
25/03/2024;18;22
25/03/2024;19;2
25/03/2024;20;0
25/03/2024;21;0
25/03/2024;22;1
25/03/2024;23;0
25/03/2024;24;0
26/03/2024;1;0
26/03/2024;2;0
26/03/2024;3;0
26/03/2024;4;0
26/03/2024;5;0
26/03/2024;6;0
26/03/2024;7;9
26/03/2024;8;38
26/03/2024;9;86
26/03/2024;10;114
26/03/2024;11;160
26/03/2024;12;287
26/03/2024;13;337
26/03/2024;14;340
26/03/2024;15;222
26/03/2024;16;66
26/03/2024;17;30
26/03/2024;18;45
26/03/2024;19;2
26/03/2024;20;0
26/03/2024;21;0
26/03/2024;22;0
26/03/2024;23;1
26/03/2024;24;0
27/03/2024;1;0
27/03/2024;2;0
27/03/2024;3;0
27/03/2024;4;0
27/03/2024;5;0
27/03/2024;6;0
27/03/2024;7;4
27/03/2024;8;38
27/03/2024;9;77
27/03/2024;10;155
27/03/2024;11;196
27/03/2024;12;298
27/03/2024;13;237
27/03/2024;14;175
27/03/2024;15;137
27/03/2024;16;121
27/03/2024;17;70
27/03/2024;18;21
27/03/2024;19;1
27/03/2024;20;1
27/03/2024;21;0
27/03/2024;22;0
27/03/2024;23;0
27/03/2024;24;0
28/03/2024;1;0
28/03/2024;2;0
28/03/2024;3;0
28/03/2024;4;0
28/03/2024;5;0
28/03/2024;6;0
28/03/2024;7;7
28/03/2024;8;44
28/03/2024;9;40
28/03/2024;10;67
28/03/2024;11;73
28/03/2024;12;231
28/03/2024;13;207
28/03/2024;14;76
28/03/2024;15;80
28/03/2024;16;34
28/03/2024;17;41
28/03/2024;18;12
28/03/2024;19;1
28/03/2024;20;0
28/03/2024;21;0
28/03/2024;22;0
28/03/2024;23;0
28/03/2024;24;0
29/03/2024;1;0
29/03/2024;2;1
29/03/2024;3;0
29/03/2024;4;0
29/03/2024;5;0
29/03/2024;6;0
29/03/2024;7;2
29/03/2024;8;14
29/03/2024;9;30
29/03/2024;10;71
29/03/2024;11;79
29/03/2024;12;90
29/03/2024;13;117
29/03/2024;14;120
29/03/2024;15;65
29/03/2024;16;45
29/03/2024;17;27
29/03/2024;18;14
29/03/2024;19;2
29/03/2024;20;0
29/03/2024;21;0
29/03/2024;22;0
29/03/2024;23;0
29/03/2024;24;0
30/03/2024;1;0
30/03/2024;2;0
30/03/2024;3;0
30/03/2024;4;0
30/03/2024;5;0
30/03/2024;6;0
30/03/2024;7;1
30/03/2024;8;8
30/03/2024;9;39
30/03/2024;10;85
30/03/2024;11;150
30/03/2024;12;258
30/03/2024;13;312
30/03/2024;14;375
30/03/2024;15;314
30/03/2024;16;262
30/03/2024;17;226
30/03/2024;18;108
30/03/2024;19;71
30/03/2024;20;7
30/03/2024;21;1
30/03/2024;22;0
30/03/2024;23;0
30/03/2024;24;0
31/03/2024;1;0
31/03/2024;2;0
31/03/2024;3;0
31/03/2024;4;0
31/03/2024;5;0
31/03/2024;6;0
31/03/2024;7;1
31/03/2024;8;5
31/03/2024;9;32
31/03/2024;10;89
31/03/2024;11;171
31/03/2024;12;254
31/03/2024;13;266
31/03/2024;14;358
31/03/2024;15;280
31/03/2024;16;219
31/03/2024;17;284
31/03/2024;18;204
31/03/2024;19;65
31/03/2024;20;6
31/03/2024;21;0
31/03/2024;22;0
31/03/2024;23;0
31/03/2024;24;0
01/04/2024;1;0
01/04/2024;2;1
01/04/2024;3;0
01/04/2024;4;0
01/04/2024;5;0
01/04/2024;6;0
01/04/2024;7;0
01/04/2024;8;5
01/04/2024;9;27
01/04/2024;10;79
01/04/2024;11;127
01/04/2024;12;139
01/04/2024;13;139
01/04/2024;14;90
01/04/2024;15;94
01/04/2024;16;100
01/04/2024;17;108
01/04/2024;18;68
01/04/2024;19;23
01/04/2024;20;5
01/04/2024;21;1
01/04/2024;22;0
01/04/2024;23;0
01/04/2024;24;0
02/04/2024;1;0
02/04/2024;2;0
02/04/2024;3;0
02/04/2024;4;0
02/04/2024;5;0
02/04/2024;6;0
02/04/2024;7;0
02/04/2024;8;6
02/04/2024;9;35
02/04/2024;10;62
02/04/2024;11;151
02/04/2024;12;255
02/04/2024;13;285
02/04/2024;14;329
02/04/2024;15;368
02/04/2024;16;321
02/04/2024;17;276
02/04/2024;18;196
02/04/2024;19;87
02/04/2024;20;9
02/04/2024;21;1
02/04/2024;22;0
02/04/2024;23;0
02/04/2024;24;0
03/04/2024;1;0
03/04/2024;2;0
03/04/2024;3;0
03/04/2024;4;0
03/04/2024;5;0
03/04/2024;6;0
03/04/2024;7;1
03/04/2024;8;9
03/04/2024;9;34
03/04/2024;10;94
03/04/2024;11;179
03/04/2024;12;255
03/04/2024;13;296
03/04/2024;14;340
03/04/2024;15;351
03/04/2024;16;322
03/04/2024;17;276
03/04/2024;18;184
03/04/2024;19;78
03/04/2024;20;7
03/04/2024;21;1
03/04/2024;22;0
03/04/2024;23;0
03/04/2024;24;0
04/04/2024;1;0
04/04/2024;2;0
04/04/2024;3;0
04/04/2024;4;0
04/04/2024;5;0
04/04/2024;6;0
04/04/2024;7;1
04/04/2024;8;9
04/04/2024;9;39
04/04/2024;10;94
04/04/2024;11;177
04/04/2024;12;245
04/04/2024;13;270
04/04/2024;14;330
04/04/2024;15;304
04/04/2024;16;207
04/04/2024;17;255
04/04/2024;18;179
04/04/2024;19;70
04/04/2024;20;8
04/04/2024;21;0
04/04/2024;22;0
04/04/2024;23;0
04/04/2024;24;0
05/04/2024;1;0
05/04/2024;2;0
05/04/2024;3;0
05/04/2024;4;0
05/04/2024;5;1
05/04/2024;6;0
05/04/2024;7;0
05/04/2024;8;11
05/04/2024;9;39
05/04/2024;10;96
05/04/2024;11;178
05/04/2024;12;253
05/04/2024;13;309
05/04/2024;14;343
05/04/2024;15;333
05/04/2024;16;318
05/04/2024;17;268
05/04/2024;18;182
05/04/2024;19;81
05/04/2024;20;13
05/04/2024;21;0
05/04/2024;22;0
05/04/2024;23;0
05/04/2024;24;0
06/04/2024;1;0
06/04/2024;2;1
06/04/2024;3;0
06/04/2024;4;0
06/04/2024;5;0
06/04/2024;6;0
06/04/2024;7;0
06/04/2024;8;13
06/04/2024;9;39
06/04/2024;10;93
06/04/2024;11;198
06/04/2024;12;287
06/04/2024;13;341
06/04/2024;14;370
06/04/2024;15;367
06/04/2024;16;353
06/04/2024;17;299
06/04/2024;18;216
06/04/2024;19;102
06/04/2024;20;11
06/04/2024;21;1
06/04/2024;22;0
06/04/2024;23;0
06/04/2024;24;0
07/04/2024;1;0
07/04/2024;2;0
07/04/2024;3;0
07/04/2024;4;0
07/04/2024;5;0
07/04/2024;6;0
07/04/2024;7;1
07/04/2024;8;16
07/04/2024;9;46
07/04/2024;10;87
07/04/2024;11;81
07/04/2024;12;93
07/04/2024;13;75
07/04/2024;14;107
07/04/2024;15;167
07/04/2024;16;125
07/04/2024;17;71
07/04/2024;18;91
07/04/2024;19;33
07/04/2024;20;5
07/04/2024;21;1
07/04/2024;22;0
07/04/2024;23;0
07/04/2024;24;0
08/04/2024;1;0
08/04/2024;2;0
08/04/2024;3;0
08/04/2024;4;0
08/04/2024;5;0
08/04/2024;6;0
08/04/2024;7;1
08/04/2024;8;10
08/04/2024;9;39
08/04/2024;10;104
08/04/2024;11;194
08/04/2024;12;264
08/04/2024;13;328
08/04/2024;14;360
08/04/2024;15;356
08/04/2024;16;352
08/04/2024;17;296
08/04/2024;18;209
08/04/2024;19;91
08/04/2024;20;6
08/04/2024;21;1
08/04/2024;22;0
08/04/2024;23;0
08/04/2024;24;0
09/04/2024;1;0
09/04/2024;2;0
09/04/2024;3;0
09/04/2024;4;0
09/04/2024;5;0
09/04/2024;6;0
09/04/2024;7;1
09/04/2024;8;19
09/04/2024;9;41
09/04/2024;10;107
09/04/2024;11;179
09/04/2024;12;257
09/04/2024;13;299
09/04/2024;14;315
09/04/2024;15;252
09/04/2024;16;329
09/04/2024;17;254
09/04/2024;18;180
09/04/2024;19;69
09/04/2024;20;3
09/04/2024;21;0
09/04/2024;22;0
09/04/2024;23;0
09/04/2024;24;1
10/04/2024;1;0
10/04/2024;2;0
10/04/2024;3;0
10/04/2024;4;0
10/04/2024;5;0
10/04/2024;6;0
10/04/2024;7;1
10/04/2024;8;12
10/04/2024;9;50
10/04/2024;10;120
10/04/2024;11;172
10/04/2024;12;230
10/04/2024;13;218
10/04/2024;14;283
10/04/2024;15;312
10/04/2024;16;328
10/04/2024;17;229
10/04/2024;18;147
10/04/2024;19;60
10/04/2024;20;9
10/04/2024;21;1
10/04/2024;22;0
10/04/2024;23;0
10/04/2024;24;0
11/04/2024;1;0
11/04/2024;2;0
11/04/2024;3;0
11/04/2024;4;0
11/04/2024;5;0
11/04/2024;6;0
11/04/2024;7;1
11/04/2024;8;13
11/04/2024;9;45
11/04/2024;10;107
11/04/2024;11;190
11/04/2024;12;267
11/04/2024;13;322
11/04/2024;14;351
11/04/2024;15;345
11/04/2024;16;333
11/04/2024;17;285
11/04/2024;18;202
11/04/2024;19;101
11/04/2024;20;15
11/04/2024;21;0
11/04/2024;22;0
11/04/2024;23;0
11/04/2024;24;1
12/04/2024;1;0
12/04/2024;2;0
12/04/2024;3;0
12/04/2024;4;0
12/04/2024;5;0
12/04/2024;6;0
12/04/2024;7;1
12/04/2024;8;6
12/04/2024;9;50
12/04/2024;10;104
12/04/2024;11;179
12/04/2024;12;255
12/04/2024;13;291
12/04/2024;14;309
12/04/2024;15;270
12/04/2024;16;225
12/04/2024;17;271
12/04/2024;18;150
12/04/2024;19;66
12/04/2024;20;8
12/04/2024;21;0
12/04/2024;22;0
12/04/2024;23;1
12/04/2024;24;0
13/04/2024;1;0
13/04/2024;2;0
13/04/2024;3;0
13/04/2024;4;0
13/04/2024;5;0
13/04/2024;6;0
13/04/2024;7;0
13/04/2024;8;2
13/04/2024;9;10
13/04/2024;10;12
13/04/2024;11;65
13/04/2024;12;113
13/04/2024;13;260
13/04/2024;14;164
13/04/2024;15;109
13/04/2024;16;29
13/04/2024;17;22
13/04/2024;18;21
13/04/2024;19;14
13/04/2024;20;3
13/04/2024;21;1
13/04/2024;22;0
13/04/2024;23;0
13/04/2024;24;0
14/04/2024;1;0
14/04/2024;2;0
14/04/2024;3;0
14/04/2024;4;0
14/04/2024;5;0
14/04/2024;6;0
14/04/2024;7;1
14/04/2024;8;10
14/04/2024;9;22
14/04/2024;10;36
14/04/2024;11;77
14/04/2024;12;101
14/04/2024;13;94
14/04/2024;14;45
14/04/2024;15;38
14/04/2024;16;40
14/04/2024;17;36
14/04/2024;18;18
14/04/2024;19;2
14/04/2024;20;1
14/04/2024;21;0
14/04/2024;22;0
14/04/2024;23;1
14/04/2024;24;0
15/04/2024;1;0
15/04/2024;2;0
15/04/2024;3;0
15/04/2024;4;0
15/04/2024;5;0
15/04/2024;6;0
15/04/2024;7;1
15/04/2024;8;1
15/04/2024;9;7
15/04/2024;10;12
15/04/2024;11;30
15/04/2024;12;43
15/04/2024;13;60
15/04/2024;14;84
15/04/2024;15;53
15/04/2024;16;118
15/04/2024;17;113
15/04/2024;18;106
15/04/2024;19;130
15/04/2024;20;16
15/04/2024;21;1
15/04/2024;22;0
15/04/2024;23;0
15/04/2024;24;0
16/04/2024;1;0
16/04/2024;2;0
16/04/2024;3;1
16/04/2024;4;0
16/04/2024;5;0
16/04/2024;6;0
16/04/2024;7;0
16/04/2024;8;4
16/04/2024;9;22
16/04/2024;10;19
16/04/2024;11;38
16/04/2024;12;77
16/04/2024;13;56
16/04/2024;14;28
16/04/2024;15;14
16/04/2024;16;9
16/04/2024;17;15
16/04/2024;18;24
16/04/2024;19;3
16/04/2024;20;1
16/04/2024;21;0
16/04/2024;22;1
16/04/2024;23;0
16/04/2024;24;0
17/04/2024;1;0
17/04/2024;2;0
17/04/2024;3;0
17/04/2024;4;0
17/04/2024;5;0
17/04/2024;6;0
17/04/2024;7;1
17/04/2024;8;5
17/04/2024;9;7
17/04/2024;10;8
17/04/2024;11;28
17/04/2024;12;57
17/04/2024;13;176
17/04/2024;14;171
17/04/2024;15;63
17/04/2024;16;95
17/04/2024;17;39
17/04/2024;18;69
17/04/2024;19;2
17/04/2024;20;2
17/04/2024;21;0
17/04/2024;22;0
17/04/2024;23;0
17/04/2024;24;1
18/04/2024;1;0
18/04/2024;2;0
18/04/2024;3;0
18/04/2024;4;0
18/04/2024;5;0
18/04/2024;6;0
18/04/2024;7;2
18/04/2024;8;27
18/04/2024;9;59
18/04/2024;10;110
18/04/2024;11;153
18/04/2024;12;292
18/04/2024;13;341
18/04/2024;14;234
18/04/2024;15;268
18/04/2024;16;208
18/04/2024;17;92
18/04/2024;18;72
18/04/2024;19;102
18/04/2024;20;7
18/04/2024;21;1
18/04/2024;22;0
18/04/2024;23;0
18/04/2024;24;0
19/04/2024;1;0
19/04/2024;2;1
19/04/2024;3;0
19/04/2024;4;0
19/04/2024;5;0
19/04/2024;6;0
19/04/2024;7;1
19/04/2024;8;11
19/04/2024;9;25
19/04/2024;10;59
19/04/2024;11;113
19/04/2024;12;234
19/04/2024;13;300
19/04/2024;14;325
19/04/2024;15;288
19/04/2024;16;120
19/04/2024;17;61
19/04/2024;18;77
19/04/2024;19;73
19/04/2024;20;11
19/04/2024;21;1
19/04/2024;22;0
19/04/2024;23;0
19/04/2024;24;0
20/04/2024;1;0
20/04/2024;2;0
20/04/2024;3;0
20/04/2024;4;0
20/04/2024;5;0
20/04/2024;6;0
20/04/2024;7;3
20/04/2024;8;21
20/04/2024;9;65
20/04/2024;10;102
20/04/2024;11;172
20/04/2024;12;277
20/04/2024;13;300
20/04/2024;14;179
20/04/2024;15;202
20/04/2024;16;84
20/04/2024;17;53
20/04/2024;18;76
20/04/2024;19;16
20/04/2024;20;1
20/04/2024;21;1
20/04/2024;22;0
20/04/2024;23;0
20/04/2024;24;0
21/04/2024;1;0
21/04/2024;2;0
21/04/2024;3;0
21/04/2024;4;0
21/04/2024;5;0
21/04/2024;6;0
21/04/2024;7;1
21/04/2024;8;23
21/04/2024;9;46
21/04/2024;10;46
21/04/2024;11;157
21/04/2024;12;166
21/04/2024;13;171
21/04/2024;14;248
21/04/2024;15;306
21/04/2024;16;278
21/04/2024;17;178
21/04/2024;18;112
21/04/2024;19;114
21/04/2024;20;33
21/04/2024;21;1
21/04/2024;22;0
21/04/2024;23;0
21/04/2024;24;0
22/04/2024;1;0
22/04/2024;2;0
22/04/2024;3;0
22/04/2024;4;0
22/04/2024;5;0
22/04/2024;6;0
22/04/2024;7;2
22/04/2024;8;17
22/04/2024;9;61
22/04/2024;10;111
22/04/2024;11;207
22/04/2024;12;281
22/04/2024;13;293
22/04/2024;14;364
22/04/2024;15;342
22/04/2024;16;351
22/04/2024;17;241
22/04/2024;18;0
22/04/2024;19;0
22/04/2024;20;0
22/04/2024;21;0
22/04/2024;22;0
22/04/2024;23;0
22/04/2024;24;0
23/04/2024;1;0
23/04/2024;2;0
23/04/2024;3;0
23/04/2024;4;0
23/04/2024;5;0
23/04/2024;6;0
23/04/2024;7;0
23/04/2024;8;0
23/04/2024;9;0
23/04/2024;10;0
23/04/2024;11;49
23/04/2024;12;173
23/04/2024;13;114
23/04/2024;14;216
23/04/2024;15;236
23/04/2024;16;338
23/04/2024;17;301
23/04/2024;18;181
23/04/2024;19;88
23/04/2024;20;23
23/04/2024;21;1
23/04/2024;22;0
23/04/2024;23;0
23/04/2024;24;1
24/04/2024;1;0
24/04/2024;2;0
24/04/2024;3;0
24/04/2024;4;0
24/04/2024;5;0
24/04/2024;6;0
24/04/2024;7;1
24/04/2024;8;30
24/04/2024;9;87
24/04/2024;10;106
24/04/2024;11;154
24/04/2024;12;282
24/04/2024;13;256
24/04/2024;14;235
24/04/2024;15;215
24/04/2024;16;37
24/04/2024;17;64
24/04/2024;18;52
24/04/2024;19;124
24/04/2024;20;23
24/04/2024;21;1
24/04/2024;22;0
24/04/2024;23;0
24/04/2024;24;0
25/04/2024;1;0
25/04/2024;2;1
25/04/2024;3;0
25/04/2024;4;0
25/04/2024;5;0
25/04/2024;6;0
25/04/2024;7;1
25/04/2024;8;5
25/04/2024;9;45
25/04/2024;10;64
25/04/2024;11;76
25/04/2024;12;210
25/04/2024;13;285
25/04/2024;14;359
25/04/2024;15;171
25/04/2024;16;97
25/04/2024;17;42
25/04/2024;18;43
25/04/2024;19;28
25/04/2024;20;10
25/04/2024;21;1
25/04/2024;22;0
25/04/2024;23;0
25/04/2024;24;1
26/04/2024;1;0
26/04/2024;2;0
26/04/2024;3;0
26/04/2024;4;0
26/04/2024;5;0
26/04/2024;6;0
26/04/2024;7;3
26/04/2024;8;30
26/04/2024;9;53
26/04/2024;10;118
26/04/2024;11;143
26/04/2024;12;129
26/04/2024;13;147
26/04/2024;14;93
26/04/2024;15;186
26/04/2024;16;89
26/04/2024;17;104
26/04/2024;18;201
26/04/2024;19;60
26/04/2024;20;35
26/04/2024;21;1
26/04/2024;22;0
26/04/2024;23;0
26/04/2024;24;0
27/04/2024;1;0
27/04/2024;2;0
27/04/2024;3;0
27/04/2024;4;0
27/04/2024;5;0
27/04/2024;6;0
27/04/2024;7;5
27/04/2024;8;34
27/04/2024;9;77
27/04/2024;10;138
27/04/2024;11;216
27/04/2024;12;272
27/04/2024;13;322
27/04/2024;14;359
27/04/2024;15;333
27/04/2024;16;350
27/04/2024;17;243
27/04/2024;18;230
27/04/2024;19;121
27/04/2024;20;22
27/04/2024;21;1
27/04/2024;22;1
27/04/2024;23;0
27/04/2024;24;0
28/04/2024;1;0
28/04/2024;2;0
28/04/2024;3;0
28/04/2024;4;0
28/04/2024;5;0
28/04/2024;6;0
28/04/2024;7;4
28/04/2024;8;21
28/04/2024;9;60
28/04/2024;10;130
28/04/2024;11;220
28/04/2024;12;303
28/04/2024;13;335
28/04/2024;14;370
28/04/2024;15;373
28/04/2024;16;346
28/04/2024;17;301
28/04/2024;18;242
28/04/2024;19;133
28/04/2024;20;33
28/04/2024;21;1
28/04/2024;22;0
28/04/2024;23;0
28/04/2024;24;0
29/04/2024;1;0
29/04/2024;2;0
29/04/2024;3;0
29/04/2024;4;0
29/04/2024;5;1
29/04/2024;6;0
29/04/2024;7;4
29/04/2024;8;22
29/04/2024;9;62
29/04/2024;10;128
29/04/2024;11;215
29/04/2024;12;293
29/04/2024;13;321
29/04/2024;14;356
29/04/2024;15;338
29/04/2024;16;290
29/04/2024;17;137
29/04/2024;18;115
29/04/2024;19;115
29/04/2024;20;30
29/04/2024;21;1
29/04/2024;22;0
29/04/2024;23;0
29/04/2024;24;0
30/04/2024;1;0
30/04/2024;2;0
30/04/2024;3;0
30/04/2024;4;0
30/04/2024;5;0
30/04/2024;6;0
30/04/2024;7;5
30/04/2024;8;23
30/04/2024;9;63
30/04/2024;10;129
30/04/2024;11;215
30/04/2024;12;293
30/04/2024;13;322
30/04/2024;14;356
30/04/2024;15;360
30/04/2024;16;346
30/04/2024;17;285
30/04/2024;18;227
30/04/2024;19;124
30/04/2024;20;31
30/04/2024;21;1
30/04/2024;22;0
30/04/2024;23;0
30/04/2024;24;0
01/05/2024;1;0
01/05/2024;2;0
01/05/2024;3;0
01/05/2024;4;0
01/05/2024;5;1
01/05/2024;6;0
01/05/2024;7;5
01/05/2024;8;24
01/05/2024;9;62
01/05/2024;10;133
01/05/2024;11;214
01/05/2024;12;273
01/05/2024;13;327
01/05/2024;14;356
01/05/2024;15;353
01/05/2024;16;350
01/05/2024;17;48
01/05/2024;18;0
01/05/2024;19;0
01/05/2024;20;0
01/05/2024;21;0
01/05/2024;22;0
01/05/2024;23;0
01/05/2024;24;0
02/05/2024;1;0
02/05/2024;2;0
02/05/2024;3;0
02/05/2024;4;0
02/05/2024;5;0
02/05/2024;6;0
02/05/2024;7;0
02/05/2024;8;0
02/05/2024;9;0
02/05/2024;10;0
02/05/2024;11;0
02/05/2024;12;0
02/05/2024;13;0
02/05/2024;14;0
02/05/2024;15;0
02/05/2024;16;0
02/05/2024;17;20
02/05/2024;18;236
02/05/2024;19;138
02/05/2024;20;27
02/05/2024;21;1
02/05/2024;22;0
02/05/2024;23;0
02/05/2024;24;0
03/05/2024;1;0
03/05/2024;2;0
03/05/2024;3;0
03/05/2024;4;0
03/05/2024;5;0
03/05/2024;6;1
03/05/2024;7;9
03/05/2024;8;35
03/05/2024;9;87
03/05/2024;10;123
03/05/2024;11;180
03/05/2024;12;205
03/05/2024;13;287
03/05/2024;14;299
03/05/2024;15;334
03/05/2024;16;311
03/05/2024;17;188
03/05/2024;18;100
03/05/2024;19;49
03/05/2024;20;18
03/05/2024;21;1
03/05/2024;22;0
03/05/2024;23;0
03/05/2024;24;0
04/05/2024;1;0
04/05/2024;2;0
04/05/2024;3;0
04/05/2024;4;0
04/05/2024;5;0
04/05/2024;6;1
04/05/2024;7;5
04/05/2024;8;24
04/05/2024;9;63
04/05/2024;10;130
04/05/2024;11;211
04/05/2024;12;234
04/05/2024;13;262
04/05/2024;14;243
04/05/2024;15;301
04/05/2024;16;225
04/05/2024;17;195
04/05/2024;18;88
04/05/2024;19;35
04/05/2024;20;13
04/05/2024;21;1
04/05/2024;22;0
04/05/2024;23;0
04/05/2024;24;0
05/05/2024;1;0
05/05/2024;2;0
05/05/2024;3;0
05/05/2024;4;0
05/05/2024;5;0
05/05/2024;6;1
05/05/2024;7;1
05/05/2024;8;25
05/05/2024;9;83
05/05/2024;10;116
05/05/2024;11;193
05/05/2024;12;206
05/05/2024;13;166
05/05/2024;14;174
05/05/2024;15;364
05/05/2024;16;70
05/05/2024;17;263
05/05/2024;18;80
05/05/2024;19;16
05/05/2024;20;2
05/05/2024;21;1
05/05/2024;22;0
05/05/2024;23;0
05/05/2024;24;0
06/05/2024;1;0
06/05/2024;2;0
06/05/2024;3;0
06/05/2024;4;0
06/05/2024;5;0
06/05/2024;6;0
06/05/2024;7;1
06/05/2024;8;15
06/05/2024;9;50
06/05/2024;10;84
06/05/2024;11;121
06/05/2024;12;143
06/05/2024;13;63
06/05/2024;14;70
06/05/2024;15;95
06/05/2024;16;66
06/05/2024;17;69
06/05/2024;18;42
06/05/2024;19;71
06/05/2024;20;22
06/05/2024;21;2
06/05/2024;22;0
06/05/2024;23;0
06/05/2024;24;0
07/05/2024;1;0
07/05/2024;2;0
07/05/2024;3;0
07/05/2024;4;0
07/05/2024;5;1
07/05/2024;6;0
07/05/2024;7;3
07/05/2024;8;31
07/05/2024;9;25
07/05/2024;10;25
07/05/2024;11;32
07/05/2024;12;78
07/05/2024;13;91
07/05/2024;14;150
07/05/2024;15;76
07/05/2024;16;166
07/05/2024;17;199
07/05/2024;18;94
07/05/2024;19;22
07/05/2024;20;4
07/05/2024;21;1
07/05/2024;22;0
07/05/2024;23;0
07/05/2024;24;0
08/05/2024;1;0
08/05/2024;2;0
08/05/2024;3;0
08/05/2024;4;0
08/05/2024;5;0
08/05/2024;6;0
08/05/2024;7;2
08/05/2024;8;20
08/05/2024;9;64
08/05/2024;10;120
08/05/2024;11;149
08/05/2024;12;278
08/05/2024;13;237
08/05/2024;14;123
08/05/2024;15;181
08/05/2024;16;155
08/05/2024;17;95
08/05/2024;18;19
08/05/2024;19;31
08/05/2024;20;28
08/05/2024;21;4
08/05/2024;22;0
08/05/2024;23;0
08/05/2024;24;0
09/05/2024;1;0
09/05/2024;2;0
09/05/2024;3;0
09/05/2024;4;0
09/05/2024;5;0
09/05/2024;6;1
09/05/2024;7;2
09/05/2024;8;22
09/05/2024;9;77
09/05/2024;10;121
09/05/2024;11;224
09/05/2024;12;258
09/05/2024;13;243
09/05/2024;14;310
09/05/2024;15;359
09/05/2024;16;174
09/05/2024;17;90
09/05/2024;18;43
09/05/2024;19;13
09/05/2024;20;1
09/05/2024;21;1
09/05/2024;22;0
09/05/2024;23;0
09/05/2024;24;0
10/05/2024;1;0
10/05/2024;2;0
10/05/2024;3;1
10/05/2024;4;0
10/05/2024;5;0
10/05/2024;6;0
10/05/2024;7;10
10/05/2024;8;39
10/05/2024;9;104
10/05/2024;10;149
10/05/2024;11;231
10/05/2024;12;307
10/05/2024;13;343
10/05/2024;14;374
10/05/2024;15;359
10/05/2024;16;352
10/05/2024;17;300
10/05/2024;18;254
10/05/2024;19;161
10/05/2024;20;43
10/05/2024;21;3
10/05/2024;22;0
10/05/2024;23;0
10/05/2024;24;0
11/05/2024;1;0
11/05/2024;2;0
11/05/2024;3;0
11/05/2024;4;0
11/05/2024;5;0
11/05/2024;6;1
11/05/2024;7;8
11/05/2024;8;29
11/05/2024;9;76
11/05/2024;10;146
11/05/2024;11;234
11/05/2024;12;293
11/05/2024;13;309
11/05/2024;14;314
11/05/2024;15;333
11/05/2024;16;359
11/05/2024;17;320
11/05/2024;18;177
11/05/2024;19;0
11/05/2024;20;0
11/05/2024;21;0
11/05/2024;22;0
11/05/2024;23;0
11/05/2024;24;0
12/05/2024;1;0
12/05/2024;2;0
12/05/2024;3;0
12/05/2024;4;0
12/05/2024;5;0
12/05/2024;6;0
12/05/2024;7;0
12/05/2024;8;0
12/05/2024;9;0
12/05/2024;10;0
12/05/2024;11;0
12/05/2024;12;0
12/05/2024;13;0
12/05/2024;14;198
12/05/2024;15;313
12/05/2024;16;347
12/05/2024;17;258
12/05/2024;18;251
12/05/2024;19;80
12/05/2024;20;13
12/05/2024;21;1
12/05/2024;22;0
12/05/2024;23;0
12/05/2024;24;0
13/05/2024;1;0
13/05/2024;2;0
13/05/2024;3;0
13/05/2024;4;0
13/05/2024;5;0
13/05/2024;6;1
13/05/2024;7;15
13/05/2024;8;66
13/05/2024;9;112
13/05/2024;10;96
13/05/2024;11;129
13/05/2024;12;209
13/05/2024;13;318
13/05/2024;14;375
13/05/2024;15;368
13/05/2024;16;285
13/05/2024;17;246
13/05/2024;18;142
13/05/2024;19;142
13/05/2024;20;20
13/05/2024;21;3
13/05/2024;22;1
13/05/2024;23;0
13/05/2024;24;0
14/05/2024;1;0
14/05/2024;2;0
14/05/2024;3;0
14/05/2024;4;0
14/05/2024;5;0
14/05/2024;6;1
14/05/2024;7;9
14/05/2024;8;45
14/05/2024;9;71
14/05/2024;10;147
14/05/2024;11;243
14/05/2024;12;297
14/05/2024;13;343
14/05/2024;14;381
14/05/2024;15;386
14/05/2024;16;357
14/05/2024;17;49
14/05/2024;18;0
14/05/2024;19;0
14/05/2024;20;0
14/05/2024;21;0
14/05/2024;22;0
14/05/2024;23;0
14/05/2024;24;0
15/05/2024;1;0
15/05/2024;2;0
15/05/2024;3;0
15/05/2024;4;0
15/05/2024;5;0
15/05/2024;6;0
15/05/2024;7;0
15/05/2024;8;0
15/05/2024;9;0
15/05/2024;10;0
15/05/2024;11;0
15/05/2024;12;0
15/05/2024;13;0
15/05/2024;14;0
15/05/2024;15;0
15/05/2024;16;0
15/05/2024;17;0
15/05/2024;18;0
15/05/2024;19;0
15/05/2024;20;0
15/05/2024;21;0
15/05/2024;22;0
15/05/2024;23;0
15/05/2024;24;0
16/05/2024;1;0
16/05/2024;2;0
16/05/2024;3;0
16/05/2024;4;0
16/05/2024;5;0
16/05/2024;6;0
16/05/2024;7;0
16/05/2024;8;0
16/05/2024;9;0
16/05/2024;10;0
16/05/2024;11;99
16/05/2024;12;266
16/05/2024;13;283
16/05/2024;14;233
16/05/2024;15;336
16/05/2024;16;228
16/05/2024;17;250
16/05/2024;18;196
16/05/2024;19;26
16/05/2024;20;17
16/05/2024;21;1
16/05/2024;22;1
16/05/2024;23;0
16/05/2024;24;0
17/05/2024;1;0
17/05/2024;2;0
17/05/2024;3;0
17/05/2024;4;0
17/05/2024;5;0
17/05/2024;6;0
17/05/2024;7;9
17/05/2024;8;29
17/05/2024;9;79
17/05/2024;10;160
17/05/2024;11;244
17/05/2024;12;314
17/05/2024;13;351
17/05/2024;14;353
17/05/2024;15;275
17/05/2024;16;277
17/05/2024;17;161
17/05/2024;18;99
17/05/2024;19;90
17/05/2024;20;56
17/05/2024;21;3
17/05/2024;22;0
17/05/2024;23;0
17/05/2024;24;0
18/05/2024;1;0
18/05/2024;2;1
18/05/2024;3;0
18/05/2024;4;0
18/05/2024;5;0
18/05/2024;6;0
18/05/2024;7;9
18/05/2024;8;32
18/05/2024;9;78
18/05/2024;10;152
18/05/2024;11;208
18/05/2024;12;274
18/05/2024;13;351
18/05/2024;14;394
18/05/2024;15;385
18/05/2024;16;252
18/05/2024;17;310
18/05/2024;18;268
18/05/2024;19;159
18/05/2024;20;64
18/05/2024;21;4
18/05/2024;22;1
18/05/2024;23;0
18/05/2024;24;0
19/05/2024;1;0
19/05/2024;2;0
19/05/2024;3;0
19/05/2024;4;0
19/05/2024;5;0
19/05/2024;6;1
19/05/2024;7;13
19/05/2024;8;37
19/05/2024;9;78
19/05/2024;10;151
19/05/2024;11;228
19/05/2024;12;300
19/05/2024;13;339
19/05/2024;14;349
19/05/2024;15;395
19/05/2024;16;288
19/05/2024;17;320
19/05/2024;18;237
19/05/2024;19;88
19/05/2024;20;35
19/05/2024;21;7
19/05/2024;22;0
19/05/2024;23;0
19/05/2024;24;0
20/05/2024;1;0
20/05/2024;2;0
20/05/2024;3;1
20/05/2024;4;0
20/05/2024;5;0
20/05/2024;6;1
20/05/2024;7;10
20/05/2024;8;27
20/05/2024;9;95
20/05/2024;10;107
20/05/2024;11;161
20/05/2024;12;172
20/05/2024;13;168
20/05/2024;14;130
20/05/2024;15;162
20/05/2024;16;82
20/05/2024;17;7
20/05/2024;18;32
20/05/2024;19;52
20/05/2024;20;9
20/05/2024;21;1
20/05/2024;22;0
20/05/2024;23;0
20/05/2024;24;0
21/05/2024;1;1
21/05/2024;2;0
21/05/2024;3;0
21/05/2024;4;0
21/05/2024;5;0
21/05/2024;6;0
21/05/2024;7;8
21/05/2024;8;38
21/05/2024;9;72
21/05/2024;10;116
21/05/2024;11;197
21/05/2024;12;217
21/05/2024;13;263
21/05/2024;14;357
21/05/2024;15;220
21/05/2024;16;48
21/05/2024;17;38
21/05/2024;18;141
21/05/2024;19;68
21/05/2024;20;72
21/05/2024;21;3
21/05/2024;22;1
21/05/2024;23;0
21/05/2024;24;0
22/05/2024;1;0
22/05/2024;2;0
22/05/2024;3;0
22/05/2024;4;0
22/05/2024;5;0
22/05/2024;6;0
22/05/2024;7;2
22/05/2024;8;8
22/05/2024;9;38
22/05/2024;10;157
22/05/2024;11;111
22/05/2024;12;70
22/05/2024;13;71
22/05/2024;14;22
22/05/2024;15;45
22/05/2024;16;47
22/05/2024;17;44
22/05/2024;18;46
22/05/2024;19;24
22/05/2024;20;32
22/05/2024;21;3
22/05/2024;22;0
22/05/2024;23;0
22/05/2024;24;0
23/05/2024;1;0
23/05/2024;2;0
23/05/2024;3;0
23/05/2024;4;0
23/05/2024;5;1
23/05/2024;6;0
23/05/2024;7;8
23/05/2024;8;45
23/05/2024;9;95
23/05/2024;10;151
23/05/2024;11;187
23/05/2024;12;202
23/05/2024;13;261
23/05/2024;14;251
23/05/2024;15;177
23/05/2024;16;197
23/05/2024;17;118
23/05/2024;18;111
23/05/2024;19;30
23/05/2024;20;5
23/05/2024;21;1
23/05/2024;22;1
23/05/2024;23;0
23/05/2024;24;0
24/05/2024;1;0
24/05/2024;2;0
24/05/2024;3;0
24/05/2024;4;0
24/05/2024;5;0
24/05/2024;6;1
24/05/2024;7;15
24/05/2024;8;39
24/05/2024;9;89
24/05/2024;10;138
24/05/2024;11;227
24/05/2024;12;205
24/05/2024;13;175
24/05/2024;14;249
24/05/2024;15;285
24/05/2024;16;195
24/05/2024;17;283
24/05/2024;18;182
24/05/2024;19;95
24/05/2024;20;68
24/05/2024;21;5
24/05/2024;22;0
24/05/2024;23;0
24/05/2024;24;0
25/05/2024;1;0
25/05/2024;2;0
25/05/2024;3;0
25/05/2024;4;1
25/05/2024;5;0
25/05/2024;6;1
25/05/2024;7;14
25/05/2024;8;49
25/05/2024;9;88
25/05/2024;10;161
25/05/2024;11;242
25/05/2024;12;308
25/05/2024;13;320
25/05/2024;14;356
25/05/2024;15;344
25/05/2024;16;306
25/05/2024;17;314
25/05/2024;18;226
25/05/2024;19;121
25/05/2024;20;45
25/05/2024;21;10
25/05/2024;22;0
25/05/2024;23;0
25/05/2024;24;1
26/05/2024;1;0
26/05/2024;2;0
26/05/2024;3;0
26/05/2024;4;0
26/05/2024;5;0
26/05/2024;6;0
26/05/2024;7;11
26/05/2024;8;50
26/05/2024;9;99
26/05/2024;10;150
26/05/2024;11;210
26/05/2024;12;300
26/05/2024;13;333
26/05/2024;14;361
26/05/2024;15;298
26/05/2024;16;189
26/05/2024;17;248
26/05/2024;18;193
26/05/2024;19;147
26/05/2024;20;46
26/05/2024;21;3
26/05/2024;22;0
26/05/2024;23;1
26/05/2024;24;0
27/05/2024;1;0
27/05/2024;2;0
27/05/2024;3;0
27/05/2024;4;0
27/05/2024;5;0
27/05/2024;6;1
27/05/2024;7;20
27/05/2024;8;50
27/05/2024;9;46
27/05/2024;10;22
27/05/2024;11;25
27/05/2024;12;60
27/05/2024;13;97
27/05/2024;14;114
27/05/2024;15;99
27/05/2024;16;167
27/05/2024;17;193
27/05/2024;18;297
27/05/2024;19;183
27/05/2024;20;84
27/05/2024;21;5
27/05/2024;22;0
27/05/2024;23;0
27/05/2024;24;0
28/05/2024;1;0
28/05/2024;2;0
28/05/2024;3;0
28/05/2024;4;0
28/05/2024;5;1
28/05/2024;6;0
28/05/2024;7;11
28/05/2024;8;33
28/05/2024;9;80
28/05/2024;10;165
28/05/2024;11;209
28/05/2024;12;308
28/05/2024;13;332
28/05/2024;14;342
28/05/2024;15;313
28/05/2024;16;272
28/05/2024;17;224
28/05/2024;18;113
28/05/2024;19;76
28/05/2024;20;28
28/05/2024;21;4
28/05/2024;22;0
28/05/2024;23;0
28/05/2024;24;0
29/05/2024;1;1
29/05/2024;2;0
29/05/2024;3;0
29/05/2024;4;0
29/05/2024;5;0
29/05/2024;6;2
29/05/2024;7;11
29/05/2024;8;27
29/05/2024;9;94
29/05/2024;10;161
29/05/2024;11;232
29/05/2024;12;300
29/05/2024;13;349
29/05/2024;14;362
29/05/2024;15;385
29/05/2024;16;362
29/05/2024;17;319
29/05/2024;18;262
29/05/2024;19;144
29/05/2024;20;68
29/05/2024;21;9
29/05/2024;22;0
29/05/2024;23;0
29/05/2024;24;0
30/05/2024;1;0
30/05/2024;2;0
30/05/2024;3;0
30/05/2024;4;0
30/05/2024;5;0
30/05/2024;6;1
30/05/2024;7;12
30/05/2024;8;37
30/05/2024;9;79
30/05/2024;10;162
30/05/2024;11;234
30/05/2024;12;296
30/05/2024;13;319
30/05/2024;14;335
30/05/2024;15;368
30/05/2024;16;348
30/05/2024;17;296
30/05/2024;18;283
30/05/2024;19;183
30/05/2024;20;77
30/05/2024;21;8
30/05/2024;22;1
30/05/2024;23;0
30/05/2024;24;0
31/05/2024;1;0
31/05/2024;2;0
31/05/2024;3;0
31/05/2024;4;0
31/05/2024;5;0
31/05/2024;6;1
31/05/2024;7;10
31/05/2024;8;32
31/05/2024;9;80
31/05/2024;10;160
31/05/2024;11;240
31/05/2024;12;285
31/05/2024;13;333
31/05/2024;14;343
31/05/2024;15;342
31/05/2024;16;341
31/05/2024;17;288
31/05/2024;18;249
31/05/2024;19;172
31/05/2024;20;74
31/05/2024;21;8
31/05/2024;22;1
31/05/2024;23;0
31/05/2024;24;0
01/06/2024;1;0
01/06/2024;2;0
01/06/2024;3;0
01/06/2024;4;0
01/06/2024;5;0
01/06/2024;6;1
01/06/2024;7;12
01/06/2024;8;38
01/06/2024;9;82
01/06/2024;10;156
01/06/2024;11;231
01/06/2024;12;288
01/06/2024;13;322
01/06/2024;14;338
01/06/2024;15;316
01/06/2024;16;294
01/06/2024;17;295
01/06/2024;18;217
01/06/2024;19;104
01/06/2024;20;68
01/06/2024;21;9
01/06/2024;22;1
01/06/2024;23;0
01/06/2024;24;0
02/06/2024;1;0
02/06/2024;2;0
02/06/2024;3;0
02/06/2024;4;0
02/06/2024;5;0
02/06/2024;6;1
02/06/2024;7;19
02/06/2024;8;37
02/06/2024;9;95
02/06/2024;10;146
02/06/2024;11;222
02/06/2024;12;292
02/06/2024;13;284
02/06/2024;14;346
02/06/2024;15;265
02/06/2024;16;147
02/06/2024;17;141
02/06/2024;18;147
02/06/2024;19;116
02/06/2024;20;29
02/06/2024;21;5
02/06/2024;22;0
02/06/2024;23;0
02/06/2024;24;1
03/06/2024;1;0
03/06/2024;2;0
03/06/2024;3;0
03/06/2024;4;0
03/06/2024;5;0
03/06/2024;6;0
03/06/2024;7;15
03/06/2024;8;45
03/06/2024;9;80
03/06/2024;10;166
03/06/2024;11;171
03/06/2024;12;273
03/06/2024;13;332
03/06/2024;14;277
03/06/2024;15;149
03/06/2024;16;118
03/06/2024;17;284
03/06/2024;18;230
03/06/2024;19;150
03/06/2024;20;70
03/06/2024;21;13
03/06/2024;22;1
03/06/2024;23;0
03/06/2024;24;0
04/06/2024;1;0
04/06/2024;2;0
04/06/2024;3;0
04/06/2024;4;0
04/06/2024;5;1
04/06/2024;6;0
04/06/2024;7;10
04/06/2024;8;38
04/06/2024;9;79
04/06/2024;10;118
04/06/2024;11;188
04/06/2024;12;239
04/06/2024;13;313
04/06/2024;14;348
04/06/2024;15;347
04/06/2024;16;279
04/06/2024;17;145
04/06/2024;18;80
04/06/2024;19;67
04/06/2024;20;8
04/06/2024;21;5
04/06/2024;22;1
04/06/2024;23;0
04/06/2024;24;0
05/06/2024;1;0
05/06/2024;2;0
05/06/2024;3;0
05/06/2024;4;0
05/06/2024;5;0
05/06/2024;6;1
05/06/2024;7;16
05/06/2024;8;39
05/06/2024;9;59
05/06/2024;10;88
05/06/2024;11;125
05/06/2024;12;150
05/06/2024;13;192
05/06/2024;14;272
05/06/2024;15;231
05/06/2024;16;299
05/06/2024;17;240
05/06/2024;18;106
05/06/2024;19;38
05/06/2024;20;21
05/06/2024;21;1
05/06/2024;22;1
05/06/2024;23;0
05/06/2024;24;0
06/06/2024;1;0
06/06/2024;2;0
06/06/2024;3;0
06/06/2024;4;0
06/06/2024;5;0
06/06/2024;6;1
06/06/2024;7;17
06/06/2024;8;41
06/06/2024;9;86
06/06/2024;10;150
06/06/2024;11;219
06/06/2024;12;290
06/06/2024;13;323
06/06/2024;14;368
06/06/2024;15;348
06/06/2024;16;328
06/06/2024;17;272
06/06/2024;18;243
06/06/2024;19;157
06/06/2024;20;59
06/06/2024;21;7
06/06/2024;22;1
06/06/2024;23;0
06/06/2024;24;0
07/06/2024;1;0
07/06/2024;2;0
07/06/2024;3;0
07/06/2024;4;0
07/06/2024;5;0
07/06/2024;6;1
07/06/2024;7;14
07/06/2024;8;57
07/06/2024;9;96
07/06/2024;10;161
07/06/2024;11;225
07/06/2024;12;285
07/06/2024;13;339
07/06/2024;14;312
07/06/2024;15;362
07/06/2024;16;288
07/06/2024;17;168
07/06/2024;18;166
07/06/2024;19;180
07/06/2024;20;63
07/06/2024;21;10
07/06/2024;22;1
07/06/2024;23;0
07/06/2024;24;0
08/06/2024;1;0
08/06/2024;2;0
08/06/2024;3;0
08/06/2024;4;0
08/06/2024;5;0
08/06/2024;6;1
08/06/2024;7;15
08/06/2024;8;43
08/06/2024;9;95
08/06/2024;10;142
08/06/2024;11;234
08/06/2024;12;282
08/06/2024;13;337
08/06/2024;14;357
08/06/2024;15;349
08/06/2024;16;339
08/06/2024;17;303
08/06/2024;18;242
08/06/2024;19;158
08/06/2024;20;72
08/06/2024;21;11
08/06/2024;22;1
08/06/2024;23;0
08/06/2024;24;1
09/06/2024;1;0
09/06/2024;2;0
09/06/2024;3;0
09/06/2024;4;0
09/06/2024;5;0
09/06/2024;6;1
09/06/2024;7;12
09/06/2024;8;37
09/06/2024;9;82
09/06/2024;10;151
09/06/2024;11;219
09/06/2024;12;306
09/06/2024;13;330
09/06/2024;14;362
09/06/2024;15;366
09/06/2024;16;338
09/06/2024;17;303
09/06/2024;18;240
09/06/2024;19;152
09/06/2024;20;68
09/06/2024;21;10
09/06/2024;22;1
09/06/2024;23;0
09/06/2024;24;0
10/06/2024;1;0
10/06/2024;2;0
10/06/2024;3;0
10/06/2024;4;0
10/06/2024;5;1
10/06/2024;6;1
10/06/2024;7;17
10/06/2024;8;41
10/06/2024;9;87
10/06/2024;10;156
10/06/2024;11;222
10/06/2024;12;286
10/06/2024;13;326
10/06/2024;14;350
10/06/2024;15;342
10/06/2024;16;340
10/06/2024;17;297
10/06/2024;18;237
10/06/2024;19;125
10/06/2024;20;39
10/06/2024;21;8
10/06/2024;22;1
10/06/2024;23;0
10/06/2024;24;0
11/06/2024;1;0
11/06/2024;2;0
11/06/2024;3;0
11/06/2024;4;1
11/06/2024;5;0
11/06/2024;6;1
11/06/2024;7;18
11/06/2024;8;41
11/06/2024;9;83
11/06/2024;10;146
11/06/2024;11;219
11/06/2024;12;283
11/06/2024;13;325
11/06/2024;14;346
11/06/2024;15;334
11/06/2024;16;326
11/06/2024;17;285
11/06/2024;18;163
11/06/2024;19;92
11/06/2024;20;48
11/06/2024;21;10
11/06/2024;22;1
11/06/2024;23;0
11/06/2024;24;0
12/06/2024;1;0
12/06/2024;2;0
12/06/2024;3;0
12/06/2024;4;0
12/06/2024;5;0
12/06/2024;6;2
12/06/2024;7;16
12/06/2024;8;39
12/06/2024;9;83
12/06/2024;10;144
12/06/2024;11;223
12/06/2024;12;290
12/06/2024;13;314
12/06/2024;14;345
12/06/2024;15;348
12/06/2024;16;322
12/06/2024;17;283
12/06/2024;18;240
12/06/2024;19;145
12/06/2024;20;59
12/06/2024;21;10
12/06/2024;22;1
12/06/2024;23;0
12/06/2024;24;0
13/06/2024;1;0
13/06/2024;2;0
13/06/2024;3;1
13/06/2024;4;0
13/06/2024;5;0
13/06/2024;6;1
13/06/2024;7;15
13/06/2024;8;42
13/06/2024;9;79
13/06/2024;10;134
13/06/2024;11;222
13/06/2024;12;281
13/06/2024;13;310
13/06/2024;14;341
13/06/2024;15;343
13/06/2024;16;330
13/06/2024;17;284
13/06/2024;18;234
13/06/2024;19;133
13/06/2024;20;24
13/06/2024;21;3
13/06/2024;22;1
13/06/2024;23;0
13/06/2024;24;1
14/06/2024;1;0
14/06/2024;2;0
14/06/2024;3;0
14/06/2024;4;0
14/06/2024;5;0
14/06/2024;6;1
14/06/2024;7;14
14/06/2024;8;38
14/06/2024;9;80
14/06/2024;10;140
14/06/2024;11;220
14/06/2024;12;274
14/06/2024;13;305
14/06/2024;14;339
14/06/2024;15;342
14/06/2024;16;322
14/06/2024;17;195
14/06/2024;18;126
14/06/2024;19;67
14/06/2024;20;16
14/06/2024;21;4
14/06/2024;22;1
14/06/2024;23;0
14/06/2024;24;0
15/06/2024;1;0
15/06/2024;2;0
15/06/2024;3;0
15/06/2024;4;0
15/06/2024;5;0
15/06/2024;6;1
15/06/2024;7;12
15/06/2024;8;32
15/06/2024;9;77
15/06/2024;10;149
15/06/2024;11;216
15/06/2024;12;279
15/06/2024;13;316
15/06/2024;14;338
15/06/2024;15;330
15/06/2024;16;330
15/06/2024;17;287
15/06/2024;18;220
15/06/2024;19;144
15/06/2024;20;65
15/06/2024;21;8
15/06/2024;22;1
15/06/2024;23;0
15/06/2024;24;0
16/06/2024;1;0
16/06/2024;2;0
16/06/2024;3;0
16/06/2024;4;0
16/06/2024;5;0
16/06/2024;6;1
16/06/2024;7;14
16/06/2024;8;38
16/06/2024;9;92
16/06/2024;10;106
16/06/2024;11;226
16/06/2024;12;287
16/06/2024;13;333
16/06/2024;14;228
16/06/2024;15;47
16/06/2024;16;0
16/06/2024;17;5
16/06/2024;18;22
16/06/2024;19;20
16/06/2024;20;15
16/06/2024;21;11
16/06/2024;22;1
16/06/2024;23;0
16/06/2024;24;0
17/06/2024;1;0
17/06/2024;2;0
17/06/2024;3;0
17/06/2024;4;0
17/06/2024;5;0
17/06/2024;6;1
17/06/2024;7;6
17/06/2024;8;35
17/06/2024;9;62
17/06/2024;10;138
17/06/2024;11;236
17/06/2024;12;274
17/06/2024;13;298
17/06/2024;14;370
17/06/2024;15;319
17/06/2024;16;364
17/06/2024;17;286
17/06/2024;18;206
17/06/2024;19;105
17/06/2024;20;73
17/06/2024;21;16
17/06/2024;22;1
17/06/2024;23;0
17/06/2024;24;0
18/06/2024;1;0
18/06/2024;2;0
18/06/2024;3;0
18/06/2024;4;0
18/06/2024;5;0
18/06/2024;6;1
18/06/2024;7;13
18/06/2024;8;34
18/06/2024;9;80
18/06/2024;10;150
18/06/2024;11;241
18/06/2024;12;296
18/06/2024;13;327
18/06/2024;14;361
18/06/2024;15;352
18/06/2024;16;312
18/06/2024;17;296
18/06/2024;18;263
18/06/2024;19;185
18/06/2024;20;85
18/06/2024;21;17
18/06/2024;22;1
18/06/2024;23;0
18/06/2024;24;0
19/06/2024;1;0
19/06/2024;2;0
19/06/2024;3;0
19/06/2024;4;0
19/06/2024;5;0
19/06/2024;6;1
19/06/2024;7;14
19/06/2024;8;35
19/06/2024;9;81
19/06/2024;10;154
19/06/2024;11;228
19/06/2024;12;278
19/06/2024;13;331
19/06/2024;14;358
19/06/2024;15;349
19/06/2024;16;351
19/06/2024;17;313
19/06/2024;18;256
19/06/2024;19;167
19/06/2024;20;52
19/06/2024;21;2
19/06/2024;22;2
19/06/2024;23;0
19/06/2024;24;0
20/06/2024;1;0
20/06/2024;2;0
20/06/2024;3;0
20/06/2024;4;0
20/06/2024;5;0
20/06/2024;6;1
20/06/2024;7;18
20/06/2024;8;38
20/06/2024;9;83
20/06/2024;10;151
20/06/2024;11;215
20/06/2024;12;281
20/06/2024;13;313
20/06/2024;14;345
20/06/2024;15;348
20/06/2024;16;275
20/06/2024;17;239
20/06/2024;18;190
20/06/2024;19;108
20/06/2024;20;35
20/06/2024;21;3
20/06/2024;22;1
20/06/2024;23;0
20/06/2024;24;0
21/06/2024;1;1
21/06/2024;2;0
21/06/2024;3;0
21/06/2024;4;0
21/06/2024;5;0
21/06/2024;6;1
21/06/2024;7;14
21/06/2024;8;51
21/06/2024;9;90
21/06/2024;10;131
21/06/2024;11;188
21/06/2024;12;269
21/06/2024;13;322
21/06/2024;14;359
21/06/2024;15;326
21/06/2024;16;341
21/06/2024;17;304
21/06/2024;18;120
21/06/2024;19;64
21/06/2024;20;32
21/06/2024;21;6
21/06/2024;22;1
21/06/2024;23;0
21/06/2024;24;0
22/06/2024;1;0
22/06/2024;2;0
22/06/2024;3;0
22/06/2024;4;0
22/06/2024;5;0
22/06/2024;6;2
22/06/2024;7;14
22/06/2024;8;33
22/06/2024;9;80
22/06/2024;10;151
22/06/2024;11;226
22/06/2024;12;287
22/06/2024;13;334
22/06/2024;14;359
22/06/2024;15;356
22/06/2024;16;345
22/06/2024;17;323
22/06/2024;18;264
22/06/2024;19;182
22/06/2024;20;88
22/06/2024;21;16
22/06/2024;22;1
22/06/2024;23;0
22/06/2024;24;0
23/06/2024;1;0
23/06/2024;2;0
23/06/2024;3;0
23/06/2024;4;0
23/06/2024;5;0
23/06/2024;6;2
23/06/2024;7;15
23/06/2024;8;38
23/06/2024;9;81
23/06/2024;10;150
23/06/2024;11;229
23/06/2024;12;281
23/06/2024;13;339
23/06/2024;14;348
23/06/2024;15;364
23/06/2024;16;356
23/06/2024;17;315
23/06/2024;18;214
23/06/2024;19;74
23/06/2024;20;81
23/06/2024;21;18
23/06/2024;22;1
23/06/2024;23;0
23/06/2024;24;0
24/06/2024;1;0
24/06/2024;2;1
24/06/2024;3;0
24/06/2024;4;0
24/06/2024;5;0
24/06/2024;6;1
24/06/2024;7;12
24/06/2024;8;33
24/06/2024;9;78
24/06/2024;10;151
24/06/2024;11;216
24/06/2024;12;284
24/06/2024;13;327
24/06/2024;14;314
24/06/2024;15;317
24/06/2024;16;300
24/06/2024;17;238
24/06/2024;18;235
24/06/2024;19;154
24/06/2024;20;73
24/06/2024;21;7
24/06/2024;22;1
24/06/2024;23;0
24/06/2024;24;0
25/06/2024;1;0
25/06/2024;2;0
25/06/2024;3;0
25/06/2024;4;1
25/06/2024;5;0
25/06/2024;6;0
25/06/2024;7;16
25/06/2024;8;39
25/06/2024;9;76
25/06/2024;10;148
25/06/2024;11;223
25/06/2024;12;283
25/06/2024;13;283
25/06/2024;14;315
25/06/2024;15;304
25/06/2024;16;310
25/06/2024;17;233
25/06/2024;18;207
25/06/2024;19;157
25/06/2024;20;71
25/06/2024;21;11
25/06/2024;22;1
25/06/2024;23;0
25/06/2024;24;1
26/06/2024;1;0
26/06/2024;2;0
26/06/2024;3;0
26/06/2024;4;0
26/06/2024;5;0
26/06/2024;6;1
26/06/2024;7;14
26/06/2024;8;38
26/06/2024;9;79
26/06/2024;10;144
26/06/2024;11;216
26/06/2024;12;263
26/06/2024;13;310
26/06/2024;14;303
26/06/2024;15;340
26/06/2024;16;338
26/06/2024;17;252
26/06/2024;18;242
26/06/2024;19;136
26/06/2024;20;47
26/06/2024;21;5
26/06/2024;22;1
26/06/2024;23;0
26/06/2024;24;0
27/06/2024;1;0
27/06/2024;2;0
27/06/2024;3;0
27/06/2024;4;0
27/06/2024;5;0
27/06/2024;6;1
27/06/2024;7;10
27/06/2024;8;28
27/06/2024;9;75
27/06/2024;10;152
27/06/2024;11;221
27/06/2024;12;276
27/06/2024;13;326
27/06/2024;14;353
27/06/2024;15;347
27/06/2024;16;300
27/06/2024;17;208
27/06/2024;18;196
27/06/2024;19;177
27/06/2024;20;88
27/06/2024;21;16
27/06/2024;22;1
27/06/2024;23;0
27/06/2024;24;0
28/06/2024;1;0
28/06/2024;2;0
28/06/2024;3;0
28/06/2024;4;0
28/06/2024;5;0
28/06/2024;6;1
28/06/2024;7;8
28/06/2024;8;29
28/06/2024;9;72
28/06/2024;10;140
28/06/2024;11;220
28/06/2024;12;278
28/06/2024;13;322
28/06/2024;14;349
28/06/2024;15;354
28/06/2024;16;330
28/06/2024;17;296
28/06/2024;18;250
28/06/2024;19;173
28/06/2024;20;76
28/06/2024;21;15
28/06/2024;22;1
28/06/2024;23;0
28/06/2024;24;0
29/06/2024;1;0
29/06/2024;2;0
29/06/2024;3;1
29/06/2024;4;0
29/06/2024;5;0
29/06/2024;6;1
29/06/2024;7;10
29/06/2024;8;29
29/06/2024;9;74
29/06/2024;10;145
29/06/2024;11;213
29/06/2024;12;277
29/06/2024;13;317
29/06/2024;14;335
29/06/2024;15;326
29/06/2024;16;339
29/06/2024;17;296
29/06/2024;18;248
29/06/2024;19;171
29/06/2024;20;80
29/06/2024;21;15
29/06/2024;22;2
29/06/2024;23;0
29/06/2024;24;0
30/06/2024;1;0
30/06/2024;2;0
30/06/2024;3;0
30/06/2024;4;0
30/06/2024;5;0
30/06/2024;6;1
30/06/2024;7;12
30/06/2024;8;28
30/06/2024;9;71
30/06/2024;10;141
30/06/2024;11;216
30/06/2024;12;266
30/06/2024;13;314
30/06/2024;14;341
30/06/2024;15;340
30/06/2024;16;317
30/06/2024;17;304
30/06/2024;18;249
30/06/2024;19;155
30/06/2024;20;48
30/06/2024;21;11
30/06/2024;22;1
30/06/2024;23;0
30/06/2024;24;0
01/07/2024;1;0
01/07/2024;2;0
01/07/2024;3;0
01/07/2024;4;0
01/07/2024;5;0
01/07/2024;6;1
01/07/2024;7;8
01/07/2024;8;33
01/07/2024;9;79
01/07/2024;10;126
01/07/2024;11;185
01/07/2024;12;278
01/07/2024;13;320
01/07/2024;14;326
01/07/2024;15;335
01/07/2024;16;341
01/07/2024;17;299
01/07/2024;18;233
01/07/2024;19;175
01/07/2024;20;42
01/07/2024;21;6
01/07/2024;22;0
01/07/2024;23;1
01/07/2024;24;0
02/07/2024;1;0
02/07/2024;2;0
02/07/2024;3;0
02/07/2024;4;0
02/07/2024;5;0
02/07/2024;6;1
02/07/2024;7;10
02/07/2024;8;35
02/07/2024;9;90
02/07/2024;10;144
02/07/2024;11;218
02/07/2024;12;276
02/07/2024;13;309
02/07/2024;14;341
02/07/2024;15;351
02/07/2024;16;290
02/07/2024;17;292
02/07/2024;18;251
02/07/2024;19;94
02/07/2024;20;20
02/07/2024;21;6
02/07/2024;22;1
02/07/2024;23;0
02/07/2024;24;1
03/07/2024;1;0
03/07/2024;2;0
03/07/2024;3;0
03/07/2024;4;0
03/07/2024;5;0
03/07/2024;6;1
03/07/2024;7;10
03/07/2024;8;29
03/07/2024;9;73
03/07/2024;10;131
03/07/2024;11;214
03/07/2024;12;272
03/07/2024;13;319
03/07/2024;14;349
03/07/2024;15;362
03/07/2024;16;336
03/07/2024;17;320
03/07/2024;18;196
03/07/2024;19;121
03/07/2024;20;20
03/07/2024;21;5
03/07/2024;22;1
03/07/2024;23;0
03/07/2024;24;0
04/07/2024;1;0
04/07/2024;2;0
04/07/2024;3;0
04/07/2024;4;0
04/07/2024;5;0
04/07/2024;6;1
04/07/2024;7;9
04/07/2024;8;29
04/07/2024;9;72
04/07/2024;10;134
04/07/2024;11;210
04/07/2024;12;266
04/07/2024;13;309
04/07/2024;14;352
04/07/2024;15;143
04/07/2024;16;371
04/07/2024;17;168
04/07/2024;18;190
04/07/2024;19;44
04/07/2024;20;19
04/07/2024;21;7
04/07/2024;22;1
04/07/2024;23;0
04/07/2024;24;0
05/07/2024;1;0
05/07/2024;2;0
05/07/2024;3;0
05/07/2024;4;0
05/07/2024;5;0
05/07/2024;6;2
05/07/2024;7;10
05/07/2024;8;44
05/07/2024;9;96
05/07/2024;10;154
05/07/2024;11;218
05/07/2024;12;185
05/07/2024;13;78
05/07/2024;14;23
05/07/2024;15;140
05/07/2024;16;148
05/07/2024;17;303
05/07/2024;18;251
05/07/2024;19;176
05/07/2024;20;86
05/07/2024;21;16
05/07/2024;22;1
05/07/2024;23;0
05/07/2024;24;0
06/07/2024;1;0
06/07/2024;2;0
06/07/2024;3;0
06/07/2024;4;0
06/07/2024;5;0
06/07/2024;6;1
06/07/2024;7;16
06/07/2024;8;39
06/07/2024;9;83
06/07/2024;10;138
06/07/2024;11;117
06/07/2024;12;163
06/07/2024;13;271
06/07/2024;14;204
06/07/2024;15;253
06/07/2024;16;201
06/07/2024;17;251
06/07/2024;18;107
06/07/2024;19;109
06/07/2024;20;30
06/07/2024;21;7
06/07/2024;22;1
06/07/2024;23;0
06/07/2024;24;0
07/07/2024;1;0
07/07/2024;2;0
07/07/2024;3;0
07/07/2024;4;0
07/07/2024;5;0
07/07/2024;6;0
07/07/2024;7;7
07/07/2024;8;26
07/07/2024;9;75
07/07/2024;10;151
07/07/2024;11;234
07/07/2024;12;298
07/07/2024;13;328
07/07/2024;14;358
07/07/2024;15;371
07/07/2024;16;344
07/07/2024;17;318
07/07/2024;18;262
07/07/2024;19;102
07/07/2024;20;19
07/07/2024;21;2
07/07/2024;22;0
07/07/2024;23;1
07/07/2024;24;0
08/07/2024;1;0
08/07/2024;2;0
08/07/2024;3;0
08/07/2024;4;0
08/07/2024;5;0
08/07/2024;6;0
08/07/2024;7;10
08/07/2024;8;36
08/07/2024;9;66
08/07/2024;10;156
08/07/2024;11;230
08/07/2024;12;303
08/07/2024;13;344
08/07/2024;14;341
08/07/2024;15;378
08/07/2024;16;339
08/07/2024;17;213
08/07/2024;18;13
08/07/2024;19;27
08/07/2024;20;27
08/07/2024;21;10
08/07/2024;22;1
08/07/2024;23;0
08/07/2024;24;0
09/07/2024;1;0
09/07/2024;2;1
09/07/2024;3;0
09/07/2024;4;0
09/07/2024;5;0
09/07/2024;6;0
09/07/2024;7;8
09/07/2024;8;26
09/07/2024;9;74
09/07/2024;10;163
09/07/2024;11;238
09/07/2024;12;309
09/07/2024;13;355
09/07/2024;14;386
09/07/2024;15;392
09/07/2024;16;380
09/07/2024;17;333
09/07/2024;18;276
09/07/2024;19;207
09/07/2024;20;96
09/07/2024;21;12
09/07/2024;22;1
09/07/2024;23;0
09/07/2024;24;0
10/07/2024;1;0
10/07/2024;2;0
10/07/2024;3;0
10/07/2024;4;0
10/07/2024;5;0
10/07/2024;6;1
10/07/2024;7;12
10/07/2024;8;36
10/07/2024;9;79
10/07/2024;10;149
10/07/2024;11;233
10/07/2024;12;297
10/07/2024;13;334
10/07/2024;14;372
10/07/2024;15;350
10/07/2024;16;353
10/07/2024;17;313
10/07/2024;18;270
10/07/2024;19;138
10/07/2024;20;67
10/07/2024;21;15
10/07/2024;22;1
10/07/2024;23;0
10/07/2024;24;0
11/07/2024;1;0
11/07/2024;2;0
11/07/2024;3;0
11/07/2024;4;0
11/07/2024;5;0
11/07/2024;6;1
11/07/2024;7;9
11/07/2024;8;27
11/07/2024;9;74
11/07/2024;10;148
11/07/2024;11;232
11/07/2024;12;301
11/07/2024;13;346
11/07/2024;14;364
11/07/2024;15;353
11/07/2024;16;371
11/07/2024;17;159
11/07/2024;18;81
11/07/2024;19;31
11/07/2024;20;36
11/07/2024;21;11
11/07/2024;22;1
11/07/2024;23;0
11/07/2024;24;0
12/07/2024;1;0
12/07/2024;2;0
12/07/2024;3;0
12/07/2024;4;0
12/07/2024;5;0
12/07/2024;6;1
12/07/2024;7;11
12/07/2024;8;41
12/07/2024;9;78
12/07/2024;10;91
12/07/2024;11;168
12/07/2024;12;247
12/07/2024;13;185
12/07/2024;14;281
12/07/2024;15;280
12/07/2024;16;301
12/07/2024;17;271
12/07/2024;18;225
12/07/2024;19;68
12/07/2024;20;78
12/07/2024;21;10
12/07/2024;22;1
12/07/2024;23;0
12/07/2024;24;0
13/07/2024;1;0
13/07/2024;2;0
13/07/2024;3;0
13/07/2024;4;1
13/07/2024;5;0
13/07/2024;6;0
13/07/2024;7;11
13/07/2024;8;34
13/07/2024;9;72
13/07/2024;10;142
13/07/2024;11;212
13/07/2024;12;282
13/07/2024;13;314
13/07/2024;14;291
13/07/2024;15;216
13/07/2024;16;170
13/07/2024;17;117
13/07/2024;18;119
13/07/2024;19;72
13/07/2024;20;37
13/07/2024;21;14
13/07/2024;22;1
13/07/2024;23;0
13/07/2024;24;0
14/07/2024;1;0
14/07/2024;2;0
14/07/2024;3;0
14/07/2024;4;0
14/07/2024;5;0
14/07/2024;6;1
14/07/2024;7;8
14/07/2024;8;29
14/07/2024;9;68
14/07/2024;10;134
14/07/2024;11;222
14/07/2024;12;266
14/07/2024;13;279
14/07/2024;14;268
14/07/2024;15;314
14/07/2024;16;274
14/07/2024;17;302
14/07/2024;18;194
14/07/2024;19;148
14/07/2024;20;71
14/07/2024;21;9
14/07/2024;22;1
14/07/2024;23;0
14/07/2024;24;0
15/07/2024;1;0
15/07/2024;2;0
15/07/2024;3;0
15/07/2024;4;0
15/07/2024;5;0
15/07/2024;6;1
15/07/2024;7;8
15/07/2024;8;30
15/07/2024;9;65
15/07/2024;10;139
15/07/2024;11;219
15/07/2024;12;275
15/07/2024;13;317
15/07/2024;14;317
15/07/2024;15;371
15/07/2024;16;316
15/07/2024;17;236
15/07/2024;18;212
15/07/2024;19;171
15/07/2024;20;77
15/07/2024;21;7
15/07/2024;22;0
15/07/2024;23;0
15/07/2024;24;0
16/07/2024;1;0
16/07/2024;2;1
16/07/2024;3;0
16/07/2024;4;0
16/07/2024;5;0
16/07/2024;6;0
16/07/2024;7;11
16/07/2024;8;48
16/07/2024;9;76
16/07/2024;10;123
16/07/2024;11;183
16/07/2024;12;256
16/07/2024;13;278
16/07/2024;14;342
16/07/2024;15;335
16/07/2024;16;248
16/07/2024;17;192
16/07/2024;18;154
16/07/2024;19;151
16/07/2024;20;37
16/07/2024;21;2
16/07/2024;22;1
16/07/2024;23;0
16/07/2024;24;0
17/07/2024;1;0
17/07/2024;2;0
17/07/2024;3;0
17/07/2024;4;0
17/07/2024;5;1
17/07/2024;6;0
17/07/2024;7;7
17/07/2024;8;25
17/07/2024;9;64
17/07/2024;10;138
17/07/2024;11;219
17/07/2024;12;285
17/07/2024;13;329
17/07/2024;14;352
17/07/2024;15;385
17/07/2024;16;339
17/07/2024;17;235
17/07/2024;18;215
17/07/2024;19;112
17/07/2024;20;40
17/07/2024;21;10
17/07/2024;22;1
17/07/2024;23;0
17/07/2024;24;0
18/07/2024;1;0
18/07/2024;2;0
18/07/2024;3;0
18/07/2024;4;0
18/07/2024;5;1
18/07/2024;6;0
18/07/2024;7;6
18/07/2024;8;24
18/07/2024;9;64
18/07/2024;10;137
18/07/2024;11;220
18/07/2024;12;282
18/07/2024;13;305
18/07/2024;14;349
18/07/2024;15;346
18/07/2024;16;334
18/07/2024;17;295
18/07/2024;18;257
18/07/2024;19;167
18/07/2024;20;76
18/07/2024;21;10
18/07/2024;22;1
18/07/2024;23;0
18/07/2024;24;0
19/07/2024;1;0
19/07/2024;2;0
19/07/2024;3;0
19/07/2024;4;0
19/07/2024;5;0
19/07/2024;6;1
19/07/2024;7;8
19/07/2024;8;28
19/07/2024;9;66
19/07/2024;10;135
19/07/2024;11;208
19/07/2024;12;270
19/07/2024;13;309
19/07/2024;14;287
19/07/2024;15;160
19/07/2024;16;239
19/07/2024;17;237
19/07/2024;18;118
19/07/2024;19;80
19/07/2024;20;27
19/07/2024;21;4
19/07/2024;22;0
19/07/2024;23;0
19/07/2024;24;0
20/07/2024;1;1
20/07/2024;2;0
20/07/2024;3;0
20/07/2024;4;0
20/07/2024;5;0
20/07/2024;6;0
20/07/2024;7;13
20/07/2024;8;46
20/07/2024;9;62
20/07/2024;10;133
20/07/2024;11;205
20/07/2024;12;272
20/07/2024;13;199
20/07/2024;14;328
20/07/2024;15;330
20/07/2024;16;237
20/07/2024;17;132
20/07/2024;18;247
20/07/2024;19;152
20/07/2024;20;40
20/07/2024;21;5
20/07/2024;22;0
20/07/2024;23;0
20/07/2024;24;0
21/07/2024;1;1
21/07/2024;2;0
21/07/2024;3;0
21/07/2024;4;0
21/07/2024;5;0
21/07/2024;6;0
21/07/2024;7;3
21/07/2024;8;33
21/07/2024;9;74
21/07/2024;10;122
21/07/2024;11;161
21/07/2024;12;277
21/07/2024;13;319
21/07/2024;14;323
21/07/2024;15;346
21/07/2024;16;362
21/07/2024;17;309
21/07/2024;18;244
21/07/2024;19;180
21/07/2024;20;83
21/07/2024;21;8
21/07/2024;22;1
21/07/2024;23;0
21/07/2024;24;0
22/07/2024;1;0
22/07/2024;2;0
22/07/2024;3;0
22/07/2024;4;1
22/07/2024;5;0
22/07/2024;6;0
22/07/2024;7;7
22/07/2024;8;23
22/07/2024;9;60
22/07/2024;10;125
22/07/2024;11;215
22/07/2024;12;279
22/07/2024;13;332
22/07/2024;14;53
22/07/2024;15;274
22/07/2024;16;351
22/07/2024;17;313
22/07/2024;18;246
22/07/2024;19;166
22/07/2024;20;70
22/07/2024;21;10
22/07/2024;22;1
22/07/2024;23;0
22/07/2024;24;0
23/07/2024;1;0
23/07/2024;2;0
23/07/2024;3;0
23/07/2024;4;0
23/07/2024;5;0
23/07/2024;6;1
23/07/2024;7;7
23/07/2024;8;31
23/07/2024;9;61
23/07/2024;10;138
23/07/2024;11;195
23/07/2024;12;177
23/07/2024;13;134
23/07/2024;14;327
23/07/2024;15;362
23/07/2024;16;348
23/07/2024;17;293
23/07/2024;18;201
23/07/2024;19;74
23/07/2024;20;6
23/07/2024;21;1
23/07/2024;22;1
23/07/2024;23;0
23/07/2024;24;0
24/07/2024;1;0
24/07/2024;2;0
24/07/2024;3;0
24/07/2024;4;0
24/07/2024;5;0
24/07/2024;6;0
24/07/2024;7;9
24/07/2024;8;30
24/07/2024;9;67
24/07/2024;10;136
24/07/2024;11;206
24/07/2024;12;232
24/07/2024;13;176
24/07/2024;14;270
24/07/2024;15;289
24/07/2024;16;300
24/07/2024;17;259
24/07/2024;18;263
24/07/2024;19;171
24/07/2024;20;46
24/07/2024;21;2
24/07/2024;22;0
24/07/2024;23;1
24/07/2024;24;0
25/07/2024;1;0
25/07/2024;2;0
25/07/2024;3;0
25/07/2024;4;0
25/07/2024;5;0
25/07/2024;6;0
25/07/2024;7;7
25/07/2024;8;14
25/07/2024;9;24
25/07/2024;10;52
25/07/2024;11;52
25/07/2024;12;39
25/07/2024;13;55
25/07/2024;14;43
25/07/2024;15;37
25/07/2024;16;35
25/07/2024;17;41
25/07/2024;18;68
25/07/2024;19;41
25/07/2024;20;21
25/07/2024;21;5
25/07/2024;22;0
25/07/2024;23;0
25/07/2024;24;0
26/07/2024;1;0
26/07/2024;2;0
26/07/2024;3;1
26/07/2024;4;0
26/07/2024;5;0
26/07/2024;6;0
26/07/2024;7;1
26/07/2024;8;23
26/07/2024;9;64
26/07/2024;10;119
26/07/2024;11;201
26/07/2024;12;234
26/07/2024;13;127
26/07/2024;14;121
26/07/2024;15;174
26/07/2024;16;350
26/07/2024;17;290
26/07/2024;18;171
26/07/2024;19;111
26/07/2024;20;50
26/07/2024;21;16
26/07/2024;22;0
26/07/2024;23;0
26/07/2024;24;0
27/07/2024;1;0
27/07/2024;2;1
27/07/2024;3;0
27/07/2024;4;0
27/07/2024;5;0
27/07/2024;6;0
27/07/2024;7;8
27/07/2024;8;24
27/07/2024;9;61
27/07/2024;10;134
27/07/2024;11;216
27/07/2024;12;288
27/07/2024;13;339
27/07/2024;14;340
27/07/2024;15;368
27/07/2024;16;275
27/07/2024;17;127
27/07/2024;18;139
27/07/2024;19;161
27/07/2024;20;80
27/07/2024;21;2
27/07/2024;22;0
27/07/2024;23;0
27/07/2024;24;0
28/07/2024;1;1
28/07/2024;2;0
28/07/2024;3;0
28/07/2024;4;0
28/07/2024;5;0
28/07/2024;6;0
28/07/2024;7;5
28/07/2024;8;6
28/07/2024;9;20
28/07/2024;10;35
28/07/2024;11;94
28/07/2024;12;136
28/07/2024;13;132
28/07/2024;14;159
28/07/2024;15;104
28/07/2024;16;76
28/07/2024;17;51
28/07/2024;18;31
28/07/2024;19;22
28/07/2024;20;11
28/07/2024;21;2
28/07/2024;22;0
28/07/2024;23;1
28/07/2024;24;0
29/07/2024;1;0
29/07/2024;2;0
29/07/2024;3;0
29/07/2024;4;0
29/07/2024;5;0
29/07/2024;6;0
29/07/2024;7;4
29/07/2024;8;25
29/07/2024;9;53
29/07/2024;10;134
29/07/2024;11;220
29/07/2024;12;284
29/07/2024;13;280
29/07/2024;14;244
29/07/2024;15;208
29/07/2024;16;388
29/07/2024;17;303
29/07/2024;18;160
29/07/2024;19;167
29/07/2024;20;67
29/07/2024;21;8
29/07/2024;22;1
29/07/2024;23;0
29/07/2024;24;0
30/07/2024;1;0
30/07/2024;2;0
30/07/2024;3;0
30/07/2024;4;0
30/07/2024;5;0
30/07/2024;6;0
30/07/2024;7;4
30/07/2024;8;26
30/07/2024;9;56
30/07/2024;10;143
30/07/2024;11;209
30/07/2024;12;304
30/07/2024;13;359
30/07/2024;14;357
30/07/2024;15;389
30/07/2024;16;371
30/07/2024;17;354
30/07/2024;18;286
30/07/2024;19;184
30/07/2024;20;78
30/07/2024;21;9
30/07/2024;22;1
30/07/2024;23;0
30/07/2024;24;0
31/07/2024;1;0
31/07/2024;2;0
31/07/2024;3;0
31/07/2024;4;0
31/07/2024;5;0
31/07/2024;6;1
31/07/2024;7;9
31/07/2024;8;32
31/07/2024;9;77
31/07/2024;10;146
31/07/2024;11;222
31/07/2024;12;313
31/07/2024;13;304
31/07/2024;14;327
31/07/2024;15;320
31/07/2024;16;306
31/07/2024;17;341
31/07/2024;18;270
31/07/2024;19;179
31/07/2024;20;69
31/07/2024;21;6
31/07/2024;22;0
31/07/2024;23;0
31/07/2024;24;1
01/08/2024;1;0
01/08/2024;2;0
01/08/2024;3;0
01/08/2024;4;0
01/08/2024;5;0
01/08/2024;6;0
01/08/2024;7;8
01/08/2024;8;34
01/08/2024;9;84
01/08/2024;10;142
01/08/2024;11;208
01/08/2024;12;326
01/08/2024;13;171
01/08/2024;14;217
01/08/2024;15;275
01/08/2024;16;389
01/08/2024;17;288
01/08/2024;18;275
01/08/2024;19;181
01/08/2024;20;69
01/08/2024;21;4
01/08/2024;22;1
01/08/2024;23;0
01/08/2024;24;0
02/08/2024;1;0
02/08/2024;2;0
02/08/2024;3;0
02/08/2024;4;0
02/08/2024;5;0
02/08/2024;6;0
02/08/2024;7;3
02/08/2024;8;25
02/08/2024;9;56
02/08/2024;10;13
02/08/2024;11;17
02/08/2024;12;54
02/08/2024;13;22
02/08/2024;14;36
02/08/2024;15;257
02/08/2024;16;271
02/08/2024;17;267
02/08/2024;18;321
02/08/2024;19;208
02/08/2024;20;58
02/08/2024;21;2
02/08/2024;22;0
02/08/2024;23;0
02/08/2024;24;0
03/08/2024;1;0
03/08/2024;2;0
03/08/2024;3;0
03/08/2024;4;1
03/08/2024;5;0
03/08/2024;6;0
03/08/2024;7;9
03/08/2024;8;50
03/08/2024;9;83
03/08/2024;10;137
03/08/2024;11;242
03/08/2024;12;329
03/08/2024;13;380
03/08/2024;14;398
03/08/2024;15;418
03/08/2024;16;405
03/08/2024;17;354
03/08/2024;18;246
03/08/2024;19;164
03/08/2024;20;67
03/08/2024;21;7
03/08/2024;22;0
03/08/2024;23;0
03/08/2024;24;0
04/08/2024;1;0
04/08/2024;2;0
04/08/2024;3;0
04/08/2024;4;0
04/08/2024;5;0
04/08/2024;6;1
04/08/2024;7;7
04/08/2024;8;37
04/08/2024;9;101
04/08/2024;10;175
04/08/2024;11;244
04/08/2024;12;311
04/08/2024;13;354
04/08/2024;14;321
04/08/2024;15;336
04/08/2024;16;386
04/08/2024;17;313
04/08/2024;18;165
04/08/2024;19;77
04/08/2024;20;33
04/08/2024;21;4
04/08/2024;22;0
04/08/2024;23;0
04/08/2024;24;0
05/08/2024;1;0
05/08/2024;2;0
05/08/2024;3;0
05/08/2024;4;0
05/08/2024;5;0
05/08/2024;6;1
05/08/2024;7;4
05/08/2024;8;26
05/08/2024;9;69
05/08/2024;10;151
05/08/2024;11;239
05/08/2024;12;310
05/08/2024;13;331
05/08/2024;14;393
05/08/2024;15;382
05/08/2024;16;393
05/08/2024;17;334
05/08/2024;18;279
05/08/2024;19;173
05/08/2024;20;48
05/08/2024;21;6
05/08/2024;22;0
05/08/2024;23;1
05/08/2024;24;0
06/08/2024;1;0
06/08/2024;2;0
06/08/2024;3;0
06/08/2024;4;0
06/08/2024;5;0
06/08/2024;6;0
06/08/2024;7;5
06/08/2024;8;24
06/08/2024;9;49
06/08/2024;10;139
06/08/2024;11;162
06/08/2024;12;183
06/08/2024;13;132
06/08/2024;14;209
06/08/2024;15;332
06/08/2024;16;349
06/08/2024;17;275
06/08/2024;18;150
06/08/2024;19;103
06/08/2024;20;35
06/08/2024;21;3
06/08/2024;22;0
06/08/2024;23;0
06/08/2024;24;0
07/08/2024;1;0
07/08/2024;2;0
07/08/2024;3;0
07/08/2024;4;0
07/08/2024;5;0
07/08/2024;6;0
07/08/2024;7;6
07/08/2024;8;31
07/08/2024;9;72
07/08/2024;10;144
07/08/2024;11;235
07/08/2024;12;304
07/08/2024;13;351
07/08/2024;14;374
07/08/2024;15;373
07/08/2024;16;375
07/08/2024;17;328
07/08/2024;18;272
07/08/2024;19;172
07/08/2024;20;63
07/08/2024;21;3
07/08/2024;22;0
07/08/2024;23;0
07/08/2024;24;0
08/08/2024;1;1
08/08/2024;2;0
08/08/2024;3;0
08/08/2024;4;0
08/08/2024;5;0
08/08/2024;6;0
08/08/2024;7;5
08/08/2024;8;23
08/08/2024;9;63
08/08/2024;10;142
08/08/2024;11;231
08/08/2024;12;302
08/08/2024;13;349
08/08/2024;14;365
08/08/2024;15;381
08/08/2024;16;366
08/08/2024;17;320
08/08/2024;18;262
08/08/2024;19;171
08/08/2024;20;57
08/08/2024;21;3
08/08/2024;22;0
08/08/2024;23;0
08/08/2024;24;0
09/08/2024;1;1
09/08/2024;2;0
09/08/2024;3;0
09/08/2024;4;0
09/08/2024;5;0
09/08/2024;6;0
09/08/2024;7;5
09/08/2024;8;23
09/08/2024;9;64
09/08/2024;10;143
09/08/2024;11;228
09/08/2024;12;298
09/08/2024;13;336
09/08/2024;14;373
09/08/2024;15;367
09/08/2024;16;378
09/08/2024;17;324
09/08/2024;18;270
09/08/2024;19;172
09/08/2024;20;61
09/08/2024;21;3
09/08/2024;22;0
09/08/2024;23;0
09/08/2024;24;0
10/08/2024;1;0
10/08/2024;2;0
10/08/2024;3;0
10/08/2024;4;0
10/08/2024;5;0
10/08/2024;6;0
10/08/2024;7;4
10/08/2024;8;23
10/08/2024;9;63
10/08/2024;10;142
10/08/2024;11;230
10/08/2024;12;295
10/08/2024;13;343
10/08/2024;14;370
10/08/2024;15;362
10/08/2024;16;361
10/08/2024;17;314
10/08/2024;18;259
10/08/2024;19;166
10/08/2024;20;57
10/08/2024;21;2
10/08/2024;22;0
10/08/2024;23;1
10/08/2024;24;0
11/08/2024;1;0
11/08/2024;2;0
11/08/2024;3;0
11/08/2024;4;0
11/08/2024;5;0
11/08/2024;6;0
11/08/2024;7;4
11/08/2024;8;22
11/08/2024;9;62
11/08/2024;10;134
11/08/2024;11;224
11/08/2024;12;297
11/08/2024;13;335
11/08/2024;14;372
11/08/2024;15;378
11/08/2024;16;364
11/08/2024;17;324
11/08/2024;18;254
11/08/2024;19;153
11/08/2024;20;48
11/08/2024;21;3
11/08/2024;22;0
11/08/2024;23;0
11/08/2024;24;0
12/08/2024;1;0
12/08/2024;2;0
12/08/2024;3;0
12/08/2024;4;0
12/08/2024;5;0
12/08/2024;6;0
12/08/2024;7;4
12/08/2024;8;24
12/08/2024;9;62
12/08/2024;10;137
12/08/2024;11;223
12/08/2024;12;290
12/08/2024;13;327
12/08/2024;14;365
12/08/2024;15;360
12/08/2024;16;370
12/08/2024;17;309
12/08/2024;18;249
12/08/2024;19;150
12/08/2024;20;38
12/08/2024;21;1
12/08/2024;22;0
12/08/2024;23;0
12/08/2024;24;1
13/08/2024;1;0
13/08/2024;2;0
13/08/2024;3;0
13/08/2024;4;0
13/08/2024;5;0
13/08/2024;6;0
13/08/2024;7;3
13/08/2024;8;23
13/08/2024;9;61
13/08/2024;10;133
13/08/2024;11;210
13/08/2024;12;282
13/08/2024;13;328
13/08/2024;14;354
13/08/2024;15;350
13/08/2024;16;344
13/08/2024;17;297
13/08/2024;18;238
13/08/2024;19;134
13/08/2024;20;38
13/08/2024;21;1
13/08/2024;22;0
13/08/2024;23;0
13/08/2024;24;1
14/08/2024;1;0
14/08/2024;2;0
14/08/2024;3;0
14/08/2024;4;0
14/08/2024;5;0
14/08/2024;6;0
14/08/2024;7;5
14/08/2024;8;28
14/08/2024;9;72
14/08/2024;10;122
14/08/2024;11;224
14/08/2024;12;290
14/08/2024;13;307
14/08/2024;14;351
14/08/2024;15;369
14/08/2024;16;362
14/08/2024;17;311
14/08/2024;18;222
14/08/2024;19;123
14/08/2024;20;27
14/08/2024;21;2
14/08/2024;22;0
14/08/2024;23;0
14/08/2024;24;0
15/08/2024;1;0
15/08/2024;2;0
15/08/2024;3;0
15/08/2024;4;0
15/08/2024;5;0
15/08/2024;6;0
15/08/2024;7;5
15/08/2024;8;34
15/08/2024;9;68
15/08/2024;10;130
15/08/2024;11;219
15/08/2024;12;255
15/08/2024;13;322
15/08/2024;14;365
15/08/2024;15;361
15/08/2024;16;369
15/08/2024;17;305
15/08/2024;18;242
15/08/2024;19;86
15/08/2024;20;11
15/08/2024;21;1
15/08/2024;22;0
15/08/2024;23;0
15/08/2024;24;0
16/08/2024;1;0
16/08/2024;2;0
16/08/2024;3;0
16/08/2024;4;1
16/08/2024;5;0
16/08/2024;6;0
16/08/2024;7;2
16/08/2024;8;23
16/08/2024;9;61
16/08/2024;10;129
16/08/2024;11;217
16/08/2024;12;289
16/08/2024;13;330
16/08/2024;14;367
16/08/2024;15;344
16/08/2024;16;105
16/08/2024;17;38
16/08/2024;18;57
16/08/2024;19;101
16/08/2024;20;21
16/08/2024;21;1
16/08/2024;22;0
16/08/2024;23;0
16/08/2024;24;0
17/08/2024;1;0
17/08/2024;2;0
17/08/2024;3;0
17/08/2024;4;0
17/08/2024;5;0
17/08/2024;6;1
17/08/2024;7;2
17/08/2024;8;27
17/08/2024;9;60
17/08/2024;10;134
17/08/2024;11;223
17/08/2024;12;294
17/08/2024;13;343
17/08/2024;14;371
17/08/2024;15;376
17/08/2024;16;348
17/08/2024;17;311
17/08/2024;18;262
17/08/2024;19;78
17/08/2024;20;2
17/08/2024;21;1
17/08/2024;22;0
17/08/2024;23;0
17/08/2024;24;1
18/08/2024;1;0
18/08/2024;2;0
18/08/2024;3;0
18/08/2024;4;0
18/08/2024;5;0
18/08/2024;6;0
18/08/2024;7;3
18/08/2024;8;22
18/08/2024;9;62
18/08/2024;10;121
18/08/2024;11;188
18/08/2024;12;272
18/08/2024;13;340
18/08/2024;14;379
18/08/2024;15;371
18/08/2024;16;362
18/08/2024;17;268
18/08/2024;18;128
18/08/2024;19;82
18/08/2024;20;18
18/08/2024;21;1
18/08/2024;22;0
18/08/2024;23;0
18/08/2024;24;0
19/08/2024;1;0
19/08/2024;2;0
19/08/2024;3;0
19/08/2024;4;0
19/08/2024;5;1
19/08/2024;6;0
19/08/2024;7;3
19/08/2024;8;23
19/08/2024;9;79
19/08/2024;10;135
19/08/2024;11;219
19/08/2024;12;279
19/08/2024;13;344
19/08/2024;14;359
19/08/2024;15;368
19/08/2024;16;357
19/08/2024;17;307
19/08/2024;18;245
19/08/2024;19;78
19/08/2024;20;13
19/08/2024;21;1
19/08/2024;22;0
19/08/2024;23;0
19/08/2024;24;0
20/08/2024;1;0
20/08/2024;2;0
20/08/2024;3;0
20/08/2024;4;0
20/08/2024;5;0
20/08/2024;6;1
20/08/2024;7;0
20/08/2024;8;12
20/08/2024;9;27
20/08/2024;10;119
20/08/2024;11;212
20/08/2024;12;282
20/08/2024;13;270
20/08/2024;14;127
20/08/2024;15;120
20/08/2024;16;82
20/08/2024;17;147
20/08/2024;18;106
20/08/2024;19;12
20/08/2024;20;2
20/08/2024;21;0
20/08/2024;22;0
20/08/2024;23;0
20/08/2024;24;0
21/08/2024;1;0
21/08/2024;2;1
21/08/2024;3;0
21/08/2024;4;0
21/08/2024;5;0
21/08/2024;6;0
21/08/2024;7;0
21/08/2024;8;2
21/08/2024;9;21
21/08/2024;10;92
21/08/2024;11;47
21/08/2024;12;209
21/08/2024;13;100
21/08/2024;14;238
21/08/2024;15;266
21/08/2024;16;179
21/08/2024;17;162
21/08/2024;18;225
21/08/2024;19;145
21/08/2024;20;22
21/08/2024;21;1
21/08/2024;22;0
21/08/2024;23;0
21/08/2024;24;1
22/08/2024;1;0
22/08/2024;2;0
22/08/2024;3;0
22/08/2024;4;0
22/08/2024;5;0
22/08/2024;6;0
22/08/2024;7;2
22/08/2024;8;14
22/08/2024;9;51
22/08/2024;10;131
22/08/2024;11;227
22/08/2024;12;291
22/08/2024;13;359
22/08/2024;14;293
22/08/2024;15;297
22/08/2024;16;283
22/08/2024;17;37
22/08/2024;18;104
22/08/2024;19;24
22/08/2024;20;23
22/08/2024;21;1
22/08/2024;22;0
22/08/2024;23;0
22/08/2024;24;0
23/08/2024;1;0
23/08/2024;2;0
23/08/2024;3;0
23/08/2024;4;0
23/08/2024;5;0
23/08/2024;6;1
23/08/2024;7;3
23/08/2024;8;33
23/08/2024;9;65
23/08/2024;10;94
23/08/2024;11;222
23/08/2024;12;296
23/08/2024;13;348
23/08/2024;14;319
23/08/2024;15;314
23/08/2024;16;299
23/08/2024;17;101
23/08/2024;18;72
23/08/2024;19;37
23/08/2024;20;11
23/08/2024;21;0
23/08/2024;22;1
23/08/2024;23;0
23/08/2024;24;0
24/08/2024;1;0
24/08/2024;2;0
24/08/2024;3;0
24/08/2024;4;0
24/08/2024;5;0
24/08/2024;6;0
24/08/2024;7;5
24/08/2024;8;17
24/08/2024;9;63
24/08/2024;10;102
24/08/2024;11;155
24/08/2024;12;296
24/08/2024;13;169
24/08/2024;14;125
24/08/2024;15;148
24/08/2024;16;101
24/08/2024;17;175
24/08/2024;18;150
24/08/2024;19;79
24/08/2024;20;11
24/08/2024;21;1
24/08/2024;22;0
24/08/2024;23;0
24/08/2024;24;0
25/08/2024;1;0
25/08/2024;2;0
25/08/2024;3;0
25/08/2024;4;1
25/08/2024;5;0
25/08/2024;6;0
25/08/2024;7;1
25/08/2024;8;19
25/08/2024;9;67
25/08/2024;10;109
25/08/2024;11;209
25/08/2024;12;299
25/08/2024;13;334
25/08/2024;14;320
25/08/2024;15;396
25/08/2024;16;329
25/08/2024;17;299
25/08/2024;18;254
25/08/2024;19;131
25/08/2024;20;19
25/08/2024;21;1
25/08/2024;22;0
25/08/2024;23;0
25/08/2024;24;0
26/08/2024;1;0
26/08/2024;2;0
26/08/2024;3;0
26/08/2024;4;1
26/08/2024;5;0
26/08/2024;6;0
26/08/2024;7;1
26/08/2024;8;21
26/08/2024;9;60
26/08/2024;10;124
26/08/2024;11;213
26/08/2024;12;255
26/08/2024;13;273
26/08/2024;14;300
26/08/2024;15;311
26/08/2024;16;350
26/08/2024;17;303
26/08/2024;18;225
26/08/2024;19;102
26/08/2024;20;15
26/08/2024;21;1
26/08/2024;22;0
26/08/2024;23;0
26/08/2024;24;0
27/08/2024;1;0
27/08/2024;2;1
27/08/2024;3;0
27/08/2024;4;0
27/08/2024;5;0
27/08/2024;6;0
27/08/2024;7;3
27/08/2024;8;24
27/08/2024;9;69
27/08/2024;10;110
27/08/2024;11;211
27/08/2024;12;296
27/08/2024;13;295
27/08/2024;14;298
27/08/2024;15;249
27/08/2024;16;138
27/08/2024;17;55
27/08/2024;18;54
27/08/2024;19;16
27/08/2024;20;1
27/08/2024;21;1
27/08/2024;22;0
27/08/2024;23;0
27/08/2024;24;0
28/08/2024;1;0
28/08/2024;2;0
28/08/2024;3;0
28/08/2024;4;0
28/08/2024;5;0
28/08/2024;6;0
28/08/2024;7;2
28/08/2024;8;15
28/08/2024;9;42
28/08/2024;10;85
28/08/2024;11;106
28/08/2024;12;143
28/08/2024;13;115
28/08/2024;14;113
28/08/2024;15;249
28/08/2024;16;167
28/08/2024;17;21
28/08/2024;18;6
28/08/2024;19;1
28/08/2024;20;1
28/08/2024;21;0
28/08/2024;22;0
28/08/2024;23;0
28/08/2024;24;0
29/08/2024;1;0
29/08/2024;2;0
29/08/2024;3;0
29/08/2024;4;0
29/08/2024;5;1
29/08/2024;6;0
29/08/2024;7;0
29/08/2024;8;23
29/08/2024;9;54
29/08/2024;10;92
29/08/2024;11;199
29/08/2024;12;281
29/08/2024;13;332
29/08/2024;14;349
29/08/2024;15;264
29/08/2024;16;244
29/08/2024;17;123
29/08/2024;18;41
29/08/2024;19;17
29/08/2024;20;13
29/08/2024;21;1
29/08/2024;22;0
29/08/2024;23;0
29/08/2024;24;0
30/08/2024;1;0
30/08/2024;2;0
30/08/2024;3;1
30/08/2024;4;0
30/08/2024;5;0
30/08/2024;6;0
30/08/2024;7;0
30/08/2024;8;20
30/08/2024;9;56
30/08/2024;10;61
30/08/2024;11;130
30/08/2024;12;240
30/08/2024;13;260
30/08/2024;14;124
30/08/2024;15;70
30/08/2024;16;128
30/08/2024;17;276
30/08/2024;18;225
30/08/2024;19;121
30/08/2024;20;15
30/08/2024;21;1
30/08/2024;22;0
30/08/2024;23;0
30/08/2024;24;0
31/08/2024;1;0
31/08/2024;2;0
31/08/2024;3;0
31/08/2024;4;0
31/08/2024;5;0
31/08/2024;6;0
31/08/2024;7;1
31/08/2024;8;12
31/08/2024;9;44
31/08/2024;10;119
31/08/2024;11;216
31/08/2024;12;295
31/08/2024;13;351
31/08/2024;14;378
31/08/2024;15;323
31/08/2024;16;347
31/08/2024;17;321
31/08/2024;18;237
31/08/2024;19;117
31/08/2024;20;14
31/08/2024;21;0
31/08/2024;22;1
31/08/2024;23;0
31/08/2024;24;0
01/09/2024;1;0
01/09/2024;2;0
01/09/2024;3;0
01/09/2024;4;0
01/09/2024;5;0
01/09/2024;6;0
01/09/2024;7;1
01/09/2024;8;14
01/09/2024;9;56
01/09/2024;10;103
01/09/2024;11;211
01/09/2024;12;285
01/09/2024;13;228
01/09/2024;14;95
01/09/2024;15;192
01/09/2024;16;264
01/09/2024;17;261
01/09/2024;18;203
01/09/2024;19;30
01/09/2024;20;2
01/09/2024;21;1
01/09/2024;22;0
01/09/2024;23;0
01/09/2024;24;0
02/09/2024;1;0
02/09/2024;2;0
02/09/2024;3;0
02/09/2024;4;0
02/09/2024;5;0
02/09/2024;6;0
02/09/2024;7;1
02/09/2024;8;3
02/09/2024;9;23
02/09/2024;10;75
02/09/2024;11;161
02/09/2024;12;256
02/09/2024;13;182
02/09/2024;14;53
02/09/2024;15;139
02/09/2024;16;243
02/09/2024;17;177
02/09/2024;18;119
02/09/2024;19;76
02/09/2024;20;6
02/09/2024;21;0
02/09/2024;22;1
02/09/2024;23;0
02/09/2024;24;0
03/09/2024;1;0
03/09/2024;2;0
03/09/2024;3;0
03/09/2024;4;0
03/09/2024;5;0
03/09/2024;6;0
03/09/2024;7;1
03/09/2024;8;13
03/09/2024;9;62
03/09/2024;10;112
03/09/2024;11;211
03/09/2024;12;287
03/09/2024;13;322
03/09/2024;14;372
03/09/2024;15;370
03/09/2024;16;352
03/09/2024;17;305
03/09/2024;18;172
03/09/2024;19;122
03/09/2024;20;12
03/09/2024;21;0
03/09/2024;22;1
03/09/2024;23;0
03/09/2024;24;0
04/09/2024;1;0
04/09/2024;2;0
04/09/2024;3;0
04/09/2024;4;0
04/09/2024;5;0
04/09/2024;6;0
04/09/2024;7;1
04/09/2024;8;9
04/09/2024;9;42
04/09/2024;10;116
04/09/2024;11;208
04/09/2024;12;281
04/09/2024;13;332
04/09/2024;14;366
04/09/2024;15;351
04/09/2024;16;347
04/09/2024;17;301
04/09/2024;18;222
04/09/2024;19;98
04/09/2024;20;10
04/09/2024;21;1
04/09/2024;22;0
04/09/2024;23;0
04/09/2024;24;0
05/09/2024;1;0
05/09/2024;2;0
05/09/2024;3;0
05/09/2024;4;0
05/09/2024;5;0
05/09/2024;6;0
05/09/2024;7;1
05/09/2024;8;19
05/09/2024;9;49
05/09/2024;10;114
05/09/2024;11;193
05/09/2024;12;272
05/09/2024;13;316
05/09/2024;14;265
05/09/2024;15;281
05/09/2024;16;311
05/09/2024;17;291
05/09/2024;18;220
05/09/2024;19;97
05/09/2024;20;9
05/09/2024;21;1
05/09/2024;22;0
05/09/2024;23;0
05/09/2024;24;0
06/09/2024;1;0
06/09/2024;2;0
06/09/2024;3;0
06/09/2024;4;0
06/09/2024;5;0
06/09/2024;6;0
06/09/2024;7;1
06/09/2024;8;10
06/09/2024;9;41
06/09/2024;10;115
06/09/2024;11;209
06/09/2024;12;293
06/09/2024;13;325
06/09/2024;14;374
06/09/2024;15;352
06/09/2024;16;356
06/09/2024;17;285
06/09/2024;18;210
06/09/2024;19;99
06/09/2024;20;8
06/09/2024;21;0
06/09/2024;22;0
06/09/2024;23;0
06/09/2024;24;0
07/09/2024;1;0
07/09/2024;2;0
07/09/2024;3;0
07/09/2024;4;0
07/09/2024;5;1
07/09/2024;6;0
07/09/2024;7;0
07/09/2024;8;15
07/09/2024;9;56
07/09/2024;10;109
07/09/2024;11;202
07/09/2024;12;246
07/09/2024;13;270
07/09/2024;14;325
07/09/2024;15;324
07/09/2024;16;195
07/09/2024;17;216
07/09/2024;18;90
07/09/2024;19;34
07/09/2024;20;5
07/09/2024;21;0
07/09/2024;22;0
07/09/2024;23;0
07/09/2024;24;0
08/09/2024;1;0
08/09/2024;2;0
08/09/2024;3;1
08/09/2024;4;0
08/09/2024;5;0
08/09/2024;6;0
08/09/2024;7;0
08/09/2024;8;21
08/09/2024;9;35
08/09/2024;10;115
08/09/2024;11;189
08/09/2024;12;280
08/09/2024;13;267
08/09/2024;14;278
08/09/2024;15;291
08/09/2024;16;168
08/09/2024;17;117
08/09/2024;18;64
08/09/2024;19;37
08/09/2024;20;3
08/09/2024;21;0
08/09/2024;22;0
08/09/2024;23;0
08/09/2024;24;0
09/09/2024;1;0
09/09/2024;2;0
09/09/2024;3;0
09/09/2024;4;0
09/09/2024;5;0
09/09/2024;6;0
09/09/2024;7;1
09/09/2024;8;4
09/09/2024;9;6
09/09/2024;10;34
09/09/2024;11;60
09/09/2024;12;38
09/09/2024;13;86
09/09/2024;14;95
09/09/2024;15;170
09/09/2024;16;95
09/09/2024;17;149
09/09/2024;18;122
09/09/2024;19;37
09/09/2024;20;4
09/09/2024;21;0
09/09/2024;22;0
09/09/2024;23;0
09/09/2024;24;0
10/09/2024;1;0
10/09/2024;2;0
10/09/2024;3;0
10/09/2024;4;0
10/09/2024;5;0
10/09/2024;6;0
10/09/2024;7;0
10/09/2024;8;2
10/09/2024;9;1
10/09/2024;10;8
10/09/2024;11;37
10/09/2024;12;39
10/09/2024;13;54
10/09/2024;14;65
10/09/2024;15;43
10/09/2024;16;55
10/09/2024;17;82
10/09/2024;18;115
10/09/2024;19;38
10/09/2024;20;5
10/09/2024;21;0
10/09/2024;22;0
10/09/2024;23;0
10/09/2024;24;0
11/09/2024;1;0
11/09/2024;2;0
11/09/2024;3;0
11/09/2024;4;0
11/09/2024;5;0
11/09/2024;6;0
11/09/2024;7;1
11/09/2024;8;15
11/09/2024;9;55
11/09/2024;10;104
11/09/2024;11;188
11/09/2024;12;280
11/09/2024;13;312
11/09/2024;14;243
11/09/2024;15;176
11/09/2024;16;282
11/09/2024;17;273
11/09/2024;18;183
11/09/2024;19;66
11/09/2024;20;4
11/09/2024;21;0
11/09/2024;22;0
11/09/2024;23;0
11/09/2024;24;0
12/09/2024;1;0
12/09/2024;2;0
12/09/2024;3;1
12/09/2024;4;0
12/09/2024;5;0
12/09/2024;6;0
12/09/2024;7;0
12/09/2024;8;13
12/09/2024;9;53
12/09/2024;10;102
12/09/2024;11;138
12/09/2024;12;242
12/09/2024;13;305
12/09/2024;14;324
12/09/2024;15;265
12/09/2024;16;338
12/09/2024;17;192
12/09/2024;18;171
12/09/2024;19;54
12/09/2024;20;4
12/09/2024;21;1
12/09/2024;22;0
12/09/2024;23;0
12/09/2024;24;0
13/09/2024;1;0
13/09/2024;2;0
13/09/2024;3;0
13/09/2024;4;0
13/09/2024;5;0
13/09/2024;6;0
13/09/2024;7;0
13/09/2024;8;13
13/09/2024;9;44
13/09/2024;10;99
13/09/2024;11;92
13/09/2024;12;146
13/09/2024;13;318
13/09/2024;14;286
13/09/2024;15;208
13/09/2024;16;91
13/09/2024;17;46
13/09/2024;18;8
13/09/2024;19;1
13/09/2024;20;1
13/09/2024;21;0
13/09/2024;22;0
13/09/2024;23;0
13/09/2024;24;1
14/09/2024;1;0
14/09/2024;2;0
14/09/2024;3;0
14/09/2024;4;0
14/09/2024;5;0
14/09/2024;6;0
14/09/2024;7;0
14/09/2024;8;5
14/09/2024;9;40
14/09/2024;10;77
14/09/2024;11;181
14/09/2024;12;260
14/09/2024;13;220
14/09/2024;14;298
14/09/2024;15;346
14/09/2024;16;301
14/09/2024;17;274
14/09/2024;18;160
14/09/2024;19;67
14/09/2024;20;3
14/09/2024;21;0
14/09/2024;22;0
14/09/2024;23;0
14/09/2024;24;0
15/09/2024;1;0
15/09/2024;2;0
15/09/2024;3;0
15/09/2024;4;0
15/09/2024;5;0
15/09/2024;6;0
15/09/2024;7;1
15/09/2024;8;9
15/09/2024;9;36
15/09/2024;10;103
15/09/2024;11;187
15/09/2024;12;222
15/09/2024;13;219
15/09/2024;14;301
15/09/2024;15;343
15/09/2024;16;297
15/09/2024;17;268
15/09/2024;18;141
15/09/2024;19;57
15/09/2024;20;2
15/09/2024;21;0
15/09/2024;22;0
15/09/2024;23;0
15/09/2024;24;0
16/09/2024;1;1
16/09/2024;2;0
16/09/2024;3;0
16/09/2024;4;0
16/09/2024;5;0
16/09/2024;6;0
16/09/2024;7;0
16/09/2024;8;10
16/09/2024;9;46
16/09/2024;10;87
16/09/2024;11;153
16/09/2024;12;233
16/09/2024;13;302
16/09/2024;14;299
16/09/2024;15;285
16/09/2024;16;261
16/09/2024;17;192
16/09/2024;18;79
16/09/2024;19;42
16/09/2024;20;2
16/09/2024;21;0
16/09/2024;22;0
16/09/2024;23;0
16/09/2024;24;0
17/09/2024;1;0
17/09/2024;2;0
17/09/2024;3;0
17/09/2024;4;0
17/09/2024;5;0
17/09/2024;6;0
17/09/2024;7;1
17/09/2024;8;11
17/09/2024;9;49
17/09/2024;10;109
17/09/2024;11;151
17/09/2024;12;247
17/09/2024;13;325
17/09/2024;14;347
17/09/2024;15;339
17/09/2024;16;336
17/09/2024;17;259
17/09/2024;18;170
17/09/2024;19;47
17/09/2024;20;2
17/09/2024;21;0
17/09/2024;22;0
17/09/2024;23;0
17/09/2024;24;1
18/09/2024;1;0
18/09/2024;2;0
18/09/2024;3;0
18/09/2024;4;0
18/09/2024;5;0
18/09/2024;6;0
18/09/2024;7;0
18/09/2024;8;7
18/09/2024;9;30
18/09/2024;10;97
18/09/2024;11;184
18/09/2024;12;258
18/09/2024;13;305
18/09/2024;14;332
18/09/2024;15;335
18/09/2024;16;314
18/09/2024;17;254
18/09/2024;18;147
18/09/2024;19;43
18/09/2024;20;2
18/09/2024;21;0
18/09/2024;22;0
18/09/2024;23;0
18/09/2024;24;0
19/09/2024;1;0
19/09/2024;2;0
19/09/2024;3;0
19/09/2024;4;0
19/09/2024;5;1
19/09/2024;6;0
19/09/2024;7;0
19/09/2024;8;6
19/09/2024;9;31
19/09/2024;10;89
19/09/2024;11;184
19/09/2024;12;251
19/09/2024;13;301
19/09/2024;14;330
19/09/2024;15;330
19/09/2024;16;310
19/09/2024;17;251
19/09/2024;18;155
19/09/2024;19;44
19/09/2024;20;1
19/09/2024;21;0
19/09/2024;22;0
19/09/2024;23;0
19/09/2024;24;0
20/09/2024;1;0
20/09/2024;2;0
20/09/2024;3;0
20/09/2024;4;0
20/09/2024;5;0
20/09/2024;6;0
20/09/2024;7;1
20/09/2024;8;6
20/09/2024;9;28
20/09/2024;10;91
20/09/2024;11;177
20/09/2024;12;258
20/09/2024;13;300
20/09/2024;14;322
20/09/2024;15;326
20/09/2024;16;302
20/09/2024;17;233
20/09/2024;18;148
20/09/2024;19;35
20/09/2024;20;1
20/09/2024;21;1
20/09/2024;22;0
20/09/2024;23;0
20/09/2024;24;0
21/09/2024;1;0
21/09/2024;2;0
21/09/2024;3;0
21/09/2024;4;0
21/09/2024;5;0
21/09/2024;6;0
21/09/2024;7;0
21/09/2024;8;8
21/09/2024;9;36
21/09/2024;10;86
21/09/2024;11;169
21/09/2024;12;251
21/09/2024;13;283
21/09/2024;14;331
21/09/2024;15;316
21/09/2024;16;310
21/09/2024;17;224
21/09/2024;18;122
21/09/2024;19;22
21/09/2024;20;1
21/09/2024;21;0
21/09/2024;22;0
21/09/2024;23;0
21/09/2024;24;0
22/09/2024;1;0
22/09/2024;2;0
22/09/2024;3;0
22/09/2024;4;0
22/09/2024;5;0
22/09/2024;6;0
22/09/2024;7;1
22/09/2024;8;5
22/09/2024;9;13
22/09/2024;10;62
22/09/2024;11;80
22/09/2024;12;72
22/09/2024;13;64
22/09/2024;14;30
22/09/2024;15;88
22/09/2024;16;95
22/09/2024;17;72
22/09/2024;18;46
22/09/2024;19;26
22/09/2024;20;1
22/09/2024;21;0
22/09/2024;22;0
22/09/2024;23;1
22/09/2024;24;0
23/09/2024;1;0
23/09/2024;2;0
23/09/2024;3;0
23/09/2024;4;0
23/09/2024;5;0
23/09/2024;6;0
23/09/2024;7;0
23/09/2024;8;3
23/09/2024;9;35
23/09/2024;10;67
23/09/2024;11;88
23/09/2024;12;72
23/09/2024;13;130
23/09/2024;14;132
23/09/2024;15;102
23/09/2024;16;157
23/09/2024;17;104
23/09/2024;18;37
23/09/2024;19;14
23/09/2024;20;1
23/09/2024;21;0
23/09/2024;22;0
23/09/2024;23;0
23/09/2024;24;0
24/09/2024;1;0
24/09/2024;2;0
24/09/2024;3;0
24/09/2024;4;1
24/09/2024;5;0
24/09/2024;6;0
24/09/2024;7;0
24/09/2024;8;1
24/09/2024;9;14
24/09/2024;10;41
24/09/2024;11;82
24/09/2024;12;148
24/09/2024;13;243
24/09/2024;14;291
24/09/2024;15;133
24/09/2024;16;134
24/09/2024;17;76
24/09/2024;18;22
24/09/2024;19;1
24/09/2024;20;1
24/09/2024;21;0
24/09/2024;22;0
24/09/2024;23;0
24/09/2024;24;0
25/09/2024;1;0
25/09/2024;2;0
25/09/2024;3;0
25/09/2024;4;1
25/09/2024;5;0
25/09/2024;6;0
25/09/2024;7;0
25/09/2024;8;4
25/09/2024;9;25
25/09/2024;10;91
25/09/2024;11;185
25/09/2024;12;260
25/09/2024;13;318
25/09/2024;14;289
25/09/2024;15;279
25/09/2024;16;112
25/09/2024;17;72
25/09/2024;18;16
25/09/2024;19;2
25/09/2024;20;1
25/09/2024;21;0
25/09/2024;22;0
25/09/2024;23;0
25/09/2024;24;0
26/09/2024;1;0
26/09/2024;2;0
26/09/2024;3;0
26/09/2024;4;0
26/09/2024;5;0
26/09/2024;6;0
26/09/2024;7;0
26/09/2024;8;9
26/09/2024;9;14
26/09/2024;10;88
26/09/2024;11;126
26/09/2024;12;100
26/09/2024;13;155
26/09/2024;14;149
26/09/2024;15;101
26/09/2024;16;122
26/09/2024;17;67
26/09/2024;18;58
26/09/2024;19;17
26/09/2024;20;0
26/09/2024;21;0
26/09/2024;22;1
26/09/2024;23;0
26/09/2024;24;0
27/09/2024;1;0
27/09/2024;2;0
27/09/2024;3;0
27/09/2024;4;0
27/09/2024;5;0
27/09/2024;6;0
27/09/2024;7;0
27/09/2024;8;7
27/09/2024;9;52
27/09/2024;10;84
27/09/2024;11;165
27/09/2024;12;191
27/09/2024;13;159
27/09/2024;14;282
27/09/2024;15;168
27/09/2024;16;109
27/09/2024;17;98
27/09/2024;18;36
27/09/2024;19;3
27/09/2024;20;1
27/09/2024;21;0
27/09/2024;22;0
27/09/2024;23;0
27/09/2024;24;0
28/09/2024;1;0
28/09/2024;2;0
28/09/2024;3;0
28/09/2024;4;1
28/09/2024;5;0
28/09/2024;6;0
28/09/2024;7;0
28/09/2024;8;4
28/09/2024;9;29
28/09/2024;10;77
28/09/2024;11;168
28/09/2024;12;249
28/09/2024;13;301
28/09/2024;14;329
28/09/2024;15;330
28/09/2024;16;297
28/09/2024;17;193
28/09/2024;18;135
28/09/2024;19;24
28/09/2024;20;1
28/09/2024;21;0
28/09/2024;22;0
28/09/2024;23;0
28/09/2024;24;0
29/09/2024;1;0
29/09/2024;2;0
29/09/2024;3;0
29/09/2024;4;0
29/09/2024;5;0
29/09/2024;6;0
29/09/2024;7;1
29/09/2024;8;3
29/09/2024;9;21
29/09/2024;10;81
29/09/2024;11;176
29/09/2024;12;237
29/09/2024;13;290
29/09/2024;14;313
29/09/2024;15;293
29/09/2024;16;299
29/09/2024;17;198
29/09/2024;18;115
29/09/2024;19;21
29/09/2024;20;0
29/09/2024;21;0
29/09/2024;22;1
29/09/2024;23;0
29/09/2024;24;0
30/09/2024;1;0
30/09/2024;2;0
30/09/2024;3;0
30/09/2024;4;0
30/09/2024;5;0
30/09/2024;6;0
30/09/2024;7;0
30/09/2024;8;5
30/09/2024;9;31
30/09/2024;10;86
30/09/2024;11;135
30/09/2024;12;169
30/09/2024;13;230
30/09/2024;14;221
30/09/2024;15;196
30/09/2024;16;154
30/09/2024;17;101
30/09/2024;18;22
30/09/2024;19;2
30/09/2024;20;1
30/09/2024;21;0
30/09/2024;22;0
30/09/2024;23;0
30/09/2024;24;0
01/10/2024;1;0
01/10/2024;2;0
01/10/2024;3;0
01/10/2024;4;0
01/10/2024;5;0
01/10/2024;6;0
01/10/2024;7;0
01/10/2024;8;3
01/10/2024;9;46
01/10/2024;10;96
01/10/2024;11;148
01/10/2024;12;249
01/10/2024;13;298
01/10/2024;14;344
01/10/2024;15;328
01/10/2024;16;266
01/10/2024;17;89
01/10/2024;18;10
01/10/2024;19;1
01/10/2024;20;0
01/10/2024;21;0
01/10/2024;22;0
01/10/2024;23;1
01/10/2024;24;0
02/10/2024;1;0
02/10/2024;2;0
02/10/2024;3;0
02/10/2024;4;0
02/10/2024;5;0
02/10/2024;6;0
02/10/2024;7;0
02/10/2024;8;4
02/10/2024;9;29
02/10/2024;10;77
02/10/2024;11;177
02/10/2024;12;252
02/10/2024;13;294
02/10/2024;14;337
02/10/2024;15;314
02/10/2024;16;276
02/10/2024;17;208
02/10/2024;18;113
02/10/2024;19;13
02/10/2024;20;1
02/10/2024;21;0
02/10/2024;22;0
02/10/2024;23;0
02/10/2024;24;0
03/10/2024;1;0
03/10/2024;2;0
03/10/2024;3;0
03/10/2024;4;0
03/10/2024;5;1
03/10/2024;6;0
03/10/2024;7;0
03/10/2024;8;3
03/10/2024;9;26
03/10/2024;10;80
03/10/2024;11;166
03/10/2024;12;248
03/10/2024;13;285
03/10/2024;14;342
03/10/2024;15;292
03/10/2024;16;308
03/10/2024;17;219
03/10/2024;18;119
03/10/2024;19;11
03/10/2024;20;1
03/10/2024;21;0
03/10/2024;22;0
03/10/2024;23;0
03/10/2024;24;0
04/10/2024;1;0
04/10/2024;2;0
04/10/2024;3;0
04/10/2024;4;0
04/10/2024;5;0
04/10/2024;6;0
04/10/2024;7;0
04/10/2024;8;4
04/10/2024;9;32
04/10/2024;10;79
04/10/2024;11;143
04/10/2024;12;202
04/10/2024;13;151
04/10/2024;14;209
04/10/2024;15;185
04/10/2024;16;68
04/10/2024;17;53
04/10/2024;18;15
04/10/2024;19;2
04/10/2024;20;0
04/10/2024;21;0
04/10/2024;22;0
04/10/2024;23;0
04/10/2024;24;0
05/10/2024;1;0
05/10/2024;2;0
05/10/2024;3;0
05/10/2024;4;0
05/10/2024;5;0
05/10/2024;6;0
05/10/2024;7;1
05/10/2024;8;0
05/10/2024;9;8
05/10/2024;10;67
05/10/2024;11;143
05/10/2024;12;160
05/10/2024;13;130
05/10/2024;14;168
05/10/2024;15;77
05/10/2024;16;63
05/10/2024;17;41
05/10/2024;18;21
05/10/2024;19;5
05/10/2024;20;1
05/10/2024;21;0
05/10/2024;22;0
05/10/2024;23;0
05/10/2024;24;0
06/10/2024;1;0
06/10/2024;2;0
06/10/2024;3;0
06/10/2024;4;0
06/10/2024;5;0
06/10/2024;6;0
06/10/2024;7;1
06/10/2024;8;1
06/10/2024;9;21
06/10/2024;10;73
06/10/2024;11;175
06/10/2024;12;231
06/10/2024;13;282
06/10/2024;14;329
06/10/2024;15;330
06/10/2024;16;297
06/10/2024;17;216
06/10/2024;18;105
06/10/2024;19;11
06/10/2024;20;0
06/10/2024;21;0
06/10/2024;22;0
06/10/2024;23;1
06/10/2024;24;0
07/10/2024;1;0
07/10/2024;2;0
07/10/2024;3;0
07/10/2024;4;0
07/10/2024;5;0
07/10/2024;6;0
07/10/2024;7;0
07/10/2024;8;3
07/10/2024;9;22
07/10/2024;10;72
07/10/2024;11;156
07/10/2024;12;241
07/10/2024;13;274
07/10/2024;14;318
07/10/2024;15;293
07/10/2024;16;270
07/10/2024;17;198
07/10/2024;18;94
07/10/2024;19;8
07/10/2024;20;0
07/10/2024;21;0
07/10/2024;22;1
07/10/2024;23;0
07/10/2024;24;0
08/10/2024;1;0
08/10/2024;2;0
08/10/2024;3;0
08/10/2024;4;0
08/10/2024;5;0
08/10/2024;6;0
08/10/2024;7;0
08/10/2024;8;2
08/10/2024;9;18
08/10/2024;10;71
08/10/2024;11;156
08/10/2024;12;240
08/10/2024;13;283
08/10/2024;14;299
08/10/2024;15;308
08/10/2024;16;279
08/10/2024;17;189
08/10/2024;18;81
08/10/2024;19;10
08/10/2024;20;0
08/10/2024;21;0
08/10/2024;22;0
08/10/2024;23;0
08/10/2024;24;1
09/10/2024;1;0
09/10/2024;2;0
09/10/2024;3;0
09/10/2024;4;0
09/10/2024;5;0
09/10/2024;6;0
09/10/2024;7;0
09/10/2024;8;2
09/10/2024;9;23
09/10/2024;10;58
09/10/2024;11;87
09/10/2024;12;105
09/10/2024;13;261
09/10/2024;14;250
09/10/2024;15;254
09/10/2024;16;247
09/10/2024;17;136
09/10/2024;18;78
09/10/2024;19;13
09/10/2024;20;0
09/10/2024;21;0
09/10/2024;22;0
09/10/2024;23;0
09/10/2024;24;0
10/10/2024;1;0
10/10/2024;2;0
10/10/2024;3;0
10/10/2024;4;0
10/10/2024;5;0
10/10/2024;6;1
10/10/2024;7;0
10/10/2024;8;2
10/10/2024;9;18
10/10/2024;10;67
10/10/2024;11;141
10/10/2024;12;227
10/10/2024;13;269
10/10/2024;14;295
10/10/2024;15;291
10/10/2024;16;252
10/10/2024;17;169
10/10/2024;18;71
10/10/2024;19;8
10/10/2024;20;0
10/10/2024;21;0
10/10/2024;22;0
10/10/2024;23;0
10/10/2024;24;0
11/10/2024;1;0
11/10/2024;2;0
11/10/2024;3;0
11/10/2024;4;1
11/10/2024;5;0
11/10/2024;6;0
11/10/2024;7;0
11/10/2024;8;1
11/10/2024;9;21
11/10/2024;10;65
11/10/2024;11;139
11/10/2024;12;211
11/10/2024;13;260
11/10/2024;14;271
11/10/2024;15;282
11/10/2024;16;236
11/10/2024;17;143
11/10/2024;18;65
11/10/2024;19;7
11/10/2024;20;1
11/10/2024;21;0
11/10/2024;22;0
11/10/2024;23;0
11/10/2024;24;0
12/10/2024;1;0
12/10/2024;2;0
12/10/2024;3;0
12/10/2024;4;0
12/10/2024;5;0
12/10/2024;6;0
12/10/2024;7;0
12/10/2024;8;2
12/10/2024;9;18
12/10/2024;10;53
12/10/2024;11;102
12/10/2024;12;186
12/10/2024;13;162
12/10/2024;14;174
12/10/2024;15;97
12/10/2024;16;129
12/10/2024;17;68
12/10/2024;18;33
12/10/2024;19;4
12/10/2024;20;0
12/10/2024;21;0
12/10/2024;22;0
12/10/2024;23;0
12/10/2024;24;0
13/10/2024;1;0
13/10/2024;2;0
13/10/2024;3;0
13/10/2024;4;1
13/10/2024;5;0
13/10/2024;6;0
13/10/2024;7;0
13/10/2024;8;0
13/10/2024;9;4
13/10/2024;10;21
13/10/2024;11;103
13/10/2024;12;212
13/10/2024;13;261
13/10/2024;14;289
13/10/2024;15;287
13/10/2024;16;227
13/10/2024;17;147
13/10/2024;18;57
13/10/2024;19;4
13/10/2024;20;0
13/10/2024;21;0
13/10/2024;22;0
13/10/2024;23;0
13/10/2024;24;0
14/10/2024;1;0
14/10/2024;2;0
14/10/2024;3;1
14/10/2024;4;0
14/10/2024;5;0
14/10/2024;6;0
14/10/2024;7;0
14/10/2024;8;1
14/10/2024;9;28
14/10/2024;10;47
14/10/2024;11;92
14/10/2024;12;175
14/10/2024;13;261
14/10/2024;14;296
14/10/2024;15;287
14/10/2024;16;250
14/10/2024;17;162
14/10/2024;18;67
14/10/2024;19;3
14/10/2024;20;0
14/10/2024;21;0
14/10/2024;22;0
14/10/2024;23;0
14/10/2024;24;0
15/10/2024;1;0
15/10/2024;2;0
15/10/2024;3;0
15/10/2024;4;0
15/10/2024;5;0
15/10/2024;6;1
15/10/2024;7;0
15/10/2024;8;1
15/10/2024;9;17
15/10/2024;10;58
15/10/2024;11;141
15/10/2024;12;202
15/10/2024;13;270
15/10/2024;14;290
15/10/2024;15;281
15/10/2024;16;255
15/10/2024;17;176
15/10/2024;18;60
15/10/2024;19;3
15/10/2024;20;0
15/10/2024;21;1
15/10/2024;22;0
15/10/2024;23;0
15/10/2024;24;0
16/10/2024;1;0
16/10/2024;2;0
16/10/2024;3;0
16/10/2024;4;0
16/10/2024;5;0
16/10/2024;6;0
16/10/2024;7;0
16/10/2024;8;1
16/10/2024;9;10
16/10/2024;10;29
16/10/2024;11;62
16/10/2024;12;120
16/10/2024;13;177
16/10/2024;14;299
16/10/2024;15;279
16/10/2024;16;256
16/10/2024;17;165
16/10/2024;18;57
16/10/2024;19;2
16/10/2024;20;0
16/10/2024;21;0
16/10/2024;22;1
16/10/2024;23;0
16/10/2024;24;0
17/10/2024;1;0
17/10/2024;2;0
17/10/2024;3;0
17/10/2024;4;0
17/10/2024;5;0
17/10/2024;6;0
17/10/2024;7;0
17/10/2024;8;1
17/10/2024;9;15
17/10/2024;10;58
17/10/2024;11;129
17/10/2024;12;216
17/10/2024;13;264
17/10/2024;14;294
17/10/2024;15;292
17/10/2024;16;256
17/10/2024;17;163
17/10/2024;18;59
17/10/2024;19;2
17/10/2024;20;0
17/10/2024;21;0
17/10/2024;22;0
17/10/2024;23;0
17/10/2024;24;0
18/10/2024;1;0
18/10/2024;2;0
18/10/2024;3;1
18/10/2024;4;0
18/10/2024;5;0
18/10/2024;6;0
18/10/2024;7;0
18/10/2024;8;1
18/10/2024;9;15
18/10/2024;10;55
18/10/2024;11;134
18/10/2024;12;197
18/10/2024;13;252
18/10/2024;14;284
18/10/2024;15;196
18/10/2024;16;128
18/10/2024;17;108
18/10/2024;18;25
18/10/2024;19;2
18/10/2024;20;0
18/10/2024;21;1
18/10/2024;22;0
18/10/2024;23;0
18/10/2024;24;0
19/10/2024;1;0
19/10/2024;2;0
19/10/2024;3;0
19/10/2024;4;0
19/10/2024;5;0
19/10/2024;6;0
19/10/2024;7;0
19/10/2024;8;1
19/10/2024;9;33
19/10/2024;10;68
19/10/2024;11;121
19/10/2024;12;143
19/10/2024;13;195
19/10/2024;14;176
19/10/2024;15;141
19/10/2024;16;126
19/10/2024;17;111
19/10/2024;18;45
19/10/2024;19;1
19/10/2024;20;0
19/10/2024;21;0
19/10/2024;22;0
19/10/2024;23;0
19/10/2024;24;1
20/10/2024;1;0
20/10/2024;2;0
20/10/2024;3;0
20/10/2024;4;0
20/10/2024;5;0
20/10/2024;6;0
20/10/2024;7;0
20/10/2024;8;0
20/10/2024;9;7
20/10/2024;10;28
20/10/2024;11;62
20/10/2024;12;83
20/10/2024;13;69
20/10/2024;14;97
20/10/2024;15;49
20/10/2024;16;29
20/10/2024;17;16
20/10/2024;18;2
20/10/2024;19;1
20/10/2024;20;0
20/10/2024;21;0
20/10/2024;22;0
20/10/2024;23;0
20/10/2024;24;0
21/10/2024;1;0
21/10/2024;2;0
21/10/2024;3;0
21/10/2024;4;0
21/10/2024;5;0
21/10/2024;6;0
21/10/2024;7;0
21/10/2024;8;1
21/10/2024;9;0
21/10/2024;10;6
21/10/2024;11;21
21/10/2024;12;37
21/10/2024;13;50
21/10/2024;14;47
21/10/2024;15;41
21/10/2024;16;30
21/10/2024;17;11
21/10/2024;18;5
21/10/2024;19;1
21/10/2024;20;0
21/10/2024;21;0
21/10/2024;22;0
21/10/2024;23;0
21/10/2024;24;0
22/10/2024;1;0
22/10/2024;2;0
22/10/2024;3;0
22/10/2024;4;0
22/10/2024;5;0
22/10/2024;6;0
22/10/2024;7;0
22/10/2024;8;1
22/10/2024;9;17
22/10/2024;10;37
22/10/2024;11;58
22/10/2024;12;69
22/10/2024;13;71
22/10/2024;14;73
22/10/2024;15;66
22/10/2024;16;40
22/10/2024;17;37
22/10/2024;18;11
22/10/2024;19;0
22/10/2024;20;1
22/10/2024;21;0
22/10/2024;22;0
22/10/2024;23;0
22/10/2024;24;0
23/10/2024;1;0
23/10/2024;2;0
23/10/2024;3;0
23/10/2024;4;0
23/10/2024;5;0
23/10/2024;6;0
23/10/2024;7;0
23/10/2024;8;1
23/10/2024;9;1
23/10/2024;10;9
23/10/2024;11;15
23/10/2024;12;11
23/10/2024;13;6
23/10/2024;14;14
23/10/2024;15;2
23/10/2024;16;1
23/10/2024;17;1
23/10/2024;18;1
23/10/2024;19;1
23/10/2024;20;0
23/10/2024;21;0
23/10/2024;22;0
23/10/2024;23;0
23/10/2024;24;1
24/10/2024;1;0
24/10/2024;2;0
24/10/2024;3;0
24/10/2024;4;0
24/10/2024;5;0
24/10/2024;6;0
24/10/2024;7;0
24/10/2024;8;1
24/10/2024;9;10
24/10/2024;10;46
24/10/2024;11;125
24/10/2024;12;200
24/10/2024;13;250
24/10/2024;14;285
24/10/2024;15;288
24/10/2024;16;246
24/10/2024;17;154
24/10/2024;18;38
24/10/2024;19;1
24/10/2024;20;0
24/10/2024;21;0
24/10/2024;22;0
24/10/2024;23;0
24/10/2024;24;0
25/10/2024;1;0
25/10/2024;2;1
25/10/2024;3;0
25/10/2024;4;0
25/10/2024;5;0
25/10/2024;6;0
25/10/2024;7;0
25/10/2024;8;0
25/10/2024;9;8
25/10/2024;10;48
25/10/2024;11;128
25/10/2024;12;193
25/10/2024;13;209
25/10/2024;14;281
25/10/2024;15;253
25/10/2024;16;215
25/10/2024;17;69
25/10/2024;18;19
25/10/2024;19;1
25/10/2024;20;0
25/10/2024;21;1
25/10/2024;22;0
25/10/2024;23;0
25/10/2024;24;0
26/10/2024;1;0
26/10/2024;2;0
26/10/2024;3;0
26/10/2024;4;0
26/10/2024;5;0
26/10/2024;6;0
26/10/2024;7;1
26/10/2024;8;9
26/10/2024;9;46
26/10/2024;10;88
26/10/2024;11;93
26/10/2024;12;93
26/10/2024;13;197
26/10/2024;14;209
26/10/2024;15;214
26/10/2024;16;145
26/10/2024;17;32
26/10/2024;18;1
26/10/2024;19;0
26/10/2024;20;0
26/10/2024;21;0
26/10/2024;22;0
26/10/2024;23;0
26/10/2024;24;0
27/10/2024;1;0
27/10/2024;2;0
27/10/2024;3;0
27/10/2024;4;0
27/10/2024;5;0
27/10/2024;6;1
27/10/2024;7;0
27/10/2024;8;18
27/10/2024;9;53
27/10/2024;10;123
27/10/2024;11;161
27/10/2024;12;120
27/10/2024;13;259
27/10/2024;14;260
27/10/2024;15;223
27/10/2024;16;143
27/10/2024;17;32
27/10/2024;18;1
27/10/2024;19;0
27/10/2024;20;0
27/10/2024;21;0
27/10/2024;22;0
27/10/2024;23;0
27/10/2024;24;0
28/10/2024;1;0
28/10/2024;2;1
28/10/2024;3;0
28/10/2024;4;0
28/10/2024;5;0
28/10/2024;6;0
28/10/2024;7;0
28/10/2024;8;9
28/10/2024;9;43
28/10/2024;10;114
28/10/2024;11;187
28/10/2024;12;249
28/10/2024;13;275
28/10/2024;14;251
28/10/2024;15;183
28/10/2024;16;119
28/10/2024;17;27
28/10/2024;18;1
28/10/2024;19;0
28/10/2024;20;0
28/10/2024;21;0
28/10/2024;22;0
28/10/2024;23;0
28/10/2024;24;0
29/10/2024;1;0
29/10/2024;2;0
29/10/2024;3;0
29/10/2024;4;0
29/10/2024;5;0
29/10/2024;6;0
29/10/2024;7;1
29/10/2024;8;8
29/10/2024;9;27
29/10/2024;10;33
29/10/2024;11;44
29/10/2024;12;98
29/10/2024;13;194
29/10/2024;14;185
29/10/2024;15;118
29/10/2024;16;65
29/10/2024;17;20
29/10/2024;18;1
29/10/2024;19;0
29/10/2024;20;0
29/10/2024;21;0
29/10/2024;22;0
29/10/2024;23;0
29/10/2024;24;0
30/10/2024;1;0
30/10/2024;2;1
30/10/2024;3;0
30/10/2024;4;0
30/10/2024;5;0
30/10/2024;6;0
30/10/2024;7;0
30/10/2024;8;2
30/10/2024;9;18
30/10/2024;10;32
30/10/2024;11;27
30/10/2024;12;59
30/10/2024;13;67
30/10/2024;14;45
30/10/2024;15;42
30/10/2024;16;25
30/10/2024;17;5
30/10/2024;18;1
30/10/2024;19;0
30/10/2024;20;0
30/10/2024;21;0
30/10/2024;22;0
30/10/2024;23;0
30/10/2024;24;0
31/10/2024;1;0
31/10/2024;2;0
31/10/2024;3;0
31/10/2024;4;0
31/10/2024;5;0
31/10/2024;6;1
31/10/2024;7;0
31/10/2024;8;5
31/10/2024;9;41
31/10/2024;10;127
31/10/2024;11;122
31/10/2024;12;88
31/10/2024;13;86
31/10/2024;14;112
31/10/2024;15;146
31/10/2024;16;26
31/10/2024;17;2
31/10/2024;18;0
31/10/2024;19;0
31/10/2024;20;0
31/10/2024;21;1
31/10/2024;22;0
31/10/2024;23;0
31/10/2024;24;0
01/11/2024;1;0
01/11/2024;2;0
01/11/2024;3;0
01/11/2024;4;0
01/11/2024;5;0
01/11/2024;6;0
01/11/2024;7;1
01/11/2024;8;7
01/11/2024;9;40
01/11/2024;10;102
01/11/2024;11;176
01/11/2024;12;226
01/11/2024;13;256
01/11/2024;14;240
01/11/2024;15;198
01/11/2024;16;110
01/11/2024;17;19
01/11/2024;18;1
01/11/2024;19;0
01/11/2024;20;0
01/11/2024;21;0
01/11/2024;22;0
01/11/2024;23;0
01/11/2024;24;0
02/11/2024;1;1
02/11/2024;2;0
02/11/2024;3;0
02/11/2024;4;0
02/11/2024;5;0
02/11/2024;6;0
02/11/2024;7;0
02/11/2024;8;9
02/11/2024;9;37
02/11/2024;10;102
02/11/2024;11;173
02/11/2024;12;226
02/11/2024;13;243
02/11/2024;14;246
02/11/2024;15;199
02/11/2024;16;113
02/11/2024;17;18
02/11/2024;18;1
02/11/2024;19;0
02/11/2024;20;0
02/11/2024;21;0
02/11/2024;22;0
02/11/2024;23;0
02/11/2024;24;0
03/11/2024;1;0
03/11/2024;2;0
03/11/2024;3;1
03/11/2024;4;0
03/11/2024;5;0
03/11/2024;6;0
03/11/2024;7;0
03/11/2024;8;6
03/11/2024;9;34
03/11/2024;10;103
03/11/2024;11;178
03/11/2024;12;223
03/11/2024;13;257
03/11/2024;14;248
03/11/2024;15;192
03/11/2024;16;110
03/11/2024;17;17
03/11/2024;18;1
03/11/2024;19;0
03/11/2024;20;0
03/11/2024;21;0
03/11/2024;22;0
03/11/2024;23;0
03/11/2024;24;1
04/11/2024;1;0
04/11/2024;2;0
04/11/2024;3;0
04/11/2024;4;0
04/11/2024;5;0
04/11/2024;6;0
04/11/2024;7;0
04/11/2024;8;6
04/11/2024;9;35
04/11/2024;10;101
04/11/2024;11;169
04/11/2024;12;226
04/11/2024;13;254
04/11/2024;14;248
04/11/2024;15;195
04/11/2024;16;114
04/11/2024;17;16
04/11/2024;18;1
04/11/2024;19;0
04/11/2024;20;0
04/11/2024;21;0
04/11/2024;22;0
04/11/2024;23;0
04/11/2024;24;0
05/11/2024;1;0
05/11/2024;2;0
05/11/2024;3;0
05/11/2024;4;0
05/11/2024;5;0
05/11/2024;6;1
05/11/2024;7;0
05/11/2024;8;7
05/11/2024;9;45
05/11/2024;10;99
05/11/2024;11;173
05/11/2024;12;209
05/11/2024;13;219
05/11/2024;14;199
05/11/2024;15;124
05/11/2024;16;96
05/11/2024;17;27
05/11/2024;18;0
05/11/2024;19;0
05/11/2024;20;0
05/11/2024;21;0
05/11/2024;22;0
05/11/2024;23;0
05/11/2024;24;0
06/11/2024;1;0
06/11/2024;2;0
06/11/2024;3;0
06/11/2024;4;0
06/11/2024;5;0
06/11/2024;6;0
06/11/2024;7;0
06/11/2024;8;5
06/11/2024;9;35
06/11/2024;10;82
06/11/2024;11;167
06/11/2024;12;220
06/11/2024;13;251
06/11/2024;14;253
06/11/2024;15;188
06/11/2024;16;104
06/11/2024;17;12
06/11/2024;18;1
06/11/2024;19;0
06/11/2024;20;0
06/11/2024;21;0
06/11/2024;22;0
06/11/2024;23;0
06/11/2024;24;0
07/11/2024;1;1
07/11/2024;2;0
07/11/2024;3;0
07/11/2024;4;0
07/11/2024;5;0
07/11/2024;6;0
07/11/2024;7;0
07/11/2024;8;6
07/11/2024;9;32
07/11/2024;10;94
07/11/2024;11;168
07/11/2024;12;219
07/11/2024;13;238
07/11/2024;14;234
07/11/2024;15;174
07/11/2024;16;84
07/11/2024;17;10
07/11/2024;18;1
07/11/2024;19;0
07/11/2024;20;0
07/11/2024;21;0
07/11/2024;22;0
07/11/2024;23;0
07/11/2024;24;0
08/11/2024;1;0
08/11/2024;2;0
08/11/2024;3;1
08/11/2024;4;0
08/11/2024;5;0
08/11/2024;6;0
08/11/2024;7;0
08/11/2024;8;6
08/11/2024;9;37
08/11/2024;10;81
08/11/2024;11;140
08/11/2024;12;157
08/11/2024;13;182
08/11/2024;14;205
08/11/2024;15;106
08/11/2024;16;51
08/11/2024;17;7
08/11/2024;18;1
08/11/2024;19;0
08/11/2024;20;0
08/11/2024;21;0
08/11/2024;22;0
08/11/2024;23;0
08/11/2024;24;0
09/11/2024;1;0
09/11/2024;2;0
09/11/2024;3;0
09/11/2024;4;0
09/11/2024;5;1
09/11/2024;6;0
09/11/2024;7;0
09/11/2024;8;5
09/11/2024;9;36
09/11/2024;10;83
09/11/2024;11;153
09/11/2024;12;188
09/11/2024;13;194
09/11/2024;14;207
09/11/2024;15;158
09/11/2024;16;73
09/11/2024;17;9
09/11/2024;18;0
09/11/2024;19;0
09/11/2024;20;1
09/11/2024;21;0
09/11/2024;22;0
09/11/2024;23;0
09/11/2024;24;0
10/11/2024;1;0
10/11/2024;2;0
10/11/2024;3;0
10/11/2024;4;0
10/11/2024;5;0
10/11/2024;6;0
10/11/2024;7;0
10/11/2024;8;6
10/11/2024;9;31
10/11/2024;10;90
10/11/2024;11;158
10/11/2024;12;211
10/11/2024;13;229
10/11/2024;14;231
10/11/2024;15;181
10/11/2024;16;91
10/11/2024;17;11
10/11/2024;18;0
10/11/2024;19;1
10/11/2024;20;0
10/11/2024;21;0
10/11/2024;22;0
10/11/2024;23;0
10/11/2024;24;0
11/11/2024;1;0
11/11/2024;2;0
11/11/2024;3;0
11/11/2024;4;0
11/11/2024;5;0
11/11/2024;6;0
11/11/2024;7;1
11/11/2024;8;3
11/11/2024;9;27
11/11/2024;10;88
11/11/2024;11;158
11/11/2024;12;213
11/11/2024;13;233
11/11/2024;14;232
11/11/2024;15;172
11/11/2024;16;88
11/11/2024;17;11
11/11/2024;18;1
11/11/2024;19;0
11/11/2024;20;0
11/11/2024;21;0
11/11/2024;22;0
11/11/2024;23;0
11/11/2024;24;0
12/11/2024;1;0
12/11/2024;2;0
12/11/2024;3;0
12/11/2024;4;0
12/11/2024;5;1
12/11/2024;6;0
12/11/2024;7;0
12/11/2024;8;5
12/11/2024;9;30
12/11/2024;10;85
12/11/2024;11;155
12/11/2024;12;188
12/11/2024;13;235
12/11/2024;14;227
12/11/2024;15;171
12/11/2024;16;78
12/11/2024;17;8
12/11/2024;18;1
12/11/2024;19;0
12/11/2024;20;0
12/11/2024;21;0
12/11/2024;22;0
12/11/2024;23;0
12/11/2024;24;0
13/11/2024;1;0
13/11/2024;2;0
13/11/2024;3;0
13/11/2024;4;0
13/11/2024;5;0
13/11/2024;6;0
13/11/2024;7;1
13/11/2024;8;3
13/11/2024;9;26
13/11/2024;10;84
13/11/2024;11;151
13/11/2024;12;202
13/11/2024;13;234
13/11/2024;14;225
13/11/2024;15;173
13/11/2024;16;71
13/11/2024;17;5
13/11/2024;18;1
13/11/2024;19;0
13/11/2024;20;0
13/11/2024;21;0
13/11/2024;22;0
13/11/2024;23;0
13/11/2024;24;0
14/11/2024;1;0
14/11/2024;2;0
14/11/2024;3;0
14/11/2024;4;0
14/11/2024;5;0
14/11/2024;6;0
14/11/2024;7;0
14/11/2024;8;3
14/11/2024;9;30
14/11/2024;10;82
14/11/2024;11;131
14/11/2024;12;169
14/11/2024;13;221
14/11/2024;14;204
14/11/2024;15;155
14/11/2024;16;71
14/11/2024;17;9
14/11/2024;18;1
14/11/2024;19;0
14/11/2024;20;0
14/11/2024;21;0
14/11/2024;22;0
14/11/2024;23;0
14/11/2024;24;0
15/11/2024;1;0
15/11/2024;2;0
15/11/2024;3;0
15/11/2024;4;0
15/11/2024;5;0
15/11/2024;6;0
15/11/2024;7;0
15/11/2024;8;4
15/11/2024;9;29
15/11/2024;10;80
15/11/2024;11;141
15/11/2024;12;193
15/11/2024;13;221
15/11/2024;14;210
15/11/2024;15;149
15/11/2024;16;72
15/11/2024;17;8
15/11/2024;18;1
15/11/2024;19;0
15/11/2024;20;0
15/11/2024;21;0
15/11/2024;22;0
15/11/2024;23;0
15/11/2024;24;0
16/11/2024;1;0
16/11/2024;2;0
16/11/2024;3;0
16/11/2024;4;0
16/11/2024;5;0
16/11/2024;6;0
16/11/2024;7;1
16/11/2024;8;2
16/11/2024;9;23
16/11/2024;10;79
16/11/2024;11;143
16/11/2024;12;202
16/11/2024;13;222
16/11/2024;14;218
16/11/2024;15;153
16/11/2024;16;67
16/11/2024;17;7
16/11/2024;18;0
16/11/2024;19;1
16/11/2024;20;0
16/11/2024;21;0
16/11/2024;22;0
16/11/2024;23;0
16/11/2024;24;0
17/11/2024;1;0
17/11/2024;2;0
17/11/2024;3;0
17/11/2024;4;0
17/11/2024;5;0
17/11/2024;6;0
17/11/2024;7;0
17/11/2024;8;2
17/11/2024;9;16
17/11/2024;10;70
17/11/2024;11;140
17/11/2024;12;190
17/11/2024;13;210
17/11/2024;14;186
17/11/2024;15;147
17/11/2024;16;65
17/11/2024;17;5
17/11/2024;18;0
17/11/2024;19;0
17/11/2024;20;0
17/11/2024;21;0
17/11/2024;22;0
17/11/2024;23;0
17/11/2024;24;0
18/11/2024;1;1
18/11/2024;2;0
18/11/2024;3;0
18/11/2024;4;0
18/11/2024;5;0
18/11/2024;6;0
18/11/2024;7;0
18/11/2024;8;3
18/11/2024;9;31
18/11/2024;10;75
18/11/2024;11;131
18/11/2024;12;191
18/11/2024;13;135
18/11/2024;14;73
18/11/2024;15;65
18/11/2024;16;38
18/11/2024;17;3
18/11/2024;18;0
18/11/2024;19;0
18/11/2024;20;1
18/11/2024;21;0
18/11/2024;22;0
18/11/2024;23;0
18/11/2024;24;0
19/11/2024;1;0
19/11/2024;2;0
19/11/2024;3;0
19/11/2024;4;0
19/11/2024;5;0
19/11/2024;6;0
19/11/2024;7;0
19/11/2024;8;5
19/11/2024;9;40
19/11/2024;10;65
19/11/2024;11;89
19/11/2024;12;98
19/11/2024;13;189
19/11/2024;14;77
19/11/2024;15;62
19/11/2024;16;24
19/11/2024;17;2
19/11/2024;18;0
19/11/2024;19;0
19/11/2024;20;0
19/11/2024;21;0
19/11/2024;22;0
19/11/2024;23;1
19/11/2024;24;0
20/11/2024;1;0
20/11/2024;2;0
20/11/2024;3;0
20/11/2024;4;0
20/11/2024;5;0
20/11/2024;6;0
20/11/2024;7;0
20/11/2024;8;3
20/11/2024;9;29
20/11/2024;10;37
20/11/2024;11;38
20/11/2024;12;97
20/11/2024;13;69
20/11/2024;14;166
20/11/2024;15;141
20/11/2024;16;71
20/11/2024;17;6
20/11/2024;18;0
20/11/2024;19;0
20/11/2024;20;0
20/11/2024;21;0
20/11/2024;22;0
20/11/2024;23;0
20/11/2024;24;0
21/11/2024;1;0
21/11/2024;2;1
21/11/2024;3;0
21/11/2024;4;0
21/11/2024;5;0
21/11/2024;6;0
21/11/2024;7;0
21/11/2024;8;1
21/11/2024;9;16
21/11/2024;10;68
21/11/2024;11;148
21/11/2024;12;130
21/11/2024;13;184
21/11/2024;14;92
21/11/2024;15;75
21/11/2024;16;18
21/11/2024;17;2
21/11/2024;18;0
21/11/2024;19;0
21/11/2024;20;0
21/11/2024;21;0
21/11/2024;22;0
21/11/2024;23;1
21/11/2024;24;0
22/11/2024;1;0
22/11/2024;2;0
22/11/2024;3;0
22/11/2024;4;0
22/11/2024;5;0
22/11/2024;6;0
22/11/2024;7;0
22/11/2024;8;3
22/11/2024;9;26
22/11/2024;10;44
22/11/2024;11;100
22/11/2024;12;206
22/11/2024;13;232
22/11/2024;14;228
22/11/2024;15;164
22/11/2024;16;67
22/11/2024;17;4
22/11/2024;18;1
22/11/2024;19;0
22/11/2024;20;0
22/11/2024;21;0
22/11/2024;22;0
22/11/2024;23;0
22/11/2024;24;0
23/11/2024;1;0
23/11/2024;2;0
23/11/2024;3;0
23/11/2024;4;0
23/11/2024;5;0
23/11/2024;6;1
23/11/2024;7;0
23/11/2024;8;1
23/11/2024;9;16
23/11/2024;10;69
23/11/2024;11;143
23/11/2024;12;201
23/11/2024;13;232
23/11/2024;14;222
23/11/2024;15;153
23/11/2024;16;53
23/11/2024;17;3
23/11/2024;18;0
23/11/2024;19;0
23/11/2024;20;0
23/11/2024;21;1
23/11/2024;22;0
23/11/2024;23;0
23/11/2024;24;0
24/11/2024;1;0
24/11/2024;2;0
24/11/2024;3;0
24/11/2024;4;0
24/11/2024;5;0
24/11/2024;6;0
24/11/2024;7;0
24/11/2024;8;3
24/11/2024;9;16
24/11/2024;10;51
24/11/2024;11;86
24/11/2024;12;130
24/11/2024;13;98
24/11/2024;14;112
24/11/2024;15;65
24/11/2024;16;22
24/11/2024;17;2
24/11/2024;18;0
24/11/2024;19;0
24/11/2024;20;0
24/11/2024;21;1
24/11/2024;22;0
24/11/2024;23;0
24/11/2024;24;0
25/11/2024;1;0
25/11/2024;2;0
25/11/2024;3;0
25/11/2024;4;0
25/11/2024;5;0
25/11/2024;6;0
25/11/2024;7;0
25/11/2024;8;1
25/11/2024;9;13
25/11/2024;10;41
25/11/2024;11;62
25/11/2024;12;76
25/11/2024;13;75
25/11/2024;14;62
25/11/2024;15;40
25/11/2024;16;19
25/11/2024;17;1
25/11/2024;18;0
25/11/2024;19;0
25/11/2024;20;0
25/11/2024;21;1
25/11/2024;22;0
25/11/2024;23;0
25/11/2024;24;0
26/11/2024;1;0
26/11/2024;2;0
26/11/2024;3;0
26/11/2024;4;0
26/11/2024;5;0
26/11/2024;6;0
26/11/2024;7;0
26/11/2024;8;1
26/11/2024;9;1
26/11/2024;10;11
26/11/2024;11;23
26/11/2024;12;18
26/11/2024;13;19
26/11/2024;14;24
26/11/2024;15;21
26/11/2024;16;11
26/11/2024;17;2
26/11/2024;18;0
26/11/2024;19;0
26/11/2024;20;0
26/11/2024;21;1
26/11/2024;22;0
26/11/2024;23;0
26/11/2024;24;0
27/11/2024;1;0
27/11/2024;2;0
27/11/2024;3;0
27/11/2024;4;0
27/11/2024;5;0
27/11/2024;6;0
27/11/2024;7;0
27/11/2024;8;2
27/11/2024;9;19
27/11/2024;10;58
27/11/2024;11;43
27/11/2024;12;27
27/11/2024;13;47
27/11/2024;14;62
27/11/2024;15;105
27/11/2024;16;37
27/11/2024;17;2
27/11/2024;18;0
27/11/2024;19;0
27/11/2024;20;0
27/11/2024;21;0
27/11/2024;22;0
27/11/2024;23;1
27/11/2024;24;0
28/11/2024;1;0
28/11/2024;2;0
28/11/2024;3;0
28/11/2024;4;0
28/11/2024;5;0
28/11/2024;6;0
28/11/2024;7;0
28/11/2024;8;1
28/11/2024;9;6
28/11/2024;10;16
28/11/2024;11;31
28/11/2024;12;42
28/11/2024;13;60
28/11/2024;14;30
28/11/2024;15;36
28/11/2024;16;3
28/11/2024;17;2
28/11/2024;18;0
28/11/2024;19;0
28/11/2024;20;0
28/11/2024;21;0
28/11/2024;22;0
28/11/2024;23;0
28/11/2024;24;0
29/11/2024;1;0
29/11/2024;2;0
29/11/2024;3;0
29/11/2024;4;0
29/11/2024;5;0
29/11/2024;6;1
29/11/2024;7;0
29/11/2024;8;0
29/11/2024;9;28
29/11/2024;10;74
29/11/2024;11;103
29/11/2024;12;190
29/11/2024;13;214
29/11/2024;14;198
29/11/2024;15;140
29/11/2024;16;56
29/11/2024;17;3
29/11/2024;18;0
29/11/2024;19;0
29/11/2024;20;0
29/11/2024;21;0
29/11/2024;22;0
29/11/2024;23;0
29/11/2024;24;0
30/11/2024;1;0
30/11/2024;2;1
30/11/2024;3;0
30/11/2024;4;0
30/11/2024;5;0
30/11/2024;6;0
30/11/2024;7;0
30/11/2024;8;1
30/11/2024;9;11
30/11/2024;10;55
30/11/2024;11;122
30/11/2024;12;184
30/11/2024;13;201
30/11/2024;14;198
30/11/2024;15;138
30/11/2024;16;58
30/11/2024;17;3
30/11/2024;18;0
30/11/2024;19;0
30/11/2024;20;0
30/11/2024;21;0
30/11/2024;22;0
30/11/2024;23;0
30/11/2024;24;0
01/12/2024;1;0
01/12/2024;2;0
01/12/2024;3;0
01/12/2024;4;1
01/12/2024;5;0
01/12/2024;6;0
01/12/2024;7;0
01/12/2024;8;1
01/12/2024;9;12
01/12/2024;10;57
01/12/2024;11;123
01/12/2024;12;177
01/12/2024;13;206
01/12/2024;14;197
01/12/2024;15;138
01/12/2024;16;52
01/12/2024;17;3
01/12/2024;18;0
01/12/2024;19;0
01/12/2024;20;0
01/12/2024;21;0
01/12/2024;22;1
01/12/2024;23;0
01/12/2024;24;0
02/12/2024;1;0
02/12/2024;2;0
02/12/2024;3;0
02/12/2024;4;0
02/12/2024;5;0
02/12/2024;6;0
02/12/2024;7;0
02/12/2024;8;1
02/12/2024;9;11
02/12/2024;10;52
02/12/2024;11;118
02/12/2024;12;172
02/12/2024;13;172
02/12/2024;14;191
02/12/2024;15;136
02/12/2024;16;49
02/12/2024;17;3
02/12/2024;18;0
02/12/2024;19;0
02/12/2024;20;0
02/12/2024;21;0
02/12/2024;22;1
02/12/2024;23;0
02/12/2024;24;0
03/12/2024;1;0
03/12/2024;2;0
03/12/2024;3;0
03/12/2024;4;0
03/12/2024;5;0
03/12/2024;6;0
03/12/2024;7;0
03/12/2024;8;1
03/12/2024;9;4
03/12/2024;10;25
03/12/2024;11;37
03/12/2024;12;55
03/12/2024;13;61
03/12/2024;14;70
03/12/2024;15;34
03/12/2024;16;19
03/12/2024;17;2
03/12/2024;18;0
03/12/2024;19;0
03/12/2024;20;0
03/12/2024;21;1
03/12/2024;22;0
03/12/2024;23;0
03/12/2024;24;0
04/12/2024;1;0
04/12/2024;2;0
04/12/2024;3;0
04/12/2024;4;0
04/12/2024;5;0
04/12/2024;6;0
04/12/2024;7;0
04/12/2024;8;1
04/12/2024;9;4
04/12/2024;10;31
04/12/2024;11;70
04/12/2024;12;112
04/12/2024;13;130
04/12/2024;14;87
04/12/2024;15;40
04/12/2024;16;13
04/12/2024;17;2
04/12/2024;18;0
04/12/2024;19;0
04/12/2024;20;0
04/12/2024;21;0
04/12/2024;22;0
04/12/2024;23;0
04/12/2024;24;0
05/12/2024;1;0
05/12/2024;2;0
05/12/2024;3;0
05/12/2024;4;0
05/12/2024;5;0
05/12/2024;6;1
05/12/2024;7;0
05/12/2024;8;0
05/12/2024;9;12
05/12/2024;10;50
05/12/2024;11;111
05/12/2024;12;168
05/12/2024;13;198
05/12/2024;14;191
05/12/2024;15;134
05/12/2024;16;49
05/12/2024;17;2
05/12/2024;18;1
05/12/2024;19;0
05/12/2024;20;0
05/12/2024;21;0
05/12/2024;22;0
05/12/2024;23;0
05/12/2024;24;0
06/12/2024;1;0
06/12/2024;2;0
06/12/2024;3;0
06/12/2024;4;0
06/12/2024;5;0
06/12/2024;6;0
06/12/2024;7;0
06/12/2024;8;1
06/12/2024;9;16
06/12/2024;10;47
06/12/2024;11;31
06/12/2024;12;24
06/12/2024;13;60
06/12/2024;14;113
06/12/2024;15;83
06/12/2024;16;41
06/12/2024;17;3
06/12/2024;18;0
06/12/2024;19;0
06/12/2024;20;0
06/12/2024;21;0
06/12/2024;22;0
06/12/2024;23;0
06/12/2024;24;0
07/12/2024;1;0
07/12/2024;2;0
07/12/2024;3;0
07/12/2024;4;0
07/12/2024;5;1
07/12/2024;6;0
07/12/2024;7;0
07/12/2024;8;1
07/12/2024;9;32
07/12/2024;10;70
07/12/2024;11;79
07/12/2024;12;130
07/12/2024;13;121
07/12/2024;14;102
07/12/2024;15;48
07/12/2024;16;20
07/12/2024;17;3
07/12/2024;18;0
07/12/2024;19;0
07/12/2024;20;0
07/12/2024;21;0
07/12/2024;22;0
07/12/2024;23;0
07/12/2024;24;0
08/12/2024;1;0
08/12/2024;2;0
08/12/2024;3;1
08/12/2024;4;0
08/12/2024;5;0
08/12/2024;6;0
08/12/2024;7;0
08/12/2024;8;0
08/12/2024;9;1
08/12/2024;10;7
08/12/2024;11;36
08/12/2024;12;29
08/12/2024;13;29
08/12/2024;14;24
08/12/2024;15;13
08/12/2024;16;3
08/12/2024;17;1
08/12/2024;18;0
08/12/2024;19;0
08/12/2024;20;0
08/12/2024;21;0
08/12/2024;22;0
08/12/2024;23;0
08/12/2024;24;0
09/12/2024;1;1
09/12/2024;2;0
09/12/2024;3;0
09/12/2024;4;0
09/12/2024;5;0
09/12/2024;6;0
09/12/2024;7;0
09/12/2024;8;1
09/12/2024;9;10
09/12/2024;10;38
09/12/2024;11;51
09/12/2024;12;92
09/12/2024;13;77
09/12/2024;14;60
09/12/2024;15;40
09/12/2024;16;14
09/12/2024;17;1
09/12/2024;18;0
09/12/2024;19;1
09/12/2024;20;0
09/12/2024;21;0
09/12/2024;22;0
09/12/2024;23;0
09/12/2024;24;0
10/12/2024;1;0
10/12/2024;2;0
10/12/2024;3;0
10/12/2024;4;0
10/12/2024;5;0
10/12/2024;6;0
10/12/2024;7;0
10/12/2024;8;1
10/12/2024;9;5
10/12/2024;10;32
10/12/2024;11;71
10/12/2024;12;67
10/12/2024;13;71
10/12/2024;14;76
10/12/2024;15;57
10/12/2024;16;45
10/12/2024;17;1
10/12/2024;18;0
10/12/2024;19;0
10/12/2024;20;0
10/12/2024;21;1
10/12/2024;22;0
10/12/2024;23;0
10/12/2024;24;0
11/12/2024;1;0
11/12/2024;2;0
11/12/2024;3;0
11/12/2024;4;0
11/12/2024;5;0
11/12/2024;6;0
11/12/2024;7;0
11/12/2024;8;1
11/12/2024;9;8
11/12/2024;10;42
11/12/2024;11;106
11/12/2024;12;156
11/12/2024;13;176
11/12/2024;14;177
11/12/2024;15;128
11/12/2024;16;44
11/12/2024;17;3
11/12/2024;18;0
11/12/2024;19;0
11/12/2024;20;0
11/12/2024;21;0
11/12/2024;22;0
11/12/2024;23;0
11/12/2024;24;0
12/12/2024;1;0
12/12/2024;2;0
12/12/2024;3;0
12/12/2024;4;1
12/12/2024;5;0
12/12/2024;6;0
12/12/2024;7;0
12/12/2024;8;0
12/12/2024;9;10
12/12/2024;10;44
12/12/2024;11;105
12/12/2024;12;160
12/12/2024;13;191
12/12/2024;14;183
12/12/2024;15;128
12/12/2024;16;46
12/12/2024;17;3
12/12/2024;18;0
12/12/2024;19;0
12/12/2024;20;1
12/12/2024;21;0
12/12/2024;22;0
12/12/2024;23;0
12/12/2024;24;0
13/12/2024;1;0
13/12/2024;2;0
13/12/2024;3;0
13/12/2024;4;0
13/12/2024;5;0
13/12/2024;6;0
13/12/2024;7;0
13/12/2024;8;1
13/12/2024;9;17
13/12/2024;10;63
13/12/2024;11;111
13/12/2024;12;148
13/12/2024;13;184
13/12/2024;14;176
13/12/2024;15;125
13/12/2024;16;42
13/12/2024;17;1
13/12/2024;18;0
13/12/2024;19;1
13/12/2024;20;0
13/12/2024;21;0
13/12/2024;22;0
13/12/2024;23;0
13/12/2024;24;0
14/12/2024;1;0
14/12/2024;2;0
14/12/2024;3;0
14/12/2024;4;0
14/12/2024;5;0
14/12/2024;6;0
14/12/2024;7;0
14/12/2024;8;1
14/12/2024;9;5
14/12/2024;10;38
14/12/2024;11;64
14/12/2024;12;111
14/12/2024;13;175
14/12/2024;14;149
14/12/2024;15;86
14/12/2024;16;31
14/12/2024;17;2
14/12/2024;18;1
14/12/2024;19;0
14/12/2024;20;0
14/12/2024;21;0
14/12/2024;22;0
14/12/2024;23;0
14/12/2024;24;0
15/12/2024;1;0
15/12/2024;2;0
15/12/2024;3;0
15/12/2024;4;0
15/12/2024;5;0
15/12/2024;6;0
15/12/2024;7;0
15/12/2024;8;1
15/12/2024;9;6
15/12/2024;10;19
15/12/2024;11;35
15/12/2024;12;68
15/12/2024;13;98
15/12/2024;14;90
15/12/2024;15;78
15/12/2024;16;24
15/12/2024;17;2
15/12/2024;18;0
15/12/2024;19;0
15/12/2024;20;1
15/12/2024;21;0
15/12/2024;22;0
15/12/2024;23;0
15/12/2024;24;0
16/12/2024;1;0
16/12/2024;2;0
16/12/2024;3;0
16/12/2024;4;0
16/12/2024;5;0
16/12/2024;6;0
16/12/2024;7;0
16/12/2024;8;1
16/12/2024;9;5
16/12/2024;10;37
16/12/2024;11;114
16/12/2024;12;171
16/12/2024;13;184
16/12/2024;14;171
16/12/2024;15;120
16/12/2024;16;43
16/12/2024;17;3
16/12/2024;18;0
16/12/2024;19;0
16/12/2024;20;0
16/12/2024;21;1
16/12/2024;22;0
16/12/2024;23;0
16/12/2024;24;0
17/12/2024;1;0
17/12/2024;2;0
17/12/2024;3;0
17/12/2024;4;0
17/12/2024;5;0
17/12/2024;6;0
17/12/2024;7;0
17/12/2024;8;1
17/12/2024;9;5
17/12/2024;10;22
17/12/2024;11;38
17/12/2024;12;42
17/12/2024;13;46
17/12/2024;14;39
17/12/2024;15;18
17/12/2024;16;6
17/12/2024;17;2
17/12/2024;18;0
17/12/2024;19;0
17/12/2024;20;0
17/12/2024;21;0
17/12/2024;22;0
17/12/2024;23;0
17/12/2024;24;0
18/12/2024;1;0
18/12/2024;2;0
18/12/2024;3;0
18/12/2024;4;0
18/12/2024;5;0
18/12/2024;6;1
18/12/2024;7;0
18/12/2024;8;0
18/12/2024;9;10
18/12/2024;10;45
18/12/2024;11;79
18/12/2024;12;162
18/12/2024;13;109
18/12/2024;14;146
18/12/2024;15;103
18/12/2024;16;40
18/12/2024;17;3
18/12/2024;18;1
18/12/2024;19;0
18/12/2024;20;0
18/12/2024;21;0
18/12/2024;22;0
18/12/2024;23;0
18/12/2024;24;0
19/12/2024;1;0
19/12/2024;2;0
19/12/2024;3;0
19/12/2024;4;0
19/12/2024;5;0
19/12/2024;6;1
19/12/2024;7;0
19/12/2024;8;0
19/12/2024;9;3
19/12/2024;10;8
19/12/2024;11;24
19/12/2024;12;22
19/12/2024;13;22
19/12/2024;14;12
19/12/2024;15;6
19/12/2024;16;3
19/12/2024;17;1
19/12/2024;18;1
19/12/2024;19;0
19/12/2024;20;0
19/12/2024;21;0
19/12/2024;22;0
19/12/2024;23;0
19/12/2024;24;0
20/12/2024;1;0
20/12/2024;2;0
20/12/2024;3;0
20/12/2024;4;0
20/12/2024;5;0
20/12/2024;6;0
20/12/2024;7;0
20/12/2024;8;1
20/12/2024;9;4
20/12/2024;10;19
20/12/2024;11;36
20/12/2024;12;57
20/12/2024;13;152
20/12/2024;14;117
20/12/2024;15;58
20/12/2024;16;18
20/12/2024;17;1
20/12/2024;18;1
20/12/2024;19;0
20/12/2024;20;0
20/12/2024;21;0
20/12/2024;22;0
20/12/2024;23;0
20/12/2024;24;0
21/12/2024;1;0
21/12/2024;2;0
21/12/2024;3;0
21/12/2024;4;0
21/12/2024;5;1
21/12/2024;6;0
21/12/2024;7;0
21/12/2024;8;0
21/12/2024;9;11
21/12/2024;10;40
21/12/2024;11;81
21/12/2024;12;105
21/12/2024;13;184
21/12/2024;14;186
21/12/2024;15;134
21/12/2024;16;56
21/12/2024;17;4
21/12/2024;18;0
21/12/2024;19;0
21/12/2024;20;0
21/12/2024;21;1
21/12/2024;22;0
21/12/2024;23;0
21/12/2024;24;0
22/12/2024;1;0
22/12/2024;2;0
22/12/2024;3;0
22/12/2024;4;0
22/12/2024;5;0
22/12/2024;6;0
22/12/2024;7;0
22/12/2024;8;1
22/12/2024;9;4
22/12/2024;10;45
22/12/2024;11;107
22/12/2024;12;62
22/12/2024;13;16
22/12/2024;14;11
22/12/2024;15;5
22/12/2024;16;1
22/12/2024;17;1
22/12/2024;18;0
22/12/2024;19;0
22/12/2024;20;0
22/12/2024;21;1
22/12/2024;22;0
22/12/2024;23;0
22/12/2024;24;0
23/12/2024;1;0
23/12/2024;2;0
23/12/2024;3;0
23/12/2024;4;0
23/12/2024;5;0
23/12/2024;6;0
23/12/2024;7;0
23/12/2024;8;1
23/12/2024;9;8
23/12/2024;10;33
23/12/2024;11;100
23/12/2024;12;163
23/12/2024;13;205
23/12/2024;14;155
23/12/2024;15;141
23/12/2024;16;62
23/12/2024;17;3
23/12/2024;18;0
23/12/2024;19;1
23/12/2024;20;0
23/12/2024;21;0
23/12/2024;22;0
23/12/2024;23;0
23/12/2024;24;0
24/12/2024;1;0
24/12/2024;2;0
24/12/2024;3;0
24/12/2024;4;0
24/12/2024;5;0
24/12/2024;6;0
24/12/2024;7;0
24/12/2024;8;1
24/12/2024;9;5
24/12/2024;10;34
24/12/2024;11;100
24/12/2024;12;160
24/12/2024;13;192
24/12/2024;14;198
24/12/2024;15;149
24/12/2024;16;62
24/12/2024;17;3
24/12/2024;18;1
24/12/2024;19;0
24/12/2024;20;0
24/12/2024;21;0
24/12/2024;22;0
24/12/2024;23;0
24/12/2024;24;0
25/12/2024;1;0
25/12/2024;2;0
25/12/2024;3;0
25/12/2024;4;0
25/12/2024;5;0
25/12/2024;6;1
25/12/2024;7;0
25/12/2024;8;0
25/12/2024;9;5
25/12/2024;10;36
25/12/2024;11;101
25/12/2024;12;162
25/12/2024;13;202
25/12/2024;14;200
25/12/2024;15;147
25/12/2024;16;66
25/12/2024;17;4
25/12/2024;18;0
25/12/2024;19;0
25/12/2024;20;0
25/12/2024;21;0
25/12/2024;22;0
25/12/2024;23;0
25/12/2024;24;0
26/12/2024;1;1
26/12/2024;2;0
26/12/2024;3;0
26/12/2024;4;0
26/12/2024;5;0
26/12/2024;6;0
26/12/2024;7;0
26/12/2024;8;0
26/12/2024;9;5
26/12/2024;10;42
26/12/2024;11;102
26/12/2024;12;163
26/12/2024;13;196
26/12/2024;14;199
26/12/2024;15;148
26/12/2024;16;62
26/12/2024;17;4
26/12/2024;18;0
26/12/2024;19;0
26/12/2024;20;1
26/12/2024;21;0
26/12/2024;22;0
26/12/2024;23;0
26/12/2024;24;0
27/12/2024;1;0
27/12/2024;2;0
27/12/2024;3;0
27/12/2024;4;0
27/12/2024;5;0
27/12/2024;6;0
27/12/2024;7;0
27/12/2024;8;1
27/12/2024;9;5
27/12/2024;10;37
27/12/2024;11;99
27/12/2024;12;153
27/12/2024;13;195
27/12/2024;14;194
27/12/2024;15;144
27/12/2024;16;59
27/12/2024;17;4
27/12/2024;18;0
27/12/2024;19;0
27/12/2024;20;0
27/12/2024;21;0
27/12/2024;22;0
27/12/2024;23;1
27/12/2024;24;0
28/12/2024;1;0
28/12/2024;2;0
28/12/2024;3;0
28/12/2024;4;0
28/12/2024;5;0
28/12/2024;6;0
28/12/2024;7;0
28/12/2024;8;1
28/12/2024;9;5
28/12/2024;10;35
28/12/2024;11;97
28/12/2024;12;148
28/12/2024;13;188
28/12/2024;14;172
28/12/2024;15;135
28/12/2024;16;46
28/12/2024;17;5
28/12/2024;18;1
28/12/2024;19;0
28/12/2024;20;0
28/12/2024;21;0
28/12/2024;22;0
28/12/2024;23;0
28/12/2024;24;0
29/12/2024;1;0
29/12/2024;2;0
29/12/2024;3;0
29/12/2024;4;0
29/12/2024;5;0
29/12/2024;6;0
29/12/2024;7;0
29/12/2024;8;1
29/12/2024;9;5
29/12/2024;10;35
29/12/2024;11;97
29/12/2024;12;151
29/12/2024;13;191
29/12/2024;14;194
29/12/2024;15;140
29/12/2024;16;65
29/12/2024;17;5
29/12/2024;18;0
29/12/2024;19;1
29/12/2024;20;0
29/12/2024;21;0
29/12/2024;22;0
29/12/2024;23;0
29/12/2024;24;0
30/12/2024;1;0
30/12/2024;2;0
30/12/2024;3;0
30/12/2024;4;0
30/12/2024;5;0
30/12/2024;6;0
30/12/2024;7;0
30/12/2024;8;1
30/12/2024;9;5
30/12/2024;10;35
30/12/2024;11;98
30/12/2024;12;155
30/12/2024;13;190
30/12/2024;14;188
30/12/2024;15;137
30/12/2024;16;61
30/12/2024;17;5
30/12/2024;18;0
30/12/2024;19;0
30/12/2024;20;0
30/12/2024;21;0
30/12/2024;22;0
30/12/2024;23;0
30/12/2024;24;1
31/12/2024;1;0
31/12/2024;2;0
31/12/2024;3;0
31/12/2024;4;0
31/12/2024;5;0
31/12/2024;6;0
31/12/2024;7;0
31/12/2024;8;1
31/12/2024;9;6
31/12/2024;10;37
31/12/2024;11;96
31/12/2024;12;153
31/12/2024;13;182
31/12/2024;14;185
31/12/2024;15;139
31/12/2024;16;60
31/12/2024;17;5
31/12/2024;18;1
31/12/2024;19;0
31/12/2024;20;0
31/12/2024;21;0
31/12/2024;22;0
31/12/2024;23;0
31/12/2024;24;0
