Hour,Date,True_Price,Forecast_Price,PSO_Energy_Actual,PSO_SOC,PSO_Instant_Profit,PSO_Cumulative_Profit,PPO_Energy_Actual,PPO_SOC,PPO_Instant_Profit,PPO_Cumulative_Profit
0,2024-01-01,107.09,107.09,-1.396615904186361,0.13246949889832604,149.5635971793174,149.5635971793174,-1.4,0.13157894736842107,149.926,149.926
1,2024-01-01,104.0,104.0,-0.09560987045210126,0.10730900667408887,9.94342652701853,159.50702370633593,0.0,0.13157894736842107,-0.0,149.926
2,2024-01-01,100.0,100.0,-0.02777422536153767,0.1,2.777422536153767,162.2844462424897,0.20000000000000018,0.17907894736842112,-20.000000000000018,129.92599999999996
3,2024-01-01,85.66,85.66,1.36818605476422,0.42494418800650224,-117.19881745110308,45.085628791386625,0.20000000000000018,0.22657894736842116,-17.132000000000016,112.79399999999994
4,2024-01-01,85.0,85.0,0.44794665821487767,0.5313315193325356,-38.0754659482646,7.010162843122025,0.20000000000000018,0.2740789473684212,-17.000000000000014,95.79399999999993
5,2024-01-01,85.53,85.53,1.5512459991639882,0.8997524441339828,-132.6780703084959,-125.66790746537387,0.20000000000000018,0.32157894736842124,-17.106000000000016,78.6879999999999
6,2024-01-01,95.07,95.07,0.0,0.8997524441339828,-0.0,-125.66790746537387,0.20000000000000018,0.3690789473684213,-19.014000000000017,59.673999999999886
7,2024-01-01,104.07,104.07,0.0,0.8997524441339828,-0.0,-125.66790746537387,0.0,0.3690789473684213,-0.0,59.673999999999886
8,2024-01-01,106.95,106.95,0.0,0.8997524441339828,-0.0,-125.66790746537387,0.0,0.3690789473684213,-0.0,59.673999999999886
9,2024-01-01,107.08,107.08,0.0,0.8997524441339828,-0.0,-125.66790746537387,0.0,0.3690789473684213,-0.0,59.673999999999886
10,2024-01-01,104.0,104.0,0.0,0.8997524441339828,-0.0,-125.66790746537387,0.0,0.3690789473684213,-0.0,59.673999999999886
11,2024-01-01,98.13,98.13,0.0,0.8997524441339828,-0.0,-125.66790746537387,0.0,0.3690789473684213,-0.0,59.673999999999886
12,2024-01-01,101.55,101.55,0.0,0.8997524441339828,-0.0,-125.66790746537387,0.20000000000000018,0.4165789473684213,-20.310000000000016,39.36399999999987
13,2024-01-01,98.16,98.16,0.0,0.8997524441339828,-0.0,-125.66790746537387,0.20000000000000018,0.46407894736842137,-19.632000000000016,19.731999999999854
14,2024-01-01,98.17,98.17,0.0,0.8997524441339828,-0.0,-125.66790746537387,0.20000000000000018,0.5115789473684214,-19.634000000000018,0.09799999999983555
15,2024-01-01,105.54,105.54,0.0,0.8997524441339828,-0.0,-125.66790746537387,0.20000000000000018,0.5590789473684215,-21.10800000000002,-21.010000000000183
16,2024-01-01,110.0,110.0,0.0,0.8997524441339828,-0.0,-125.66790746537387,-1.4,0.19065789473684253,154.0,132.9899999999998
17,2024-01-01,120.04,120.04,0.0,0.8997524441339828,-0.0,-125.66790746537387,0.20000000000000018,0.23815789473684257,-24.008000000000024,108.98199999999979
18,2024-01-01,131.5,131.5,-1.0228457005369476,0.6305825229400492,134.5042096206086,8.836302155234733,0.0,0.23815789473684257,-0.0,108.98199999999979
19,2024-01-01,132.0,132.0,-2.0,0.10426673346636506,264.0,272.83630215523476,0.0,0.23815789473684257,-0.0,108.98199999999979
20,2024-01-01,127.75,127.75,-0.0162135871721872,0.1,2.071285761246915,274.9075879164817,0.0,0.23815789473684257,-0.0,108.98199999999979
21,2024-01-01,113.48,113.48,0.02076773550729609,0.10493233718298282,-2.3567226253679605,272.5508652911137,0.0,0.23815789473684257,-0.0,108.98199999999979
22,2024-01-01,109.18,109.18,-0.017852166047804936,0.10023439874934995,1.9490994890993432,274.4999647802131,0.0,0.23815789473684257,-0.0,108.98199999999979
23,2024-01-01,107.2,107.2,0.0,0.10023439874934995,-0.0,274.4999647802131,0.0,0.23815789473684257,-0.0,108.98199999999979
24,2024-01-02,105.49,105.49,0.0,0.10023439874934995,-0.0,274.4999647802131,0.0,0.23815789473684257,-0.0,108.98199999999979
25,2024-01-02,90.09,90.09,0.0,0.10023439874934995,-0.0,274.4999647802131,0.20000000000000018,0.2856578947368426,-18.01800000000002,90.96399999999977
26,2024-01-02,84.27,84.27,0.0,0.10023439874934995,-0.0,274.4999647802131,0.20000000000000018,0.33315789473684265,-16.854000000000013,74.10999999999976
27,2024-01-02,84.27,84.27,1.3668637667436372,0.4248645433509638,-115.1856096234863,159.31435515672678,0.20000000000000018,0.3806578947368427,-16.854000000000013,57.255999999999744
28,2024-01-02,84.27,84.27,2.0,0.8998645433509638,-168.54,-9.225644843273216,0.20000000000000018,0.42815789473684274,-16.854000000000013,40.40199999999973
29,2024-01-02,100.0,100.0,0.0,0.8998645433509638,-0.0,-9.225644843273216,0.20000000000000018,0.4756578947368428,-20.000000000000018,20.401999999999713
30,2024-01-02,108.28,108.28,0.0,0.8998645433509638,-0.0,-9.225644843273216,0.20000000000000018,0.5231578947368428,-21.65600000000002,-1.2540000000003069
31,2024-01-02,113.85,113.85,0.0,0.8998645433509638,-0.0,-9.225644843273216,0.0,0.5231578947368428,-0.0,-1.2540000000003069
32,2024-01-02,126.9,126.9,-2.0,0.3735487538772796,253.8,244.5743551567268,-1.4,0.1547368421052639,177.66,176.4059999999997
33,2024-01-02,119.5,119.5,-1.0394852647336625,0.1,124.21848913567267,368.7928442923995,0.0,0.1547368421052639,-0.0,176.4059999999997
34,2024-01-02,110.6,110.6,0.0,0.1,-0.0,368.7928442923995,0.20000000000000018,0.20223684210526394,-22.12000000000002,154.28599999999966
35,2024-01-02,108.28,108.28,0.0,0.1,-0.0,368.7928442923995,0.20000000000000018,0.24973684210526398,-21.65600000000002,132.62999999999965
36,2024-01-02,105.88,105.88,1.366006966237132,0.4244266544813188,-144.63281758518752,224.16002670721195,0.20000000000000018,0.297236842105264,-21.176000000000016,111.45399999999964
37,2024-01-02,100.15,100.15,2.0,0.8994266544813188,-200.3,23.860026707211944,0.20000000000000018,0.34473684210526406,-20.03000000000002,91.42399999999962
38,2024-01-02,108.28,108.28,0.0,0.8994266544813188,-0.0,23.860026707211944,0.20000000000000018,0.3922368421052641,-21.65600000000002,69.7679999999996
39,2024-01-02,110.0,110.0,0.0,0.8994266544813188,-0.0,23.860026707211944,0.20000000000000018,0.43973684210526415,-22.00000000000002,47.76799999999958
40,2024-01-02,112.8,112.8,0.0,0.8994266544813188,-0.0,23.860026707211944,0.0,0.43973684210526415,-0.0,47.76799999999958
41,2024-01-02,129.99,129.99,-1.993529776630127,0.37481355536812744,259.1389356641502,282.99896237136215,-1.2910000000000035,0.10000000000000003,167.81709000000046,215.58509000000004
42,2024-01-02,130.0,130.0,-0.9782338591733003,0.11738359242778523,127.17040169252904,410.1693640638912,0.0,0.10000000000000003,-0.0,215.58509000000004
43,2024-01-02,124.29,124.29,-0.06605765122558387,0.1,8.21030547082782,418.379669534719,0.0,0.10000000000000003,-0.0,215.58509000000004
44,2024-01-02,111.26,111.26,0.027559686748679316,0.10654542560281134,-3.0662907476580608,415.31337878706097,0.0,0.10000000000000003,-0.0,215.58509000000004
45,2024-01-02,108.28,108.28,-0.01952854333412318,0.10140633525172629,2.114550672218858,417.4279294592798,0.0,0.10000000000000003,-0.0,215.58509000000004
46,2024-01-02,106.0,106.0,0.0,0.10140633525172629,-0.0,417.4279294592798,0.0,0.10000000000000003,-0.0,215.58509000000004
47,2024-01-02,92.41,92.41,0.0,0.10140633525172629,-0.0,417.4279294592798,0.0,0.10000000000000003,-0.0,215.58509000000004
48,2024-01-03,82.5,82.5,0.0,0.10140633525172629,-0.0,417.4279294592798,0.0,0.10000000000000003,-0.0,215.58509000000004
49,2024-01-03,70.1,70.1,0.0,0.10140633525172629,-0.0,417.4279294592798,0.20000000000000018,0.14750000000000008,-14.020000000000012,201.56509000000003
50,2024-01-03,50.21346,50.21346,0.0,0.10140633525172629,-0.0,417.4279294592798,0.20000000000000018,0.19500000000000012,-10.042692000000008,191.522398
51,2024-01-03,40.0,40.0,2.0,0.5764063352517262,-80.0,337.4279294592798,0.20000000000000018,0.24250000000000016,-8.000000000000007,183.522398
52,2024-01-03,50.0,50.0,1.3624996410453634,0.9,-68.12498205226817,269.30294740701163,0.20000000000000018,0.2900000000000002,-10.000000000000009,173.522398
53,2024-01-03,75.0,75.0,-0.03075618817226067,0.8919062662704578,2.3067141129195505,271.6096615199312,0.20000000000000018,0.33750000000000024,-15.000000000000014,158.522398
54,2024-01-03,95.46,95.46,0.03407887886123054,0.9,-3.253169776093067,268.35649174383815,0.20000000000000018,0.3850000000000003,-19.092000000000017,139.430398
55,2024-01-03,108.28,108.28,0.0,0.9,-0.0,268.35649174383815,0.0,0.3850000000000003,-0.0,139.430398
56,2024-01-03,114.99561,114.99561,-2.0,0.37368421052631584,229.99122,498.34771174383815,0.0,0.3850000000000003,-0.0,139.430398
57,2024-01-03,113.34489,113.34489,-1.0400000000000003,0.1,117.87868560000004,616.2263973438382,0.0,0.3850000000000003,-0.0,139.430398
58,2024-01-03,107.85233,107.85233,0.0,0.1,-0.0,616.2263973438382,0.0,0.3850000000000003,-0.0,139.430398
59,2024-01-03,105.0,105.0,0.4186545887160728,0.1994304648200673,-43.95873181518765,572.2676655286506,0.20000000000000018,0.43250000000000033,-21.000000000000018,118.43039799999998
60,2024-01-03,92.04644,92.04644,-0.13136342397074258,0.16486114272250346,12.09153552271752,584.3592010513681,0.20000000000000018,0.48000000000000037,-18.409288000000018,100.02110999999996
61,2024-01-03,91.59366,91.59366,2.0,0.6398611427225034,-183.18732,401.17188105136813,0.20000000000000018,0.5275000000000004,-18.318732000000015,81.70237799999995
62,2024-01-03,97.50897,97.50897,1.0953215043263016,0.9,-106.80367170570821,294.3682093456599,0.20000000000000018,0.5750000000000004,-19.501794000000018,62.200583999999935
63,2024-01-03,106.02775,106.02775,0.0,0.9,-0.0,294.3682093456599,-1.4,0.20657894736842147,148.43884999999997,210.6394339999999
64,2024-01-03,109.7411,109.7411,-0.04356307165049794,0.8885360337761847,4.78065940230446,299.1488687479644,0.20000000000000018,0.2540789473684215,-21.94822000000002,188.6912139999999
65,2024-01-03,115.81,115.81,0.04826933146869597,0.9,-5.59007127738968,293.55879747057475,0.0,0.2540789473684215,-0.0,188.6912139999999
66,2024-01-03,115.81,115.81,-1.039757585530227,0.6263795827552034,120.4143259802556,413.97312345083037,0.0,0.2540789473684215,-0.0,188.6912139999999
67,2024-01-03,115.81,115.81,-2.0,0.10006379328151926,231.62,645.5931234508304,0.0,0.2540789473684215,-0.0,188.6912139999999
68,2024-01-03,109.0,109.0,0.0,0.10006379328151926,-0.0,645.5931234508304,0.0,0.2540789473684215,-0.0,188.6912139999999
69,2024-01-03,106.0,106.0,0.0,0.10006379328151926,-0.0,645.5931234508304,0.0,0.2540789473684215,-0.0,188.6912139999999
70,2024-01-03,101.46,101.46,0.0,0.10006379328151926,-0.0,645.5931234508304,0.0,0.2540789473684215,-0.0,188.6912139999999
71,2024-01-03,82.59,82.59,0.0,0.10006379328151926,-0.0,645.5931234508304,0.0,0.2540789473684215,-0.0,188.6912139999999
72,2024-01-04,74.19,74.19,0.0,0.10006379328151926,-0.0,645.5931234508304,0.0,0.2540789473684215,-0.0,188.6912139999999
73,2024-01-04,65.0,65.0,0.0,0.10006379328151926,-0.0,645.5931234508304,0.20000000000000018,0.30157894736842156,-13.00000000000001,175.6912139999999
74,2024-01-04,40.0,40.0,2.0,0.5750637932815192,-80.0,565.5931234508304,0.20000000000000018,0.3490789473684216,-8.000000000000007,167.6912139999999
75,2024-01-04,35.19694,35.19694,1.3681524493409718,0.9,-48.15477967030722,517.4383437805232,0.20000000000000018,0.39657894736842164,-7.039388000000006,160.6518259999999
76,2024-01-04,49.39,49.39,0.0,0.9,-0.0,517.4383437805232,0.20000000000000018,0.4440789473684217,-9.878000000000009,150.77382599999987
77,2024-01-04,70.1,70.1,-0.02937281714628455,0.8922703112772936,2.059034481954547,519.4973782624777,0.20000000000000018,0.4915789473684217,-14.020000000000012,136.75382599999986
78,2024-01-04,97.61,97.61,-0.050772604946648994,0.8789090994492281,4.955913968842408,524.4532922313201,0.0,0.4915789473684217,-0.0,136.75382599999986
79,2024-01-04,106.51,106.51,-1.919026470504604,0.3739021335269639,204.39550937344538,728.8488016047655,0.0,0.4915789473684217,-0.0,136.75382599999986
80,2024-01-04,109.49416,109.49416,-0.9841992050730582,0.11490234271826433,107.76406523214224,836.6128668369078,-1.4,0.1231578947368428,153.291824,290.04564999999985
81,2024-01-04,107.23976,107.23976,-0.05662890232940442,0.1,6.072869894868772,842.6857367317765,0.0,0.1231578947368428,-0.0,290.04564999999985
82,2024-01-04,94.35704,94.35704,0.010083206885876793,0.10239476163539574,-0.9514215554589519,841.7343151763175,0.20000000000000018,0.17065789473684284,-18.871408000000017,271.1742419999998
83,2024-01-04,87.10039,87.10039,0.43604442113273306,0.20595531165441983,-37.979639137985295,803.7546760383323,0.20000000000000018,0.21815789473684288,-17.420078000000018,253.7541639999998
84,2024-01-04,83.81886,83.81886,1.6830333936807547,0.605675742653599,-141.06994040025205,662.6847356380802,0.20000000000000018,0.2656578947368429,-16.763772000000014,236.9903919999998
85,2024-01-04,85.96413,85.96413,1.22916519033515,0.897602475358197,-105.66411621344557,557.0206194246346,0.20000000000000018,0.31315789473684297,-17.192826000000014,219.79756599999976
86,2024-01-04,92.11054,92.11054,0.010094840597065195,0.9,-0.9298412186095976,556.090778206025,0.20000000000000018,0.360657894736843,-18.422108000000016,201.37545799999975
87,2024-01-04,103.34,103.34,-0.014094210861656213,0.8962909971416695,1.4564957504435532,557.5472739564685,0.20000000000000018,0.40815789473684305,-20.66800000000002,180.70745799999975
88,2024-01-04,110.02,110.02,0.015616854140339094,0.9,-1.718166292520107,555.8291076639484,0.0,0.40815789473684305,-0.0,180.70745799999975
89,2024-01-04,116.87,116.87,-0.8270553311041848,0.6823538602357409,96.65795654614608,652.4870642100946,0.0,0.40815789473684305,-0.0,180.70745799999975
90,2024-01-04,118.1,118.1,-1.6388450557798147,0.25107884555684223,193.5476010875961,846.0346652976907,0.0,0.40815789473684305,-0.0,180.70745799999975
91,2024-01-04,118.1,118.1,-0.5728213437963405,0.1003363866630684,67.65020070234782,913.6848660000385,-1.1710000000000036,0.1,138.29510000000042,319.00255800000014
92,2024-01-04,112.99,112.99,0.0,0.1003363866630684,-0.0,913.6848660000385,0.0,0.1,-0.0,319.00255800000014
93,2024-01-04,107.05,107.05,0.0,0.1003363866630684,-0.0,913.6848660000385,0.0,0.1,-0.0,319.00255800000014
94,2024-01-04,105.59,105.59,0.0,0.1003363866630684,-0.0,913.6848660000385,0.0,0.1,-0.0,319.00255800000014
95,2024-01-04,97.98,97.98,0.0,0.1003363866630684,-0.0,913.6848660000385,0.0,0.1,-0.0,319.00255800000014
96,2024-01-05,86.07515,86.07515,0.0,0.1003363866630684,-0.0,913.6848660000385,0.20000000000000018,0.14750000000000005,-17.215030000000013,301.7875280000001
97,2024-01-05,88.96,88.96,0.0,0.1003363866630684,-0.0,913.6848660000385,0.20000000000000018,0.1950000000000001,-17.792000000000016,283.9955280000001
98,2024-01-05,78.5,78.5,0.0,0.1003363866630684,-0.0,913.6848660000385,0.20000000000000018,0.24250000000000013,-15.700000000000014,268.2955280000001
99,2024-01-05,78.5,78.5,2.0,0.5753363866630684,-157.0,756.6848660000385,0.20000000000000018,0.29000000000000015,-15.700000000000014,252.5955280000001
100,2024-01-05,79.39,79.39,0.6780285114268286,0.7363681581269402,-53.82868352217592,702.8561824778626,0.20000000000000018,0.3375000000000002,-15.878000000000014,236.71752800000007
101,2024-01-05,79.6,79.6,0.6889761763076202,0.9,-54.84250363408656,648.013678843776,0.20000000000000018,0.38500000000000023,-15.920000000000012,220.79752800000006
102,2024-01-05,103.46,103.46,-0.020939569832524582,0.8944895868861777,2.166407894872993,650.180086738649,0.20000000000000018,0.4325000000000003,-20.692000000000018,200.10552800000005
103,2024-01-05,111.19,111.19,0.023201739426620113,0.9,-2.5798014068458905,647.6002853318031,0.0,0.4325000000000003,-0.0,200.10552800000005
104,2024-01-05,115.0,115.0,-0.5745416937765606,0.7488048174272209,66.07229478430448,713.6725801161076,0.0,0.4325000000000003,-0.0,200.10552800000005
105,2024-01-05,120.4,120.4,-2.0,0.22248902795353676,240.8,954.4725801161076,0.0,0.4325000000000003,-0.0,200.10552800000005
106,2024-01-05,114.72,114.72,-0.46545830622343964,0.1,53.397376889952994,1007.8699570060605,0.0,0.4325000000000003,-0.0,200.10552800000005
107,2024-01-05,112.68327,112.68327,0.10489207628789354,0.12491186811837472,-11.819582153209305,996.0503748528512,0.0,0.4325000000000003,-0.0,200.10552800000005
108,2024-01-05,112.30081,112.30081,-0.09466509884982392,0.1,10.630967279565295,1006.6813421324165,0.0,0.4325000000000003,-0.0,200.10552800000005
109,2024-01-05,110.68838,110.68838,0.034583935472261074,0.10821368467466201,-3.828039791449113,1002.8533023409674,0.0,0.4325000000000003,-0.0,200.10552800000005
110,2024-01-05,111.85887,111.85887,-0.03121200176371562,0.1,3.4913392477272365,1006.3446415886946,0.0,0.4325000000000003,-0.0,200.10552800000005
111,2024-01-05,112.01889,112.01889,0.08611912091985448,0.12045329121846544,-9.646968333217878,996.6976732554767,0.0,0.4325000000000003,-0.0,200.10552800000005
112,2024-01-05,113.85,113.85,0.0,0.12045329121846544,-0.0,996.6976732554767,0.0,0.4325000000000003,-0.0,200.10552800000005
113,2024-01-05,120.0,120.0,-0.07772250663016866,0.1,9.32670079562024,1006.024374051097,0.0,0.4325000000000003,-0.0,200.10552800000005
114,2024-01-05,119.66,119.66,0.0,0.1,-0.0,1006.024374051097,0.0,0.4325000000000003,-0.0,200.10552800000005
115,2024-01-05,115.81,115.81,0.02706680885002926,0.10642836710188196,-3.1346071329218885,1002.889766918175,-1.263500000000001,0.10000000000000003,146.3259350000001,346.4314630000001
116,2024-01-05,111.0,111.0,-0.021147553933874356,0.10086322132980975,2.3473784866600536,1005.2371454048351,0.0,0.10000000000000003,-0.0,346.4314630000001
117,2024-01-05,110.0,110.0,0.0,0.10086322132980975,-0.0,1005.2371454048351,0.0,0.10000000000000003,-0.0,346.4314630000001
118,2024-01-05,104.84,104.84,0.0,0.10086322132980975,-0.0,1005.2371454048351,0.20000000000000018,0.14750000000000008,-20.968000000000018,325.4634630000001
119,2024-01-05,86.8,86.8,1.9958385816683821,0.5748748844760505,-173.23878888881558,831.9983565160196,0.20000000000000018,0.19500000000000012,-17.360000000000014,308.1034630000001
120,2024-01-06,97.5,97.5,-0.5030172694638121,0.44250191882767886,49.04418377272168,881.0425402887413,0.20000000000000018,0.24250000000000016,-19.500000000000018,288.6034630000001
121,2024-01-06,97.67,97.67,-0.5173724123929754,0.3063512839874222,50.531763518421904,931.5743038071632,0.20000000000000018,0.2900000000000002,-19.534000000000017,269.0694630000001
122,2024-01-06,93.0,93.0,0.1524389297715308,0.34255552980816073,-14.176820468752366,917.3974833384109,0.20000000000000018,0.33750000000000024,-18.600000000000016,250.46946300000008
123,2024-01-06,93.0,93.0,0.7110246923907853,0.5114238942509722,-66.12529639234303,851.2721869460679,0.20000000000000018,0.3850000000000003,-18.600000000000016,231.86946300000005
124,2024-01-06,89.7,89.7,0.10989501094357185,0.5375239593500706,-9.857582481638396,841.4146044644295,0.20000000000000018,0.43250000000000033,-17.940000000000015,213.92946300000003
125,2024-01-06,89.47,89.47,1.4246057453215253,0.8758678238639328,-127.45947603391687,713.9551284305127,0.20000000000000018,0.48000000000000037,-17.894000000000016,196.03546300000002
126,2024-01-06,91.96,91.96,0.10160916267817777,0.9,-9.343978599885228,704.6111498306275,0.20000000000000018,0.5275000000000004,-18.392000000000014,177.643463
127,2024-01-06,96.75,96.75,-0.13064915095570837,0.86561864448534,12.640305354964784,717.2514551855922,0.0,0.5275000000000004,-0.0,177.643463
128,2024-01-06,94.66,94.66,0.14002606187925387,0.8988748341816628,-13.25486701749017,703.9965881681021,0.0,0.5275000000000004,-0.0,177.643463
129,2024-01-06,100.5,100.5,0.0,0.8988748341816628,-0.0,703.9965881681021,0.0,0.5275000000000004,-0.0,177.643463
130,2024-01-06,103.46,103.46,0.0,0.8988748341816628,-0.0,703.9965881681021,-1.4,0.15907894736842149,144.844,322.487463
131,2024-01-06,103.0,103.0,0.0,0.8988748341816628,-0.0,703.9965881681021,0.20000000000000018,0.20657894736842153,-20.60000000000002,301.88746299999997
132,2024-01-06,103.46,103.46,0.0,0.8988748341816628,-0.0,703.9965881681021,0.20000000000000018,0.25407894736842157,-20.692000000000018,281.19546299999996
133,2024-01-06,100.5,100.5,0.0,0.8988748341816628,-0.0,703.9965881681021,0.20000000000000018,0.3015789473684216,-20.10000000000002,261.09546299999994
134,2024-01-06,100.25,100.25,0.0,0.8988748341816628,-0.0,703.9965881681021,0.20000000000000018,0.34907894736842165,-20.05000000000002,241.04546299999993
135,2024-01-06,103.0,103.0,0.0,0.8988748341816628,-0.0,703.9965881681021,0.20000000000000018,0.3965789473684217,-20.60000000000002,220.4454629999999
136,2024-01-06,103.0,103.0,0.0,0.8988748341816628,-0.0,703.9965881681021,0.20000000000000018,0.44407894736842174,-20.60000000000002,199.84546299999988
137,2024-01-06,111.65,111.65,0.0,0.8988748341816628,-0.0,703.9965881681021,0.0,0.44407894736842174,-0.0,199.84546299999988
138,2024-01-06,114.9,114.9,-2.0,0.3725590447079786,229.8,933.7965881681021,0.0,0.44407894736842174,-0.0,199.84546299999988
139,2024-01-06,116.97,116.97,-1.035724369890319,0.1,121.1486795460706,1054.9452677141726,-1.3075000000000023,0.10000000000000003,152.93827500000026,352.78373800000014
140,2024-01-06,111.69,111.69,0.010836459132187625,0.10257365904389457,-1.2103241204740358,1053.7349435936985,0.0,0.10000000000000003,-0.0,352.78373800000014
141,2024-01-06,110.06,110.06,0.0,0.10257365904389457,-0.0,1053.7349435936985,0.0,0.10000000000000003,-0.0,352.78373800000014
142,2024-01-06,103.0,103.0,0.0,0.10257365904389457,-0.0,1053.7349435936985,0.20000000000000018,0.14750000000000008,-20.60000000000002,332.1837380000001
143,2024-01-06,88.5,88.5,0.0,0.10257365904389457,-0.0,1053.7349435936985,0.20000000000000018,0.19500000000000012,-17.700000000000017,314.48373800000013
144,2024-01-07,96.85,96.85,0.0,0.10257365904389457,-0.0,1053.7349435936985,0.20000000000000018,0.24250000000000016,-19.370000000000015,295.1137380000001
145,2024-01-07,96.58,96.58,0.0,0.10257365904389457,-0.0,1053.7349435936985,0.20000000000000018,0.2900000000000002,-19.316000000000017,275.7977380000001
146,2024-01-07,93.8,93.8,0.0,0.10257365904389457,-0.0,1053.7349435936985,0.20000000000000018,0.33750000000000024,-18.760000000000016,257.0377380000001
147,2024-01-07,93.8,93.8,0.0,0.10257365904389457,-0.0,1053.7349435936985,0.20000000000000018,0.3850000000000003,-18.760000000000016,238.27773800000008
148,2024-01-07,85.93,85.93,2.0,0.5775736590438946,-171.86,881.8749435936985,0.20000000000000018,0.43250000000000033,-17.186000000000018,221.09173800000008
149,2024-01-07,84.3,84.3,1.0986983650750883,0.838514520749228,-92.62027217582994,789.2546714178686,0.20000000000000018,0.48000000000000037,-16.860000000000014,204.23173800000006
150,2024-01-07,85.0,85.0,0.25888622842430303,0.9,-22.00532941606576,767.2493420018029,0.20000000000000018,0.5275000000000004,-17.000000000000014,187.23173800000006
151,2024-01-07,102.27,102.27,-1.4948404420263965,0.506620936308843,152.87733200603958,920.1266740078424,-1.4,0.15907894736842149,143.178,330.40973800000006
152,2024-01-07,100.55,100.55,-0.17174125374744417,0.46142586953319975,17.26858306430551,937.395257072148,0.20000000000000018,0.20657894736842153,-20.110000000000017,310.29973800000005
153,2024-01-07,101.19,101.19,-0.7476362844542509,0.2646794788873442,75.65331562392565,1013.0485726960736,0.0,0.20657894736842153,-0.0,310.29973800000005
154,2024-01-07,96.0,96.0,-0.36618397912632317,0.16831527385410128,35.15366199612703,1048.2022346922006,0.0,0.20657894736842153,-0.0,310.29973800000005
155,2024-01-07,96.0,96.0,-0.24906629045022086,0.10277151320930632,23.9103638832212,1072.1125985754218,0.0,0.20657894736842153,-0.0,310.29973800000005
156,2024-01-07,95.65,95.65,0.0,0.10277151320930632,-0.0,1072.1125985754218,0.20000000000000018,0.25407894736842157,-19.130000000000017,291.16973800000005
157,2024-01-07,88.0,88.0,1.8359851151477706,0.5388179780569018,-161.56669013300382,910.545908442418,0.20000000000000018,0.3015789473684216,-17.600000000000016,273.56973800000003
158,2024-01-07,84.34138,84.34138,1.0248878682008733,0.7822288467546092,-86.44045714931977,824.1054512930982,0.20000000000000018,0.34907894736842165,-16.868276000000016,256.701462
159,2024-01-07,88.32,88.32,0.4958785399805928,0.9,-43.79599265108595,780.3094586420123,0.20000000000000018,0.3965789473684217,-17.664000000000016,239.03746199999998
160,2024-01-07,97.95,97.95,-0.08836559811936709,0.8767458952317455,8.655410335792007,788.9648689778043,0.0,0.3965789473684217,-0.0,239.03746199999998
161,2024-01-07,108.87,108.87,-0.29178554385284833,0.7999602257967854,31.7666921592596,820.7315611370639,0.0,0.3965789473684217,-0.0,239.03746199999998
162,2024-01-07,109.49,109.49,-1.8191927677773765,0.32122528690800206,199.18341614394495,1019.9149772810088,0.0,0.3965789473684217,-0.0,239.03746199999998
163,2024-01-07,110.53,110.53,-0.38848436535259834,0.21899255918363408,42.939176902422695,1062.8541541834315,0.0,0.3965789473684217,-0.0,239.03746199999998
164,2024-01-07,110.0,110.0,-0.2193250379670672,0.16127544392914273,24.12575417637739,1086.9799083598089,-1.1270000000000024,0.1,123.97000000000027,363.00746200000026
165,2024-01-07,109.0,109.0,-0.2328466869307423,0.1,25.380288875450912,1112.3601972352599,0.0,0.1,-0.0,363.00746200000026
166,2024-01-07,102.47,102.47,0.010553645488440172,0.10250649080350455,-1.0814320532004644,1111.2787651820595,0.0,0.1,-0.0,363.00746200000026
167,2024-01-07,93.8,93.8,0.0,0.10250649080350455,-0.0,1111.2787651820595,0.20000000000000018,0.14750000000000005,-18.760000000000016,344.24746200000027
168,2024-01-08,87.6,87.6,2.0,0.5775064908035046,-175.2,936.0787651820594,0.20000000000000018,0.1950000000000001,-17.520000000000014,326.72746200000023
169,2024-01-08,85.28,85.28,1.3578674071431387,0.9,-115.79893248116687,820.2798327008926,0.20000000000000018,0.24250000000000013,-17.056000000000015,309.6714620000002
170,2024-01-08,85.28,85.28,-0.012833770284616885,0.896622692030364,1.094463929872128,821.3742966307648,0.20000000000000018,0.29000000000000015,-17.056000000000015,292.61546200000015
171,2024-01-08,90.79,90.79,0.014220244082677806,0.9,-1.291055960266318,820.0832406704984,0.20000000000000018,0.3375000000000002,-18.15800000000002,274.45746200000013
172,2024-01-08,93.8,93.8,0.0,0.9,-0.0,820.0832406704984,0.20000000000000018,0.38500000000000023,-18.760000000000016,255.69746200000012
173,2024-01-08,90.79,90.79,0.0,0.9,-0.0,820.0832406704984,0.20000000000000018,0.4325000000000003,-18.15800000000002,237.5394620000001
174,2024-01-08,107.46,107.46,0.0,0.9,-0.0,820.0832406704984,0.20000000000000018,0.4800000000000003,-21.49200000000002,216.04746200000008
175,2024-01-08,114.18,114.18,-0.1394165874236494,0.8633114243621975,15.91858595203229,836.0018266225308,0.0,0.4800000000000003,-0.0,216.04746200000008
176,2024-01-08,125.5,125.5,-2.0,0.33699563488851336,251.0,1087.0018266225306,-1.4,0.11157894736842139,175.7,391.74746200000004
177,2024-01-08,123.0,123.0,-0.9005834125763507,0.1,110.77175974689114,1197.7735863694218,0.0,0.11157894736842139,-0.0,391.74746200000004
178,2024-01-08,115.38,115.38,0.05377853676867591,0.11277240248256054,-6.204967572369826,1191.5686187970518,0.20000000000000018,0.15907894736842143,-23.07600000000002,368.671462
179,2024-01-08,112.22,112.22,-0.048535129433730034,0.1,5.446612225053184,1197.0152310221051,0.20000000000000018,0.20657894736842147,-22.44400000000002,346.227462
180,2024-01-08,108.55,108.55,2.0,0.575,-217.1,979.9152310221051,0.20000000000000018,0.2540789473684215,-21.71000000000002,324.51746199999997
181,2024-01-08,108.3,108.3,1.3684210526315792,0.9,-148.20000000000002,831.7152310221051,0.20000000000000018,0.30157894736842156,-21.660000000000018,302.85746199999994
182,2024-01-08,110.97,110.97,-0.025592401613803096,0.8932651574700519,2.8399888070837296,834.5552198291888,0.20000000000000018,0.3490789473684216,-22.19400000000002,280.6634619999999
183,2024-01-08,115.2,115.2,0.028357231705044884,0.9,-3.2667530924211707,831.2884667367676,0.20000000000000018,0.39657894736842164,-23.04000000000002,257.6234619999999
184,2024-01-08,122.00169,122.00169,-0.09901287096133317,0.873943981325965,12.07973758903457,843.3682043258023,0.0,0.39657894736842164,-0.0,257.6234619999999
185,2024-01-08,130.1,130.1,-0.8668256667996951,0.6458319637470978,112.77401925064032,956.1422235764426,-1.127000000000002,0.10000000000000003,146.62270000000026,404.24616200000014
186,2024-01-08,129.99382,129.99382,-2.0,0.11951617427341366,259.98764,1216.1298635764426,0.0,0.10000000000000003,-0.0,404.24616200000014
187,2024-01-08,122.0095,122.0095,-0.07416146223897187,0.1,9.048402927045839,1225.1782665034884,0.0,0.10000000000000003,-0.0,404.24616200000014
188,2024-01-08,114.18,114.18,0.06656688176166946,0.1158096344183965,-7.600606559547419,1217.577659943941,0.0,0.10000000000000003,-0.0,404.24616200000014
189,2024-01-08,107.46,107.46,-0.0600766107899067,0.1,6.455832595483374,1224.0334925394243,0.0,0.10000000000000003,-0.0,404.24616200000014
190,2024-01-08,102.9,102.9,0.0,0.1,-0.0,1224.0334925394243,0.0,0.10000000000000003,-0.0,404.24616200000014
191,2024-01-08,91.75,91.75,0.029619438830491177,0.10703461672224165,-2.7175835126975656,1221.3159090267268,0.20000000000000018,0.14750000000000008,-18.350000000000016,385.8961620000001
192,2024-01-09,87.5315,87.5315,0.026396405019246255,0.11330376291431264,-2.3105169259421534,1219.0053921007845,0.20000000000000018,0.19500000000000012,-17.506300000000014,368.3898620000001
193,2024-01-09,86.18151,86.18151,-0.050554299074388014,0.1,4.356845831222362,1223.362237932007,0.20000000000000018,0.24250000000000016,-17.236302000000016,351.1535600000001
194,2024-01-09,85.00494,85.00494,2.0,0.575,-170.00988,1053.352357932007,0.20000000000000018,0.2900000000000002,-17.000988000000017,334.1525720000001
195,2024-01-09,84.08453,84.08453,0.3236736195817752,0.6518724846506716,-27.215944175932364,1026.1364137560745,0.20000000000000018,0.33750000000000024,-16.816906000000014,317.33566600000006
196,2024-01-09,84.97701,84.97701,1.044402044314602,0.8999179701753895,-88.75016296374238,937.3862507923321,0.20000000000000018,0.3850000000000003,-16.995402000000016,300.34026400000005
197,2024-01-09,89.34054,89.34054,0.0,0.8999179701753895,-0.0,937.3862507923321,0.20000000000000018,0.43250000000000033,-17.868108000000017,282.47215600000004
198,2024-01-09,106.76125,106.76125,0.0,0.8999179701753895,-0.0,937.3862507923321,0.0,0.43250000000000033,-0.0,282.47215600000004
199,2024-01-09,117.98,117.98,0.0,0.8999179701753895,-0.0,937.3862507923321,0.0,0.43250000000000033,-0.0,282.47215600000004
200,2024-01-09,131.3728,131.3728,-2.0,0.37360218070170537,262.7456,1200.1318507923322,-1.2635000000000012,0.1,165.98953280000018,448.4616888000002
201,2024-01-09,120.78817,120.78817,-1.0216232530930889,0.10475395620352407,123.40000317056104,1323.5318539628934,0.0,0.1,-0.0,448.4616888000002
202,2024-01-09,112.1,112.1,-0.018065033573391436,0.1,2.0250902635771797,1325.5569442264705,0.20000000000000018,0.14750000000000005,-22.42000000000002,426.0416888000002
203,2024-01-09,104.97006,104.97006,0.03355956091847245,0.10797039571813721,-3.5227491231857084,1322.0341951032847,0.20000000000000018,0.1950000000000001,-20.99401200000002,405.0476768000002
204,2024-01-09,100.37,100.37,1.3305707560309104,0.4239809502754784,-133.54938678282247,1188.4848083204622,0.20000000000000018,0.24250000000000013,-20.07400000000002,384.9736768000002
205,2024-01-09,100.82,100.82,2.0,0.8989809502754784,-201.64,986.8448083204622,0.20000000000000018,0.29000000000000015,-20.164000000000016,364.80967680000015
206,2024-01-09,110.0,110.0,0.0,0.8989809502754784,-0.0,986.8448083204622,0.20000000000000018,0.3375000000000002,-22.00000000000002,342.80967680000015
207,2024-01-09,116.55,116.55,0.0,0.8989809502754784,-0.0,986.8448083204622,0.20000000000000018,0.38500000000000023,-23.31000000000002,319.49967680000015
208,2024-01-09,127.36267,127.36267,0.0,0.8989809502754784,-0.0,986.8448083204622,0.0,0.38500000000000023,-0.0,319.49967680000015
209,2024-01-09,137.35078,137.35078,-1.9986814744344095,0.37301214121379167,274.5204594851162,1261.3652678055785,-1.0830000000000009,0.1,148.7508947400001,468.25057154000024
210,2024-01-09,137.00435,137.00435,-1.0366682984755493,0.10020469424654183,142.0280663982486,1403.3933342038272,0.0,0.1,-0.0,468.25057154000024
211,2024-01-09,130.05,130.05,0.0,0.10020469424654183,-0.0,1403.3933342038272,0.0,0.1,-0.0,468.25057154000024
212,2024-01-09,117.67376,117.67376,0.0,0.10020469424654183,-0.0,1403.3933342038272,0.0,0.1,-0.0,468.25057154000024
213,2024-01-09,111.0525,111.0525,0.0,0.10020469424654183,-0.0,1403.3933342038272,0.0,0.1,-0.0,468.25057154000024
214,2024-01-09,105.61,105.61,0.0,0.10020469424654183,-0.0,1403.3933342038272,0.0,0.1,-0.0,468.25057154000024
215,2024-01-09,103.46,103.46,0.0,0.10020469424654183,-0.0,1403.3933342038272,0.20000000000000018,0.14750000000000005,-20.692000000000018,447.55857154000023
216,2024-01-10,97.97,97.97,0.0,0.10020469424654183,-0.0,1403.3933342038272,0.20000000000000018,0.1950000000000001,-19.594000000000015,427.96457154000024
217,2024-01-10,92.9,92.9,0.0,0.10020469424654183,-0.0,1403.3933342038272,0.20000000000000018,0.24250000000000013,-18.580000000000016,409.3845715400002
218,2024-01-10,91.29,91.29,2.0,0.5752046942465419,-182.58,1220.8133342038273,0.20000000000000018,0.29000000000000015,-18.258000000000017,391.12657154000016
219,2024-01-10,92.2,92.2,0.9625497516763386,0.8038102602696723,-88.74708710455842,1132.0662470992688,0.20000000000000018,0.3375000000000002,-18.440000000000015,372.68657154000016
220,2024-01-10,91.29,91.29,0.40500943044348525,0.9,-36.97331090518577,1095.092936194083,0.20000000000000018,0.38500000000000023,-18.258000000000017,354.4285715400001
221,2024-01-10,99.5,99.5,-0.015644017189110748,0.8958831533712867,1.5565797103165193,1096.6495159043995,0.20000000000000018,0.4325000000000003,-19.900000000000016,334.5285715400001
222,2024-01-10,108.96,108.96,0.017334091068266808,0.9,-1.8887225627983513,1094.7607933416011,0.20000000000000018,0.4800000000000003,-21.79200000000002,312.73657154000006
223,2024-01-10,120.0,120.0,0.0,0.9,-0.0,1094.7607933416011,0.0,0.4800000000000003,-0.0,312.73657154000006
224,2024-01-10,139.2,139.2,-2.0,0.37368421052631584,278.4,1373.1607933416012,-1.4,0.11157894736842139,194.87999999999997,507.61657154
225,2024-01-10,130.38739,130.38739,-1.0400000000000003,0.1,135.60288560000004,1508.7636789416013,0.0,0.11157894736842139,-0.0,507.61657154
226,2024-01-10,117.46942,117.46942,0.0,0.1,-0.0,1508.7636789416013,0.20000000000000018,0.15907894736842143,-23.49388400000002,484.12268753999996
227,2024-01-10,109.13,109.13,0.3593613678392366,0.18534832486181868,-39.21710607229589,1469.5465728693055,0.20000000000000018,0.20657894736842147,-21.82600000000002,462.29668753999994
228,2024-01-10,104.2,104.2,2.0,0.6603483248618187,-208.4,1261.1465728693054,0.20000000000000018,0.2540789473684215,-20.840000000000018,441.4566875399999
229,2024-01-10,106.54,106.54,1.0074642195824577,0.8996210770126524,-107.33523795431505,1153.8113349149903,0.20000000000000018,0.30157894736842156,-21.30800000000002,420.14868753999986
230,2024-01-10,110.2,110.2,0.0,0.8996210770126524,-0.0,1153.8113349149903,0.20000000000000018,0.3490789473684216,-22.04000000000002,398.10868753999983
231,2024-01-10,119.7728,119.7728,0.0,0.8996210770126524,-0.0,1153.8113349149903,0.20000000000000018,0.39657894736842164,-23.954560000000022,374.1541275399998
232,2024-01-10,133.13612,133.13612,0.0,0.8996210770126524,-0.0,1153.8113349149903,0.0,0.39657894736842164,-0.0,374.1541275399998
233,2024-01-10,143.78766,143.78766,-2.0,0.3733052875389682,287.57532,1441.3866549149902,-1.127000000000002,0.10000000000000003,162.04869282000027,536.20282036
234,2024-01-10,140.0,140.0,-1.0385600926480791,0.1,145.39841297073107,1586.7850678857212,0.0,0.10000000000000003,-0.0,536.20282036
235,2024-01-10,132.15399,132.15399,0.0,0.1,-0.0,1586.7850678857212,0.0,0.10000000000000003,-0.0,536.20282036
236,2024-01-10,120.0,120.0,0.01147389005971437,0.10272504888918217,-1.3768668071657244,1585.4082010785555,0.0,0.10000000000000003,-0.0,536.20282036
237,2024-01-10,109.13,109.13,-0.010355185778892231,0.1,1.1300614240505091,1586.5382625026061,0.0,0.10000000000000003,-0.0,536.20282036
238,2024-01-10,105.37,105.37,0.01450128266847517,0.10344405463376286,-1.5280001547772288,1585.010262347829,0.0,0.10000000000000003,-0.0,536.20282036
239,2024-01-10,103.62,103.62,-0.013087407608298829,0.1,1.3561171763719246,1586.366379524201,0.0,0.10000000000000003,-0.0,536.20282036
240,2024-01-11,91.74873,91.74873,0.1665309313710442,0.139551096200623,-15.279001459010463,1571.0873780651905,0.20000000000000018,0.14750000000000008,-18.349746000000014,517.85307436
241,2024-01-11,88.6,88.6,2.0,0.614551096200623,-177.2,1393.8873780651904,0.20000000000000018,0.19500000000000012,-17.720000000000013,500.13307436
242,2024-01-11,87.24772,87.24772,-0.10979586957079952,0.5856574463135704,9.579439285469636,1403.46681735066,0.20000000000000018,0.24250000000000016,-17.449544000000017,482.68353036
243,2024-01-11,82.38093,82.38093,1.3231683296445407,0.8999099246041489,-109.00383754266385,1294.4629798079961,0.20000000000000018,0.2900000000000002,-16.476186000000016,466.20734436
244,2024-01-11,83.61,83.61,0.0,0.8999099246041489,-0.0,1294.4629798079961,0.20000000000000018,0.33750000000000024,-16.722000000000016,449.48534435999994
245,2024-01-11,90.35,90.35,0.0,0.8999099246041489,-0.0,1294.4629798079961,0.20000000000000018,0.3850000000000003,-18.070000000000014,431.41534435999995
246,2024-01-11,103.1,103.1,0.0,0.8999099246041489,-0.0,1294.4629798079961,0.20000000000000018,0.43250000000000033,-20.62000000000002,410.79534435999994
247,2024-01-11,116.89149,116.89149,0.0,0.8999099246041489,-0.0,1294.4629798079961,0.0,0.43250000000000033,-0.0,410.79534435999994
248,2024-01-11,140.87915,140.87915,-2.0,0.3735941351304647,281.7583,1576.221279807996,-1.2635000000000012,0.1,178.00080602500017,588.7961503850001
249,2024-01-11,129.16361,129.16361,-1.0396577134957659,0.1,134.28594343945883,1710.507223247455,0.0,0.1,-0.0,588.7961503850001
250,2024-01-11,113.65,113.65,0.0,0.1,-0.0,1710.507223247455,0.0,0.1,-0.0,588.7961503850001
251,2024-01-11,106.48,106.48,0.022515434012522942,0.10534741557797421,-2.397443413653443,1708.1097798338014,0.20000000000000018,0.14750000000000005,-21.29600000000002,567.5001503850001
252,2024-01-11,99.38404,99.38404,-0.020320179196301975,0.1,2.019501502052443,1710.1292813358539,0.20000000000000018,0.1950000000000001,-19.87680800000002,547.6233423850001
253,2024-01-11,99.0,99.0,2.0,0.575,-198.0,1512.1292813358539,0.20000000000000018,0.24250000000000013,-19.80000000000002,527.823342385
254,2024-01-11,105.98,105.98,1.331057441886471,0.8911261424480368,-141.0654676911282,1371.0638136447258,0.20000000000000018,0.29000000000000015,-21.19600000000002,506.627342385
255,2024-01-11,113.71016,113.71016,0.03736361074510837,0.9,-4.248622156003992,1366.8151914887217,0.20000000000000018,0.3375000000000002,-22.74203200000002,483.885310385
256,2024-01-11,120.0,120.0,-0.04741383187401461,0.8875226758226278,5.689659824881753,1372.5048513136035,0.0,0.3375000000000002,-0.0,483.885310385
257,2024-01-11,128.75,128.75,0.05253610179946207,0.9,-6.7640231066807415,1365.7408282069227,0.0,0.3375000000000002,-0.0,483.885310385
258,2024-01-11,136.72,136.72,-2.0,0.37368421052631584,273.44,1639.1808282069228,-0.9025000000000006,0.1,123.38980000000008,607.2751103850001
259,2024-01-11,132.31,132.31,-1.0400000000000003,0.1,137.60240000000005,1776.7832282069228,0.0,0.1,-0.0,607.2751103850001
260,2024-01-11,117.93,117.93,0.025586152303706082,0.1060767111721302,-3.0173749411760586,1773.7658532657467,0.0,0.1,-0.0,607.2751103850001
261,2024-01-11,107.19,107.19,-0.02049876483836531,0.10068229937256039,2.1972626030243774,1775.9631158687712,0.0,0.1,-0.0,607.2751103850001
262,2024-01-11,105.98,105.98,0.0,0.10068229937256039,-0.0,1775.9631158687712,0.0,0.1,-0.0,607.2751103850001
263,2024-01-11,99.0,99.0,0.0,0.10068229937256039,-0.0,1775.9631158687712,0.20000000000000018,0.14750000000000005,-19.80000000000002,587.475110385
264,2024-01-12,101.46,101.46,0.0,0.10068229937256039,-0.0,1775.9631158687712,0.20000000000000018,0.1950000000000001,-20.292000000000016,567.183110385
265,2024-01-12,95.64,95.64,0.0,0.10068229937256039,-0.0,1775.9631158687712,0.20000000000000018,0.24250000000000013,-19.128000000000018,548.0551103849999
266,2024-01-12,91.2,91.2,2.0,0.5756822993725603,-182.4,1593.563115868771,0.20000000000000018,0.29000000000000015,-18.240000000000016,529.8151103849999
267,2024-01-12,89.9,89.9,1.365548213168167,0.9,-122.76278436381823,1470.800331504953,0.20000000000000018,0.3375000000000002,-17.980000000000018,511.8351103849999
268,2024-01-12,88.59,88.59,-0.012307262700606862,0.896761246657735,1.090300402646762,1471.8906319075998,0.20000000000000018,0.38500000000000023,-17.718000000000018,494.1171103849999
269,2024-01-12,94.76,94.76,0.013636856177957799,0.9,-1.2922284914232811,1470.5984034161766,0.20000000000000018,0.4325000000000003,-18.95200000000002,475.1651103849999
270,2024-01-12,112.82,112.82,0.0,0.9,-0.0,1470.5984034161766,0.20000000000000018,0.4800000000000003,-22.564000000000018,452.60111038499986
271,2024-01-12,129.0,129.0,0.0,0.9,-0.0,1470.5984034161766,0.0,0.4800000000000003,-0.0,452.60111038499986
272,2024-01-12,140.73851,140.73851,-2.0,0.37368421052631584,281.47702,1752.0754234161766,-1.4,0.11157894736842139,197.03391399999998,649.6350243849998
273,2024-01-12,134.96004,134.96004,-1.0400000000000003,0.1,140.35844160000002,1892.4338650161767,0.0,0.11157894736842139,-0.0,649.6350243849998
274,2024-01-12,121.5027,121.5027,0.010510934401625491,0.10249634692038606,-1.2771069093203815,1891.1567581068564,0.20000000000000018,0.15907894736842143,-24.300540000000023,625.3344843849998
275,2024-01-12,113.8973,113.8973,0.0,0.10249634692038606,-0.0,1891.1567581068564,0.20000000000000018,0.20657894736842147,-22.77946000000002,602.5550243849998
276,2024-01-12,103.42,103.42,0.0,0.10249634692038606,-0.0,1891.1567581068564,0.20000000000000018,0.2540789473684215,-20.68400000000002,581.8710243849998
277,2024-01-12,100.07708,100.07708,0.0,0.10249634692038606,-0.0,1891.1567581068564,0.20000000000000018,0.30157894736842156,-20.015416000000016,561.8556083849999
278,2024-01-12,104.24191,104.24191,2.0,0.577496346920386,-208.48382,1682.6729381068565,0.20000000000000018,0.3490789473684216,-20.84838200000002,541.0072263849999
279,2024-01-12,110.0,110.0,1.357910118229954,0.9,-149.37011300529494,1533.3028251015614,0.20000000000000018,0.39657894736842164,-22.00000000000002,519.0072263849999
280,2024-01-12,120.0,120.0,-0.10005729463572438,0.8736691329905989,12.006875356286926,1545.3097004578483,0.0,0.39657894736842164,-0.0,519.0072263849999
281,2024-01-12,127.5,127.5,-0.9388871689049392,0.6265935622261412,119.70811403537975,1665.0178144932281,0.0,0.39657894736842164,-0.0,519.0072263849999
282,2024-01-12,126.0,126.0,-2.0,0.10027777275245697,252.0,1917.0178144932281,-1.127000000000002,0.10000000000000003,142.00200000000027,661.0092263850001
283,2024-01-12,119.47,119.47,0.0,0.10027777275245697,-0.0,1917.0178144932281,0.0,0.10000000000000003,-0.0,661.0092263850001
284,2024-01-12,110.0,110.0,0.0,0.10027777275245697,-0.0,1917.0178144932281,0.0,0.10000000000000003,-0.0,661.0092263850001
285,2024-01-12,107.0,107.0,0.0,0.10027777275245697,-0.0,1917.0178144932281,0.0,0.10000000000000003,-0.0,661.0092263850001
286,2024-01-12,105.0,105.0,0.0,0.10027777275245697,-0.0,1917.0178144932281,0.0,0.10000000000000003,-0.0,661.0092263850001
287,2024-01-12,95.49,95.49,0.0,0.10027777275245697,-0.0,1917.0178144932281,0.20000000000000018,0.14750000000000008,-19.098000000000017,641.9112263850001
288,2024-01-13,92.8,92.8,0.0,0.10027777275245697,-0.0,1917.0178144932281,0.20000000000000018,0.19500000000000012,-18.560000000000016,623.351226385
289,2024-01-13,87.7,87.7,0.0,0.10027777275245697,-0.0,1917.0178144932281,0.20000000000000018,0.24250000000000016,-17.540000000000017,605.811226385
290,2024-01-13,87.08,87.08,0.0,0.10027777275245697,-0.0,1917.0178144932281,0.20000000000000018,0.2900000000000002,-17.416000000000015,588.395226385
291,2024-01-13,85.59,85.59,0.6592673963914586,0.2568537793954284,-56.42669645714494,1860.5911180360831,0.20000000000000018,0.33750000000000024,-17.118000000000016,571.277226385
292,2024-01-13,83.4,83.4,2.0,0.7318537793954284,-166.8,1693.7911180360832,0.20000000000000018,0.3850000000000003,-16.680000000000017,554.5972263849999
293,2024-01-13,83.9,83.9,0.7079840867560911,0.9,-59.39986487883605,1634.391253157247,0.20000000000000018,0.43250000000000033,-16.780000000000015,537.8172263849999
294,2024-01-13,95.52,95.52,-0.02988033211844266,0.892136754705673,2.8541693239536428,1637.2454224812006,0.0,0.43250000000000033,-0.0,537.8172263849999
295,2024-01-13,104.93,104.93,-0.23195817093052465,0.8310951307765876,24.339370875739952,1661.5847933569405,0.0,0.43250000000000033,-0.0,537.8172263849999
296,2024-01-13,107.63,107.63,-2.0,0.3047793413029034,215.26,1876.8447933569405,0.0,0.43250000000000033,-0.0,537.8172263849999
297,2024-01-13,104.93,104.93,-0.7068303070990147,0.1187713657505311,74.16770412389963,1951.01249748084,-1.2635000000000012,0.1,132.57905500000012,670.3962813850001
298,2024-01-13,101.0,101.0,-0.07133118985201815,0.1,7.204450175053833,1958.2169476558938,0.20000000000000018,0.14750000000000005,-20.200000000000017,650.196281385
299,2024-01-13,88.40127,88.40127,0.13937808287142783,0.1331022946819641,-12.321199535999467,1945.8957481198943,0.20000000000000018,0.1950000000000001,-17.680254000000016,632.516027385
300,2024-01-13,84.85,84.85,1.228499193503143,0.42487085313896056,-104.23815656874169,1841.6575915511526,0.20000000000000018,0.24250000000000013,-16.970000000000013,615.546027385
301,2024-01-13,83.4,83.4,2.0,0.8998708531389605,-166.8,1674.8575915511526,0.20000000000000018,0.29000000000000015,-16.680000000000017,598.8660273849999
302,2024-01-13,92.23,92.23,0.0,0.8998708531389605,-0.0,1674.8575915511526,0.20000000000000018,0.3375000000000002,-18.446000000000016,580.4200273849999
303,2024-01-13,101.59,101.59,0.0,0.8998708531389605,-0.0,1674.8575915511526,0.20000000000000018,0.38500000000000023,-20.31800000000002,560.1020273849999
304,2024-01-13,107.92,107.92,0.0,0.8998708531389605,-0.0,1674.8575915511526,0.20000000000000018,0.4325000000000003,-21.58400000000002,538.5180273849999
305,2024-01-13,124.76962,124.76962,0.0,0.8998708531389605,-0.0,1674.8575915511526,0.0,0.4325000000000003,-0.0,538.5180273849999
306,2024-01-13,128.79108,128.79108,-2.0,0.37355506366527635,257.58216,1932.4397515511525,-1.263500000000001,0.10000000000000003,162.72752958000012,701.245556965
307,2024-01-13,128.20411,128.20411,-1.0395092419280503,0.1,133.26935719816035,2065.7091087493127,0.0,0.10000000000000003,-0.0,701.245556965
308,2024-01-13,117.86647,117.86647,0.011217308564510593,0.10266411078407127,-1.322144563399631,2064.3869641859133,0.0,0.10000000000000003,-0.0,701.245556965
309,2024-01-13,105.0,105.0,-0.010123620979470801,0.1,1.0629802028444342,2065.4499443887576,0.20000000000000018,0.14750000000000008,-21.000000000000018,680.245556965
310,2024-01-13,101.96,101.96,0.09318036173197909,0.12213033591134503,-9.500669682192587,2055.949274706565,0.20000000000000018,0.19500000000000012,-20.392000000000017,659.8535569649999
311,2024-01-13,95.52,95.52,0.32052805699920717,0.19825574944865673,-30.616840004564267,2025.332434702001,0.20000000000000018,0.24250000000000016,-19.104000000000017,640.7495569649999
312,2024-01-14,103.0,103.0,-0.2845193932691234,0.12338222490415057,29.30549750671971,2054.6379322087205,0.20000000000000018,0.2900000000000002,-20.60000000000002,620.1495569649999
313,2024-01-14,100.65,100.65,-0.08885245463577215,0.1,8.942999559090469,2063.580931767811,0.20000000000000018,0.33750000000000024,-20.13000000000002,600.0195569649999
314,2024-01-14,99.83,99.83,0.07890671673891238,0.11874034522549169,-7.877257532045623,2055.7036742357654,0.20000000000000018,0.3850000000000003,-19.96600000000002,580.0535569649999
315,2024-01-14,96.79,96.79,0.2780564781549173,0.18477875878728456,-26.913086520614446,2028.790587715151,0.20000000000000018,0.43250000000000033,-19.35800000000002,560.6955569649998
316,2024-01-14,96.25,96.25,1.9894066978909475,0.6572628495363846,-191.48039467200368,1837.3101930431474,0.20000000000000018,0.48000000000000037,-19.250000000000018,541.4455569649998
317,2024-01-14,95.25,95.25,1.0220511598468018,0.9,-97.35037297540788,1739.9598200677394,0.20000000000000018,0.5275000000000004,-19.05000000000002,522.3955569649997
318,2024-01-14,103.43,103.43,-0.01077379466925156,0.8971647908765128,1.114333582640689,1741.0741536503801,0.0,0.5275000000000004,-0.0,522.3955569649997
319,2024-01-14,104.73,104.73,0.011937722625209372,0.9,-1.2502376905381776,1739.823915959842,0.0,0.5275000000000004,-0.0,522.3955569649997
320,2024-01-14,108.06,108.06,-0.4041419013431233,0.7936468680675992,43.6715738591379,1783.4954898189799,-1.4,0.15907894736842149,151.284,673.6795569649997
321,2024-01-14,108.06,108.06,0.29300446458067364,0.8632354284055092,-31.662062442587594,1751.8334273763924,0.20000000000000018,0.20657894736842153,-21.61200000000002,652.0675569649998
322,2024-01-14,103.0,103.0,0.15479819618732998,0.9,-15.944214207294989,1735.8892131690973,0.0,0.20657894736842153,-0.0,652.0675569649998
323,2024-01-14,103.0,103.0,-0.013823174979292864,0.8963623223738704,1.423787022867165,1737.3130001919644,0.20000000000000018,0.25407894736842157,-20.60000000000002,631.4675569649997
324,2024-01-14,101.88,101.88,0.014238032256228777,0.8997438550347246,-1.4505707262645877,1735.8624294656997,0.20000000000000018,0.3015789473684216,-20.376000000000015,611.0915569649998
325,2024-01-14,96.04,96.04,0.0,0.8997438550347246,-0.0,1735.8624294656997,0.20000000000000018,0.34907894736842165,-19.20800000000002,591.8835569649998
326,2024-01-14,100.0,100.0,0.0,0.8997438550347246,-0.0,1735.8624294656997,0.20000000000000018,0.3965789473684217,-20.000000000000018,571.8835569649998
327,2024-01-14,104.74,104.74,0.0,0.8997438550347246,-0.0,1735.8624294656997,0.20000000000000018,0.44407894736842174,-20.948000000000018,550.9355569649998
328,2024-01-14,105.0,105.0,0.0,0.8997438550347246,-0.0,1735.8624294656997,0.0,0.44407894736842174,-0.0,550.9355569649998
329,2024-01-14,111.0,111.0,0.0,0.8997438550347246,-0.0,1735.8624294656997,0.0,0.44407894736842174,-0.0,550.9355569649998
330,2024-01-14,117.0,117.0,-1.0368556842103838,0.6268870960319921,121.3121150526149,1857.1745445183146,-1.3075000000000023,0.10000000000000003,152.97750000000028,703.9130569650001
331,2024-01-14,120.0,120.0,-2.0,0.10057130655830793,240.0,2097.1745445183146,0.0,0.10000000000000003,-0.0,703.9130569650001
332,2024-01-14,115.14,115.14,0.0,0.10057130655830793,-0.0,2097.1745445183146,0.0,0.10000000000000003,-0.0,703.9130569650001
333,2024-01-14,108.23,108.23,0.0,0.10057130655830793,-0.0,2097.1745445183146,0.0,0.10000000000000003,-0.0,703.9130569650001
334,2024-01-14,101.51,101.51,0.0,0.10057130655830793,-0.0,2097.1745445183146,0.0,0.10000000000000003,-0.0,703.9130569650001
335,2024-01-14,97.9,97.9,0.0,0.10057130655830793,-0.0,2097.1745445183146,0.20000000000000018,0.14750000000000008,-19.58000000000002,684.3330569650001
336,2024-01-15,85.5,85.5,0.0,0.10057130655830793,-0.0,2097.1745445183146,0.20000000000000018,0.19500000000000012,-17.100000000000016,667.2330569650001
337,2024-01-15,83.4,83.4,0.0,0.10057130655830793,-0.0,2097.1745445183146,0.20000000000000018,0.24250000000000016,-16.680000000000017,650.553056965
338,2024-01-15,84.1,84.1,2.0,0.5755713065583079,-168.2,1928.9745445183146,0.20000000000000018,0.2900000000000002,-16.820000000000014,633.733056965
339,2024-01-15,83.4,83.4,0.5831856445109209,0.7140778971296516,-48.63768275221081,1880.3368617661038,0.20000000000000018,0.33750000000000024,-16.680000000000017,617.0530569649999
340,2024-01-15,83.4,83.4,0.5695236451522275,0.8493397628533057,-47.49827200569578,1832.838589760408,0.20000000000000018,0.3850000000000003,-16.680000000000017,600.3730569649998
341,2024-01-15,84.9,84.9,0.21330626167029187,0.9,-18.109701615807783,1814.7288881446002,0.20000000000000018,0.43250000000000033,-16.980000000000015,583.3930569649998
342,2024-01-15,102.52,102.52,0.0,0.9,-0.0,1814.7288881446002,0.20000000000000018,0.48000000000000037,-20.50400000000002,562.8890569649998
343,2024-01-15,110.03,110.03,-0.06054861456549343,0.8840661540617123,6.662164060641242,1821.3910522052415,0.0,0.48000000000000037,-0.0,562.8890569649998
344,2024-01-15,122.00208,122.00208,-1.8062767768980346,0.40873016014117686,220.36952383725617,2041.7605760424976,-1.4,0.11157894736842144,170.802912,733.6919689649998
345,2024-01-15,119.59,119.59,-1.1731746085364718,0.10000000000000003,140.29995143487668,2182.0605274773743,0.0,0.11157894736842144,-0.0,733.6919689649998
346,2024-01-15,106.21,106.21,0.05202095197262967,0.11235497609349958,-5.525145309012997,2176.535382168361,0.0,0.11157894736842144,-0.0,733.6919689649998
347,2024-01-15,103.62167,103.62167,-0.046948909155298375,0.1,4.864924371350306,2181.4003065397114,0.20000000000000018,0.15907894736842149,-20.724334000000017,712.9676349649998
348,2024-01-15,95.6842,95.6842,1.2127927851120834,0.38803828646411986,-116.04510740922161,2065.35519913049,0.20000000000000018,0.20657894736842153,-19.136840000000017,693.8307949649998
349,2024-01-15,94.4436,94.4436,2.0,0.8630382864641198,-188.8872,1876.4679991304897,0.20000000000000018,0.25407894736842157,-18.888720000000017,674.9420749649997
350,2024-01-15,99.7,99.7,0.13763744163020267,0.8957271788512929,-13.722452930531206,1862.7455461999584,0.20000000000000018,0.3015789473684216,-19.94000000000002,655.0020749649997
351,2024-01-15,104.44211,104.44211,0.01799082588929299,0.9,-1.878999816520386,1860.866546383438,0.20000000000000018,0.34907894736842165,-20.88842200000002,634.1136529649997
352,2024-01-15,110.0,110.0,-0.18681756455811738,0.8508374830110218,20.549932101392912,1881.4164784848308,0.0,0.34907894736842165,-0.0,634.1136529649997
353,2024-01-15,116.13,116.13,-2.0,0.3245216935373376,232.26,2113.676478484831,0.0,0.34907894736842165,-0.0,634.1136529649997
354,2024-01-15,115.0,115.0,-0.849522988021355,0.10096301247908632,97.69514362245582,2211.371622107287,0.0,0.34907894736842165,-0.0,634.1136529649997
355,2024-01-15,113.9,113.9,0.0,0.10096301247908632,-0.0,2211.371622107287,0.0,0.34907894736842165,-0.0,634.1136529649997
356,2024-01-15,107.58229,107.58229,0.0,0.10096301247908632,-0.0,2211.371622107287,0.0,0.34907894736842165,-0.0,634.1136529649997
357,2024-01-15,104.31,104.31,0.0,0.10096301247908632,-0.0,2211.371622107287,0.0,0.34907894736842165,-0.0,634.1136529649997
358,2024-01-15,101.68,101.68,0.0,0.10096301247908632,-0.0,2211.371622107287,0.0,0.34907894736842165,-0.0,634.1136529649997
359,2024-01-15,91.39,91.39,0.0,0.10096301247908632,-0.0,2211.371622107287,0.0,0.34907894736842165,-0.0,634.1136529649997
360,2024-01-16,86.58831,86.58831,2.0,0.5759630124790863,-173.17662,2038.1950021072869,0.0,0.34907894736842165,-0.0,634.1136529649997
361,2024-01-16,83.34,83.34,-0.1093162010097171,0.5471955911607397,9.110412192149823,2047.3054142994367,0.20000000000000018,0.3965789473684217,-16.668000000000017,617.4456529649997
362,2024-01-16,84.1,84.1,0.17364317728988032,0.5884358457670863,-14.603391210078934,2032.702023089358,0.20000000000000018,0.44407894736842174,-16.820000000000014,600.6256529649996
363,2024-01-16,84.7,84.7,0.10455363985288088,0.6132673352321455,-8.85569329553901,2023.846329793819,0.20000000000000018,0.4915789473684218,-16.940000000000015,583.6856529649996
364,2024-01-16,84.7,84.7,1.1713396736252215,0.8914605077181356,-99.21247035605627,1924.6338594377628,0.20000000000000018,0.5390789473684219,-16.940000000000015,566.7456529649995
365,2024-01-16,90.0,90.0,0.0359557569762714,0.9,-3.236018127864426,1921.3978413098985,0.20000000000000018,0.586578947368422,-18.000000000000014,548.7456529649995
366,2024-01-16,103.76848,103.76848,-0.010234866259901679,0.8973066141421312,1.0620565147932821,1922.4598978246918,0.20000000000000018,0.6340789473684221,-20.75369600000002,527.9919569649995
367,2024-01-16,117.0,117.0,0.011340572033131891,0.9,-1.3268469278764312,1921.1330508968153,-1.4,0.26565789473684315,163.79999999999998,691.7919569649995
368,2024-01-16,141.11791,141.11791,-2.0,0.37368421052631584,282.23582,2203.368870896815,0.0,0.26565789473684315,-0.0,691.7919569649995
369,2024-01-16,136.26696,136.26696,-1.0325734790108712,0.10195434762871813,140.70564896143523,2344.0745198582504,0.0,0.26565789473684315,-0.0,691.7919569649995
370,2024-01-16,120.46093,120.46093,0.0,0.10195434762871813,-0.0,2344.0745198582504,0.0,0.26565789473684315,-0.0,691.7919569649995
371,2024-01-16,109.25941,109.25941,0.0,0.10195434762871813,-0.0,2344.0745198582504,0.20000000000000018,0.3131578947368432,-21.85188200000002,669.9400749649994
372,2024-01-16,101.16921,101.16921,1.2598685752435972,0.40117313424907247,-127.4599084612203,2216.61461139703,0.20000000000000018,0.36065789473684323,-20.23384200000002,649.7062329649995
373,2024-01-16,100.62671,100.62671,2.0,0.8761731342490724,-201.25342,2015.3611913970299,0.20000000000000018,0.4081578947368433,-20.125342000000018,629.5808909649994
374,2024-01-16,104.87055,104.87055,0.10032364526706371,0.9,-10.520995857161868,2004.840195539868,0.20000000000000018,0.4556578947368433,-20.974110000000017,608.6067809649994
375,2024-01-16,111.03657,111.03657,0.0,0.9,-0.0,2004.840195539868,0.0,0.4556578947368433,-0.0,608.6067809649994
376,2024-01-16,122.05,122.05,-0.06438431770049031,0.883056758499871,7.858105975344842,2012.698301515213,0.0,0.4556578947368433,-0.0,608.6067809649994
377,2024-01-16,133.0,133.0,-0.9737976883868533,0.6267942089243832,129.5150925554515,2142.2133940706644,-1.3515000000000044,0.10000000000000003,179.74950000000058,788.356280965
378,2024-01-16,129.98158,129.98158,-2.0,0.10047841945069902,259.96316,2402.1765540706647,0.0,0.10000000000000003,-0.0,788.356280965
379,2024-01-16,121.05,121.05,0.0,0.10047841945069902,-0.0,2402.1765540706647,0.0,0.10000000000000003,-0.0,788.356280965
380,2024-01-16,110.40919,110.40919,0.0,0.10047841945069902,-0.0,2402.1765540706647,0.0,0.10000000000000003,-0.0,788.356280965
381,2024-01-16,105.0,105.0,0.0,0.10047841945069902,-0.0,2402.1765540706647,0.0,0.10000000000000003,-0.0,788.356280965
382,2024-01-16,100.86671,100.86671,0.0,0.10047841945069902,-0.0,2402.1765540706647,0.0,0.10000000000000003,-0.0,788.356280965
383,2024-01-16,97.97296,97.97296,0.0,0.10047841945069902,-0.0,2402.1765540706647,0.20000000000000018,0.14750000000000008,-19.594592000000016,768.761688965
384,2024-01-17,86.75,86.75,0.0,0.10047841945069902,-0.0,2402.1765540706647,0.20000000000000018,0.19500000000000012,-17.350000000000016,751.4116889649999
385,2024-01-17,85.5,85.5,0.0,0.10047841945069902,-0.0,2402.1765540706647,0.20000000000000018,0.24250000000000016,-17.100000000000016,734.3116889649999
386,2024-01-17,82.4,82.4,1.3576300905924301,0.4229155659664012,-111.86871946481625,2290.3078346058483,0.20000000000000018,0.2900000000000002,-16.480000000000015,717.8316889649999
387,2024-01-17,80.0,80.0,2.0,0.8979155659664011,-160.0,2130.3078346058483,0.20000000000000018,0.33750000000000024,-16.000000000000014,701.8316889649999
388,2024-01-17,82.4,82.4,0.0,0.8979155659664011,-0.0,2130.3078346058483,0.20000000000000018,0.3850000000000003,-16.480000000000015,685.3516889649999
389,2024-01-17,85.9,85.9,0.0,0.8979155659664011,-0.0,2130.3078346058483,0.20000000000000018,0.43250000000000033,-17.180000000000017,668.1716889649998
390,2024-01-17,98.9,98.9,0.0,0.8979155659664011,-0.0,2130.3078346058483,0.20000000000000018,0.48000000000000037,-19.78000000000002,648.3916889649998
391,2024-01-17,104.18,104.18,0.0,0.8979155659664011,-0.0,2130.3078346058483,0.0,0.48000000000000037,-0.0,648.3916889649998
392,2024-01-17,116.7498,116.7498,-2.0,0.3715997764927169,233.4996,2363.8074346058484,0.0,0.48000000000000037,-0.0,648.3916889649998
393,2024-01-17,114.46135,114.46135,-0.5735455837948742,0.22066672812564475,65.64880180769941,2429.4562364135477,-1.4,0.11157894736842144,160.24588999999997,808.6375789649999
394,2024-01-17,109.59758,109.59758,-0.25022187899953524,0.15481886523103022,27.423712401401882,2456.87994881495,0.20000000000000018,0.15907894736842149,-21.91951600000002,786.7180629649998
395,2024-01-17,110.31763,110.31763,-0.20831168787791482,0.1,22.980451707991293,2479.8604005229413,0.20000000000000018,0.20657894736842153,-22.063526000000017,764.6545369649998
396,2024-01-17,104.97503,104.97503,2.0,0.575,-209.95006,2269.910340522941,0.20000000000000018,0.25407894736842157,-20.995006000000018,743.6595309649998
397,2024-01-17,103.41178,103.41178,1.3393308956015875,0.893091087705377,-138.5025919231543,2131.407748599787,0.20000000000000018,0.3015789473684216,-20.682356000000016,722.9771749649998
398,2024-01-17,107.06157,107.06157,0.029090157029991504,0.9,-3.1144378831774278,2128.2933107166095,0.20000000000000018,0.34907894736842165,-21.41231400000002,701.5648609649998
399,2024-01-17,113.11206,113.11206,-0.1924359580382569,0.8493589584109851,21.766827631780796,2150.0601383483904,0.20000000000000018,0.3965789473684217,-22.62241200000002,678.9424489649997
400,2024-01-17,115.0,115.0,-0.011450375172487958,0.8463457017866461,1.3167931448361152,2151.3769314932265,0.0,0.3965789473684217,-0.0,678.9424489649997
401,2024-01-17,125.4,125.4,-2.0,0.32002991231296196,250.8,2402.1769314932267,0.0,0.3965789473684217,-0.0,678.9424489649997
402,2024-01-17,120.0,120.0,-0.8345411450563004,0.10041382150867237,100.14493740675604,2502.3218688999827,-1.1270000000000024,0.1,135.2400000000003,814.182448965
403,2024-01-17,113.68582,113.68582,0.0,0.10041382150867237,-0.0,2502.3218688999827,0.0,0.1,-0.0,814.182448965
404,2024-01-17,104.23,104.23,0.0,0.10041382150867237,-0.0,2502.3218688999827,0.0,0.1,-0.0,814.182448965
405,2024-01-17,100.1786,100.1786,0.0,0.10041382150867237,-0.0,2502.3218688999827,0.0,0.1,-0.0,814.182448965
406,2024-01-17,93.28313,93.28313,0.0,0.10041382150867237,-0.0,2502.3218688999827,0.20000000000000018,0.14750000000000005,-18.656626000000017,795.5258229650001
407,2024-01-17,85.13999,85.13999,0.0,0.10041382150867237,-0.0,2502.3218688999827,0.20000000000000018,0.1950000000000001,-17.027998000000014,778.4978249650001
408,2024-01-18,84.0,84.0,0.0,0.10041382150867237,-0.0,2502.3218688999827,0.20000000000000018,0.24250000000000013,-16.800000000000015,761.697824965
409,2024-01-18,81.6,81.6,0.0,0.10041382150867237,-0.0,2502.3218688999827,0.20000000000000018,0.29000000000000015,-16.320000000000014,745.377824965
410,2024-01-18,78.0,78.0,0.0,0.10041382150867237,-0.0,2502.3218688999827,0.20000000000000018,0.3375000000000002,-15.600000000000014,729.7778249649999
411,2024-01-18,78.0,78.0,1.3547668767885872,0.4221709547459618,-105.6718163895098,2396.650052510473,0.20000000000000018,0.38500000000000023,-15.600000000000014,714.1778249649999
412,2024-01-18,75.95604,75.95604,2.0,0.8971709547459618,-151.91208,2244.737972510473,0.20000000000000018,0.4325000000000003,-15.191208000000014,698.9866169649999
413,2024-01-18,81.37145,81.37145,0.011911769490687433,0.9,-0.9692779555229978,2243.76869455495,0.20000000000000018,0.4800000000000003,-16.274290000000015,682.7123269649999
414,2024-01-18,99.0,99.0,0.0,0.9,-0.0,2243.76869455495,0.20000000000000018,0.5275000000000003,-19.80000000000002,662.9123269649998
415,2024-01-18,112.70957,112.70957,-0.7943115483273548,0.6909706451770119,89.52651305801038,2333.2952076129604,0.0,0.5275000000000003,-0.0,662.9123269649998
416,2024-01-18,125.0,125.0,-2.0,0.16465485570332772,250.0,2583.2952076129604,-1.4,0.15907894736842138,175.0,837.9123269649998
417,2024-01-18,119.23073,119.23073,-0.2456884516726453,0.1,29.29361344549922,2612.58882105846,0.0,0.15907894736842138,-0.0,837.9123269649998
418,2024-01-18,112.11555,112.11555,0.019558483075879814,0.10464513973052146,-2.192810087217957,2610.396010971242,0.0,0.15907894736842138,-0.0,837.9123269649998
419,2024-01-18,97.98925,97.98925,-0.01765153097598153,0.1,1.729660281688198,2612.1256712529303,0.20000000000000018,0.20657894736842142,-19.597850000000015,818.3144769649998
420,2024-01-18,90.16064,90.16064,1.6598297271458646,0.4942095601971428,-149.65131049049654,2462.4743607624337,0.20000000000000018,0.25407894736842146,-18.032128000000018,800.2823489649998
421,2024-01-18,87.8814,87.8814,1.4880223644088257,0.8476148717442389,-130.76948861555778,2331.704872146876,0.20000000000000018,0.3015789473684215,-17.576280000000015,782.7060689649998
422,2024-01-18,92.01,92.01,0.19693269942024821,0.8943863878565478,-18.11977767365704,2313.5850944732188,0.20000000000000018,0.34907894736842154,-18.40200000000002,764.3040689649997
423,2024-01-18,103.40414,103.40414,0.02363626165664101,0.9,-2.444087309419939,2311.141007163799,0.20000000000000018,0.3965789473684216,-20.68082800000002,743.6232409649997
424,2024-01-18,106.6622,106.6622,-0.06391859465935129,0.8831793171949076,6.81769792727466,2317.9587050910736,0.0,0.3965789473684216,-0.0,743.6232409649997
425,2024-01-18,114.20625,114.20625,-0.9064325686112406,0.6446444307182654,103.52026453895749,2421.4789696300313,0.0,0.3965789473684216,-0.0,743.6232409649997
426,2024-01-18,110.0,110.0,-1.2153032240296073,0.32482779281573715,133.68335464325682,2555.162324273288,0.0,0.3965789473684216,-0.0,743.6232409649997
427,2024-01-18,109.71,109.71,-0.8490631280680279,0.10139012753467719,93.15071578034333,2648.3130400536315,0.0,0.3965789473684216,-0.0,743.6232409649997
428,2024-01-18,103.32,103.32,0.0,0.10139012753467719,-0.0,2648.3130400536315,0.0,0.3965789473684216,-0.0,743.6232409649997
429,2024-01-18,100.0,100.0,0.0,0.10139012753467719,-0.0,2648.3130400536315,0.0,0.3965789473684216,-0.0,743.6232409649997
430,2024-01-18,91.47,91.47,0.0,0.10139012753467719,-0.0,2648.3130400536315,0.0,0.3965789473684216,-0.0,743.6232409649997
431,2024-01-18,84.08,84.08,0.0,0.10139012753467719,-0.0,2648.3130400536315,0.0,0.3965789473684216,-0.0,743.6232409649997
432,2024-01-19,72.13,72.13,0.0,0.10139012753467719,-0.0,2648.3130400536315,0.0,0.3965789473684216,-0.0,743.6232409649997
433,2024-01-19,70.0,70.0,1.130871443658441,0.3699720954035569,-79.16100105609087,2569.152038997541,0.20000000000000018,0.44407894736842163,-14.000000000000012,729.6232409649997
434,2024-01-19,66.49387,66.49387,0.18755870537125122,0.4145172879292291,-12.47150417232428,2556.6805348252165,0.20000000000000018,0.49157894736842167,-13.298774000000012,716.3244669649997
435,2024-01-19,66.4,66.4,1.7433815367111571,0.8285704028981289,-115.76053403762084,2440.9200007875957,0.20000000000000018,0.5390789473684217,-13.280000000000014,703.0444669649997
436,2024-01-19,69.16,69.16,0.30075619832366796,0.9,-20.800298676064873,2420.119702111531,0.20000000000000018,0.5865789473684218,-13.832000000000011,689.2124669649997
437,2024-01-19,74.8,74.8,-0.012555788984453845,0.8966958450040912,0.9391730160371475,2421.058875127568,0.20000000000000018,0.6340789473684219,-14.960000000000013,674.2524669649997
438,2024-01-19,90.83,90.83,0.013912231561721512,0.9,-1.2636479927511648,2419.795227134817,0.0,0.6340789473684219,-0.0,674.2524669649997
439,2024-01-19,98.64,98.64,0.0,0.9,-0.0,2419.795227134817,-1.4,0.2656578947368429,138.096,812.3484669649997
440,2024-01-19,117.68,117.68,-2.0,0.37368421052631584,235.36,2655.1552271348173,0.0,0.2656578947368429,-0.0,812.3484669649997
441,2024-01-19,110.0,110.0,-1.0400000000000003,0.1,114.40000000000003,2769.5552271348174,0.0,0.2656578947368429,-0.0,812.3484669649997
442,2024-01-19,100.56,100.56,0.029360462506002813,0.10697310984517568,-2.952488109603643,2766.602739025214,0.20000000000000018,0.31315789473684297,-20.11200000000002,792.2364669649997
443,2024-01-19,96.43,96.43,0.7826118524881219,0.29284342481110465,-75.46726093542961,2691.135478089784,0.20000000000000018,0.360657894736843,-19.28600000000002,772.9504669649997
444,2024-01-19,91.58072,91.58072,2.0,0.7678434248111046,-183.16144,2507.9740380897842,0.20000000000000018,0.40815789473684305,-18.316144000000016,754.6343229649997
445,2024-01-19,93.09,93.09,0.5520268199791751,0.8989497945561586,-51.388176671861416,2456.585861417923,0.20000000000000018,0.4556578947368431,-18.618000000000016,736.0163229649996
446,2024-01-19,95.63,95.63,0.0,0.8989497945561586,-0.0,2456.585861417923,0.20000000000000018,0.5031578947368431,-19.126000000000015,716.8903229649997
447,2024-01-19,99.05,99.05,0.0,0.8989497945561586,-0.0,2456.585861417923,0.20000000000000018,0.5506578947368432,-19.810000000000016,697.0803229649996
448,2024-01-19,101.36,101.36,0.0,0.8989497945561586,-0.0,2456.585861417923,0.0,0.5506578947368432,-0.0,697.0803229649996
449,2024-01-19,107.67,107.67,-2.0,0.37263400508247446,215.34,2671.925861417923,-1.4,0.1822368421052643,150.738,847.8183229649997
450,2024-01-19,107.17,107.17,-0.4824259703278539,0.24567980236461817,51.7015912400361,2723.627452657959,0.20000000000000018,0.22973684210526435,-21.43400000000002,826.3843229649997
451,2024-01-19,106.95,106.95,-0.553583248985549,0.1,59.20572847900447,2782.8331811369635,0.0,0.22973684210526435,-0.0,826.3843229649997
452,2024-01-19,99.03,99.03,0.018606869209371883,0.10441913143722582,-1.8426382578040976,2780.9905428791594,0.0,0.22973684210526435,-0.0,826.3843229649997
453,2024-01-19,98.49,98.49,-0.016792699461458106,0.1,1.6539129699590087,2782.6444558491185,0.0,0.22973684210526435,-0.0,826.3843229649997
454,2024-01-19,96.0,96.0,0.01994851626099189,0.10473777261198558,-1.9150575610552214,2780.7293982880633,0.0,0.22973684210526435,-0.0,826.3843229649997
455,2024-01-19,92.9,92.9,0.0,0.10473777261198558,-0.0,2780.7293982880633,0.0,0.22973684210526435,-0.0,826.3843229649997
456,2024-01-20,93.5,93.5,-0.018003535925545183,0.1,1.6833306090384745,2782.4127288971017,0.20000000000000018,0.2772368421052644,-18.700000000000017,807.6843229649996
457,2024-01-20,85.4,85.4,0.0,0.1,-0.0,2782.4127288971017,0.20000000000000018,0.32473684210526443,-17.080000000000016,790.6043229649996
458,2024-01-20,77.75,77.75,0.06200373880481726,0.11472588796614411,-4.820790692074541,2777.591938205027,0.20000000000000018,0.3722368421052645,-15.550000000000013,775.0543229649995
459,2024-01-20,76.93,76.93,0.577998842121445,0.2520006129699873,-44.465450924402774,2733.126487280624,0.20000000000000018,0.4197368421052645,-15.386000000000015,759.6683229649996
460,2024-01-20,76.93,76.93,1.9949068067981888,0.7257909795845572,-153.46818064698468,2579.6583066336393,0.20000000000000018,0.46723684210526456,-15.386000000000015,744.2823229649996
461,2024-01-20,76.93,76.93,0.7335116649071278,0.9,-56.42905238130535,2523.229254252334,0.20000000000000018,0.5147368421052646,-15.386000000000015,728.8963229649996
462,2024-01-20,87.37,87.37,-0.01644166190468416,0.8956732468671884,1.4365080006122553,2524.6657622529465,0.20000000000000018,0.5622368421052646,-17.474000000000018,711.4223229649996
463,2024-01-20,96.07,96.07,0.018217907927627838,0.9,-1.7501944146072062,2522.9155678383395,0.0,0.5622368421052646,-0.0,711.4223229649996
464,2024-01-20,100.0,100.0,-1.0192327684173794,0.6317808504164791,101.92327684173794,2624.8388446800773,-1.4,0.19381578947368566,140.0,851.4223229649996
465,2024-01-20,99.0,99.0,-2.0,0.10546506094279495,198.0,2822.8388446800773,0.0,0.19381578947368566,-0.0,851.4223229649996
466,2024-01-20,95.92,95.92,0.0,0.10546506094279495,-0.0,2822.8388446800773,0.20000000000000018,0.2413157894736857,-19.18400000000002,832.2383229649996
467,2024-01-20,92.49,92.49,-0.0207672315826208,0.1,1.9207612490765977,2824.759605929154,0.20000000000000018,0.28881578947368575,-18.498000000000015,813.7403229649996
468,2024-01-20,82.88,82.88,0.0,0.1,-0.0,2824.759605929154,0.20000000000000018,0.3363157894736858,-16.576000000000015,797.1643229649995
469,2024-01-20,77.75,77.75,1.3183890401495142,0.41311739703550965,-102.50474787162473,2722.2548580575294,0.20000000000000018,0.38381578947368583,-15.550000000000013,781.6143229649995
470,2024-01-20,78.65,78.65,2.0,0.8881173970355096,-157.3,2564.9548580575292,0.20000000000000018,0.4313157894736859,-15.730000000000015,765.8843229649995
471,2024-01-20,90.85,90.85,0.050032012482064826,0.9,-4.5454083339955895,2560.4094497235337,0.20000000000000018,0.4788157894736859,-18.170000000000016,747.7143229649994
472,2024-01-20,96.07,96.07,-0.3118408286227065,0.8179366240466562,29.95854840578341,2590.367998129317,0.0,0.4788157894736859,-0.0,747.7143229649994
473,2024-01-20,105.0,105.0,-0.049349023272027226,0.8049500389750701,5.181647443562858,2595.54964557288,0.0,0.4788157894736859,-0.0,747.7143229649994
474,2024-01-20,105.0,105.0,-0.7433982901604204,0.6093189099854858,78.05682046684414,2673.606466039724,-1.4,0.11039473684210699,147.0,894.7143229649994
475,2024-01-20,105.6,105.6,-1.9342783328019377,0.10029829609023899,204.2597919438846,2877.8662579836086,0.0,0.11039473684210699,-0.0,894.7143229649994
476,2024-01-20,98.52,98.52,0.0,0.10029829609023899,-0.0,2877.8662579836086,0.20000000000000018,0.15789473684210703,-19.70400000000002,875.0103229649993
477,2024-01-20,92.91,92.91,0.0,0.10029829609023899,-0.0,2877.8662579836086,0.20000000000000018,0.20539473684210707,-18.582000000000015,856.4283229649993
478,2024-01-20,81.23,81.23,0.0,0.10029829609023899,-0.0,2877.8662579836086,0.20000000000000018,0.2528947368421071,-16.246000000000016,840.1823229649993
479,2024-01-20,76.93,76.93,0.0,0.10029829609023899,-0.0,2877.8662579836086,0.0,0.2528947368421071,-0.0,840.1823229649993
480,2024-01-21,84.4,84.4,0.0,0.10029829609023899,-0.0,2877.8662579836086,0.0,0.2528947368421071,-0.0,840.1823229649993
481,2024-01-21,82.2,82.2,0.0,0.10029829609023899,-0.0,2877.8662579836086,0.20000000000000018,0.30039473684210716,-16.440000000000015,823.7423229649993
482,2024-01-21,75.03,75.03,0.0,0.10029829609023899,-0.0,2877.8662579836086,0.20000000000000018,0.3478947368421072,-15.006000000000014,808.7363229649993
483,2024-01-21,69.0,69.0,1.9998007463423313,0.5752509733465426,-137.98625149762086,2739.880006485988,0.20000000000000018,0.39539473684210724,-13.800000000000011,794.9363229649994
484,2024-01-21,70.0,70.0,0.0,0.5752509733465426,-0.0,2739.880006485988,0.20000000000000018,0.4428947368421073,-14.000000000000012,780.9363229649994
485,2024-01-21,69.0,69.0,1.339157138172358,0.8933007936624776,-92.40184253389269,2647.478163952095,0.20000000000000018,0.4903947368421073,-13.800000000000011,767.1363229649994
486,2024-01-21,73.0,73.0,0.028207184579041734,0.9,-2.0591244742700465,2645.419039477825,0.0,0.4903947368421073,-0.0,767.1363229649994
487,2024-01-21,90.0,90.0,-0.013962427138057176,0.8963256770689323,1.2566184424251459,2646.67565792025,-1.4,0.1219736842105284,125.99999999999999,893.1363229649994
488,2024-01-21,93.59,93.59,-2.0,0.3700098875952481,187.18,2833.85565792025,0.0,0.1219736842105284,-0.0,893.1363229649994
489,2024-01-21,89.34,89.34,-1.0260375728619429,0.1,91.66619675948598,2925.521854679736,0.0,0.1219736842105284,-0.0,893.1363229649994
490,2024-01-21,69.35615,69.35615,0.018992555087221478,0.1045107318332151,-1.317250499512596,2924.204604180223,0.20000000000000018,0.16947368421052844,-13.871230000000013,879.2650929649994
491,2024-01-21,62.89145,62.89145,-0.01714078096621737,0.1,1.0780085690978114,2925.282612749321,0.20000000000000018,0.21697368421052848,-12.578290000000012,866.6868029649994
492,2024-01-21,60.33551,60.33551,1.3682375961192426,0.4249564290783201,-82.55331316302852,2842.729299586292,0.20000000000000018,0.2644736842105285,-12.06710200000001,854.6197009649994
493,2024-01-21,58.1183,58.1183,2.0,0.8999564290783201,-116.2366,2726.492699586292,0.20000000000000018,0.31197368421052857,-11.62366000000001,842.9960409649995
494,2024-01-21,65.1,65.1,0.0,0.8999564290783201,-0.0,2726.492699586292,0.20000000000000018,0.3594736842105286,-13.02000000000001,829.9760409649995
495,2024-01-21,88.38,88.38,0.0,0.8999564290783201,-0.0,2726.492699586292,0.20000000000000018,0.40697368421052865,-17.676000000000016,812.3000409649994
496,2024-01-21,95.0,95.0,0.0,0.8999564290783201,-0.0,2726.492699586292,0.0,0.40697368421052865,-0.0,812.3000409649994
497,2024-01-21,98.81405,98.81405,0.0,0.8999564290783201,-0.0,2726.492699586292,0.0,0.40697368421052865,-0.0,812.3000409649994
498,2024-01-21,101.87,101.87,0.0,0.8999564290783201,-0.0,2726.492699586292,0.0,0.40697368421052865,-0.0,812.3000409649994
499,2024-01-21,105.1,105.1,0.0,0.8999564290783201,-0.0,2726.492699586292,0.0,0.40697368421052865,-0.0,812.3000409649994
500,2024-01-21,105.1,105.1,0.0,0.8999564290783201,-0.0,2726.492699586292,0.0,0.40697368421052865,-0.0,812.3000409649994
501,2024-01-21,102.41,102.41,-2.0,0.3736406396046359,204.82,2931.312699586292,0.0,0.40697368421052865,-0.0,812.3000409649994
502,2024-01-21,97.75,97.75,-1.0141427558618035,0.10676096700942445,99.13245438549129,3030.4451539717834,0.0,0.40697368421052865,-0.0,812.3000409649994
503,2024-01-21,95.0,95.0,-0.025691674635812872,0.1,2.440709090402223,3032.8858630621858,0.0,0.40697368421052865,-0.0,812.3000409649994
504,2024-01-22,84.4,84.4,0.011560904147178447,0.10274571473495489,-0.975740310021861,3031.9101227521637,0.0,0.40697368421052865,-0.0,812.3000409649994
505,2024-01-22,82.2,82.2,-0.010433715992828562,0.1,0.8576514546105078,3032.7677742067744,0.20000000000000018,0.4544736842105287,-16.440000000000015,795.8600409649994
506,2024-01-22,77.9,77.9,2.0,0.575,-155.8,2876.9677742067743,0.20000000000000018,0.5019736842105287,-15.580000000000014,780.2800409649993
507,2024-01-22,77.9,77.9,1.367781612934237,0.8998481330718813,-106.55018764757708,2770.4175865591974,0.20000000000000018,0.5494736842105288,-15.580000000000014,764.7000409649993
508,2024-01-22,82.49,82.49,0.0,0.8998481330718813,-0.0,2770.4175865591974,0.20000000000000018,0.5969736842105289,-16.498000000000015,748.2020409649992
509,2024-01-22,95.68,95.68,0.0,0.8998481330718813,-0.0,2770.4175865591974,0.20000000000000018,0.644473684210529,-19.136000000000017,729.0660409649993
510,2024-01-22,106.0,106.0,0.0,0.8998481330718813,-0.0,2770.4175865591974,-1.4,0.27605263157895005,148.39999999999998,877.4660409649993
511,2024-01-22,114.5,114.5,0.0,0.8998481330718813,-0.0,2770.4175865591974,0.0,0.27605263157895005,-0.0,877.4660409649993
512,2024-01-22,131.8,131.8,-2.0,0.3735323435981971,263.6,3034.0175865591973,0.0,0.27605263157895005,-0.0,877.4660409649993
513,2024-01-22,114.0,114.0,-1.039422905673149,0.1,118.49421124673898,3152.511797805936,0.0,0.27605263157895005,-0.0,877.4660409649993
514,2024-01-22,99.83,99.83,2.0,0.575,-199.66,2952.8517978059363,0.20000000000000018,0.3235526315789501,-19.96600000000002,857.5000409649992
515,2024-01-22,97.73,97.73,0.0,0.575,-0.0,2952.8517978059363,0.20000000000000018,0.37105263157895013,-19.546000000000017,837.9540409649992
516,2024-01-22,94.5,94.5,0.21397255975302085,0.6258184829413425,-20.22040689666047,2932.631390909276,0.20000000000000018,0.4185526315789502,-18.900000000000016,819.0540409649992
517,2024-01-22,95.0,95.0,1.1544484928785583,0.9,-109.67260682346304,2822.958784085813,0.20000000000000018,0.4660526315789502,-19.000000000000018,800.0540409649992
518,2024-01-22,99.46,99.46,-0.06471959656955617,0.8829685272185379,6.437011074808057,2829.395795160621,0.20000000000000018,0.5135526315789503,-19.892000000000017,780.1620409649992
519,2024-01-22,113.41,113.41,0.07171146434299835,0.9,-8.132797171139444,2821.262997989482,0.0,0.5135526315789503,-0.0,780.1620409649992
520,2024-01-22,122.00407,122.00407,-0.23505588949301584,0.8381431869755221,28.677775195618167,2849.9407731851,-1.4,0.14513157894737133,170.80569799999998,950.9677389649992
521,2024-01-22,131.8,131.8,-2.0,0.31182739750183797,263.6,3113.5407731851,0.0,0.14513157894737133,-0.0,950.9677389649992
522,2024-01-22,119.75,119.75,-0.80321057182592,0.10045619438975373,96.18446597615393,3209.725239161254,0.0,0.14513157894737133,-0.0,950.9677389649992
523,2024-01-22,114.5,114.5,0.0,0.10045619438975373,-0.0,3209.725239161254,0.0,0.14513157894737133,-0.0,950.9677389649992
524,2024-01-22,108.63,108.63,0.0,0.10045619438975373,-0.0,3209.725239161254,0.0,0.14513157894737133,-0.0,950.9677389649992
525,2024-01-22,99.83,99.83,0.0,0.10045619438975373,-0.0,3209.725239161254,0.0,0.14513157894737133,-0.0,950.9677389649992
526,2024-01-22,97.46612,97.46612,0.0,0.10045619438975373,-0.0,3209.725239161254,0.0,0.14513157894737133,-0.0,950.9677389649992
527,2024-01-22,90.01,90.01,0.0,0.10045619438975373,-0.0,3209.725239161254,0.0,0.14513157894737133,-0.0,950.9677389649992
528,2024-01-23,75.9,75.9,0.0,0.10045619438975373,-0.0,3209.725239161254,0.20000000000000018,0.19263157894737137,-15.180000000000014,935.7877389649991
529,2024-01-23,72.0,72.0,0.027049681464761503,0.10688049373763459,-1.9475770654628282,3207.7776620957916,0.20000000000000018,0.24013157894737142,-14.400000000000013,921.3877389649991
530,2024-01-23,65.1,65.1,1.5038810363937993,0.4640522398811619,-97.90265546923632,3109.875006626555,0.20000000000000018,0.28763157894737146,-13.02000000000001,908.3677389649991
531,2024-01-23,65.1,65.1,1.8355695162898449,0.9,-119.4955755104689,2990.3794311160864,0.20000000000000018,0.3351315789473715,-13.02000000000001,895.3477389649992
532,2024-01-23,70.33,70.33,-0.011045629115539551,0.8970932554959107,0.7768390956958966,2991.156270211782,0.20000000000000018,0.38263157894737154,-14.066000000000011,881.2817389649991
533,2024-01-23,79.32,79.32,0.012238924227744601,0.9,-0.9707914697447017,2990.1854787420375,0.20000000000000018,0.4301315789473716,-15.864000000000013,865.4177389649991
534,2024-01-23,95.13,95.13,-0.08098317677830577,0.8786886376899196,7.703929606920227,2997.8894083489577,0.20000000000000018,0.4776315789473716,-19.026000000000018,846.391738964999
535,2024-01-23,104.11,104.11,-0.0195845619370954,0.8735348056012102,2.038948743271002,2999.9283570922285,0.0,0.4776315789473716,-0.0,846.391738964999
536,2024-01-23,122.00354,122.00354,-2.0,0.34721901612752604,244.00708,3243.9354370922283,-1.4,0.1092105263157927,170.804956,1017.1966949649991
537,2024-01-23,105.0,105.0,-0.9350469758392944,0.10115402248560645,98.17993246312591,3342.1153695553544,0.0,0.1092105263157927,-0.0,1017.1966949649991
538,2024-01-23,96.45,96.45,0.0,0.10115402248560645,-0.0,3342.1153695553544,0.20000000000000018,0.15671052631579274,-19.290000000000017,997.9066949649991
539,2024-01-23,90.0,90.0,0.0,0.10115402248560645,-0.0,3342.1153695553544,0.20000000000000018,0.20421052631579278,-18.000000000000014,979.9066949649991
540,2024-01-23,79.74703,79.74703,1.3136343921936713,0.41314219063160335,-104.75844128330047,3237.356928272054,0.20000000000000018,0.2517105263157928,-15.949406000000014,963.9572889649991
541,2024-01-23,79.567,79.567,2.0,0.8881421906316034,-159.134,3078.222928272054,0.20000000000000018,0.29921052631579287,-15.913400000000014,948.043888964999
542,2024-01-23,85.87885,85.87885,-0.015680159849056578,0.8840158327765885,1.3465940956531524,3079.569522367707,0.20000000000000018,0.3467105263157929,-17.175770000000014,930.868118964999
543,2024-01-23,92.89909,92.89909,0.06730175673015394,0.9,-6.2522719556326765,3073.3172504120744,0.20000000000000018,0.39421052631579295,-18.579818000000017,912.2883009649989
544,2024-01-23,100.13,100.13,-0.036809413250495554,0.8903133123025012,3.6857265487721196,3077.0029769608464,0.0,0.39421052631579295,-0.0,912.2883009649989
545,2024-01-23,105.98,105.98,-2.0,0.36399752282881703,211.96,3288.9629769608464,0.0,0.39421052631579295,-0.0,912.2883009649989
546,2024-01-23,103.04,103.04,-0.4200945519465988,0.25344632494813313,43.28654263257754,3332.249519593424,0.0,0.39421052631579295,-0.0,912.2883009649989
547,2024-01-23,101.61,101.61,-0.5024749085631345,0.1212160858525714,51.05647545910009,3383.305995052524,0.0,0.39421052631579295,-0.0,912.2883009649989
548,2024-01-23,99.46,99.46,-0.08062112623977132,0.1,8.018577215807655,3391.3245722683314,0.0,0.39421052631579295,-0.0,912.2883009649989
549,2024-01-23,97.66,97.66,0.010654398466936024,0.1025304196358973,-1.040508554280972,3390.2840637140503,0.0,0.39421052631579295,-0.0,912.2883009649989
550,2024-01-23,94.1,94.1,0.0,0.1025304196358973,-0.0,3390.2840637140503,0.0,0.39421052631579295,-0.0,912.2883009649989
551,2024-01-23,89.44,89.44,0.0,0.1025304196358973,-0.0,3390.2840637140503,0.0,0.39421052631579295,-0.0,912.2883009649989
552,2024-01-24,76.4,76.4,0.0,0.1025304196358973,-0.0,3390.2840637140503,0.0,0.39421052631579295,-0.0,912.2883009649989
553,2024-01-24,69.0,69.0,0.21181187851814295,0.15283574078395626,-14.615019617751864,3375.6690440962984,0.20000000000000018,0.441710526315793,-13.800000000000011,898.4883009649989
554,2024-01-24,65.7,65.7,2.0,0.6278357407839562,-131.4,3244.2690440962983,0.20000000000000018,0.48921052631579304,-13.140000000000013,885.3483009649989
555,2024-01-24,65.3,65.3,0.9295772800383931,0.8486103447930746,-60.70139638650707,3183.5676477097913,0.20000000000000018,0.5367105263157931,-13.060000000000011,872.2883009649988
556,2024-01-24,66.85,66.85,0.21637749560810696,0.9,-14.46483558140195,3169.1028121283894,0.20000000000000018,0.5842105263157931,-13.37000000000001,858.9183009649988
557,2024-01-24,79.0,79.0,0.0,0.9,-0.0,3169.1028121283894,0.20000000000000018,0.6317105263157932,-15.800000000000015,843.1183009649988
558,2024-01-24,97.01,97.01,0.0,0.9,-0.0,3169.1028121283894,0.0,0.6317105263157932,-0.0,843.1183009649988
559,2024-01-24,122.0061,122.0061,-2.0,0.37368421052631584,244.0122,3413.1150121283895,-1.4,0.26328947368421424,170.80854,1013.9268409649987
560,2024-01-24,128.0,128.0,-1.0400000000000003,0.1,133.12000000000003,3546.2350121283894,0.0,0.26328947368421424,-0.0,1013.9268409649987
561,2024-01-24,107.52,107.52,0.1258913209033109,0.12989918871453635,-13.535834823523988,3532.6991773048653,0.0,0.26328947368421424,-0.0,1013.9268409649987
562,2024-01-24,98.3,98.3,-0.04104460869470253,0.11909797590014094,4.034685034689258,3536.7338623395544,0.0,0.26328947368421424,-0.0,1013.9268409649987
563,2024-01-24,95.25,95.25,-0.07257230842053555,0.1,6.912512377056012,3543.6463747166104,0.20000000000000018,0.3107894736842143,-19.05000000000002,994.8768409649987
564,2024-01-24,83.22628,83.22628,0.0,0.1,-0.0,3543.6463747166104,0.20000000000000018,0.3582894736842143,-16.645256000000014,978.2315849649987
565,2024-01-24,84.97,84.97,1.9909783699073647,0.572857362852999,-169.1734320910288,3374.4729426255817,0.20000000000000018,0.40578947368421436,-16.994000000000014,961.2375849649986
566,2024-01-24,95.25,95.25,1.3138921047583008,0.8849067377330955,-125.14822297822815,3249.3247196473535,0.20000000000000018,0.4532894736842144,-19.05000000000002,942.1875849649986
567,2024-01-24,101.0,101.0,0.0635505779659139,0.9,-6.418608374557304,3242.9061112727964,0.20000000000000018,0.5007894736842144,-20.200000000000017,921.9875849649985
568,2024-01-24,111.88,111.88,-0.02992661544808389,0.8921245748820832,3.3481897363316255,3246.254301009128,0.0,0.5007894736842144,-0.0,921.9875849649985
569,2024-01-24,125.53,125.53,-0.9165774799165741,0.6509199749040373,115.05797105392755,3361.312272063056,-1.4,0.13236842105263552,175.742,1097.7295849649986
570,2024-01-24,123.54,123.54,-2.0,0.12460418543035312,247.08,3608.3922720630558,0.0,0.13236842105263552,-0.0,1097.7295849649986
571,2024-01-24,119.27,119.27,-0.09349590463534183,0.1,11.151256545857219,3619.5435286089128,0.0,0.13236842105263552,-0.0,1097.7295849649986
572,2024-01-24,105.04,105.04,0.1580940445280122,0.1375473355754029,-16.606198437222403,3602.9373301716905,0.0,0.13236842105263552,-0.0,1097.7295849649986
573,2024-01-24,101.94,101.94,-0.14267987518653105,0.1,14.544786476514975,3617.4821166482056,0.0,0.13236842105263552,-0.0,1097.7295849649986
574,2024-01-24,97.09,97.09,0.03502073627281096,0.10831742486479261,-3.400163284727216,3614.0819533634785,0.0,0.13236842105263552,-0.0,1097.7295849649986
575,2024-01-24,94.0,94.0,-0.020059288014169722,0.10303866486106374,1.885573073331954,3615.9675264368107,0.0,0.13236842105263552,-0.0,1097.7295849649986
576,2024-01-25,80.34,80.34,-0.011546926472042175,0.1,0.9276800727638684,3616.8952065095746,0.20000000000000018,0.17986842105263556,-16.068000000000016,1081.6615849649986
577,2024-01-25,72.23,72.23,0.46364087712644414,0.21011470831753049,-33.48878055484306,3583.4064259547313,0.20000000000000018,0.2273684210526356,-14.446000000000014,1067.2155849649987
578,2024-01-25,69.6,69.6,2.0,0.6851147083175304,-139.2,3444.2064259547315,0.20000000000000018,0.27486842105263565,-13.92000000000001,1053.2955849649986
579,2024-01-25,66.9,66.9,0.8853576169088746,0.8953871423333881,-59.23042457120371,3384.9760013835275,0.20000000000000018,0.3223684210526357,-13.380000000000013,1039.9155849649985
580,2024-01-25,69.76,69.76,0.019422558596260645,0.9,-1.3549176876751428,3383.6210836958526,0.20000000000000018,0.36986842105263573,-13.952000000000014,1025.9635849649985
581,2024-01-25,80.0,80.0,0.0,0.9,-0.0,3383.6210836958526,0.20000000000000018,0.4173684210526358,-16.000000000000014,1009.9635849649985
582,2024-01-25,96.19,96.19,0.0,0.9,-0.0,3383.6210836958526,0.0,0.4173684210526358,-0.0,1009.9635849649985
583,2024-01-25,106.13,106.13,-0.22977790502856563,0.8395321302556407,24.386329060681668,3408.0074127565344,0.0,0.4173684210526358,-0.0,1009.9635849649985
584,2024-01-25,124.23,124.23,-2.0,0.3132163407819565,248.46,3656.4674127565345,-1.2060000000000157,0.10000000000000003,149.82138000000197,1159.7849649650004
585,2024-01-25,106.3,106.3,-0.8078750865336272,0.10061763379942301,85.87712169852456,3742.344534455059,0.0,0.10000000000000003,-0.0,1159.7849649650004
586,2024-01-25,94.19572,94.19572,0.0,0.10061763379942301,-0.0,3742.344534455059,0.20000000000000018,0.14750000000000008,-18.839144000000015,1140.9458209650004
587,2024-01-25,89.10863,89.10863,0.0,0.10061763379942301,-0.0,3742.344534455059,0.20000000000000018,0.19500000000000012,-17.821726000000016,1123.1240949650003
588,2024-01-25,78.212,78.212,1.3646044881918573,0.4247111997449891,-106.72844623046154,3635.6160882245977,0.20000000000000018,0.24250000000000016,-15.642400000000015,1107.4816949650003
589,2024-01-25,78.39197,78.39197,2.0,0.8997111997449891,-156.78394,3478.832148224598,0.20000000000000018,0.2900000000000002,-15.678394000000013,1091.8033009650003
590,2024-01-25,89.67638,89.67638,0.0,0.8997111997449891,-0.0,3478.832148224598,0.20000000000000018,0.33750000000000024,-17.935276000000016,1073.8680249650004
591,2024-01-25,98.43,98.43,0.0,0.8997111997449891,-0.0,3478.832148224598,0.20000000000000018,0.3850000000000003,-19.686000000000018,1054.1820249650004
592,2024-01-25,108.56,108.56,0.0,0.8997111997449891,-0.0,3478.832148224598,0.0,0.3850000000000003,-0.0,1054.1820249650004
593,2024-01-25,126.56,126.56,-2.0,0.37339541027130496,253.12,3731.9521482245977,0.0,0.3850000000000003,-0.0,1054.1820249650004
594,2024-01-25,122.00018,122.00018,-1.0255666984409872,0.10350943699736093,125.11932181180616,3857.0714700364038,-1.0830000000000009,0.10000000000000003,132.1261949400001,1186.3082199050004
595,2024-01-25,120.0,120.0,-0.013335860589971498,0.1,1.6003032707965799,3858.6717733072005,0.0,0.10000000000000003,-0.0,1186.3082199050004
596,2024-01-25,106.13,106.13,0.1449210608425179,0.134418751950098,-15.380472187216425,3843.291301119984,0.0,0.10000000000000003,-0.0,1186.3082199050004
597,2024-01-25,99.89,99.89,-0.1307912574103724,0.1,13.0647387027221,3856.356039822706,0.20000000000000018,0.14750000000000008,-19.97800000000002,1166.3302199050004
598,2024-01-25,96.82,96.82,0.057686238760498665,0.11370048170561844,-5.58518163679148,3850.7708581859147,0.20000000000000018,0.19500000000000012,-19.364000000000015,1146.9662199050003
599,2024-01-25,95.68,95.68,-0.05206183048135007,0.1,4.981275940455575,3855.75213412637,0.20000000000000018,0.24250000000000016,-19.136000000000017,1127.8302199050004
600,2024-01-26,93.8,93.8,0.0,0.1,-0.0,3855.75213412637,0.20000000000000018,0.2900000000000002,-18.760000000000016,1109.0702199050004
601,2024-01-26,88.89,88.89,0.024271816107223468,0.10576455632546558,-2.157521733771094,3853.5946123925987,0.20000000000000018,0.33750000000000024,-17.778000000000016,1091.2922199050004
602,2024-01-26,85.8,85.8,0.3346621823790692,0.18524682464049452,-28.714015248124134,3824.8805971444745,0.20000000000000018,0.3850000000000003,-17.160000000000014,1074.1322199050003
603,2024-01-26,83.0,83.0,2.0,0.6602468246404944,-166.0,3658.8805971444745,0.20000000000000018,0.43250000000000033,-16.600000000000016,1057.5322199050004
604,2024-01-26,85.0,85.0,1.0094870541452867,0.9,-85.80639960234937,3573.074197542125,0.20000000000000018,0.48000000000000037,-17.000000000000014,1040.5322199050004
605,2024-01-26,90.01,90.01,-0.011536129207307485,0.8969641765243928,1.0383669899497467,3574.112564532075,0.20000000000000018,0.5275000000000004,-18.002000000000017,1022.5302199050003
606,2024-01-26,99.3,99.3,0.01278241463413587,0.9,-1.2692937731696918,3572.8432707589054,0.0,0.5275000000000004,-0.0,1022.5302199050003
607,2024-01-26,120.05,120.05,-0.4312724156798942,0.7865072590316068,51.7742535023713,3624.6175242612767,-1.4,0.15907894736842149,168.07,1190.6002199050004
608,2024-01-26,135.0,135.0,-2.0,0.2601914695579226,270.0,3894.6175242612767,0.0,0.15907894736842149,-0.0,1190.6002199050004
609,2024-01-26,120.05,120.05,-0.6087275843201059,0.1,73.07774649762871,3967.6952707589053,0.0,0.15907894736842149,-0.0,1190.6002199050004
610,2024-01-26,100.31,100.31,0.01784902146893146,0.10423914259887122,-1.7904353435485147,3965.904835415357,0.20000000000000018,0.20657894736842153,-20.06200000000002,1170.5382199050002
611,2024-01-26,96.87346,96.87346,-0.01610874187571063,0.1,1.5605095617469784,3967.465344977104,0.20000000000000018,0.25407894736842157,-19.374692000000017,1151.1635279050001
612,2024-01-26,86.44,86.44,1.3664990768875025,0.4245435307607819,-118.12018020615571,3849.3451647709485,0.20000000000000018,0.3015789473684216,-17.288000000000014,1133.8755279050001
613,2024-01-26,87.52317,87.52317,2.0,0.8995435307607819,-175.04634,3674.2988247709486,0.20000000000000018,0.34907894736842165,-17.504634000000014,1116.370893905
614,2024-01-26,95.01,95.01,0.0,0.8995435307607819,-0.0,3674.2988247709486,0.20000000000000018,0.3965789473684217,-19.002000000000017,1097.368893905
615,2024-01-26,101.6558,101.6558,0.0,0.8995435307607819,-0.0,3674.2988247709486,0.20000000000000018,0.44407894736842174,-20.33116000000002,1077.037733905
616,2024-01-26,117.45,117.45,-0.13463770685887527,0.8641125552716041,15.8131986705749,3690.1120234415234,0.0,0.44407894736842174,-0.0,1077.037733905
617,2024-01-26,128.0,128.0,-2.0,0.33779676579791995,256.0,3946.1120234415234,-1.3075000000000023,0.10000000000000003,167.3600000000003,1244.3977339050005
618,2024-01-26,119.99,119.99,-0.9036277100320957,0.1,108.42628892675117,4054.5383123682745,0.0,0.10000000000000003,-0.0,1244.3977339050005
619,2024-01-26,115.0,115.0,0.01082682459674203,0.10257137084172624,-1.2450848286253333,4053.2932275396493,0.0,0.10000000000000003,-0.0,1244.3977339050005
620,2024-01-26,101.24552,101.24552,0.0,0.10257137084172624,-0.0,4053.2932275396493,0.20000000000000018,0.14750000000000008,-20.249104000000017,1224.1486299050005
621,2024-01-26,98.57,98.57,0.0,0.10257137084172624,-0.0,4053.2932275396493,0.20000000000000018,0.19500000000000012,-19.714000000000016,1204.4346299050005
622,2024-01-26,95.48,95.48,0.0,0.10257137084172624,-0.0,4053.2932275396493,0.20000000000000018,0.24250000000000016,-19.096000000000018,1185.3386299050005
623,2024-01-26,94.05,94.05,0.0,0.10257137084172624,-0.0,4053.2932275396493,0.20000000000000018,0.2900000000000002,-18.810000000000016,1166.5286299050006
624,2024-01-27,97.29,97.29,0.0,0.10257137084172624,-0.0,4053.2932275396493,0.20000000000000018,0.33750000000000024,-19.45800000000002,1147.0706299050005
625,2024-01-27,93.27,93.27,0.0,0.10257137084172624,-0.0,4053.2932275396493,0.20000000000000018,0.3850000000000003,-18.654000000000014,1128.4166299050005
626,2024-01-27,90.46,90.46,0.0,0.10257137084172624,-0.0,4053.2932275396493,0.20000000000000018,0.43250000000000033,-18.092000000000017,1110.3246299050004
627,2024-01-27,86.44,86.44,0.8410422593372234,0.3023189074343168,-72.69969289710959,3980.5935346425395,0.20000000000000018,0.48000000000000037,-17.288000000000014,1093.0366299050004
628,2024-01-27,85.7,85.7,1.9421022354613564,0.763568188356389,-166.43816157903825,3814.1553730635014,0.20000000000000018,0.5275000000000004,-17.140000000000015,1075.8966299050003
629,2024-01-27,86.44,86.44,0.5744497332362571,0.9,-49.655434940942065,3764.4999381225593,0.20000000000000018,0.5750000000000004,-17.288000000000014,1058.6086299050003
630,2024-01-27,95.21,95.21,0.0,0.9,-0.0,3764.4999381225593,0.0,0.5750000000000004,-0.0,1058.6086299050003
631,2024-01-27,104.94,104.94,-1.777799491577018,0.4321580285323637,186.56227864609227,3951.0622167686515,0.0,0.5750000000000004,-0.0,1058.6086299050003
632,2024-01-27,114.2,114.2,-1.2622005084229817,0.10000000000000003,144.14329806190452,4095.2055148305562,-1.4,0.20657894736842147,159.88,1218.4886299050004
633,2024-01-27,104.23,104.23,0.0,0.10000000000000003,-0.0,4095.2055148305562,0.0,0.20657894736842147,-0.0,1218.4886299050004
634,2024-01-27,95.0,95.0,0.0,0.10000000000000003,-0.0,4095.2055148305562,0.0,0.20657894736842147,-0.0,1218.4886299050004
635,2024-01-27,85.0,85.0,0.0,0.10000000000000003,-0.0,4095.2055148305562,0.20000000000000018,0.2540789473684215,-17.000000000000014,1201.4886299050004
636,2024-01-27,70.57,70.57,2.0,0.575,-141.14,3954.0655148305564,0.20000000000000018,0.30157894736842156,-14.114000000000011,1187.3746299050003
637,2024-01-27,70.19,70.19,0.1763292086732759,0.6168781870599029,-12.376547156777235,3941.688967673779,0.20000000000000018,0.3490789473684216,-14.038000000000013,1173.3366299050003
638,2024-01-27,71.95,71.95,1.1920918439583035,0.9,-85.77100817279994,3855.917959500979,0.20000000000000018,0.39657894736842164,-14.390000000000013,1158.9466299050002
639,2024-01-27,78.34,78.34,0.0,0.9,-0.0,3855.917959500979,0.20000000000000018,0.4440789473684217,-15.668000000000015,1143.2786299050001
640,2024-01-27,96.33,96.33,-0.547755267617276,0.7558538769428221,52.7652649295722,3908.6832244305515,0.20000000000000018,0.4915789473684217,-19.266000000000016,1124.012629905
641,2024-01-27,101.94,101.94,-0.48919522119617825,0.627118292417512,49.86856084873841,3958.55178527929,0.0,0.4915789473684217,-0.0,1124.012629905
642,2024-01-27,105.78,105.78,-2.0,0.10080250294382787,211.56,4170.11178527929,-1.4,0.1231578947368428,148.09199999999998,1272.104629905
643,2024-01-27,105.33,105.33,0.0,0.10080250294382787,-0.0,4170.11178527929,0.0,0.1231578947368428,-0.0,1272.104629905
644,2024-01-27,98.61,98.61,0.0,0.10080250294382787,-0.0,4170.11178527929,0.20000000000000018,0.17065789473684284,-19.72200000000002,1252.382629905
645,2024-01-27,97.29,97.29,0.0,0.10080250294382787,-0.0,4170.11178527929,0.0,0.17065789473684284,-0.0,1252.382629905
646,2024-01-27,90.78,90.78,0.0,0.10080250294382787,-0.0,4170.11178527929,0.0,0.17065789473684284,-0.0,1252.382629905
647,2024-01-27,84.0,84.0,0.0,0.10080250294382787,-0.0,4170.11178527929,0.0,0.17065789473684284,-0.0,1252.382629905
648,2024-01-28,75.11,75.11,0.0,0.10080250294382787,-0.0,4170.11178527929,0.20000000000000018,0.21815789473684288,-15.022000000000013,1237.360629905
649,2024-01-28,73.27,73.27,0.0,0.10080250294382787,-0.0,4170.11178527929,0.20000000000000018,0.2656578947368429,-14.654000000000012,1222.706629905
650,2024-01-28,70.46,70.46,0.0,0.10080250294382787,-0.0,4170.11178527929,0.20000000000000018,0.31315789473684297,-14.092000000000011,1208.614629905
651,2024-01-28,66.44,66.44,0.0,0.10080250294382787,-0.0,4170.11178527929,0.20000000000000018,0.360657894736843,-13.288000000000011,1195.326629905
652,2024-01-28,61.93,61.93,2.0,0.5758025029438278,-123.86,4046.2517852792903,0.20000000000000018,0.40815789473684305,-12.386000000000012,1182.940629905
653,2024-01-28,61.82058,61.82058,1.3650420928680935,0.9,-84.3876939055194,3961.864091373771,0.20000000000000018,0.4556578947368431,-12.364116000000012,1170.576513905
654,2024-01-28,70.4,70.4,-0.010734018083776817,0.8971752583990061,0.755674873097888,3962.619766246869,0.0,0.4556578947368431,-0.0,1170.576513905
655,2024-01-28,75.19,75.19,0.011893648846290043,0.9,-0.8942834567525483,3961.7254827901165,0.0,0.4556578947368431,-0.0,1170.576513905
656,2024-01-28,90.0,90.0,-2.0,0.37368421052631584,180.0,4141.725482790116,-1.3515000000000035,0.10000000000000003,121.63500000000032,1292.2115139050002
657,2024-01-28,89.37,89.37,-1.038514159915826,0.10039101054846689,92.81201047167738,4234.537493261793,0.0,0.10000000000000003,-0.0,1292.2115139050002
658,2024-01-28,65.0,65.0,0.0,0.10039101054846689,-0.0,4234.537493261793,0.20000000000000018,0.14750000000000008,-13.00000000000001,1279.2115139050002
659,2024-01-28,49.99,49.99,0.610921627839782,0.2454848971604151,-30.5399721757107,4203.997521086083,0.20000000000000018,0.19500000000000012,-9.99800000000001,1269.2135139050001
660,2024-01-28,50.0,50.0,2.0,0.7204848971604151,-100.0,4103.997521086083,0.20000000000000018,0.24250000000000016,-10.000000000000009,1259.2135139050001
661,2024-01-28,48.33318,48.33318,0.755853064587726,0.9,-36.532782224270186,4067.4647388618127,0.20000000000000018,0.2900000000000002,-9.666636000000008,1249.5468779050002
662,2024-01-28,67.08,67.08,-0.021291631232870124,0.8943969391492447,1.428242623100928,4068.892981484914,0.20000000000000018,0.33750000000000024,-13.416000000000011,1236.1308779050003
663,2024-01-28,77.30454,77.30454,0.0,0.8943969391492447,-0.0,4068.892981484914,0.20000000000000018,0.3850000000000003,-15.460908000000014,1220.6699699050002
664,2024-01-28,88.28622,88.28622,0.02359183516107515,0.9,-2.0828339492344163,4066.8101475356793,0.20000000000000018,0.43250000000000033,-17.657244000000016,1203.0127259050003
665,2024-01-28,98.35821,98.35821,-1.2767651105467324,0.5640091814350705,125.58033086382872,4192.390478399508,0.0,0.43250000000000033,-0.0,1203.0127259050003
666,2024-01-28,100.0,100.0,-1.763234889453268,0.1,176.3234889453268,4368.713967344835,-1.2635000000000012,0.1,126.35000000000012,1329.3627259050004
667,2024-01-28,100.56,100.56,0.037814397599046236,0.10898091942977349,-3.8026158225600897,4364.911351522274,0.0,0.1,-0.0,1329.3627259050004
668,2024-01-28,97.44,97.44,-0.030914800637073272,0.1008454455779121,3.0123381740764197,4367.923689696351,0.0,0.1,-0.0,1329.3627259050004
669,2024-01-28,97.0,97.0,0.0,0.1008454455779121,-0.0,4367.923689696351,0.0,0.1,-0.0,1329.3627259050004
670,2024-01-28,90.93,90.93,0.0,0.1008454455779121,-0.0,4367.923689696351,0.0,0.1,-0.0,1329.3627259050004
671,2024-01-28,75.11,75.11,0.0,0.1008454455779121,-0.0,4367.923689696351,0.20000000000000018,0.14750000000000005,-15.022000000000013,1314.3407259050005
672,2024-01-29,75.11,75.11,0.0,0.1008454455779121,-0.0,4367.923689696351,0.20000000000000018,0.1950000000000001,-15.022000000000013,1299.3187259050005
673,2024-01-29,68.11,68.11,0.0,0.1008454455779121,-0.0,4367.923689696351,0.20000000000000018,0.24250000000000013,-13.622000000000012,1285.6967259050004
674,2024-01-29,70.46,70.46,0.0,0.1008454455779121,-0.0,4367.923689696351,0.20000000000000018,0.29000000000000015,-14.092000000000011,1271.6047259050004
675,2024-01-29,66.44,66.44,1.331556645387151,0.41709014885736045,-88.46862351952231,4279.455066176829,0.20000000000000018,0.3375000000000002,-13.288000000000011,1258.3167259050003
676,2024-01-29,62.77,62.77,2.0,0.8920901488573605,-125.54,4153.915066176829,0.20000000000000018,0.38500000000000023,-12.554000000000011,1245.7627259050003
677,2024-01-29,78.8,78.8,0.0333046363900612,0.9,-2.6244053475368223,4151.290660829292,0.20000000000000018,0.4325000000000003,-15.760000000000014,1230.0027259050003
678,2024-01-29,96.78,96.78,-0.03364647027963924,0.8911456657158844,3.2563053936634856,4154.546966222956,0.20000000000000018,0.4800000000000003,-19.356000000000016,1210.6467259050003
679,2024-01-29,103.14,103.14,0.0,0.8911456657158844,-0.0,4154.546966222956,0.0,0.4800000000000003,-0.0,1210.6467259050003
680,2024-01-29,126.2,126.2,-2.0,0.3648298762422002,252.4,4406.946966222956,-1.4,0.11157894736842139,176.68,1387.3267259050003
681,2024-01-29,105.0,105.0,-0.8052215042073321,0.15292948039816542,84.54825794176986,4491.495224164726,0.0,0.11157894736842139,-0.0,1387.3267259050003
682,2024-01-29,98.61,98.61,-0.20113202551302858,0.1,19.83362903583975,4511.328853200566,0.20000000000000018,0.15907894736842143,-19.72200000000002,1367.6047259050004
683,2024-01-29,95.96789,95.96789,0.23397205909337995,0.15556836403467775,-22.453804830146986,4488.875048370419,0.20000000000000018,0.20657894736842147,-19.193578000000016,1348.4111479050002
684,2024-01-29,90.11,90.11,1.9877779126720148,0.6276656182942812,-179.11866771087526,4309.7563806595435,0.20000000000000018,0.2540789473684215,-18.022000000000016,1330.3891479050003
685,2024-01-29,90.5,90.5,1.1466710808661844,0.9,-103.77373281838969,4205.982647841154,0.20000000000000018,0.30157894736842156,-18.100000000000016,1312.2891479050004
686,2024-01-29,96.0,96.0,-0.012495272694165255,0.8967117703436407,1.1995461786398645,4207.182194019794,0.20000000000000018,0.3490789473684216,-19.200000000000017,1293.0891479050003
687,2024-01-29,100.42531,100.42531,0.013845177500460343,0.9,-1.390406242488755,4205.791787777305,0.20000000000000018,0.39657894736842164,-20.08506200000002,1273.0040859050002
688,2024-01-29,109.78,109.78,0.0,0.9,-0.0,4205.791787777305,0.0,0.39657894736842164,-0.0,1273.0040859050002
689,2024-01-29,126.3,126.3,-2.0,0.37368421052631584,252.6,4458.391787777306,0.0,0.39657894736842164,-0.0,1273.0040859050002
690,2024-01-29,120.69,120.69,-1.0400000000000003,0.1,125.51760000000003,4583.909387777306,-1.127000000000002,0.10000000000000003,136.01763000000025,1409.0217159050005
691,2024-01-29,113.28,113.28,0.010029475864861432,0.1023820005179046,-1.136139025971503,4582.773248751334,0.0,0.10000000000000003,-0.0,1409.0217159050005
692,2024-01-29,101.0,101.0,0.0,0.1023820005179046,-0.0,4582.773248751334,0.0,0.10000000000000003,-0.0,1409.0217159050005
693,2024-01-29,99.0,99.0,0.0,0.1023820005179046,-0.0,4582.773248751334,0.0,0.10000000000000003,-0.0,1409.0217159050005
694,2024-01-29,96.21,96.21,0.0,0.1023820005179046,-0.0,4582.773248751334,0.0,0.10000000000000003,-0.0,1409.0217159050005
695,2024-01-29,92.52,92.52,0.0,0.1023820005179046,-0.0,4582.773248751334,0.20000000000000018,0.14750000000000008,-18.504000000000016,1390.5177159050006
696,2024-01-30,84.7,84.7,0.0,0.1023820005179046,-0.0,4582.773248751334,0.20000000000000018,0.19500000000000012,-16.940000000000015,1373.5777159050006
697,2024-01-30,83.03,83.03,0.0,0.1023820005179046,-0.0,4582.773248751334,0.20000000000000018,0.24250000000000016,-16.606000000000016,1356.9717159050006
698,2024-01-30,78.34,78.34,2.0,0.5773820005179046,-156.68,4426.093248751334,0.20000000000000018,0.2900000000000002,-15.668000000000015,1341.3037159050004
699,2024-01-30,79.91,79.91,1.328314936479035,0.8928567979316753,-106.14564657403967,4319.947602177294,0.20000000000000018,0.33750000000000024,-15.982000000000014,1325.3217159050005
700,2024-01-30,83.03,83.03,0.029597539042178468,0.8998862134541926,-2.4574836666720783,4317.490118510622,0.20000000000000018,0.3850000000000003,-16.606000000000016,1308.7157159050005
701,2024-01-30,83.78,83.78,0.0,0.8998862134541926,-0.0,4317.490118510622,0.20000000000000018,0.43250000000000033,-16.756000000000014,1291.9597159050004
702,2024-01-30,97.8,97.8,0.0,0.8998862134541926,-0.0,4317.490118510622,0.0,0.43250000000000033,-0.0,1291.9597159050004
703,2024-01-30,107.61,107.61,-0.5097706367904852,0.7657360458777491,54.85641822502411,4372.346536735646,0.0,0.43250000000000033,-0.0,1291.9597159050004
704,2024-01-30,127.01,127.01,-2.0,0.23942025640406495,254.02,4626.366536735646,-1.2635000000000012,0.1,160.47713500000015,1452.4368509050005
705,2024-01-30,110.16,110.16,-0.5297969743354467,0.1,58.36243469279281,4684.728971428439,0.0,0.1,-0.0,1452.4368509050005
706,2024-01-30,100.0,100.0,0.017433963994660302,0.10414056644873183,-1.7433963994660302,4682.985575028973,0.20000000000000018,0.14750000000000005,-20.000000000000018,1432.4368509050005
707,2024-01-30,95.5,95.5,-0.015734152505180943,0.1,1.5026115642447802,4684.4881865932175,0.20000000000000018,0.1950000000000001,-19.100000000000016,1413.3368509050006
708,2024-01-30,84.0,84.0,2.0,0.575,-168.0,4516.4881865932175,0.20000000000000018,0.24250000000000013,-16.800000000000015,1396.5368509050006
709,2024-01-30,84.0,84.0,1.3684210526315792,0.9,-114.94736842105266,4401.540818172165,0.20000000000000018,0.29000000000000015,-16.800000000000015,1379.7368509050007
710,2024-01-30,94.52,94.52,-0.013111846287142292,0.8965495141349625,1.2393317110606894,4402.780149883226,0.20000000000000018,0.3375000000000002,-18.904000000000018,1360.8328509050007
711,2024-01-30,100.0,100.0,0.01342988488164467,0.8997391117943532,-1.342988488164467,4401.437161395062,0.20000000000000018,0.38500000000000023,-20.000000000000018,1340.8328509050007
712,2024-01-30,110.0,110.0,0.0,0.8997391117943532,-0.0,4401.437161395062,0.0,0.38500000000000023,-0.0,1340.8328509050007
713,2024-01-30,124.34,124.34,-1.4954662408424677,0.5061953642042301,185.94627238635243,4587.383433781414,0.0,0.38500000000000023,-0.0,1340.8328509050007
714,2024-01-30,123.69,123.69,-1.5435423839760742,0.1,190.92075747400062,4778.3041912554145,0.0,0.38500000000000023,-0.0,1340.8328509050007
715,2024-01-30,118.14,118.14,0.0,0.1,-0.0,4778.3041912554145,0.0,0.38500000000000023,-0.0,1340.8328509050007
716,2024-01-30,108.14343,108.14343,0.0,0.1,-0.0,4778.3041912554145,0.0,0.38500000000000023,-0.0,1340.8328509050007
717,2024-01-30,102.02,102.02,0.10196745206743771,0.12421726986601646,-10.402719459919995,4767.901471795494,0.0,0.38500000000000023,-0.0,1340.8328509050007
718,2024-01-30,98.0,98.0,-0.0127606817553574,0.12085919571986978,1.2505468120250252,4769.1520186075195,0.0,0.38500000000000023,-0.0,1340.8328509050007
719,2024-01-30,96.78,96.78,-0.07926494373550513,0.1,7.671261254722187,4776.823279862242,0.0,0.38500000000000023,-0.0,1340.8328509050007
720,2024-01-31,95.2,95.2,0.041376319291668524,0.10982687583177128,-3.9390255965668435,4772.884254265675,0.0,0.38500000000000023,-0.0,1340.8328509050007
721,2024-01-31,95.2,95.2,-0.03734212816073085,0.1,3.554970600901577,4776.439224866576,0.20000000000000018,0.4325000000000003,-19.040000000000017,1321.7928509050007
722,2024-01-31,85.52,85.52,1.9999831008895135,0.5749959864612595,-171.0385547880712,4605.400670078505,0.20000000000000018,0.4800000000000003,-17.104000000000013,1304.6888509050007
723,2024-01-31,89.81,89.81,1.3684379517420655,0.9,-122.89941244595491,4482.50125763255,0.20000000000000018,0.5275000000000003,-17.962000000000018,1286.7268509050007
724,2024-01-31,91.03,91.03,-0.015139464875425574,0.8960159302959406,1.3781454876099901,4483.87940312016,0.20000000000000018,0.5750000000000004,-18.206000000000017,1268.5208509050008
725,2024-01-31,95.13,95.13,0.01536911163430049,0.899666094309087,-1.4620635897710055,4482.417339530389,0.0,0.5750000000000004,-0.0,1268.5208509050008
726,2024-01-31,103.37,103.37,0.0,0.899666094309087,-0.0,4482.417339530389,-1.4,0.20657894736842147,144.718,1413.2388509050008
727,2024-01-31,111.76,111.76,0.0,0.899666094309087,-0.0,4482.417339530389,0.0,0.20657894736842147,-0.0,1413.2388509050008
728,2024-01-31,123.39974,123.39974,-2.0,0.37335030483540277,246.79948,4729.216819530388,0.0,0.20657894736842147,-0.0,1413.2388509050008
729,2024-01-31,115.63,115.63,-1.0387311583745304,0.10000000000000003,120.10848384284695,4849.325303373235,0.0,0.20657894736842147,-0.0,1413.2388509050008
730,2024-01-31,99.38,99.38,0.012019469136530224,0.10285462391992596,-1.1944948427883737,4848.130808530447,0.20000000000000018,0.2540789473684215,-19.876000000000015,1393.3628509050009
731,2024-01-31,94.73,94.73,-0.01084757089571863,0.1,1.027590390951426,4849.158398921399,0.20000000000000018,0.30157894736842156,-18.94600000000002,1374.416850905001
732,2024-01-31,80.5,80.5,1.9999463177204206,0.5749872504585999,-160.99567857649387,4688.162720344905,0.20000000000000018,0.3490789473684216,-16.100000000000016,1358.316850905001
733,2024-01-31,79.99,79.99,1.3684747349111586,0.9,-109.46429404554357,4578.698426299362,0.20000000000000018,0.39657894736842164,-15.998000000000014,1342.318850905001
734,2024-01-31,89.5,89.5,0.0,0.9,-0.0,4578.698426299362,0.20000000000000018,0.4440789473684217,-17.900000000000016,1324.418850905001
735,2024-01-31,97.53,97.53,0.0,0.9,-0.0,4578.698426299362,0.20000000000000018,0.4915789473684217,-19.506000000000018,1304.9128509050008
736,2024-01-31,103.58,103.58,0.0,0.9,-0.0,4578.698426299362,0.0,0.4915789473684217,-0.0,1304.9128509050008
737,2024-01-31,116.52,116.52,-0.9835300296261095,0.6411763079931291,114.60091905203427,4693.299345351396,-1.4,0.1231578947368428,163.128,1468.0408509050008
738,2024-01-31,115.0,115.0,-0.05946731056744515,0.6255270157385382,6.8387407152561925,4700.138086066652,0.20000000000000018,0.17065789473684284,-23.00000000000002,1445.0408509050008
739,2024-01-31,117.15,117.15,-1.9969988598064405,0.10000100000000123,233.9484164263245,4934.086502492977,0.0,0.17065789473684284,-0.0,1445.0408509050008
740,2024-01-31,105.0,105.0,0.0,0.10000100000000123,-0.0,4934.086502492977,0.20000000000000018,0.21815789473684288,-21.000000000000018,1424.0408509050008
741,2024-01-31,101.37,101.37,0.0,0.10000100000000123,-0.0,4934.086502492977,0.20000000000000018,0.2656578947368429,-20.27400000000002,1403.7668509050006
742,2024-01-31,99.38,99.38,0.0,0.10000100000000123,-0.0,4934.086502492977,0.20000000000000018,0.31315789473684297,-19.876000000000015,1383.8908509050007
743,2024-01-31,96.2,96.2,0.0,0.10000100000000123,-0.0,4934.086502492977,0.20000000000000018,0.360657894736843,-19.240000000000016,1364.6508509050007
